[{"path":"src/main/java/Deadline.java","fileType":"java","lines":[{"lineNumber":1,"author":{"gitId":"waikhincheong"},"content":"public class Deadline extends Task {","lastModifiedDate":"2024-09-15","isFullCredit":false},{"lineNumber":2,"author":{"gitId":"waikhincheong"},"content":"    protected String by;","lastModifiedDate":"2024-09-15","isFullCredit":false},{"lineNumber":3,"author":{"gitId":"waikhincheong"},"content":"","lastModifiedDate":"2024-09-15","isFullCredit":false},{"lineNumber":4,"author":{"gitId":"waikhincheong"},"content":"    public Deadline(String description, String by) {","lastModifiedDate":"2024-09-15","isFullCredit":false},{"lineNumber":5,"author":{"gitId":"waikhincheong"},"content":"        super(description);","lastModifiedDate":"2024-09-15","isFullCredit":false},{"lineNumber":6,"author":{"gitId":"waikhincheong"},"content":"        this.by \u003d by;","lastModifiedDate":"2024-09-15","isFullCredit":false},{"lineNumber":7,"author":{"gitId":"waikhincheong"},"content":"    }","lastModifiedDate":"2024-09-15","isFullCredit":false},{"lineNumber":8,"author":{"gitId":"waikhincheong"},"content":"","lastModifiedDate":"2024-09-15","isFullCredit":false},{"lineNumber":9,"author":{"gitId":"waikhincheong"},"content":"    @Override","lastModifiedDate":"2024-09-15","isFullCredit":false},{"lineNumber":10,"author":{"gitId":"waikhincheong"},"content":"    public String toString() {","lastModifiedDate":"2024-09-15","isFullCredit":false},{"lineNumber":11,"author":{"gitId":"waikhincheong"},"content":"        return \"[D]\" + super.toString() + \" (by: \" + by + \")\";","lastModifiedDate":"2024-09-15","isFullCredit":false},{"lineNumber":12,"author":{"gitId":"waikhincheong"},"content":"    }","lastModifiedDate":"2024-09-15","isFullCredit":false},{"lineNumber":13,"author":{"gitId":"waikhincheong"},"content":"}","lastModifiedDate":"2024-09-15","isFullCredit":false}],"authorContributionMap":{"waikhincheong":13}},{"path":"src/main/java/Event.java","fileType":"java","lines":[{"lineNumber":1,"author":{"gitId":"waikhincheong"},"content":"public class Event extends Task {","lastModifiedDate":"2024-09-15","isFullCredit":false},{"lineNumber":2,"author":{"gitId":"waikhincheong"},"content":"    protected String from;","lastModifiedDate":"2024-09-15","isFullCredit":false},{"lineNumber":3,"author":{"gitId":"waikhincheong"},"content":"    protected String to;","lastModifiedDate":"2024-09-15","isFullCredit":false},{"lineNumber":4,"author":{"gitId":"waikhincheong"},"content":"","lastModifiedDate":"2024-09-15","isFullCredit":false},{"lineNumber":5,"author":{"gitId":"waikhincheong"},"content":"    public Event(String description, String from, String to) {","lastModifiedDate":"2024-09-15","isFullCredit":false},{"lineNumber":6,"author":{"gitId":"waikhincheong"},"content":"        super(description);","lastModifiedDate":"2024-09-15","isFullCredit":false},{"lineNumber":7,"author":{"gitId":"waikhincheong"},"content":"        this.from \u003d from;","lastModifiedDate":"2024-09-15","isFullCredit":false},{"lineNumber":8,"author":{"gitId":"waikhincheong"},"content":"        this.to \u003d to;","lastModifiedDate":"2024-09-15","isFullCredit":false},{"lineNumber":9,"author":{"gitId":"waikhincheong"},"content":"    }","lastModifiedDate":"2024-09-15","isFullCredit":false},{"lineNumber":10,"author":{"gitId":"waikhincheong"},"content":"","lastModifiedDate":"2024-09-15","isFullCredit":false},{"lineNumber":11,"author":{"gitId":"waikhincheong"},"content":"    @Override","lastModifiedDate":"2024-09-15","isFullCredit":false},{"lineNumber":12,"author":{"gitId":"waikhincheong"},"content":"    public String toString() {","lastModifiedDate":"2024-09-15","isFullCredit":false},{"lineNumber":13,"author":{"gitId":"waikhincheong"},"content":"        return \"[E]\" + super.toString() + \" (from: \" + from + \" to: \" + to + \")\";","lastModifiedDate":"2024-09-15","isFullCredit":false},{"lineNumber":14,"author":{"gitId":"waikhincheong"},"content":"    }","lastModifiedDate":"2024-09-15","isFullCredit":false},{"lineNumber":15,"author":{"gitId":"waikhincheong"},"content":"}","lastModifiedDate":"2024-09-15","isFullCredit":false}],"authorContributionMap":{"waikhincheong":15}},{"path":"src/main/java/InvalidTaskFormatException.java","fileType":"java","lines":[{"lineNumber":1,"author":{"gitId":"waikhincheong"},"content":"public class InvalidTaskFormatException extends Exception {","lastModifiedDate":"2024-09-15","isFullCredit":false},{"lineNumber":2,"author":{"gitId":"waikhincheong"},"content":"    private final String taskType;","lastModifiedDate":"2024-10-08","isFullCredit":false},{"lineNumber":3,"author":{"gitId":"waikhincheong"},"content":"","lastModifiedDate":"2024-10-08","isFullCredit":false},{"lineNumber":4,"author":{"gitId":"waikhincheong"},"content":"    public InvalidTaskFormatException(String message, String taskType) {","lastModifiedDate":"2024-10-08","isFullCredit":false},{"lineNumber":5,"author":{"gitId":"waikhincheong"},"content":"        super(message);","lastModifiedDate":"2024-09-15","isFullCredit":false},{"lineNumber":6,"author":{"gitId":"waikhincheong"},"content":"        this.taskType \u003d taskType;","lastModifiedDate":"2024-10-08","isFullCredit":false},{"lineNumber":7,"author":{"gitId":"waikhincheong"},"content":"    }","lastModifiedDate":"2024-10-08","isFullCredit":false},{"lineNumber":8,"author":{"gitId":"waikhincheong"},"content":"","lastModifiedDate":"2024-10-08","isFullCredit":false},{"lineNumber":9,"author":{"gitId":"waikhincheong"},"content":"    public String getTaskType() {","lastModifiedDate":"2024-10-08","isFullCredit":false},{"lineNumber":10,"author":{"gitId":"waikhincheong"},"content":"        return taskType;","lastModifiedDate":"2024-10-08","isFullCredit":false},{"lineNumber":11,"author":{"gitId":"waikhincheong"},"content":"    }","lastModifiedDate":"2024-09-15","isFullCredit":false},{"lineNumber":12,"author":{"gitId":"waikhincheong"},"content":"}","lastModifiedDate":"2024-09-15","isFullCredit":false}],"authorContributionMap":{"waikhincheong":12}},{"path":"src/main/java/InvalidTaskOperationException.java","fileType":"java","lines":[{"lineNumber":1,"author":{"gitId":"waikhincheong"},"content":"public class InvalidTaskOperationException extends Exception {","lastModifiedDate":"2024-09-16","isFullCredit":false},{"lineNumber":2,"author":{"gitId":"waikhincheong"},"content":"    private final String taskOperation;","lastModifiedDate":"2024-09-16","isFullCredit":false},{"lineNumber":3,"author":{"gitId":"waikhincheong"},"content":"","lastModifiedDate":"2024-09-16","isFullCredit":false},{"lineNumber":4,"author":{"gitId":"waikhincheong"},"content":"    public InvalidTaskOperationException(String message, String taskOperation) {","lastModifiedDate":"2024-09-16","isFullCredit":false},{"lineNumber":5,"author":{"gitId":"waikhincheong"},"content":"        super(message);","lastModifiedDate":"2024-09-16","isFullCredit":false},{"lineNumber":6,"author":{"gitId":"waikhincheong"},"content":"        this.taskOperation \u003d taskOperation;","lastModifiedDate":"2024-09-16","isFullCredit":false},{"lineNumber":7,"author":{"gitId":"waikhincheong"},"content":"    }","lastModifiedDate":"2024-09-16","isFullCredit":false},{"lineNumber":8,"author":{"gitId":"waikhincheong"},"content":"","lastModifiedDate":"2024-09-16","isFullCredit":false},{"lineNumber":9,"author":{"gitId":"waikhincheong"},"content":"    public String getTaskOperation() {","lastModifiedDate":"2024-09-16","isFullCredit":false},{"lineNumber":10,"author":{"gitId":"waikhincheong"},"content":"        return taskOperation;","lastModifiedDate":"2024-09-16","isFullCredit":false},{"lineNumber":11,"author":{"gitId":"waikhincheong"},"content":"    }","lastModifiedDate":"2024-09-16","isFullCredit":false},{"lineNumber":12,"author":{"gitId":"waikhincheong"},"content":"}","lastModifiedDate":"2024-09-16","isFullCredit":false}],"authorContributionMap":{"waikhincheong":12}},{"path":"src/main/java/Task.java","fileType":"java","lines":[{"lineNumber":1,"author":{"gitId":"waikhincheong"},"content":"public abstract class Task {","lastModifiedDate":"2024-09-15","isFullCredit":false},{"lineNumber":2,"author":{"gitId":"waikhincheong"},"content":"    protected String description;","lastModifiedDate":"2024-09-07","isFullCredit":false},{"lineNumber":3,"author":{"gitId":"waikhincheong"},"content":"    protected boolean isDone;","lastModifiedDate":"2024-09-07","isFullCredit":false},{"lineNumber":4,"author":{"gitId":"waikhincheong"},"content":"","lastModifiedDate":"2024-09-07","isFullCredit":false},{"lineNumber":5,"author":{"gitId":"waikhincheong"},"content":"    public Task(String description) {","lastModifiedDate":"2024-09-07","isFullCredit":false},{"lineNumber":6,"author":{"gitId":"waikhincheong"},"content":"        this.description \u003d description;","lastModifiedDate":"2024-09-07","isFullCredit":false},{"lineNumber":7,"author":{"gitId":"waikhincheong"},"content":"        this.isDone \u003d false;","lastModifiedDate":"2024-09-07","isFullCredit":false},{"lineNumber":8,"author":{"gitId":"waikhincheong"},"content":"    }","lastModifiedDate":"2024-09-07","isFullCredit":false},{"lineNumber":9,"author":{"gitId":"waikhincheong"},"content":"","lastModifiedDate":"2024-09-07","isFullCredit":false},{"lineNumber":10,"author":{"gitId":"waikhincheong"},"content":"    public String getStatusIcon() {","lastModifiedDate":"2024-09-07","isFullCredit":false},{"lineNumber":11,"author":{"gitId":"waikhincheong"},"content":"        return (isDone ? \"X\" : \" \"); // mark done task with X","lastModifiedDate":"2024-09-07","isFullCredit":false},{"lineNumber":12,"author":{"gitId":"waikhincheong"},"content":"    }","lastModifiedDate":"2024-09-07","isFullCredit":false},{"lineNumber":13,"author":{"gitId":"waikhincheong"},"content":"","lastModifiedDate":"2024-09-07","isFullCredit":false},{"lineNumber":14,"author":{"gitId":"waikhincheong"},"content":"    public boolean isDone() {","lastModifiedDate":"2024-09-07","isFullCredit":false},{"lineNumber":15,"author":{"gitId":"waikhincheong"},"content":"        return isDone;","lastModifiedDate":"2024-09-07","isFullCredit":false},{"lineNumber":16,"author":{"gitId":"waikhincheong"},"content":"    }","lastModifiedDate":"2024-09-07","isFullCredit":false},{"lineNumber":17,"author":{"gitId":"waikhincheong"},"content":"","lastModifiedDate":"2024-09-07","isFullCredit":false},{"lineNumber":18,"author":{"gitId":"waikhincheong"},"content":"    public void markAsDone() {","lastModifiedDate":"2024-09-07","isFullCredit":false},{"lineNumber":19,"author":{"gitId":"waikhincheong"},"content":"        isDone \u003d true;","lastModifiedDate":"2024-09-07","isFullCredit":false},{"lineNumber":20,"author":{"gitId":"waikhincheong"},"content":"    }","lastModifiedDate":"2024-09-07","isFullCredit":false},{"lineNumber":21,"author":{"gitId":"waikhincheong"},"content":"","lastModifiedDate":"2024-09-07","isFullCredit":false},{"lineNumber":22,"author":{"gitId":"waikhincheong"},"content":"    public void markAsUndone() {","lastModifiedDate":"2024-09-07","isFullCredit":false},{"lineNumber":23,"author":{"gitId":"waikhincheong"},"content":"        isDone \u003d false;","lastModifiedDate":"2024-09-07","isFullCredit":false},{"lineNumber":24,"author":{"gitId":"waikhincheong"},"content":"    }","lastModifiedDate":"2024-09-07","isFullCredit":false},{"lineNumber":25,"author":{"gitId":"waikhincheong"},"content":"","lastModifiedDate":"2024-09-07","isFullCredit":false},{"lineNumber":26,"author":{"gitId":"waikhincheong"},"content":"    @Override","lastModifiedDate":"2024-09-07","isFullCredit":false},{"lineNumber":27,"author":{"gitId":"waikhincheong"},"content":"    public String toString() {","lastModifiedDate":"2024-09-07","isFullCredit":false},{"lineNumber":28,"author":{"gitId":"waikhincheong"},"content":"        return \"[\" + getStatusIcon() + \"] \" + description;","lastModifiedDate":"2024-09-07","isFullCredit":false},{"lineNumber":29,"author":{"gitId":"waikhincheong"},"content":"    }","lastModifiedDate":"2024-09-07","isFullCredit":false},{"lineNumber":30,"author":{"gitId":"waikhincheong"},"content":"}","lastModifiedDate":"2024-09-07","isFullCredit":false}],"authorContributionMap":{"waikhincheong":30}},{"path":"src/main/java/ToDo.java","fileType":"java","lines":[{"lineNumber":1,"author":{"gitId":"waikhincheong"},"content":"public class ToDo extends Task {","lastModifiedDate":"2024-09-15","isFullCredit":false},{"lineNumber":2,"author":{"gitId":"waikhincheong"},"content":"","lastModifiedDate":"2024-09-15","isFullCredit":false},{"lineNumber":3,"author":{"gitId":"waikhincheong"},"content":"    public ToDo(String description) {","lastModifiedDate":"2024-09-15","isFullCredit":false},{"lineNumber":4,"author":{"gitId":"waikhincheong"},"content":"        super(description);","lastModifiedDate":"2024-09-15","isFullCredit":false},{"lineNumber":5,"author":{"gitId":"waikhincheong"},"content":"    }","lastModifiedDate":"2024-09-15","isFullCredit":false},{"lineNumber":6,"author":{"gitId":"waikhincheong"},"content":"","lastModifiedDate":"2024-09-15","isFullCredit":false},{"lineNumber":7,"author":{"gitId":"waikhincheong"},"content":"    @Override","lastModifiedDate":"2024-09-15","isFullCredit":false},{"lineNumber":8,"author":{"gitId":"waikhincheong"},"content":"    public String toString() {","lastModifiedDate":"2024-09-15","isFullCredit":false},{"lineNumber":9,"author":{"gitId":"waikhincheong"},"content":"        return \"[T]\" + super.toString();","lastModifiedDate":"2024-09-15","isFullCredit":false},{"lineNumber":10,"author":{"gitId":"waikhincheong"},"content":"    }","lastModifiedDate":"2024-09-15","isFullCredit":false},{"lineNumber":11,"author":{"gitId":"waikhincheong"},"content":"}","lastModifiedDate":"2024-09-15","isFullCredit":false}],"authorContributionMap":{"waikhincheong":11}},{"path":"src/main/java/WKDuke.java","fileType":"java","lines":[{"lineNumber":1,"author":{"gitId":"waikhincheong"},"content":"import java.util.ArrayList;","lastModifiedDate":"2024-09-05","isFullCredit":false},{"lineNumber":2,"author":{"gitId":"waikhincheong"},"content":"import java.util.List;","lastModifiedDate":"2024-09-05","isFullCredit":false},{"lineNumber":3,"author":{"gitId":"waikhincheong"},"content":"import java.util.Scanner;","lastModifiedDate":"2024-09-05","isFullCredit":false},{"lineNumber":4,"author":{"gitId":"waikhincheong"},"content":"","lastModifiedDate":"2024-09-05","isFullCredit":false},{"lineNumber":5,"author":{"gitId":"waikhincheong"},"content":"public class WKDuke {","lastModifiedDate":"2024-09-05","isFullCredit":false},{"lineNumber":6,"author":{"gitId":"waikhincheong"},"content":"    private static final String BORDER_LINE \u003d \"\\t____________________________________________________________\";","lastModifiedDate":"2024-09-15","isFullCredit":false},{"lineNumber":7,"author":{"gitId":"waikhincheong"},"content":"    private static final String INDENT \u003d \"\\t \";","lastModifiedDate":"2024-09-15","isFullCredit":false},{"lineNumber":8,"author":{"gitId":"waikhincheong"},"content":"    private static final String NEW_INDENT_LINE \u003d System.lineSeparator() + \"\\t \";","lastModifiedDate":"2024-09-15","isFullCredit":false},{"lineNumber":9,"author":{"gitId":"waikhincheong"},"content":"","lastModifiedDate":"2024-09-15","isFullCredit":false},{"lineNumber":10,"author":{"gitId":"waikhincheong"},"content":"    private static final String EXIT_KEYWORD \u003d \"bye\";","lastModifiedDate":"2024-09-15","isFullCredit":false},{"lineNumber":11,"author":{"gitId":"waikhincheong"},"content":"    private static final String LIST_TASK_KEYWORD \u003d \"list\";","lastModifiedDate":"2024-09-15","isFullCredit":false},{"lineNumber":12,"author":{"gitId":"waikhincheong"},"content":"    private static final String MARK_TASK_DONE_KEYWORD \u003d \"mark\";","lastModifiedDate":"2024-09-15","isFullCredit":false},{"lineNumber":13,"author":{"gitId":"waikhincheong"},"content":"    private static final String MARK_TASK_UNDONE_KEYWORD \u003d \"unmark\";","lastModifiedDate":"2024-09-15","isFullCredit":false},{"lineNumber":14,"author":{"gitId":"waikhincheong"},"content":"    private static final String ADD_TODO_TASK_KEYWORD \u003d \"todo\";","lastModifiedDate":"2024-09-15","isFullCredit":false},{"lineNumber":15,"author":{"gitId":"waikhincheong"},"content":"    private static final String ADD_DEADLINE_TASK_KEYWORD \u003d \"deadline\";","lastModifiedDate":"2024-09-15","isFullCredit":false},{"lineNumber":16,"author":{"gitId":"waikhincheong"},"content":"    private static final String ADD_EVENT_TASK_KEYWORD \u003d \"event\";","lastModifiedDate":"2024-09-15","isFullCredit":false},{"lineNumber":17,"author":{"gitId":"waikhincheong"},"content":"","lastModifiedDate":"2024-09-15","isFullCredit":false},{"lineNumber":18,"author":{"gitId":"waikhincheong"},"content":"    private static final List\u003cTask\u003e taskList \u003d new ArrayList\u003c\u003e();","lastModifiedDate":"2024-09-15","isFullCredit":false},{"lineNumber":19,"author":{"gitId":"waikhincheong"},"content":"","lastModifiedDate":"2024-09-05","isFullCredit":false},{"lineNumber":20,"author":{"gitId":"waikhincheong"},"content":"    public static void echo(String message) {","lastModifiedDate":"2024-09-05","isFullCredit":false},{"lineNumber":21,"author":{"gitId":"waikhincheong"},"content":"        System.out.println(BORDER_LINE);","lastModifiedDate":"2024-09-15","isFullCredit":false},{"lineNumber":22,"author":{"gitId":"waikhincheong"},"content":"        System.out.println(INDENT + message);","lastModifiedDate":"2024-09-15","isFullCredit":false},{"lineNumber":23,"author":{"gitId":"waikhincheong"},"content":"        System.out.println(BORDER_LINE + System.lineSeparator());","lastModifiedDate":"2024-09-15","isFullCredit":false},{"lineNumber":24,"author":{"gitId":"waikhincheong"},"content":"    }","lastModifiedDate":"2024-09-05","isFullCredit":false},{"lineNumber":25,"author":{"gitId":"waikhincheong"},"content":"","lastModifiedDate":"2024-09-05","isFullCredit":false},{"lineNumber":26,"author":{"gitId":"waikhincheong"},"content":"    //Solution below inspired by https://stackoverflow.com/questions/69576641","lastModifiedDate":"2024-09-16","isFullCredit":false},{"lineNumber":27,"author":{"gitId":"waikhincheong"},"content":"    public static void printTaskList() {","lastModifiedDate":"2024-09-07","isFullCredit":false},{"lineNumber":28,"author":{"gitId":"waikhincheong"},"content":"        if (taskList.isEmpty()) {","lastModifiedDate":"2024-10-08","isFullCredit":false},{"lineNumber":29,"author":{"gitId":"waikhincheong"},"content":"            echo(\"Your task list is currently empty.\");","lastModifiedDate":"2024-10-08","isFullCredit":false},{"lineNumber":30,"author":{"gitId":"waikhincheong"},"content":"            return;","lastModifiedDate":"2024-10-08","isFullCredit":false},{"lineNumber":31,"author":{"gitId":"waikhincheong"},"content":"        }","lastModifiedDate":"2024-10-08","isFullCredit":false},{"lineNumber":32,"author":{"gitId":"waikhincheong"},"content":"","lastModifiedDate":"2024-10-08","isFullCredit":false},{"lineNumber":33,"author":{"gitId":"waikhincheong"},"content":"        StringBuilder messageBuilder \u003d new StringBuilder(\"Here are the tasks in your list:\");","lastModifiedDate":"2024-09-16","isFullCredit":false},{"lineNumber":34,"author":{"gitId":"waikhincheong"},"content":"        for (int i \u003d 0; i \u003c taskList.size(); i++) {","lastModifiedDate":"2024-09-07","isFullCredit":false},{"lineNumber":35,"author":{"gitId":"waikhincheong"},"content":"            messageBuilder.append(NEW_INDENT_LINE).append(i + 1).append(\".\").append(taskList.get(i));","lastModifiedDate":"2024-09-16","isFullCredit":false},{"lineNumber":36,"author":{"gitId":"waikhincheong"},"content":"        }","lastModifiedDate":"2024-09-05","isFullCredit":false},{"lineNumber":37,"author":{"gitId":"waikhincheong"},"content":"        echo(messageBuilder.toString());","lastModifiedDate":"2024-09-16","isFullCredit":false},{"lineNumber":38,"author":{"gitId":"waikhincheong"},"content":"    }","lastModifiedDate":"2024-09-05","isFullCredit":false},{"lineNumber":39,"author":{"gitId":"waikhincheong"},"content":"","lastModifiedDate":"2024-09-05","isFullCredit":false},{"lineNumber":40,"author":{"gitId":"waikhincheong"},"content":"    public static boolean invalidTaskNumber(String string) {","lastModifiedDate":"2024-09-16","isFullCredit":false},{"lineNumber":41,"author":{"gitId":"waikhincheong"},"content":"        try {","lastModifiedDate":"2024-09-07","isFullCredit":false},{"lineNumber":42,"author":{"gitId":"waikhincheong"},"content":"            int taskNumber \u003d Integer.parseInt(string);","lastModifiedDate":"2024-09-16","isFullCredit":false},{"lineNumber":43,"author":{"gitId":"waikhincheong"},"content":"            return taskNumber \u003c\u003d 0;","lastModifiedDate":"2024-09-16","isFullCredit":false},{"lineNumber":44,"author":{"gitId":"waikhincheong"},"content":"        } catch (NumberFormatException e) {","lastModifiedDate":"2024-09-07","isFullCredit":false},{"lineNumber":45,"author":{"gitId":"waikhincheong"},"content":"            return true;","lastModifiedDate":"2024-09-16","isFullCredit":false},{"lineNumber":46,"author":{"gitId":"waikhincheong"},"content":"        }","lastModifiedDate":"2024-09-07","isFullCredit":false},{"lineNumber":47,"author":{"gitId":"waikhincheong"},"content":"    }","lastModifiedDate":"2024-09-07","isFullCredit":false},{"lineNumber":48,"author":{"gitId":"waikhincheong"},"content":"","lastModifiedDate":"2024-09-07","isFullCredit":false},{"lineNumber":49,"author":{"gitId":"waikhincheong"},"content":"    private static void validateUpdateTaskInput(String[] inputWords) throws InvalidTaskOperationException {","lastModifiedDate":"2024-10-08","isFullCredit":false},{"lineNumber":50,"author":{"gitId":"waikhincheong"},"content":"        String taskOperation \u003d inputWords[0];","lastModifiedDate":"2024-09-16","isFullCredit":false},{"lineNumber":51,"author":{"gitId":"waikhincheong"},"content":"        // Check if input contain a task number","lastModifiedDate":"2024-09-07","isFullCredit":false},{"lineNumber":52,"author":{"gitId":"waikhincheong"},"content":"        if (inputWords.length \u003c 2) {","lastModifiedDate":"2024-09-07","isFullCredit":false},{"lineNumber":53,"author":{"gitId":"waikhincheong"},"content":"            throw new InvalidTaskOperationException(\"Action required a task number.\", taskOperation);","lastModifiedDate":"2024-09-16","isFullCredit":false},{"lineNumber":54,"author":{"gitId":"waikhincheong"},"content":"        }","lastModifiedDate":"2024-09-07","isFullCredit":false},{"lineNumber":55,"author":{"gitId":"waikhincheong"},"content":"        // Check if task number is not a valid integer","lastModifiedDate":"2024-09-16","isFullCredit":false},{"lineNumber":56,"author":{"gitId":"waikhincheong"},"content":"        String taskNumber \u003d inputWords[1];","lastModifiedDate":"2024-09-16","isFullCredit":false},{"lineNumber":57,"author":{"gitId":"waikhincheong"},"content":"        if (invalidTaskNumber(taskNumber)) {","lastModifiedDate":"2024-09-16","isFullCredit":false},{"lineNumber":58,"author":{"gitId":"waikhincheong"},"content":"            throw new InvalidTaskOperationException(String.format(\"Task number \u0027%s\u0027 is invalid.\", taskNumber), taskOperation);","lastModifiedDate":"2024-09-16","isFullCredit":false},{"lineNumber":59,"author":{"gitId":"waikhincheong"},"content":"        }","lastModifiedDate":"2024-09-07","isFullCredit":false},{"lineNumber":60,"author":{"gitId":"waikhincheong"},"content":"        // Check if task number exist in taskList","lastModifiedDate":"2024-09-07","isFullCredit":false},{"lineNumber":61,"author":{"gitId":"waikhincheong"},"content":"        if (Integer.parseInt(taskNumber) \u003e taskList.size()) {","lastModifiedDate":"2024-09-07","isFullCredit":false},{"lineNumber":62,"author":{"gitId":"waikhincheong"},"content":"            throw new InvalidTaskOperationException(String.format(\"Task number \u0027%s\u0027 not found.\", taskNumber), taskOperation);","lastModifiedDate":"2024-09-16","isFullCredit":false},{"lineNumber":63,"author":{"gitId":"waikhincheong"},"content":"        }","lastModifiedDate":"2024-09-07","isFullCredit":false},{"lineNumber":64,"author":{"gitId":"waikhincheong"},"content":"    }","lastModifiedDate":"2024-09-07","isFullCredit":false},{"lineNumber":65,"author":{"gitId":"waikhincheong"},"content":"","lastModifiedDate":"2024-09-07","isFullCredit":false},{"lineNumber":66,"author":{"gitId":"waikhincheong"},"content":"    public static void markTaskAsDone(int taskNumber) {","lastModifiedDate":"2024-09-16","isFullCredit":false},{"lineNumber":67,"author":{"gitId":"waikhincheong"},"content":"        Task task \u003d taskList.get(taskNumber - 1);","lastModifiedDate":"2024-09-16","isFullCredit":false},{"lineNumber":68,"author":{"gitId":"waikhincheong"},"content":"        if (task.isDone()) {","lastModifiedDate":"2024-10-08","isFullCredit":false},{"lineNumber":69,"author":{"gitId":"waikhincheong"},"content":"            echo(String.format(\"This task is already marked as done:%s  %s\", NEW_INDENT_LINE, task));","lastModifiedDate":"2024-10-08","isFullCredit":false},{"lineNumber":70,"author":{"gitId":"waikhincheong"},"content":"            return;","lastModifiedDate":"2024-10-08","isFullCredit":false},{"lineNumber":71,"author":{"gitId":"waikhincheong"},"content":"        }","lastModifiedDate":"2024-10-08","isFullCredit":false},{"lineNumber":72,"author":{"gitId":"waikhincheong"},"content":"        task.markAsDone();","lastModifiedDate":"2024-09-07","isFullCredit":false},{"lineNumber":73,"author":{"gitId":"waikhincheong"},"content":"        echo(String.format(\"Nice! I\u0027ve marked this task as done:%s  %s\", NEW_INDENT_LINE, task));","lastModifiedDate":"2024-09-16","isFullCredit":false},{"lineNumber":74,"author":{"gitId":"waikhincheong"},"content":"    }","lastModifiedDate":"2024-09-07","isFullCredit":false},{"lineNumber":75,"author":{"gitId":"waikhincheong"},"content":"","lastModifiedDate":"2024-09-07","isFullCredit":false},{"lineNumber":76,"author":{"gitId":"waikhincheong"},"content":"    public static void markTaskAsUndone(int taskNumber) {","lastModifiedDate":"2024-09-16","isFullCredit":false},{"lineNumber":77,"author":{"gitId":"waikhincheong"},"content":"        Task task \u003d taskList.get(taskNumber - 1);","lastModifiedDate":"2024-09-16","isFullCredit":false},{"lineNumber":78,"author":{"gitId":"waikhincheong"},"content":"        if (!task.isDone()) {","lastModifiedDate":"2024-10-08","isFullCredit":false},{"lineNumber":79,"author":{"gitId":"waikhincheong"},"content":"            echo(String.format(\"This task is still not completed:%s  %s\", NEW_INDENT_LINE, task));","lastModifiedDate":"2024-10-08","isFullCredit":false},{"lineNumber":80,"author":{"gitId":"waikhincheong"},"content":"            return;","lastModifiedDate":"2024-10-08","isFullCredit":false},{"lineNumber":81,"author":{"gitId":"waikhincheong"},"content":"        }","lastModifiedDate":"2024-10-08","isFullCredit":false},{"lineNumber":82,"author":{"gitId":"waikhincheong"},"content":"        task.markAsUndone();","lastModifiedDate":"2024-09-07","isFullCredit":false},{"lineNumber":83,"author":{"gitId":"waikhincheong"},"content":"        echo(String.format(\"OK, I\u0027ve marked this task as not done yet:%s  %s\", NEW_INDENT_LINE, task));","lastModifiedDate":"2024-09-16","isFullCredit":false},{"lineNumber":84,"author":{"gitId":"waikhincheong"},"content":"    }","lastModifiedDate":"2024-09-07","isFullCredit":false},{"lineNumber":85,"author":{"gitId":"waikhincheong"},"content":"","lastModifiedDate":"2024-09-07","isFullCredit":false},{"lineNumber":86,"author":{"gitId":"waikhincheong"},"content":"    public static void updateTask(String[] inputWords) {","lastModifiedDate":"2024-10-08","isFullCredit":false},{"lineNumber":87,"author":{"gitId":"waikhincheong"},"content":"        String taskAction \u003d inputWords[0];","lastModifiedDate":"2024-10-08","isFullCredit":false},{"lineNumber":88,"author":{"gitId":"waikhincheong"},"content":"        try {","lastModifiedDate":"2024-09-16","isFullCredit":false},{"lineNumber":89,"author":{"gitId":"waikhincheong"},"content":"            validateUpdateTaskInput(inputWords);","lastModifiedDate":"2024-10-08","isFullCredit":false},{"lineNumber":90,"author":{"gitId":"waikhincheong"},"content":"","lastModifiedDate":"2024-10-08","isFullCredit":false},{"lineNumber":91,"author":{"gitId":"waikhincheong"},"content":"            int taskNumber \u003d Integer.parseInt(inputWords[1]);","lastModifiedDate":"2024-10-08","isFullCredit":false},{"lineNumber":92,"author":{"gitId":"waikhincheong"},"content":"            switch (taskAction) {","lastModifiedDate":"2024-10-08","isFullCredit":false},{"lineNumber":93,"author":{"gitId":"waikhincheong"},"content":"                case MARK_TASK_DONE_KEYWORD -\u003e markTaskAsDone(taskNumber);","lastModifiedDate":"2024-09-16","isFullCredit":false},{"lineNumber":94,"author":{"gitId":"waikhincheong"},"content":"                case MARK_TASK_UNDONE_KEYWORD -\u003e markTaskAsUndone(taskNumber);","lastModifiedDate":"2024-09-16","isFullCredit":false},{"lineNumber":95,"author":{"gitId":"waikhincheong"},"content":"                default -\u003e throw new InvalidTaskOperationException(\"Unknown task operation.\", taskAction);","lastModifiedDate":"2024-10-08","isFullCredit":false},{"lineNumber":96,"author":{"gitId":"waikhincheong"},"content":"            }","lastModifiedDate":"2024-09-16","isFullCredit":false},{"lineNumber":97,"author":{"gitId":"waikhincheong"},"content":"        } catch (InvalidTaskOperationException e) {","lastModifiedDate":"2024-09-16","isFullCredit":false},{"lineNumber":98,"author":{"gitId":"waikhincheong"},"content":"            echo(String.format(\"Action: updateTask(%s)%sError: %s\", e.getTaskOperation(), NEW_INDENT_LINE, e.getMessage()));","lastModifiedDate":"2024-10-08","isFullCredit":false},{"lineNumber":99,"author":{"gitId":"waikhincheong"},"content":"        }","lastModifiedDate":"2024-09-16","isFullCredit":false},{"lineNumber":100,"author":{"gitId":"waikhincheong"},"content":"    }","lastModifiedDate":"2024-09-16","isFullCredit":false},{"lineNumber":101,"author":{"gitId":"waikhincheong"},"content":"","lastModifiedDate":"2024-09-16","isFullCredit":false},{"lineNumber":102,"author":{"gitId":"waikhincheong"},"content":"    private static void parseDeadlineTask(String taskDetail) throws InvalidTaskFormatException {","lastModifiedDate":"2024-10-08","isFullCredit":false},{"lineNumber":103,"author":{"gitId":"waikhincheong"},"content":"        String[] taskDetailParts \u003d taskDetail.split(\"/by\");","lastModifiedDate":"2024-09-15","isFullCredit":false},{"lineNumber":104,"author":{"gitId":"waikhincheong"},"content":"        if (taskDetailParts.length !\u003d 2) {","lastModifiedDate":"2024-09-15","isFullCredit":false},{"lineNumber":105,"author":{"gitId":"waikhincheong"},"content":"            throw new InvalidTaskFormatException(\"Deadline task requires \u0027/by\u0027 information.\", ADD_DEADLINE_TASK_KEYWORD);","lastModifiedDate":"2024-10-08","isFullCredit":false},{"lineNumber":106,"author":{"gitId":"waikhincheong"},"content":"        }","lastModifiedDate":"2024-09-15","isFullCredit":false},{"lineNumber":107,"author":{"gitId":"waikhincheong"},"content":"    }","lastModifiedDate":"2024-09-15","isFullCredit":false},{"lineNumber":108,"author":{"gitId":"waikhincheong"},"content":"","lastModifiedDate":"2024-09-15","isFullCredit":false},{"lineNumber":109,"author":{"gitId":"waikhincheong"},"content":"    private static void parseEventTask(String taskDetail) throws InvalidTaskFormatException {","lastModifiedDate":"2024-10-08","isFullCredit":false},{"lineNumber":110,"author":{"gitId":"waikhincheong"},"content":"        String[] parts \u003d taskDetail.split(\"/from|/to\");","lastModifiedDate":"2024-09-15","isFullCredit":false},{"lineNumber":111,"author":{"gitId":"waikhincheong"},"content":"        if (parts.length !\u003d 3) {","lastModifiedDate":"2024-09-15","isFullCredit":false},{"lineNumber":112,"author":{"gitId":"waikhincheong"},"content":"            throw new InvalidTaskFormatException(\"Event task requires \u0027/from\u0027 and \u0027/to\u0027 information.\", ADD_EVENT_TASK_KEYWORD);","lastModifiedDate":"2024-10-08","isFullCredit":false},{"lineNumber":113,"author":{"gitId":"waikhincheong"},"content":"        }","lastModifiedDate":"2024-10-08","isFullCredit":false},{"lineNumber":114,"author":{"gitId":"waikhincheong"},"content":"    }","lastModifiedDate":"2024-09-15","isFullCredit":false},{"lineNumber":115,"author":{"gitId":"waikhincheong"},"content":"","lastModifiedDate":"2024-10-08","isFullCredit":false},{"lineNumber":116,"author":{"gitId":"waikhincheong"},"content":"    private static void validateAddTaskInput(String[] inputWords) throws InvalidTaskFormatException {","lastModifiedDate":"2024-10-08","isFullCredit":false},{"lineNumber":117,"author":{"gitId":"waikhincheong"},"content":"        String taskType \u003d inputWords[0];","lastModifiedDate":"2024-10-08","isFullCredit":false},{"lineNumber":118,"author":{"gitId":"waikhincheong"},"content":"        if (inputWords.length \u003d\u003d 1 || inputWords[1].trim().isEmpty()) {","lastModifiedDate":"2024-10-08","isFullCredit":false},{"lineNumber":119,"author":{"gitId":"waikhincheong"},"content":"            throw new InvalidTaskFormatException(\"Task description is missing.\", taskType);","lastModifiedDate":"2024-10-08","isFullCredit":false},{"lineNumber":120,"author":{"gitId":"waikhincheong"},"content":"        }","lastModifiedDate":"2024-10-08","isFullCredit":false},{"lineNumber":121,"author":{"gitId":"waikhincheong"},"content":"        String taskDetail \u003d inputWords[1].trim();","lastModifiedDate":"2024-10-08","isFullCredit":false},{"lineNumber":122,"author":{"gitId":"waikhincheong"},"content":"        switch (taskType) {","lastModifiedDate":"2024-10-08","isFullCredit":false},{"lineNumber":123,"author":{"gitId":"waikhincheong"},"content":"            case ADD_DEADLINE_TASK_KEYWORD:","lastModifiedDate":"2024-10-08","isFullCredit":false},{"lineNumber":124,"author":{"gitId":"waikhincheong"},"content":"                parseDeadlineTask(taskDetail);","lastModifiedDate":"2024-10-08","isFullCredit":false},{"lineNumber":125,"author":{"gitId":"waikhincheong"},"content":"                break;","lastModifiedDate":"2024-10-08","isFullCredit":false},{"lineNumber":126,"author":{"gitId":"waikhincheong"},"content":"            case ADD_EVENT_TASK_KEYWORD:","lastModifiedDate":"2024-10-08","isFullCredit":false},{"lineNumber":127,"author":{"gitId":"waikhincheong"},"content":"                parseEventTask(taskDetail);","lastModifiedDate":"2024-10-08","isFullCredit":false},{"lineNumber":128,"author":{"gitId":"waikhincheong"},"content":"                break;","lastModifiedDate":"2024-10-08","isFullCredit":false},{"lineNumber":129,"author":{"gitId":"waikhincheong"},"content":"        }","lastModifiedDate":"2024-10-08","isFullCredit":false},{"lineNumber":130,"author":{"gitId":"waikhincheong"},"content":"    }","lastModifiedDate":"2024-10-08","isFullCredit":false},{"lineNumber":131,"author":{"gitId":"waikhincheong"},"content":"","lastModifiedDate":"2024-10-08","isFullCredit":false},{"lineNumber":132,"author":{"gitId":"waikhincheong"},"content":"    private static Task createDeadlineTask(String taskDetail) {","lastModifiedDate":"2024-10-08","isFullCredit":false},{"lineNumber":133,"author":{"gitId":"waikhincheong"},"content":"        String[] taskDetailParts \u003d taskDetail.split(\"/by\");","lastModifiedDate":"2024-10-08","isFullCredit":false},{"lineNumber":134,"author":{"gitId":"waikhincheong"},"content":"        return new Deadline(taskDetailParts[0].trim(), taskDetailParts[1].trim());","lastModifiedDate":"2024-10-08","isFullCredit":false},{"lineNumber":135,"author":{"gitId":"waikhincheong"},"content":"    }","lastModifiedDate":"2024-10-08","isFullCredit":false},{"lineNumber":136,"author":{"gitId":"waikhincheong"},"content":"","lastModifiedDate":"2024-10-08","isFullCredit":false},{"lineNumber":137,"author":{"gitId":"waikhincheong"},"content":"    private static Task createEventTask(String taskDetail) {","lastModifiedDate":"2024-10-08","isFullCredit":false},{"lineNumber":138,"author":{"gitId":"waikhincheong"},"content":"        String[] parts \u003d taskDetail.split(\"/from|/to\");","lastModifiedDate":"2024-10-08","isFullCredit":false},{"lineNumber":139,"author":{"gitId":"waikhincheong"},"content":"        return new Event(parts[0].trim(), parts[1].trim(), parts[2].trim());","lastModifiedDate":"2024-09-15","isFullCredit":false},{"lineNumber":140,"author":{"gitId":"waikhincheong"},"content":"    }","lastModifiedDate":"2024-09-15","isFullCredit":false},{"lineNumber":141,"author":{"gitId":"waikhincheong"},"content":"","lastModifiedDate":"2024-09-15","isFullCredit":false},{"lineNumber":142,"author":{"gitId":"waikhincheong"},"content":"    public static void addTask(String[] inputWords) {","lastModifiedDate":"2024-10-08","isFullCredit":false},{"lineNumber":143,"author":{"gitId":"waikhincheong"},"content":"        String taskType \u003d inputWords[0];","lastModifiedDate":"2024-10-08","isFullCredit":false},{"lineNumber":144,"author":{"gitId":"waikhincheong"},"content":"        try {","lastModifiedDate":"2024-09-15","isFullCredit":false},{"lineNumber":145,"author":{"gitId":"waikhincheong"},"content":"            validateAddTaskInput(inputWords);","lastModifiedDate":"2024-10-08","isFullCredit":false},{"lineNumber":146,"author":{"gitId":"waikhincheong"},"content":"","lastModifiedDate":"2024-10-08","isFullCredit":false},{"lineNumber":147,"author":{"gitId":"waikhincheong"},"content":"            String taskDetail \u003d inputWords[1];","lastModifiedDate":"2024-10-08","isFullCredit":false},{"lineNumber":148,"author":{"gitId":"waikhincheong"},"content":"            Task newTask \u003d switch (taskType) {","lastModifiedDate":"2024-09-15","isFullCredit":false},{"lineNumber":149,"author":{"gitId":"waikhincheong"},"content":"                case ADD_TODO_TASK_KEYWORD -\u003e new ToDo(taskDetail);","lastModifiedDate":"2024-09-15","isFullCredit":false},{"lineNumber":150,"author":{"gitId":"waikhincheong"},"content":"                case ADD_DEADLINE_TASK_KEYWORD -\u003e createDeadlineTask(taskDetail);","lastModifiedDate":"2024-10-08","isFullCredit":false},{"lineNumber":151,"author":{"gitId":"waikhincheong"},"content":"                case ADD_EVENT_TASK_KEYWORD -\u003e createEventTask(taskDetail);","lastModifiedDate":"2024-10-08","isFullCredit":false},{"lineNumber":152,"author":{"gitId":"waikhincheong"},"content":"                default -\u003e throw new InvalidTaskFormatException(\"Unknown task type.\", taskType);","lastModifiedDate":"2024-10-08","isFullCredit":false},{"lineNumber":153,"author":{"gitId":"waikhincheong"},"content":"            };","lastModifiedDate":"2024-09-15","isFullCredit":false},{"lineNumber":154,"author":{"gitId":"waikhincheong"},"content":"            taskList.add(newTask);","lastModifiedDate":"2024-09-15","isFullCredit":false},{"lineNumber":155,"author":{"gitId":"waikhincheong"},"content":"            echo(String.format(\"Got it. I\u0027ve added this task:%s  %s%sNow you have %s tasks in the list.\", NEW_INDENT_LINE, newTask, NEW_INDENT_LINE, taskList.size()));","lastModifiedDate":"2024-09-15","isFullCredit":false},{"lineNumber":156,"author":{"gitId":"waikhincheong"},"content":"        } catch (InvalidTaskFormatException e) {","lastModifiedDate":"2024-09-15","isFullCredit":false},{"lineNumber":157,"author":{"gitId":"waikhincheong"},"content":"            echo(String.format(\"Action: addTask(%s)%sError: %s\", e.getTaskType(), NEW_INDENT_LINE, e.getMessage()));","lastModifiedDate":"2024-10-08","isFullCredit":false},{"lineNumber":158,"author":{"gitId":"waikhincheong"},"content":"        }","lastModifiedDate":"2024-09-15","isFullCredit":false},{"lineNumber":159,"author":{"gitId":"waikhincheong"},"content":"    }","lastModifiedDate":"2024-09-15","isFullCredit":false},{"lineNumber":160,"author":{"gitId":"waikhincheong"},"content":"","lastModifiedDate":"2024-09-15","isFullCredit":false},{"lineNumber":161,"author":{"gitId":"-"},"content":"    public static void main(String[] args) {","lastModifiedDate":"2019-07-29","isFullCredit":false},{"lineNumber":162,"author":{"gitId":"waikhincheong"},"content":"        String logo \u003d \"\"\"","lastModifiedDate":"2024-09-05","isFullCredit":false},{"lineNumber":163,"author":{"gitId":"waikhincheong"},"content":"                 ___       __   ___  __    ________  ___  ___  ___  __    _______","lastModifiedDate":"2024-09-16","isFullCredit":false},{"lineNumber":164,"author":{"gitId":"waikhincheong"},"content":"                \\t |\\\\  \\\\     |\\\\  \\\\|\\\\  \\\\|\\\\  \\\\ |\\\\   ___ \\\\|\\\\  \\\\|\\\\  \\\\|\\\\  \\\\|\\\\  \\\\ |\\\\  ___ \\\\    \\s","lastModifiedDate":"2024-09-05","isFullCredit":false},{"lineNumber":165,"author":{"gitId":"waikhincheong"},"content":"                \\t \\\\ \\\\  \\\\    \\\\ \\\\  \\\\ \\\\  \\\\/  /|\\\\ \\\\  \\\\_|\\\\ \\\\ \\\\  \\\\\\\\\\\\  \\\\ \\\\  \\\\/  /|\\\\ \\\\   __/|   \\s","lastModifiedDate":"2024-09-05","isFullCredit":false},{"lineNumber":166,"author":{"gitId":"waikhincheong"},"content":"                \\t  \\\\ \\\\  \\\\  __\\\\ \\\\  \\\\ \\\\   ___  \\\\ \\\\  \\\\ \\\\\\\\ \\\\ \\\\  \\\\\\\\\\\\  \\\\ \\\\   ___  \\\\ \\\\  \\\\_|/__ \\s","lastModifiedDate":"2024-09-05","isFullCredit":false},{"lineNumber":167,"author":{"gitId":"waikhincheong"},"content":"                \\t   \\\\ \\\\  \\\\|\\\\__\\\\_\\\\  \\\\ \\\\  \\\\\\\\ \\\\  \\\\ \\\\  \\\\_\\\\\\\\ \\\\ \\\\  \\\\\\\\\\\\  \\\\ \\\\  \\\\\\\\ \\\\  \\\\ \\\\  \\\\_|\\\\ \\\\\\s","lastModifiedDate":"2024-09-05","isFullCredit":false},{"lineNumber":168,"author":{"gitId":"waikhincheong"},"content":"                \\t    \\\\ \\\\____________\\\\ \\\\__\\\\\\\\ \\\\__\\\\ \\\\_______\\\\ \\\\_______\\\\ \\\\__\\\\\\\\ \\\\__\\\\ \\\\_______\\\\","lastModifiedDate":"2024-09-05","isFullCredit":false},{"lineNumber":169,"author":{"gitId":"waikhincheong"},"content":"                \\t     \\\\|____________|\\\\|__| \\\\|__|\\\\|_______|\\\\|_______|\\\\|__| \\\\|__|\\\\|_______|","lastModifiedDate":"2024-09-05","isFullCredit":false},{"lineNumber":170,"author":{"gitId":"waikhincheong"},"content":"                \"\"\";","lastModifiedDate":"2024-09-05","isFullCredit":false},{"lineNumber":171,"author":{"gitId":"waikhincheong"},"content":"        echo(String.format(\"%s%sHello! I\u0027m WKDuke%sWhat can I do for you?\", logo, NEW_INDENT_LINE, NEW_INDENT_LINE));","lastModifiedDate":"2024-09-16","isFullCredit":false},{"lineNumber":172,"author":{"gitId":"waikhincheong"},"content":"","lastModifiedDate":"2024-09-05","isFullCredit":false},{"lineNumber":173,"author":{"gitId":"waikhincheong"},"content":"        Scanner sc \u003d new Scanner(System.in);","lastModifiedDate":"2024-09-05","isFullCredit":false},{"lineNumber":174,"author":{"gitId":"waikhincheong"},"content":"        String action \u003d \"\";","lastModifiedDate":"2024-09-07","isFullCredit":false},{"lineNumber":175,"author":{"gitId":"waikhincheong"},"content":"","lastModifiedDate":"2024-09-05","isFullCredit":false},{"lineNumber":176,"author":{"gitId":"waikhincheong"},"content":"        while (!action.equals(EXIT_KEYWORD)) {","lastModifiedDate":"2024-09-15","isFullCredit":false},{"lineNumber":177,"author":{"gitId":"waikhincheong"},"content":"            String input \u003d sc.nextLine().trim();","lastModifiedDate":"2024-09-07","isFullCredit":false},{"lineNumber":178,"author":{"gitId":"waikhincheong"},"content":"            if (input.isEmpty()) {","lastModifiedDate":"2024-09-07","isFullCredit":false},{"lineNumber":179,"author":{"gitId":"waikhincheong"},"content":"                continue;","lastModifiedDate":"2024-09-07","isFullCredit":false},{"lineNumber":180,"author":{"gitId":"waikhincheong"},"content":"            }","lastModifiedDate":"2024-09-07","isFullCredit":false},{"lineNumber":181,"author":{"gitId":"waikhincheong"},"content":"","lastModifiedDate":"2024-09-07","isFullCredit":false},{"lineNumber":182,"author":{"gitId":"waikhincheong"},"content":"            String[] inputWords \u003d input.split(\" \", 2);","lastModifiedDate":"2024-09-15","isFullCredit":false},{"lineNumber":183,"author":{"gitId":"waikhincheong"},"content":"            action \u003d inputWords[0];","lastModifiedDate":"2024-09-07","isFullCredit":false},{"lineNumber":184,"author":{"gitId":"waikhincheong"},"content":"            switch (action) {","lastModifiedDate":"2024-09-07","isFullCredit":false},{"lineNumber":185,"author":{"gitId":"waikhincheong"},"content":"                case EXIT_KEYWORD:","lastModifiedDate":"2024-09-15","isFullCredit":false},{"lineNumber":186,"author":{"gitId":"waikhincheong"},"content":"                    break;","lastModifiedDate":"2024-09-07","isFullCredit":false},{"lineNumber":187,"author":{"gitId":"waikhincheong"},"content":"                case LIST_TASK_KEYWORD:","lastModifiedDate":"2024-09-15","isFullCredit":false},{"lineNumber":188,"author":{"gitId":"waikhincheong"},"content":"                    printTaskList();","lastModifiedDate":"2024-09-07","isFullCredit":false},{"lineNumber":189,"author":{"gitId":"waikhincheong"},"content":"                    break;","lastModifiedDate":"2024-09-05","isFullCredit":false},{"lineNumber":190,"author":{"gitId":"waikhincheong"},"content":"                case MARK_TASK_DONE_KEYWORD:","lastModifiedDate":"2024-09-15","isFullCredit":false},{"lineNumber":191,"author":{"gitId":"waikhincheong"},"content":"                case MARK_TASK_UNDONE_KEYWORD:","lastModifiedDate":"2024-09-15","isFullCredit":false},{"lineNumber":192,"author":{"gitId":"waikhincheong"},"content":"                    updateTask(inputWords);","lastModifiedDate":"2024-10-08","isFullCredit":false},{"lineNumber":193,"author":{"gitId":"waikhincheong"},"content":"                    break;","lastModifiedDate":"2024-09-07","isFullCredit":false},{"lineNumber":194,"author":{"gitId":"waikhincheong"},"content":"                case ADD_TODO_TASK_KEYWORD:","lastModifiedDate":"2024-09-15","isFullCredit":false},{"lineNumber":195,"author":{"gitId":"waikhincheong"},"content":"                case ADD_DEADLINE_TASK_KEYWORD:","lastModifiedDate":"2024-09-15","isFullCredit":false},{"lineNumber":196,"author":{"gitId":"waikhincheong"},"content":"                case ADD_EVENT_TASK_KEYWORD:","lastModifiedDate":"2024-09-15","isFullCredit":false},{"lineNumber":197,"author":{"gitId":"waikhincheong"},"content":"                    addTask(inputWords);","lastModifiedDate":"2024-10-08","isFullCredit":false},{"lineNumber":198,"author":{"gitId":"waikhincheong"},"content":"                    break;","lastModifiedDate":"2024-09-15","isFullCredit":false},{"lineNumber":199,"author":{"gitId":"waikhincheong"},"content":"                default:","lastModifiedDate":"2024-09-07","isFullCredit":false},{"lineNumber":200,"author":{"gitId":"waikhincheong"},"content":"                    echo(String.format(\"Action: userInput%sError: Unknown command for \u0027%s\u0027.\", NEW_INDENT_LINE, input));","lastModifiedDate":"2024-09-15","isFullCredit":false},{"lineNumber":201,"author":{"gitId":"waikhincheong"},"content":"                    break;","lastModifiedDate":"2024-09-07","isFullCredit":false},{"lineNumber":202,"author":{"gitId":"waikhincheong"},"content":"            }","lastModifiedDate":"2024-09-05","isFullCredit":false},{"lineNumber":203,"author":{"gitId":"waikhincheong"},"content":"        }","lastModifiedDate":"2024-09-05","isFullCredit":false},{"lineNumber":204,"author":{"gitId":"waikhincheong"},"content":"","lastModifiedDate":"2024-09-05","isFullCredit":false},{"lineNumber":205,"author":{"gitId":"waikhincheong"},"content":"        echo(\"Bye. Hope to see you again soon!\");","lastModifiedDate":"2024-09-07","isFullCredit":false},{"lineNumber":206,"author":{"gitId":"-"},"content":"    }","lastModifiedDate":"2019-07-29","isFullCredit":false},{"lineNumber":207,"author":{"gitId":"-"},"content":"}","lastModifiedDate":"2019-07-29","isFullCredit":false}],"authorContributionMap":{"-":3,"waikhincheong":204}},{"path":"text-ui-test/input.txt","fileType":"txt","lines":[{"lineNumber":1,"author":{"gitId":"waikhincheong"},"content":"list","lastModifiedDate":"2024-10-08","isFullCredit":false},{"lineNumber":2,"author":{"gitId":"waikhincheong"},"content":"todo read book","lastModifiedDate":"2024-09-15","isFullCredit":false},{"lineNumber":3,"author":{"gitId":"waikhincheong"},"content":"deadline return book /by June 6th","lastModifiedDate":"2024-09-15","isFullCredit":false},{"lineNumber":4,"author":{"gitId":"waikhincheong"},"content":"event project meeting /from Aug 6th 2pm /to 4pm","lastModifiedDate":"2024-09-15","isFullCredit":false},{"lineNumber":5,"author":{"gitId":"waikhincheong"},"content":"todo borrow book","lastModifiedDate":"2024-09-15","isFullCredit":false},{"lineNumber":6,"author":{"gitId":"waikhincheong"},"content":"deadline return book 2 /by Sunday","lastModifiedDate":"2024-09-15","isFullCredit":false},{"lineNumber":7,"author":{"gitId":"waikhincheong"},"content":"event project meeting 2 /from Mon 2pm /to 4pm","lastModifiedDate":"2024-09-15","isFullCredit":false},{"lineNumber":8,"author":{"gitId":"waikhincheong"},"content":"list","lastModifiedDate":"2024-09-15","isFullCredit":false},{"lineNumber":9,"author":{"gitId":"waikhincheong"},"content":"mark 1","lastModifiedDate":"2024-09-15","isFullCredit":false},{"lineNumber":10,"author":{"gitId":"waikhincheong"},"content":"list","lastModifiedDate":"2024-09-07","isFullCredit":false},{"lineNumber":11,"author":{"gitId":"waikhincheong"},"content":"mark 2","lastModifiedDate":"2024-09-07","isFullCredit":false},{"lineNumber":12,"author":{"gitId":"waikhincheong"},"content":"list","lastModifiedDate":"2024-09-07","isFullCredit":false},{"lineNumber":13,"author":{"gitId":"waikhincheong"},"content":"mark 3","lastModifiedDate":"2024-09-15","isFullCredit":false},{"lineNumber":14,"author":{"gitId":"waikhincheong"},"content":"mark 3","lastModifiedDate":"2024-10-08","isFullCredit":false},{"lineNumber":15,"author":{"gitId":"waikhincheong"},"content":"list","lastModifiedDate":"2024-09-15","isFullCredit":false},{"lineNumber":16,"author":{"gitId":"waikhincheong"},"content":"unmark 3","lastModifiedDate":"2024-09-15","isFullCredit":false},{"lineNumber":17,"author":{"gitId":"waikhincheong"},"content":"unmark 3","lastModifiedDate":"2024-10-08","isFullCredit":false},{"lineNumber":18,"author":{"gitId":"waikhincheong"},"content":"list","lastModifiedDate":"2024-09-15","isFullCredit":false},{"lineNumber":19,"author":{"gitId":"waikhincheong"},"content":"unmark 2","lastModifiedDate":"2024-09-07","isFullCredit":false},{"lineNumber":20,"author":{"gitId":"waikhincheong"},"content":"list","lastModifiedDate":"2024-09-07","isFullCredit":false},{"lineNumber":21,"author":{"gitId":"waikhincheong"},"content":"unmark 1","lastModifiedDate":"2024-09-15","isFullCredit":false},{"lineNumber":22,"author":{"gitId":"waikhincheong"},"content":"list","lastModifiedDate":"2024-09-15","isFullCredit":false},{"lineNumber":23,"author":{"gitId":"waikhincheong"},"content":"[Invalid Input Test]","lastModifiedDate":"2024-09-15","isFullCredit":false},{"lineNumber":24,"author":{"gitId":"waikhincheong"},"content":"mark","lastModifiedDate":"2024-09-07","isFullCredit":false},{"lineNumber":25,"author":{"gitId":"waikhincheong"},"content":"mark a","lastModifiedDate":"2024-09-07","isFullCredit":false},{"lineNumber":26,"author":{"gitId":"waikhincheong"},"content":"mark 10","lastModifiedDate":"2024-09-15","isFullCredit":false},{"lineNumber":27,"author":{"gitId":"waikhincheong"},"content":"unmark","lastModifiedDate":"2024-09-07","isFullCredit":false},{"lineNumber":28,"author":{"gitId":"waikhincheong"},"content":"unmark a","lastModifiedDate":"2024-09-07","isFullCredit":false},{"lineNumber":29,"author":{"gitId":"waikhincheong"},"content":"unmark 10","lastModifiedDate":"2024-09-15","isFullCredit":false},{"lineNumber":30,"author":{"gitId":"waikhincheong"},"content":"deadline return book","lastModifiedDate":"2024-09-15","isFullCredit":false},{"lineNumber":31,"author":{"gitId":"waikhincheong"},"content":"deadline return book /by","lastModifiedDate":"2024-09-15","isFullCredit":false},{"lineNumber":32,"author":{"gitId":"waikhincheong"},"content":"event project meeting /from","lastModifiedDate":"2024-09-15","isFullCredit":false},{"lineNumber":33,"author":{"gitId":"waikhincheong"},"content":"event project meeting /from Aug 6th","lastModifiedDate":"2024-09-15","isFullCredit":false},{"lineNumber":34,"author":{"gitId":"waikhincheong"},"content":"bye","lastModifiedDate":"2024-09-07","isFullCredit":false}],"authorContributionMap":{"waikhincheong":34}},{"path":"text-ui-test/runtest.bat","fileType":"bat","lines":[{"lineNumber":1,"author":{"gitId":"-"},"content":"@ECHO OFF","lastModifiedDate":"2020-05-25","isFullCredit":false},{"lineNumber":2,"author":{"gitId":"-"},"content":"","lastModifiedDate":"2020-05-25","isFullCredit":false},{"lineNumber":3,"author":{"gitId":"-"},"content":"REM create bin directory if it doesn\u0027t exist","lastModifiedDate":"2020-05-25","isFullCredit":false},{"lineNumber":4,"author":{"gitId":"-"},"content":"if not exist ..\\bin mkdir ..\\bin","lastModifiedDate":"2020-05-25","isFullCredit":false},{"lineNumber":5,"author":{"gitId":"-"},"content":"","lastModifiedDate":"2020-05-25","isFullCredit":false},{"lineNumber":6,"author":{"gitId":"-"},"content":"REM delete output from previous run","lastModifiedDate":"2020-05-25","isFullCredit":false},{"lineNumber":7,"author":{"gitId":"-"},"content":"if exist ACTUAL.TXT del ACTUAL.TXT","lastModifiedDate":"2020-08-25","isFullCredit":false},{"lineNumber":8,"author":{"gitId":"-"},"content":"","lastModifiedDate":"2020-05-25","isFullCredit":false},{"lineNumber":9,"author":{"gitId":"-"},"content":"REM compile the code into the bin folder","lastModifiedDate":"2020-05-25","isFullCredit":false},{"lineNumber":10,"author":{"gitId":"waikhincheong"},"content":"javac  -cp ..\\src\\main\\java\\WKDuke.java -Xlint:none -d ..\\bin ..\\src\\main\\java\\*.java","lastModifiedDate":"2024-09-07","isFullCredit":false},{"lineNumber":11,"author":{"gitId":"-"},"content":"IF ERRORLEVEL 1 (","lastModifiedDate":"2020-05-25","isFullCredit":false},{"lineNumber":12,"author":{"gitId":"-"},"content":"    echo ********** BUILD FAILURE **********","lastModifiedDate":"2020-05-25","isFullCredit":false},{"lineNumber":13,"author":{"gitId":"-"},"content":"    exit /b 1","lastModifiedDate":"2020-05-25","isFullCredit":false},{"lineNumber":14,"author":{"gitId":"-"},"content":")","lastModifiedDate":"2020-05-25","isFullCredit":false},{"lineNumber":15,"author":{"gitId":"-"},"content":"REM no error here, errorlevel \u003d\u003d 0","lastModifiedDate":"2020-05-25","isFullCredit":false},{"lineNumber":16,"author":{"gitId":"-"},"content":"","lastModifiedDate":"2020-05-25","isFullCredit":false},{"lineNumber":17,"author":{"gitId":"-"},"content":"REM run the program, feed commands from input.txt file and redirect the output to the ACTUAL.TXT","lastModifiedDate":"2020-05-25","isFullCredit":false},{"lineNumber":18,"author":{"gitId":"waikhincheong"},"content":"java -classpath ..\\bin WKDuke \u003c input.txt \u003e ACTUAL.TXT","lastModifiedDate":"2024-09-07","isFullCredit":false},{"lineNumber":19,"author":{"gitId":"-"},"content":"","lastModifiedDate":"2020-05-25","isFullCredit":false},{"lineNumber":20,"author":{"gitId":"-"},"content":"REM compare the output to the expected output","lastModifiedDate":"2020-05-25","isFullCredit":false},{"lineNumber":21,"author":{"gitId":"-"},"content":"FC ACTUAL.TXT EXPECTED.TXT","lastModifiedDate":"2020-05-25","isFullCredit":false}],"authorContributionMap":{"-":19,"waikhincheong":2}}]
