{"authorDailyContributionsMap":{"waikhincheong":[{"date":"2024-09-05","commitResults":[{"hash":"a05f382dc46065c16efee7938c5bad727c61c542","isMergeCommit":false,"messageTitle":"Rename main class","messageBody":"","fileTypesAndContributionMap":{"java":{"insertions":1,"deletions":1}}},{"hash":"a59ca2d6b457eba3ffd17c280e69d0e7d8753ff7","isMergeCommit":false,"messageTitle":"Add greeting","messageBody":"","fileTypesAndContributionMap":{"java":{"insertions":17,"deletions":6}}},{"hash":"4bd82bcd8ff1ed897d8824c1ca53b3ac3ea70428","isMergeCommit":false,"messageTitle":"Add exit","messageBody":"","tags":["Level-0"],"fileTypesAndContributionMap":{"java":{"insertions":2,"deletions":0}}},{"hash":"3e3efeb6dc39011fa699f13fd357555cab4ce540","isMergeCommit":false,"messageTitle":"Add support for echo","messageBody":"","tags":["Level-1"],"fileTypesAndContributionMap":{"java":{"insertions":25,"deletions":4}}},{"hash":"5444eff22eadb551ad18b6b88f2c6f99410cb356","isMergeCommit":false,"messageTitle":"Add support for list","messageBody":"","tags":["Level-2"],"fileTypesAndContributionMap":{"java":{"insertions":24,"deletions":5}}}]},{"date":"2024-09-07","commitResults":[{"hash":"98f9126ecc51f08ef1a08882c53f62fe9b1530ad","isMergeCommit":false,"messageTitle":"Add Task class","messageBody":"","fileTypesAndContributionMap":{"java":{"insertions":30,"deletions":0}}},{"hash":"d30a6a52120ea0cd7d38e7b3d1318f08132d8e72","isMergeCommit":false,"messageTitle":"Enhance user input parsing to support new actions","messageBody":"","fileTypesAndContributionMap":{"java":{"insertions":32,"deletions":16}}},{"hash":"9337ff3385ac21d0b2cf6e0e193e8a3d2c151f85","isMergeCommit":false,"messageTitle":"Add validation for mark \u0026 unmark actions input","messageBody":"","fileTypesAndContributionMap":{"java":{"insertions":38,"deletions":2}}},{"hash":"f624deeb6d9c01e638cbcd1f6fe4b9ea72936cb0","isMergeCommit":false,"messageTitle":"Optimise CLI printing for improved readability","messageBody":"","fileTypesAndContributionMap":{"java":{"insertions":10,"deletions":17}}},{"hash":"d67386966b7e2dfc6aec28c853a79a49771b9d69","isMergeCommit":false,"messageTitle":"Add update task status","messageBody":"","tags":["Level-3"],"fileTypesAndContributionMap":{"java":{"insertions":16,"deletions":2}}},{"hash":"736dbc489f251c8a126415bfc8e14bd204c16584","isMergeCommit":false,"messageTitle":"Test using the I/O redirection technique","messageBody":"","tags":["A-TextUiTesting"],"fileTypesAndContributionMap":{"txt":{"insertions":17,"deletions":0},"bat":{"insertions":2,"deletions":2}}}]},{"date":"2024-09-15","commitResults":[{"hash":"63a405c0c0da7d0e31cc73fe995c3909037422ad","isMergeCommit":false,"messageTitle":"Add Task-related classes","messageBody":"","fileTypesAndContributionMap":{"java":{"insertions":40,"deletions":1}}},{"hash":"fdc80f3e4030271409d1e83d01de4598d0f2170e","isMergeCommit":false,"messageTitle":"Add support for tracking three types of tasks","messageBody":"","fileTypesAndContributionMap":{"java":{"insertions":48,"deletions":4}}},{"hash":"ac553a31b10c3fea9bada1b4cb2236e0d81b907c","isMergeCommit":false,"messageTitle":"Update expected output and input files for text-UI-test","messageBody":"","fileTypesAndContributionMap":{"txt":{"insertions":21,"deletions":7}}},{"hash":"79928455a2cffc493b305d65f83f74650a5fc750","isMergeCommit":false,"messageTitle":"Refactoring: Rename literal","messageBody":"","fileTypesAndContributionMap":{"java":{"insertions":35,"deletions":35}}},{"hash":"b29d981b4b6a248b8a5c3cee828b04605a06fbd8","isMergeCommit":false,"messageTitle":"Refactoring: Reordering Arguments","messageBody":"","fileTypesAndContributionMap":{"java":{"insertions":2,"deletions":2}}}]},{"date":"2024-09-16","commitResults":[{"hash":"373c3387ecfcd009ebee43af1a0eebd5f4ad230b","isMergeCommit":false,"messageTitle":"Refactoring: Replace String Concatenation with String Formatting","messageBody":"","fileTypesAndContributionMap":{"java":{"insertions":4,"deletions":6}}},{"hash":"7c1bc501bad393e5c3d7b51cf7a1fadea0389fb4","isMergeCommit":false,"messageTitle":"Centralised task update handler","messageBody":"","fileTypesAndContributionMap":{"java":{"insertions":37,"deletions":21}}},{"hash":"451e8108aee146ebd13ac56d3452629b77a8c9c3","isMergeCommit":false,"messageTitle":"Refactoring: Remove Double Negative","messageBody":"","fileTypesAndContributionMap":{"java":{"insertions":6,"deletions":6}}},{"hash":"f91004e47c2f0371a40dea846f02f364598bd1ea","isMergeCommit":false,"messageTitle":"Refactoring: Replace String Concatenation with StringBuilder","messageBody":"","tags":["Level-4"],"fileTypesAndContributionMap":{"java":{"insertions":4,"deletions":3}}}]},{"date":"2024-10-08","commitResults":[{"hash":"a176e8395090fc7601ce168cacf72fbe0d1eb324","isMergeCommit":false,"messageTitle":"Fix: ArrayIndexOutOfBoundsException in addTask method","messageBody":"","fileTypesAndContributionMap":{"java":{"insertions":8,"deletions":2}}},{"hash":"69912672978d244737935d3525cab6f20699ab23","isMergeCommit":false,"messageTitle":"Enhance Exception handling","messageBody":"","fileTypesAndContributionMap":{"java":{"insertions":53,"deletions":21}}},{"hash":"b20dde1c71d2b7ae78a6800f0e3f3ee77f60864d","isMergeCommit":false,"messageTitle":"Enhance CLI output message","messageBody":"","fileTypesAndContributionMap":{"java":{"insertions":13,"deletions":1}}},{"hash":"7f3c296844683347199b77042190901ad870c931","isMergeCommit":false,"messageTitle":"Update expected output and input files for text-UI-test","messageBody":"","tags":["Level-5"],"fileTypesAndContributionMap":{"txt":{"insertions":3,"deletions":0}}}]},{"date":"2024-10-15","commitResults":[{"hash":"a72e2bc0fb5024bcc6e4604488621048783812a6","isMergeCommit":false,"messageTitle":"Update expected output and input files for text-UI-test","messageBody":"","fileTypesAndContributionMap":{"txt":{"insertions":4,"deletions":0}}},{"hash":"45259bda522279479c69dd92964ae4abfa0e20a0","isMergeCommit":false,"messageTitle":"Add support for delete task","messageBody":"","tags":["Level-6"],"fileTypesAndContributionMap":{"java":{"insertions":19,"deletions":2}}},{"hash":"409a50807c9a4668a287e350124f3126a662e2f3","isMergeCommit":false,"messageTitle":"Refactored task type strings to use Java Enums for TaskType","messageBody":"","tags":["A-Enums"],"fileTypesAndContributionMap":{"java":{"insertions":22,"deletions":12}}}]},{"date":"2024-10-23","commitResults":[{"hash":"7abcaf823c9e60d3b70b45fa7ea188ea9f0361fc","isMergeCommit":false,"messageTitle":"Update runtest.bat script to remove data folder","messageBody":"","fileTypesAndContributionMap":{"bat":{"insertions":1,"deletions":0}}},{"hash":"2f139c93745913393a0f6a1e367988b8dc777cc7","isMergeCommit":false,"messageTitle":"Add getters and setters for attributes in Task, ToDo, Deadline and Event classes","messageBody":"","fileTypesAndContributionMap":{"java":{"insertions":34,"deletions":3}}},{"hash":"ed459e5fe0661dff0d6a4b0e5ed818088f4337c9","isMergeCommit":false,"messageTitle":"Update TaskType enum with methods for mapping task codes","messageBody":"","fileTypesAndContributionMap":{"java":{"insertions":23,"deletions":4}}},{"hash":"c1000c54fb0eddab6a83a7e0eb94177b3dafde81","isMergeCommit":false,"messageTitle":"Add support for saving tasks to a file","messageBody":"","fileTypesAndContributionMap":{"java":{"insertions":239,"deletions":51}}},{"hash":"236c2c2582e512b1e2ea6c8ebca478213d66ea02","isMergeCommit":true,"messageTitle":"Merge branch \u0027branch-Level-7\u0027","messageBody":"","tags":["Level-7"],"fileTypesAndContributionMap":{}}]}]},"authorFileTypeContributionMap":{"waikhincheong":{"java":562,"md":0,"fxml":0,"sh":0,"bat":3,"gradle":0,"txt":38}},"authorContributionVariance":{"waikhincheong":2887.884},"authorDisplayNameMap":{"waikhincheong":"CHEO..KHIN"}}
