[{"path":"src/main/java/Sunny.java","fileType":"java","lines":[{"lineNumber":1,"author":{"gitId":"bbtht"},"content":"import java.util.Scanner;","lastModifiedDate":"2024-10-12","isFullCredit":false},{"lineNumber":2,"author":{"gitId":"bbtht"},"content":"","lastModifiedDate":"2024-10-12","isFullCredit":false},{"lineNumber":3,"author":{"gitId":"bbtht"},"content":"public class Sunny {","lastModifiedDate":"2024-10-01","isFullCredit":false},{"lineNumber":4,"author":{"gitId":"bbtht"},"content":"    private static final int maxTask \u003d 100;","lastModifiedDate":"2024-10-14","isFullCredit":false},{"lineNumber":5,"author":{"gitId":"bbtht"},"content":"    private static final String[] tasks \u003d new String[maxTask];","lastModifiedDate":"2024-10-14","isFullCredit":false},{"lineNumber":6,"author":{"gitId":"bbtht"},"content":"    private static int taskCount \u003d 0;","lastModifiedDate":"2024-10-14","isFullCredit":false},{"lineNumber":7,"author":{"gitId":"bbtht"},"content":"","lastModifiedDate":"2024-10-14","isFullCredit":false},{"lineNumber":8,"author":{"gitId":"bbtht"},"content":"    public static void main(String[] args) {","lastModifiedDate":"2024-10-01","isFullCredit":false},{"lineNumber":9,"author":{"gitId":"bbtht"},"content":"        // display welcome message","lastModifiedDate":"2024-10-12","isFullCredit":false},{"lineNumber":10,"author":{"gitId":"bbtht"},"content":"        System.out.println(\"____________________________________________________________\");","lastModifiedDate":"2024-10-12","isFullCredit":false},{"lineNumber":11,"author":{"gitId":"bbtht"},"content":"        System.out.println(\" Hello! I\u0027m Sunny\");","lastModifiedDate":"2024-10-01","isFullCredit":false},{"lineNumber":12,"author":{"gitId":"bbtht"},"content":"        System.out.println(\" What can I do for you?\");","lastModifiedDate":"2024-10-01","isFullCredit":false},{"lineNumber":13,"author":{"gitId":"bbtht"},"content":"        System.out.println(\"____________________________________________________________\");","lastModifiedDate":"2024-10-12","isFullCredit":false},{"lineNumber":14,"author":{"gitId":"bbtht"},"content":"","lastModifiedDate":"2024-10-12","isFullCredit":false},{"lineNumber":15,"author":{"gitId":"bbtht"},"content":"        // User input","lastModifiedDate":"2024-10-12","isFullCredit":false},{"lineNumber":16,"author":{"gitId":"bbtht"},"content":"        Scanner in \u003d new Scanner(System.in);","lastModifiedDate":"2024-10-12","isFullCredit":false},{"lineNumber":17,"author":{"gitId":"bbtht"},"content":"        String input;","lastModifiedDate":"2024-10-12","isFullCredit":false},{"lineNumber":18,"author":{"gitId":"bbtht"},"content":"","lastModifiedDate":"2024-10-12","isFullCredit":false},{"lineNumber":19,"author":{"gitId":"bbtht"},"content":"        // Loop to process user input","lastModifiedDate":"2024-10-14","isFullCredit":false},{"lineNumber":20,"author":{"gitId":"bbtht"},"content":"        while (true) {","lastModifiedDate":"2024-10-12","isFullCredit":false},{"lineNumber":21,"author":{"gitId":"bbtht"},"content":"            input \u003d in.nextLine();","lastModifiedDate":"2024-10-12","isFullCredit":false},{"lineNumber":22,"author":{"gitId":"bbtht"},"content":"","lastModifiedDate":"2024-10-12","isFullCredit":false},{"lineNumber":23,"author":{"gitId":"bbtht"},"content":"            // End session if user inputs \"bye\"","lastModifiedDate":"2024-10-14","isFullCredit":false},{"lineNumber":24,"author":{"gitId":"bbtht"},"content":"            if (input.equalsIgnoreCase(\"bye\")) {","lastModifiedDate":"2024-10-12","isFullCredit":false},{"lineNumber":25,"author":{"gitId":"bbtht"},"content":"                System.out.println(\"____________________________________________________________\");","lastModifiedDate":"2024-10-12","isFullCredit":false},{"lineNumber":26,"author":{"gitId":"bbtht"},"content":"                System.out.println(\" Bye. Hope to see you again soon!\");","lastModifiedDate":"2024-10-01","isFullCredit":false},{"lineNumber":27,"author":{"gitId":"bbtht"},"content":"                System.out.println(\"____________________________________________________________\");","lastModifiedDate":"2024-10-12","isFullCredit":false},{"lineNumber":28,"author":{"gitId":"bbtht"},"content":"                break;","lastModifiedDate":"2024-10-12","isFullCredit":false},{"lineNumber":29,"author":{"gitId":"bbtht"},"content":"            }","lastModifiedDate":"2024-10-12","isFullCredit":false},{"lineNumber":30,"author":{"gitId":"bbtht"},"content":"","lastModifiedDate":"2024-10-12","isFullCredit":false},{"lineNumber":31,"author":{"gitId":"bbtht"},"content":"            // User input add into List","lastModifiedDate":"2024-10-14","isFullCredit":false},{"lineNumber":32,"author":{"gitId":"bbtht"},"content":"            if (input.equalsIgnoreCase(\"list\")) {","lastModifiedDate":"2024-10-14","isFullCredit":false},{"lineNumber":33,"author":{"gitId":"bbtht"},"content":"                System.out.println(\"____________________________________________________________\");","lastModifiedDate":"2024-10-14","isFullCredit":false},{"lineNumber":34,"author":{"gitId":"bbtht"},"content":"                if (taskCount \u003d\u003d 0) {","lastModifiedDate":"2024-10-14","isFullCredit":false},{"lineNumber":35,"author":{"gitId":"bbtht"},"content":"                    System.out.println(\"No task added yet, please enter a task:\");","lastModifiedDate":"2024-10-14","isFullCredit":false},{"lineNumber":36,"author":{"gitId":"bbtht"},"content":"                } else {","lastModifiedDate":"2024-10-14","isFullCredit":false},{"lineNumber":37,"author":{"gitId":"bbtht"},"content":"                    for (int i \u003d 0; i \u003c taskCount; i++) {","lastModifiedDate":"2024-10-14","isFullCredit":false},{"lineNumber":38,"author":{"gitId":"bbtht"},"content":"                        System.out.println(\" \" + (i+1) + \". \" + tasks[i]);","lastModifiedDate":"2024-10-14","isFullCredit":false},{"lineNumber":39,"author":{"gitId":"bbtht"},"content":"                    }","lastModifiedDate":"2024-10-14","isFullCredit":false},{"lineNumber":40,"author":{"gitId":"bbtht"},"content":"                }","lastModifiedDate":"2024-10-14","isFullCredit":false},{"lineNumber":41,"author":{"gitId":"bbtht"},"content":"                System.out.println(\"____________________________________________________________\");","lastModifiedDate":"2024-10-14","isFullCredit":false},{"lineNumber":42,"author":{"gitId":"bbtht"},"content":"            }","lastModifiedDate":"2024-10-14","isFullCredit":false},{"lineNumber":43,"author":{"gitId":"bbtht"},"content":"","lastModifiedDate":"2024-10-14","isFullCredit":false},{"lineNumber":44,"author":{"gitId":"bbtht"},"content":"            // User add new task","lastModifiedDate":"2024-10-14","isFullCredit":false},{"lineNumber":45,"author":{"gitId":"bbtht"},"content":"            else if (taskCount \u003c maxTask) {","lastModifiedDate":"2024-10-14","isFullCredit":false},{"lineNumber":46,"author":{"gitId":"bbtht"},"content":"                    tasks[taskCount] \u003d input;","lastModifiedDate":"2024-10-14","isFullCredit":false},{"lineNumber":47,"author":{"gitId":"bbtht"},"content":"                    taskCount++;","lastModifiedDate":"2024-10-14","isFullCredit":false},{"lineNumber":48,"author":{"gitId":"bbtht"},"content":"                    System.out.println(\"____________________________________________________________\");","lastModifiedDate":"2024-10-14","isFullCredit":false},{"lineNumber":49,"author":{"gitId":"bbtht"},"content":"                    System.out.println(\" added: \" + input);","lastModifiedDate":"2024-10-14","isFullCredit":false},{"lineNumber":50,"author":{"gitId":"bbtht"},"content":"                    System.out.println(\"____________________________________________________________\");","lastModifiedDate":"2024-10-14","isFullCredit":false},{"lineNumber":51,"author":{"gitId":"bbtht"},"content":"            }","lastModifiedDate":"2024-10-14","isFullCredit":false},{"lineNumber":52,"author":{"gitId":"bbtht"},"content":"","lastModifiedDate":"2024-10-14","isFullCredit":false},{"lineNumber":53,"author":{"gitId":"bbtht"},"content":"            // If more than 100 task","lastModifiedDate":"2024-10-14","isFullCredit":false},{"lineNumber":54,"author":{"gitId":"bbtht"},"content":"            else {","lastModifiedDate":"2024-10-14","isFullCredit":false},{"lineNumber":55,"author":{"gitId":"bbtht"},"content":"                System.out.println(\"____________________________________________________________\");","lastModifiedDate":"2024-10-12","isFullCredit":false},{"lineNumber":56,"author":{"gitId":"bbtht"},"content":"                System.out.println(\" Sorry, too many tasks for Sunny to handle! There are \" + maxTask + \" tasks.\");","lastModifiedDate":"2024-10-14","isFullCredit":false},{"lineNumber":57,"author":{"gitId":"bbtht"},"content":"                System.out.println(\"____________________________________________________________\");","lastModifiedDate":"2024-10-12","isFullCredit":false},{"lineNumber":58,"author":{"gitId":"bbtht"},"content":"            }","lastModifiedDate":"2024-10-12","isFullCredit":false},{"lineNumber":59,"author":{"gitId":"bbtht"},"content":"        }","lastModifiedDate":"2024-10-14","isFullCredit":false},{"lineNumber":60,"author":{"gitId":"bbtht"},"content":"        // end scanner session","lastModifiedDate":"2024-10-12","isFullCredit":false},{"lineNumber":61,"author":{"gitId":"bbtht"},"content":"        in.close();","lastModifiedDate":"2024-10-12","isFullCredit":false},{"lineNumber":62,"author":{"gitId":"bbtht"},"content":"    }","lastModifiedDate":"2024-10-01","isFullCredit":false},{"lineNumber":63,"author":{"gitId":"bbtht"},"content":"}","lastModifiedDate":"2024-10-01","isFullCredit":false}],"authorContributionMap":{"bbtht":63}}]
