[{"path":"src/main/java/Sunny.java","fileType":"java","lines":[{"lineNumber":1,"author":{"gitId":"bbtht"},"content":"import java.util.Scanner;","lastModifiedDate":"2024-10-12","isFullCredit":false},{"lineNumber":2,"author":{"gitId":"bbtht"},"content":"","lastModifiedDate":"2024-10-12","isFullCredit":false},{"lineNumber":3,"author":{"gitId":"bbtht"},"content":"public class Sunny {","lastModifiedDate":"2024-10-01","isFullCredit":false},{"lineNumber":4,"author":{"gitId":"bbtht"},"content":"    public static void main(String[] args) {","lastModifiedDate":"2024-10-01","isFullCredit":false},{"lineNumber":5,"author":{"gitId":"bbtht"},"content":"        // display welcome message","lastModifiedDate":"2024-10-12","isFullCredit":false},{"lineNumber":6,"author":{"gitId":"bbtht"},"content":"        System.out.println(\"____________________________________________________________\");","lastModifiedDate":"2024-10-12","isFullCredit":false},{"lineNumber":7,"author":{"gitId":"bbtht"},"content":"        System.out.println(\" Hello! I\u0027m Sunny\");","lastModifiedDate":"2024-10-01","isFullCredit":false},{"lineNumber":8,"author":{"gitId":"bbtht"},"content":"        System.out.println(\" What can I do for you?\");","lastModifiedDate":"2024-10-01","isFullCredit":false},{"lineNumber":9,"author":{"gitId":"bbtht"},"content":"        System.out.println(\"____________________________________________________________\");","lastModifiedDate":"2024-10-12","isFullCredit":false},{"lineNumber":10,"author":{"gitId":"bbtht"},"content":"","lastModifiedDate":"2024-10-12","isFullCredit":false},{"lineNumber":11,"author":{"gitId":"bbtht"},"content":"        // User input","lastModifiedDate":"2024-10-12","isFullCredit":false},{"lineNumber":12,"author":{"gitId":"bbtht"},"content":"        Scanner in \u003d new Scanner(System.in);","lastModifiedDate":"2024-10-12","isFullCredit":false},{"lineNumber":13,"author":{"gitId":"bbtht"},"content":"        String input;","lastModifiedDate":"2024-10-12","isFullCredit":false},{"lineNumber":14,"author":{"gitId":"bbtht"},"content":"","lastModifiedDate":"2024-10-12","isFullCredit":false},{"lineNumber":15,"author":{"gitId":"bbtht"},"content":"        // Loop to take user input until \"bye\" is entered","lastModifiedDate":"2024-10-12","isFullCredit":false},{"lineNumber":16,"author":{"gitId":"bbtht"},"content":"        while (true) {","lastModifiedDate":"2024-10-12","isFullCredit":false},{"lineNumber":17,"author":{"gitId":"bbtht"},"content":"            input \u003d in.nextLine();","lastModifiedDate":"2024-10-12","isFullCredit":false},{"lineNumber":18,"author":{"gitId":"bbtht"},"content":"","lastModifiedDate":"2024-10-12","isFullCredit":false},{"lineNumber":19,"author":{"gitId":"bbtht"},"content":"            if (input.equalsIgnoreCase(\"bye\")) {","lastModifiedDate":"2024-10-12","isFullCredit":false},{"lineNumber":20,"author":{"gitId":"bbtht"},"content":"                System.out.println(\"____________________________________________________________\");","lastModifiedDate":"2024-10-12","isFullCredit":false},{"lineNumber":21,"author":{"gitId":"bbtht"},"content":"                System.out.println(\" Bye. Hope to see you again soon!\");","lastModifiedDate":"2024-10-01","isFullCredit":false},{"lineNumber":22,"author":{"gitId":"bbtht"},"content":"                System.out.println(\"____________________________________________________________\");","lastModifiedDate":"2024-10-12","isFullCredit":false},{"lineNumber":23,"author":{"gitId":"bbtht"},"content":"                break;","lastModifiedDate":"2024-10-12","isFullCredit":false},{"lineNumber":24,"author":{"gitId":"bbtht"},"content":"            }","lastModifiedDate":"2024-10-12","isFullCredit":false},{"lineNumber":25,"author":{"gitId":"bbtht"},"content":"","lastModifiedDate":"2024-10-12","isFullCredit":false},{"lineNumber":26,"author":{"gitId":"bbtht"},"content":"            // echo user\u0027s input","lastModifiedDate":"2024-10-12","isFullCredit":false},{"lineNumber":27,"author":{"gitId":"bbtht"},"content":"            System.out.println(\"____________________________________________________________\");","lastModifiedDate":"2024-10-12","isFullCredit":false},{"lineNumber":28,"author":{"gitId":"bbtht"},"content":"            System.out.println(\" \" + input);","lastModifiedDate":"2024-10-12","isFullCredit":false},{"lineNumber":29,"author":{"gitId":"bbtht"},"content":"            System.out.println(\"____________________________________________________________\");","lastModifiedDate":"2024-10-12","isFullCredit":false},{"lineNumber":30,"author":{"gitId":"bbtht"},"content":"        }","lastModifiedDate":"2024-10-12","isFullCredit":false},{"lineNumber":31,"author":{"gitId":"bbtht"},"content":"        // end scanner session","lastModifiedDate":"2024-10-12","isFullCredit":false},{"lineNumber":32,"author":{"gitId":"bbtht"},"content":"        in.close();","lastModifiedDate":"2024-10-12","isFullCredit":false},{"lineNumber":33,"author":{"gitId":"bbtht"},"content":"    }","lastModifiedDate":"2024-10-01","isFullCredit":false},{"lineNumber":34,"author":{"gitId":"bbtht"},"content":"}","lastModifiedDate":"2024-10-01","isFullCredit":false}],"authorContributionMap":{"bbtht":34}}]
