{"authorDailyContributionsMap":{"bbtht":[{"date":"2024-10-01","commitResults":[{"hash":"5cdf23ecb3e89a82aa296f21ab0bbe8bf19724d5","isMergeCommit":false,"messageTitle":"add level 0","messageBody":"","tags":["Level-0"],"fileTypesAndContributionMap":{"java":{"insertions":10,"deletions":10}}}]},{"date":"2024-10-12","commitResults":[{"hash":"3c163d09283280af0bf89e5e76829a0180287f88","isMergeCommit":false,"messageTitle":"add level 1","messageBody":"","tags":["Level-1"],"fileTypesAndContributionMap":{"java":{"insertions":28,"deletions":4}}}]},{"date":"2024-10-14","commitResults":[{"hash":"9af09bf173cd70f76bcbeaa771f6129ab6c1b89e","isMergeCommit":false,"messageTitle":"add level 2","messageBody":"","tags":["Level-2"],"fileTypesAndContributionMap":{"java":{"insertions":34,"deletions":5}}},{"hash":"1f4c8a3f8b74ab64e7729762479d2d3224e493ad","isMergeCommit":false,"messageTitle":"add mark task as done","messageBody":"","tags":["Level-3"],"fileTypesAndContributionMap":{"java":{"insertions":150,"deletions":25}}}]},{"date":"2024-11-19","commitResults":[{"hash":"5e8f3cd3a761be12946515313fdab97fd0dfc2ad","isMergeCommit":false,"messageTitle":"add level 4 (todo, event, deadline)","messageBody":"","tags":["Level-4"],"fileTypesAndContributionMap":{"java":{"insertions":144,"deletions":56}}},{"hash":"ac6bb8eae0714fe634dc097bfaeae4fcfe3a581d","isMergeCommit":false,"messageTitle":"add level 5 (handle errors)","messageBody":"","tags":["Level-5"],"fileTypesAndContributionMap":{"java":{"insertions":112,"deletions":57}}},{"hash":"f024bd44cf98812d851d8b70be0fa51a98128a16","isMergeCommit":false,"messageTitle":"add level 6 (delete task)","messageBody":"","tags":["Level-6"],"fileTypesAndContributionMap":{"java":{"insertions":71,"deletions":42}}},{"hash":"8c824efd2d08887d2da6435c725dd7d56d924cfa","isMergeCommit":false,"messageTitle":"add A-Enums (enumeration)","messageBody":"","tags":["A-Enums"],"fileTypesAndContributionMap":{"java":{"insertions":24,"deletions":13}}}]},{"date":"2024-11-23","commitResults":[{"hash":"121ec3815331195d02091e6a41667cf2563ebca3","isMergeCommit":false,"messageTitle":"save stored list","messageBody":"","fileTypesAndContributionMap":{"txt":{"insertions":2,"deletions":0},"java":{"insertions":200,"deletions":50}}}]},{"date":"2024-11-24","commitResults":[{"hash":"7eff24ef990d87542eb43ffea4c049ba58fe5d0b","isMergeCommit":false,"messageTitle":"saved storage file","messageBody":"","fileTypesAndContributionMap":{"txt":{"insertions":4,"deletions":2},"java":{"insertions":260,"deletions":194}}},{"hash":"18042aaf3bd9ca1053e8f25fffa89ba8b2551863","isMergeCommit":false,"messageTitle":"Fixed storage issue for markDone and unmarkDone","messageBody":"","fileTypesAndContributionMap":{"txt":{"insertions":5,"deletions":4},"java":{"insertions":138,"deletions":78}}},{"hash":"f56aa223038653340f07593d1556712c0630fc2d","isMergeCommit":false,"messageTitle":"added Ui.java","messageBody":"","tags":["A-moreOOP"],"fileTypesAndContributionMap":{"txt":{"insertions":4,"deletions":4},"java":{"insertions":136,"deletions":74}}},{"hash":"aebc650f84a054fca346fc566f91b0532d2a6596","isMergeCommit":false,"messageTitle":"OOP + code clean up","messageBody":"","fileTypesAndContributionMap":{"txt":{"insertions":0,"deletions":5},"java":{"insertions":404,"deletions":311}}},{"hash":"81d80c06b6663848a5db1d16e9308fb9cf26d5a6","isMergeCommit":false,"messageTitle":"Add Level 8 Date and Time and Java Doc","messageBody":"","fileTypesAndContributionMap":{"txt":{"insertions":1,"deletions":0},"java":{"insertions":57,"deletions":22}}},{"hash":"1c948a6c2c98109d29548af5aeb1197b8dee68ad","isMergeCommit":false,"messageTitle":"Added individual task C-DetectDuplicates","messageBody":"","fileTypesAndContributionMap":{"txt":{"insertions":3,"deletions":1},"java":{"insertions":75,"deletions":8}}},{"hash":"d31f9f1335b8f804e4f9c8e9c3f8a3e513c137f9","isMergeCommit":false,"messageTitle":"added level-9 find function","messageBody":"","fileTypesAndContributionMap":{"java":{"insertions":50,"deletions":1}}}]}]},"authorFileTypeContributionMap":{"bbtht":{"java":953,"md":0,"fxml":0,"sh":0,"bat":0,"gradle":0,"txt":3}},"authorContributionVariance":{"bbtht":35147.44},"authorDisplayNameMap":{"bbtht":"YONG..TING"}}
