{"authorDailyContributionsMap":{"bbtht":[{"date":"2024-10-01","commitResults":[{"hash":"5cdf23ecb3e89a82aa296f21ab0bbe8bf19724d5","isMergeCommit":false,"messageTitle":"add level 0","messageBody":"","tags":["Level-0"],"fileTypesAndContributionMap":{"java":{"insertions":10,"deletions":10}}}]},{"date":"2024-10-12","commitResults":[{"hash":"3c163d09283280af0bf89e5e76829a0180287f88","isMergeCommit":false,"messageTitle":"add level 1","messageBody":"","tags":["Level-1"],"fileTypesAndContributionMap":{"java":{"insertions":28,"deletions":4}}}]}]},"authorFileTypeContributionMap":{"bbtht":{"java":34,"md":0,"fxml":0,"sh":0,"bat":0,"gradle":0,"txt":0}},"authorContributionVariance":{"bbtht":22.264309},"authorDisplayNameMap":{"bbtht":"YONG..TING"}}
