{"authorDailyContributionsMap":{"bbtht":[{"date":"2024-10-01","commitResults":[{"hash":"5cdf23ecb3e89a82aa296f21ab0bbe8bf19724d5","isMergeCommit":false,"messageTitle":"add level 0","messageBody":"","tags":["Level-0"],"fileTypesAndContributionMap":{"java":{"insertions":10,"deletions":10}}}]},{"date":"2024-10-12","commitResults":[{"hash":"3c163d09283280af0bf89e5e76829a0180287f88","isMergeCommit":false,"messageTitle":"add level 1","messageBody":"","tags":["Level-1"],"fileTypesAndContributionMap":{"java":{"insertions":28,"deletions":4}}}]},{"date":"2024-10-14","commitResults":[{"hash":"9af09bf173cd70f76bcbeaa771f6129ab6c1b89e","isMergeCommit":false,"messageTitle":"add level 2","messageBody":"","tags":["Level-2"],"fileTypesAndContributionMap":{"java":{"insertions":34,"deletions":5}}}]}]},"authorFileTypeContributionMap":{"bbtht":{"java":63,"md":0,"fxml":0,"sh":0,"bat":0,"gradle":0,"txt":0}},"authorContributionVariance":{"bbtht":43.993896},"authorDisplayNameMap":{"bbtht":"YONG..TING"}}
