{"authorDailyContributionsMap":{"bbtht":[{"date":"2024-10-01","commitResults":[{"hash":"5cdf23ecb3e89a82aa296f21ab0bbe8bf19724d5","isMergeCommit":false,"messageTitle":"add level 0","messageBody":"","tags":["Level-0"],"fileTypesAndContributionMap":{"java":{"insertions":10,"deletions":10}}}]},{"date":"2024-10-12","commitResults":[{"hash":"3c163d09283280af0bf89e5e76829a0180287f88","isMergeCommit":false,"messageTitle":"add level 1","messageBody":"","tags":["Level-1"],"fileTypesAndContributionMap":{"java":{"insertions":28,"deletions":4}}}]},{"date":"2024-10-14","commitResults":[{"hash":"9af09bf173cd70f76bcbeaa771f6129ab6c1b89e","isMergeCommit":false,"messageTitle":"add level 2","messageBody":"","tags":["Level-2"],"fileTypesAndContributionMap":{"java":{"insertions":34,"deletions":5}}},{"hash":"1f4c8a3f8b74ab64e7729762479d2d3224e493ad","isMergeCommit":false,"messageTitle":"add mark task as done","messageBody":"","tags":["Level-3"],"fileTypesAndContributionMap":{"java":{"insertions":150,"deletions":25}}}]},{"date":"2024-11-19","commitResults":[{"hash":"5e8f3cd3a761be12946515313fdab97fd0dfc2ad","isMergeCommit":false,"messageTitle":"add level 4 (todo, event, deadline)","messageBody":"","tags":["Level-4"],"fileTypesAndContributionMap":{"java":{"insertions":144,"deletions":56}}},{"hash":"ac6bb8eae0714fe634dc097bfaeae4fcfe3a581d","isMergeCommit":false,"messageTitle":"add level 5 (handle errors)","messageBody":"","tags":["Level-5"],"fileTypesAndContributionMap":{"java":{"insertions":112,"deletions":57}}},{"hash":"f024bd44cf98812d851d8b70be0fa51a98128a16","isMergeCommit":false,"messageTitle":"add level 6 (delete task)","messageBody":"","tags":["Level-6"],"fileTypesAndContributionMap":{"java":{"insertions":71,"deletions":42}}},{"hash":"8c824efd2d08887d2da6435c725dd7d56d924cfa","isMergeCommit":false,"messageTitle":"add A-Enums (enumeration)","messageBody":"","tags":["A-Enums"],"fileTypesAndContributionMap":{"java":{"insertions":24,"deletions":13}}}]}]},"authorFileTypeContributionMap":{"bbtht":{"java":371,"md":0,"fxml":0,"sh":0,"bat":0,"gradle":0,"txt":0}},"authorContributionVariance":{"bbtht":3104.1868},"authorDisplayNameMap":{"bbtht":"YONG..TING"}}
