[{"path":"src/main/java/Dateline.java","fileType":"java","lines":[{"lineNumber":1,"author":{"gitId":"bw-95"},"content":"public class Dateline extends Task{","lastModifiedDate":"2024-10-03","isFullCredit":false},{"lineNumber":2,"author":{"gitId":"bw-95"},"content":"  protected String _by;","lastModifiedDate":"2024-10-03","isFullCredit":false},{"lineNumber":3,"author":{"gitId":"bw-95"},"content":"  protected String _type;","lastModifiedDate":"2024-10-03","isFullCredit":false},{"lineNumber":4,"author":{"gitId":"bw-95"},"content":"  public Dateline(String name, String by) {","lastModifiedDate":"2024-10-03","isFullCredit":false},{"lineNumber":5,"author":{"gitId":"bw-95"},"content":"    super(name);","lastModifiedDate":"2024-10-03","isFullCredit":false},{"lineNumber":6,"author":{"gitId":"bw-95"},"content":"    this._by \u003d by;","lastModifiedDate":"2024-10-03","isFullCredit":false},{"lineNumber":7,"author":{"gitId":"bw-95"},"content":"    this._type \u003d \"D\";","lastModifiedDate":"2024-10-03","isFullCredit":false},{"lineNumber":8,"author":{"gitId":"bw-95"},"content":"  }","lastModifiedDate":"2024-10-03","isFullCredit":false},{"lineNumber":9,"author":{"gitId":"bw-95"},"content":"","lastModifiedDate":"2024-10-03","isFullCredit":false},{"lineNumber":10,"author":{"gitId":"bw-95"},"content":"  @Override","lastModifiedDate":"2024-10-03","isFullCredit":false},{"lineNumber":11,"author":{"gitId":"bw-95"},"content":"  public String toString() {","lastModifiedDate":"2024-10-03","isFullCredit":false},{"lineNumber":12,"author":{"gitId":"bw-95"},"content":"    return \"[\" + _type + \"]\" + super.toString() + \" (by \" + this._by + \")\";","lastModifiedDate":"2024-10-03","isFullCredit":false},{"lineNumber":13,"author":{"gitId":"bw-95"},"content":"  }","lastModifiedDate":"2024-10-03","isFullCredit":false},{"lineNumber":14,"author":{"gitId":"bw-95"},"content":"}","lastModifiedDate":"2024-10-03","isFullCredit":false}],"authorContributionMap":{"bw-95":14}},{"path":"src/main/java/Event.java","fileType":"java","lines":[{"lineNumber":1,"author":{"gitId":"bw-95"},"content":"public class Event extends Task {","lastModifiedDate":"2024-10-03","isFullCredit":false},{"lineNumber":2,"author":{"gitId":"bw-95"},"content":"  protected String _from;","lastModifiedDate":"2024-10-03","isFullCredit":false},{"lineNumber":3,"author":{"gitId":"bw-95"},"content":"  protected String _to;","lastModifiedDate":"2024-10-03","isFullCredit":false},{"lineNumber":4,"author":{"gitId":"bw-95"},"content":"  protected String _type;","lastModifiedDate":"2024-10-03","isFullCredit":false},{"lineNumber":5,"author":{"gitId":"bw-95"},"content":"  public Event(String name, String from, String to) {","lastModifiedDate":"2024-10-03","isFullCredit":false},{"lineNumber":6,"author":{"gitId":"bw-95"},"content":"    super(name);","lastModifiedDate":"2024-10-03","isFullCredit":false},{"lineNumber":7,"author":{"gitId":"bw-95"},"content":"    this._from \u003d from;","lastModifiedDate":"2024-10-03","isFullCredit":false},{"lineNumber":8,"author":{"gitId":"bw-95"},"content":"    this._to \u003d to;","lastModifiedDate":"2024-10-03","isFullCredit":false},{"lineNumber":9,"author":{"gitId":"bw-95"},"content":"    this._type \u003d \"E\";","lastModifiedDate":"2024-10-03","isFullCredit":false},{"lineNumber":10,"author":{"gitId":"bw-95"},"content":"  }","lastModifiedDate":"2024-10-03","isFullCredit":false},{"lineNumber":11,"author":{"gitId":"bw-95"},"content":"","lastModifiedDate":"2024-10-03","isFullCredit":false},{"lineNumber":12,"author":{"gitId":"bw-95"},"content":"  @Override","lastModifiedDate":"2024-10-03","isFullCredit":false},{"lineNumber":13,"author":{"gitId":"bw-95"},"content":"  public String toString() {","lastModifiedDate":"2024-10-03","isFullCredit":false},{"lineNumber":14,"author":{"gitId":"bw-95"},"content":"    return \"[\" + _type + \"]\" + super.toString() + \" (from: \" + this._from + \" to: \"+ this._to +  \")\";","lastModifiedDate":"2024-10-03","isFullCredit":false},{"lineNumber":15,"author":{"gitId":"bw-95"},"content":"  }","lastModifiedDate":"2024-10-03","isFullCredit":false},{"lineNumber":16,"author":{"gitId":"bw-95"},"content":"}","lastModifiedDate":"2024-10-03","isFullCredit":false}],"authorContributionMap":{"bw-95":16}},{"path":"src/main/java/Mochi.java","fileType":"java","lines":[{"lineNumber":1,"author":{"gitId":"bw-95"},"content":"import java.util.Date;","lastModifiedDate":"2024-10-03","isFullCredit":false},{"lineNumber":2,"author":{"gitId":"bw-95"},"content":"import java.util.Scanner;","lastModifiedDate":"2024-09-09","isFullCredit":false},{"lineNumber":3,"author":{"gitId":"bw-95"},"content":"public class Mochi {","lastModifiedDate":"2024-09-09","isFullCredit":false},{"lineNumber":4,"author":{"gitId":"bw-95"},"content":"  final static String _name \u003d \"Mochi\";","lastModifiedDate":"2024-09-09","isFullCredit":false},{"lineNumber":5,"author":{"gitId":"bw-95"},"content":"  final static TaskList taskList \u003d new TaskList();","lastModifiedDate":"2024-10-03","isFullCredit":false},{"lineNumber":6,"author":{"gitId":"bw-95"},"content":"","lastModifiedDate":"2024-10-03","isFullCredit":false},{"lineNumber":7,"author":{"gitId":"bw-95"},"content":"  public static void response(String input) {","lastModifiedDate":"2024-09-09","isFullCredit":false},{"lineNumber":8,"author":{"gitId":"bw-95"},"content":"    System.out.println(\"____________________________________________________________\");","lastModifiedDate":"2024-09-09","isFullCredit":false},{"lineNumber":9,"author":{"gitId":"bw-95"},"content":"    System.out.println(input);","lastModifiedDate":"2024-09-09","isFullCredit":false},{"lineNumber":10,"author":{"gitId":"bw-95"},"content":"    System.out.println(\"____________________________________________________________\");","lastModifiedDate":"2024-09-09","isFullCredit":false},{"lineNumber":11,"author":{"gitId":"bw-95"},"content":"  }","lastModifiedDate":"2024-09-09","isFullCredit":false},{"lineNumber":12,"author":{"gitId":"bw-95"},"content":"  public static void addTask(Task task) {","lastModifiedDate":"2024-10-03","isFullCredit":false},{"lineNumber":13,"author":{"gitId":"bw-95"},"content":"    taskList.addTask(task);","lastModifiedDate":"2024-10-03","isFullCredit":false},{"lineNumber":14,"author":{"gitId":"bw-95"},"content":"    response(","lastModifiedDate":"2024-10-03","isFullCredit":false},{"lineNumber":15,"author":{"gitId":"bw-95"},"content":"      \" Got it. I\u0027ve added this task:\"","lastModifiedDate":"2024-10-03","isFullCredit":false},{"lineNumber":16,"author":{"gitId":"bw-95"},"content":"      + System.lineSeparator()","lastModifiedDate":"2024-10-03","isFullCredit":false},{"lineNumber":17,"author":{"gitId":"bw-95"},"content":"      + \"  \"+ task.toString()","lastModifiedDate":"2024-10-03","isFullCredit":false},{"lineNumber":18,"author":{"gitId":"bw-95"},"content":"      + System.lineSeparator()","lastModifiedDate":"2024-10-03","isFullCredit":false},{"lineNumber":19,"author":{"gitId":"bw-95"},"content":"      + \" Now you have \" + taskList.getTaskListSize() + \" tasks in the list\"","lastModifiedDate":"2024-10-03","isFullCredit":false},{"lineNumber":20,"author":{"gitId":"bw-95"},"content":"    );","lastModifiedDate":"2024-10-03","isFullCredit":false},{"lineNumber":21,"author":{"gitId":"bw-95"},"content":"  }","lastModifiedDate":"2024-10-03","isFullCredit":false},{"lineNumber":22,"author":{"gitId":"bw-95"},"content":"  public static String trimStringArrayWithStartEnd(String[] s, String start, String end, String dilimeter) {","lastModifiedDate":"2024-10-03","isFullCredit":false},{"lineNumber":23,"author":{"gitId":"bw-95"},"content":"    String body \u003d \"\";","lastModifiedDate":"2024-10-03","isFullCredit":false},{"lineNumber":24,"author":{"gitId":"bw-95"},"content":"    boolean copy \u003d false;","lastModifiedDate":"2024-10-03","isFullCredit":false},{"lineNumber":25,"author":{"gitId":"bw-95"},"content":"    for (String i : s) {","lastModifiedDate":"2024-10-03","isFullCredit":false},{"lineNumber":26,"author":{"gitId":"bw-95"},"content":"      if (!end.isEmpty() \u0026\u0026 i.equals(end))","lastModifiedDate":"2024-10-03","isFullCredit":false},{"lineNumber":27,"author":{"gitId":"bw-95"},"content":"        break;","lastModifiedDate":"2024-10-03","isFullCredit":false},{"lineNumber":28,"author":{"gitId":"bw-95"},"content":"      if(copy) {","lastModifiedDate":"2024-10-03","isFullCredit":false},{"lineNumber":29,"author":{"gitId":"bw-95"},"content":"        body +\u003d i + \" \";","lastModifiedDate":"2024-10-03","isFullCredit":false},{"lineNumber":30,"author":{"gitId":"bw-95"},"content":"      }","lastModifiedDate":"2024-10-03","isFullCredit":false},{"lineNumber":31,"author":{"gitId":"bw-95"},"content":"      if (i.equals(start))","lastModifiedDate":"2024-10-03","isFullCredit":false},{"lineNumber":32,"author":{"gitId":"bw-95"},"content":"        copy \u003d true;","lastModifiedDate":"2024-10-03","isFullCredit":false},{"lineNumber":33,"author":{"gitId":"bw-95"},"content":"    }","lastModifiedDate":"2024-10-03","isFullCredit":false},{"lineNumber":34,"author":{"gitId":"bw-95"},"content":"    return body.trim();","lastModifiedDate":"2024-10-03","isFullCredit":false},{"lineNumber":35,"author":{"gitId":"bw-95"},"content":"  }","lastModifiedDate":"2024-10-03","isFullCredit":false},{"lineNumber":36,"author":{"gitId":"bw-95"},"content":"  public static void main(String[] args) {","lastModifiedDate":"2024-09-09","isFullCredit":false},{"lineNumber":37,"author":{"gitId":"bw-95"},"content":"    String greating \u003d \"____________________________________________________________\" + System.lineSeparator()","lastModifiedDate":"2024-09-09","isFullCredit":false},{"lineNumber":38,"author":{"gitId":"bw-95"},"content":"      + \" Hello! I\u0027m \" + _name + System.lineSeparator()","lastModifiedDate":"2024-09-09","isFullCredit":false},{"lineNumber":39,"author":{"gitId":"bw-95"},"content":"      + \" What can I do for you?\";","lastModifiedDate":"2024-09-09","isFullCredit":false},{"lineNumber":40,"author":{"gitId":"bw-95"},"content":"    System.out.println(greating);","lastModifiedDate":"2024-09-09","isFullCredit":false},{"lineNumber":41,"author":{"gitId":"bw-95"},"content":"    Scanner in \u003d new Scanner(System.in);","lastModifiedDate":"2024-09-09","isFullCredit":false},{"lineNumber":42,"author":{"gitId":"bw-95"},"content":"    boolean bye \u003d false;","lastModifiedDate":"2024-09-11","isFullCredit":false},{"lineNumber":43,"author":{"gitId":"bw-95"},"content":"    while (!bye) {","lastModifiedDate":"2024-09-11","isFullCredit":false},{"lineNumber":44,"author":{"gitId":"bw-95"},"content":"      String input \u003d in.nextLine();","lastModifiedDate":"2024-09-11","isFullCredit":false},{"lineNumber":45,"author":{"gitId":"bw-95"},"content":"      String[] token \u003d input.split(\" \");","lastModifiedDate":"2024-09-11","isFullCredit":false},{"lineNumber":46,"author":{"gitId":"bw-95"},"content":"      String cross \u003d \" \";","lastModifiedDate":"2024-09-11","isFullCredit":false},{"lineNumber":47,"author":{"gitId":"bw-95"},"content":"      int i;","lastModifiedDate":"2024-10-03","isFullCredit":false},{"lineNumber":48,"author":{"gitId":"bw-95"},"content":"      switch (token[0]) {","lastModifiedDate":"2024-09-11","isFullCredit":false},{"lineNumber":49,"author":{"gitId":"bw-95"},"content":"        case \"mark\":","lastModifiedDate":"2024-09-11","isFullCredit":false},{"lineNumber":50,"author":{"gitId":"bw-95"},"content":"          i \u003d Integer.parseInt(token[1])-1;","lastModifiedDate":"2024-10-03","isFullCredit":false},{"lineNumber":51,"author":{"gitId":"bw-95"},"content":"          taskList.markTask(i);","lastModifiedDate":"2024-10-03","isFullCredit":false},{"lineNumber":52,"author":{"gitId":"bw-95"},"content":"          response(\"Nice! I\u0027ve marked this task as done:\"","lastModifiedDate":"2024-10-03","isFullCredit":false},{"lineNumber":53,"author":{"gitId":"bw-95"},"content":"            + System.lineSeparator()","lastModifiedDate":"2024-10-03","isFullCredit":false},{"lineNumber":54,"author":{"gitId":"bw-95"},"content":"            + taskList.getTaskById(i).toString()","lastModifiedDate":"2024-10-03","isFullCredit":false},{"lineNumber":55,"author":{"gitId":"bw-95"},"content":"          );","lastModifiedDate":"2024-10-03","isFullCredit":false},{"lineNumber":56,"author":{"gitId":"bw-95"},"content":"          break;","lastModifiedDate":"2024-09-11","isFullCredit":false},{"lineNumber":57,"author":{"gitId":"bw-95"},"content":"        case \"unmark\":","lastModifiedDate":"2024-09-11","isFullCredit":false},{"lineNumber":58,"author":{"gitId":"bw-95"},"content":"          i \u003d Integer.parseInt(token[1])-1;","lastModifiedDate":"2024-10-03","isFullCredit":false},{"lineNumber":59,"author":{"gitId":"bw-95"},"content":"          taskList.unmarkTask(i);","lastModifiedDate":"2024-10-03","isFullCredit":false},{"lineNumber":60,"author":{"gitId":"bw-95"},"content":"          response(\"OK, I\u0027ve marked this task as not done yet:\" + System.lineSeparator() + taskList.getTaskById(i).toString());","lastModifiedDate":"2024-10-03","isFullCredit":false},{"lineNumber":61,"author":{"gitId":"bw-95"},"content":"          break;","lastModifiedDate":"2024-09-11","isFullCredit":false},{"lineNumber":62,"author":{"gitId":"bw-95"},"content":"        case \"bye\":","lastModifiedDate":"2024-09-11","isFullCredit":false},{"lineNumber":63,"author":{"gitId":"bw-95"},"content":"          response(\"Bye. Hope to see you again soon!\");","lastModifiedDate":"2024-09-09","isFullCredit":false},{"lineNumber":64,"author":{"gitId":"bw-95"},"content":"          bye \u003d true;","lastModifiedDate":"2024-09-11","isFullCredit":false},{"lineNumber":65,"author":{"gitId":"bw-95"},"content":"          break;","lastModifiedDate":"2024-09-11","isFullCredit":false},{"lineNumber":66,"author":{"gitId":"bw-95"},"content":"        case \"list\":","lastModifiedDate":"2024-09-11","isFullCredit":false},{"lineNumber":67,"author":{"gitId":"bw-95"},"content":"          taskList.printTaskList();","lastModifiedDate":"2024-09-11","isFullCredit":false},{"lineNumber":68,"author":{"gitId":"bw-95"},"content":"          break;","lastModifiedDate":"2024-09-11","isFullCredit":false},{"lineNumber":69,"author":{"gitId":"bw-95"},"content":"        case \"deadline\":","lastModifiedDate":"2024-10-03","isFullCredit":false},{"lineNumber":70,"author":{"gitId":"bw-95"},"content":"          String d_name \u003d trimStringArrayWithStartEnd(token,\"deadline\",\"/by\",\" \");","lastModifiedDate":"2024-10-03","isFullCredit":false},{"lineNumber":71,"author":{"gitId":"bw-95"},"content":"          String by \u003d trimStringArrayWithStartEnd(token,\"/by\",\"\",\" \");","lastModifiedDate":"2024-10-03","isFullCredit":false},{"lineNumber":72,"author":{"gitId":"bw-95"},"content":"          addTask(new Dateline(d_name,by));","lastModifiedDate":"2024-10-03","isFullCredit":false},{"lineNumber":73,"author":{"gitId":"bw-95"},"content":"          break;","lastModifiedDate":"2024-10-03","isFullCredit":false},{"lineNumber":74,"author":{"gitId":"bw-95"},"content":"        case \"event\":","lastModifiedDate":"2024-10-03","isFullCredit":false},{"lineNumber":75,"author":{"gitId":"bw-95"},"content":"          String e_name \u003d trimStringArrayWithStartEnd(token,\"event\",\"/from\",\" \");","lastModifiedDate":"2024-10-03","isFullCredit":false},{"lineNumber":76,"author":{"gitId":"bw-95"},"content":"          String from \u003d trimStringArrayWithStartEnd(token,\"/from\",\"/to\",\" \");","lastModifiedDate":"2024-10-03","isFullCredit":false},{"lineNumber":77,"author":{"gitId":"bw-95"},"content":"          String to \u003d trimStringArrayWithStartEnd(token,\"/to\",\"\",\" \");","lastModifiedDate":"2024-10-03","isFullCredit":false},{"lineNumber":78,"author":{"gitId":"bw-95"},"content":"          addTask(new Event(e_name,from,to));","lastModifiedDate":"2024-10-03","isFullCredit":false},{"lineNumber":79,"author":{"gitId":"bw-95"},"content":"          break;","lastModifiedDate":"2024-10-03","isFullCredit":false},{"lineNumber":80,"author":{"gitId":"bw-95"},"content":"        case \"todo\":","lastModifiedDate":"2024-10-03","isFullCredit":false},{"lineNumber":81,"author":{"gitId":"bw-95"},"content":"          String t_name \u003d trimStringArrayWithStartEnd(token,\"todo\",\"\",\" \");","lastModifiedDate":"2024-10-03","isFullCredit":false},{"lineNumber":82,"author":{"gitId":"bw-95"},"content":"          addTask(new Todo(t_name));","lastModifiedDate":"2024-10-03","isFullCredit":false},{"lineNumber":83,"author":{"gitId":"bw-95"},"content":"          break;","lastModifiedDate":"2024-10-03","isFullCredit":false},{"lineNumber":84,"author":{"gitId":"bw-95"},"content":"        default:","lastModifiedDate":"2024-09-11","isFullCredit":false},{"lineNumber":85,"author":{"gitId":"bw-95"},"content":"          response(\"added: \" + input);","lastModifiedDate":"2024-09-11","isFullCredit":false},{"lineNumber":86,"author":{"gitId":"bw-95"},"content":"          addTask(new Task(input));","lastModifiedDate":"2024-10-03","isFullCredit":false},{"lineNumber":87,"author":{"gitId":"bw-95"},"content":"      }","lastModifiedDate":"2024-09-09","isFullCredit":false},{"lineNumber":88,"author":{"gitId":"bw-95"},"content":"    }","lastModifiedDate":"2024-09-09","isFullCredit":false},{"lineNumber":89,"author":{"gitId":"bw-95"},"content":"  }","lastModifiedDate":"2024-09-09","isFullCredit":false},{"lineNumber":90,"author":{"gitId":"bw-95"},"content":"}","lastModifiedDate":"2024-09-09","isFullCredit":false},{"lineNumber":91,"author":{"gitId":"bw-95"},"content":"","lastModifiedDate":"2024-10-03","isFullCredit":false}],"authorContributionMap":{"bw-95":91}},{"path":"src/main/java/Task.java","fileType":"java","lines":[{"lineNumber":1,"author":{"gitId":"bw-95"},"content":"public class Task {","lastModifiedDate":"2024-09-19","isFullCredit":false},{"lineNumber":2,"author":{"gitId":"bw-95"},"content":"  protected String _name;","lastModifiedDate":"2024-09-19","isFullCredit":false},{"lineNumber":3,"author":{"gitId":"bw-95"},"content":"  protected boolean _status;","lastModifiedDate":"2024-09-19","isFullCredit":false},{"lineNumber":4,"author":{"gitId":"bw-95"},"content":"","lastModifiedDate":"2024-09-19","isFullCredit":false},{"lineNumber":5,"author":{"gitId":"bw-95"},"content":"  public Task() {}","lastModifiedDate":"2024-10-03","isFullCredit":false},{"lineNumber":6,"author":{"gitId":"bw-95"},"content":"  public Task(String name) {","lastModifiedDate":"2024-09-19","isFullCredit":false},{"lineNumber":7,"author":{"gitId":"bw-95"},"content":"    _name \u003d name;","lastModifiedDate":"2024-09-19","isFullCredit":false},{"lineNumber":8,"author":{"gitId":"bw-95"},"content":"    _status \u003d false;","lastModifiedDate":"2024-09-19","isFullCredit":false},{"lineNumber":9,"author":{"gitId":"bw-95"},"content":"  }","lastModifiedDate":"2024-09-19","isFullCredit":false},{"lineNumber":10,"author":{"gitId":"bw-95"},"content":"","lastModifiedDate":"2024-09-19","isFullCredit":false},{"lineNumber":11,"author":{"gitId":"bw-95"},"content":"  @Override","lastModifiedDate":"2024-10-03","isFullCredit":false},{"lineNumber":12,"author":{"gitId":"bw-95"},"content":"  public String toString() {","lastModifiedDate":"2024-10-03","isFullCredit":false},{"lineNumber":13,"author":{"gitId":"bw-95"},"content":"    return \"[\" + getStatusIcon() + \"] \" + _name;","lastModifiedDate":"2024-10-03","isFullCredit":false},{"lineNumber":14,"author":{"gitId":"bw-95"},"content":"  }","lastModifiedDate":"2024-10-03","isFullCredit":false},{"lineNumber":15,"author":{"gitId":"bw-95"},"content":"","lastModifiedDate":"2024-10-03","isFullCredit":false},{"lineNumber":16,"author":{"gitId":"bw-95"},"content":"  public String getStatusIcon() {","lastModifiedDate":"2024-09-19","isFullCredit":false},{"lineNumber":17,"author":{"gitId":"bw-95"},"content":"    return ( _status ? \"X\" : \" \");","lastModifiedDate":"2024-09-19","isFullCredit":false},{"lineNumber":18,"author":{"gitId":"bw-95"},"content":"  }","lastModifiedDate":"2024-09-19","isFullCredit":false},{"lineNumber":19,"author":{"gitId":"bw-95"},"content":"","lastModifiedDate":"2024-10-03","isFullCredit":false},{"lineNumber":20,"author":{"gitId":"bw-95"},"content":"","lastModifiedDate":"2024-10-03","isFullCredit":false},{"lineNumber":21,"author":{"gitId":"bw-95"},"content":"  public boolean getStatus() { return _status; }","lastModifiedDate":"2024-09-19","isFullCredit":false},{"lineNumber":22,"author":{"gitId":"bw-95"},"content":"  public String getName() { return _name; }","lastModifiedDate":"2024-09-19","isFullCredit":false},{"lineNumber":23,"author":{"gitId":"bw-95"},"content":"  public void markTask() {","lastModifiedDate":"2024-09-19","isFullCredit":false},{"lineNumber":24,"author":{"gitId":"bw-95"},"content":"    _status \u003d true;","lastModifiedDate":"2024-09-19","isFullCredit":false},{"lineNumber":25,"author":{"gitId":"bw-95"},"content":"  }","lastModifiedDate":"2024-09-19","isFullCredit":false},{"lineNumber":26,"author":{"gitId":"bw-95"},"content":"  public void unmarkTask() {","lastModifiedDate":"2024-09-19","isFullCredit":false},{"lineNumber":27,"author":{"gitId":"bw-95"},"content":"    _status \u003d false;","lastModifiedDate":"2024-09-19","isFullCredit":false},{"lineNumber":28,"author":{"gitId":"bw-95"},"content":"  }","lastModifiedDate":"2024-09-19","isFullCredit":false},{"lineNumber":29,"author":{"gitId":"bw-95"},"content":"}","lastModifiedDate":"2024-09-19","isFullCredit":false}],"authorContributionMap":{"bw-95":29}},{"path":"src/main/java/TaskList.java","fileType":"java","lines":[{"lineNumber":1,"author":{"gitId":"bw-95"},"content":"import java.util.ArrayList;","lastModifiedDate":"2024-09-11","isFullCredit":false},{"lineNumber":2,"author":{"gitId":"bw-95"},"content":"import java.util.HashMap;","lastModifiedDate":"2024-09-19","isFullCredit":false},{"lineNumber":3,"author":{"gitId":"bw-95"},"content":"","lastModifiedDate":"2024-09-11","isFullCredit":false},{"lineNumber":4,"author":{"gitId":"bw-95"},"content":"public class TaskList {","lastModifiedDate":"2024-09-11","isFullCredit":false},{"lineNumber":5,"author":{"gitId":"bw-95"},"content":"  protected ArrayList\u003cTask\u003e _list \u003d new ArrayList\u003c\u003e();","lastModifiedDate":"2024-09-19","isFullCredit":false},{"lineNumber":6,"author":{"gitId":"bw-95"},"content":"  protected HashMap\u003cString,Integer\u003e _taskNameToIndexMap \u003d new HashMap\u003c\u003e();","lastModifiedDate":"2024-09-19","isFullCredit":false},{"lineNumber":7,"author":{"gitId":"bw-95"},"content":"","lastModifiedDate":"2024-09-19","isFullCredit":false},{"lineNumber":8,"author":{"gitId":"bw-95"},"content":"  public TaskList() {}","lastModifiedDate":"2024-09-11","isFullCredit":false},{"lineNumber":9,"author":{"gitId":"bw-95"},"content":"  public void addTask(Task task) {","lastModifiedDate":"2024-10-03","isFullCredit":false},{"lineNumber":10,"author":{"gitId":"bw-95"},"content":"    _list.add(task);","lastModifiedDate":"2024-10-03","isFullCredit":false},{"lineNumber":11,"author":{"gitId":"bw-95"},"content":"    _taskNameToIndexMap.put(task.getName(),_list.indexOf(task));","lastModifiedDate":"2024-10-03","isFullCredit":false},{"lineNumber":12,"author":{"gitId":"bw-95"},"content":"  }","lastModifiedDate":"2024-09-11","isFullCredit":false},{"lineNumber":13,"author":{"gitId":"bw-95"},"content":"","lastModifiedDate":"2024-09-11","isFullCredit":false},{"lineNumber":14,"author":{"gitId":"bw-95"},"content":"  public ArrayList\u003cTask\u003e getTaskList() {","lastModifiedDate":"2024-09-19","isFullCredit":false},{"lineNumber":15,"author":{"gitId":"bw-95"},"content":"    return _list;","lastModifiedDate":"2024-09-11","isFullCredit":false},{"lineNumber":16,"author":{"gitId":"bw-95"},"content":"  }","lastModifiedDate":"2024-09-11","isFullCredit":false},{"lineNumber":17,"author":{"gitId":"bw-95"},"content":"","lastModifiedDate":"2024-09-11","isFullCredit":false},{"lineNumber":18,"author":{"gitId":"bw-95"},"content":"  public void markTask(int index) {","lastModifiedDate":"2024-09-11","isFullCredit":false},{"lineNumber":19,"author":{"gitId":"bw-95"},"content":"    _list.get(index).markTask();","lastModifiedDate":"2024-09-19","isFullCredit":false},{"lineNumber":20,"author":{"gitId":"bw-95"},"content":"  }","lastModifiedDate":"2024-09-11","isFullCredit":false},{"lineNumber":21,"author":{"gitId":"bw-95"},"content":"","lastModifiedDate":"2024-09-11","isFullCredit":false},{"lineNumber":22,"author":{"gitId":"bw-95"},"content":"  public void unmarkTask(int index) {","lastModifiedDate":"2024-09-11","isFullCredit":false},{"lineNumber":23,"author":{"gitId":"bw-95"},"content":"    _list.get(index).unmarkTask();","lastModifiedDate":"2024-09-19","isFullCredit":false},{"lineNumber":24,"author":{"gitId":"bw-95"},"content":"  }","lastModifiedDate":"2024-09-11","isFullCredit":false},{"lineNumber":25,"author":{"gitId":"bw-95"},"content":"  public boolean getTaskStatusByName(String name) {","lastModifiedDate":"2024-09-11","isFullCredit":false},{"lineNumber":26,"author":{"gitId":"bw-95"},"content":"    return (_list.get(_taskNameToIndexMap.get(name)).getStatus());","lastModifiedDate":"2024-09-19","isFullCredit":false},{"lineNumber":27,"author":{"gitId":"bw-95"},"content":"  }","lastModifiedDate":"2024-09-11","isFullCredit":false},{"lineNumber":28,"author":{"gitId":"bw-95"},"content":"  public boolean getTaskStatusByIndex(int index) {","lastModifiedDate":"2024-09-11","isFullCredit":false},{"lineNumber":29,"author":{"gitId":"bw-95"},"content":"    return (_list.get(index).getStatus());","lastModifiedDate":"2024-09-19","isFullCredit":false},{"lineNumber":30,"author":{"gitId":"bw-95"},"content":"  }","lastModifiedDate":"2024-09-11","isFullCredit":false},{"lineNumber":31,"author":{"gitId":"bw-95"},"content":"  public String getTaskStatusIconByIndex(int index) {","lastModifiedDate":"2024-10-03","isFullCredit":false},{"lineNumber":32,"author":{"gitId":"bw-95"},"content":"    return (_list.get(index).getStatusIcon());","lastModifiedDate":"2024-10-03","isFullCredit":false},{"lineNumber":33,"author":{"gitId":"bw-95"},"content":"  }","lastModifiedDate":"2024-10-03","isFullCredit":false},{"lineNumber":34,"author":{"gitId":"bw-95"},"content":"  public String getTaskNameByIndex(int index) {","lastModifiedDate":"2024-09-11","isFullCredit":false},{"lineNumber":35,"author":{"gitId":"bw-95"},"content":"    return (_list.get(index).getName());","lastModifiedDate":"2024-09-19","isFullCredit":false},{"lineNumber":36,"author":{"gitId":"bw-95"},"content":"  }","lastModifiedDate":"2024-09-11","isFullCredit":false},{"lineNumber":37,"author":{"gitId":"bw-95"},"content":"  public Task getTaskById(int index) {","lastModifiedDate":"2024-10-03","isFullCredit":false},{"lineNumber":38,"author":{"gitId":"bw-95"},"content":"    return _list.get(index);","lastModifiedDate":"2024-10-03","isFullCredit":false},{"lineNumber":39,"author":{"gitId":"bw-95"},"content":"  }","lastModifiedDate":"2024-10-03","isFullCredit":false},{"lineNumber":40,"author":{"gitId":"bw-95"},"content":"  public int getTaskListSize() {","lastModifiedDate":"2024-10-03","isFullCredit":false},{"lineNumber":41,"author":{"gitId":"bw-95"},"content":"    return _list.size();","lastModifiedDate":"2024-10-03","isFullCredit":false},{"lineNumber":42,"author":{"gitId":"bw-95"},"content":"  }","lastModifiedDate":"2024-10-03","isFullCredit":false},{"lineNumber":43,"author":{"gitId":"bw-95"},"content":"  public void printTaskList() {","lastModifiedDate":"2024-09-11","isFullCredit":false},{"lineNumber":44,"author":{"gitId":"bw-95"},"content":"    System.out.println(\"____________________________________________________________\");","lastModifiedDate":"2024-09-11","isFullCredit":false},{"lineNumber":45,"author":{"gitId":"bw-95"},"content":"    System.out.println(\" Here are the task in your list:\");","lastModifiedDate":"2024-09-11","isFullCredit":false},{"lineNumber":46,"author":{"gitId":"bw-95"},"content":"    for (Task i : _list) {","lastModifiedDate":"2024-09-19","isFullCredit":false},{"lineNumber":47,"author":{"gitId":"bw-95"},"content":"      System.out.println(_list.indexOf(i)+1 + \".\" + i.toString());","lastModifiedDate":"2024-10-03","isFullCredit":false},{"lineNumber":48,"author":{"gitId":"bw-95"},"content":"    }","lastModifiedDate":"2024-09-11","isFullCredit":false},{"lineNumber":49,"author":{"gitId":"bw-95"},"content":"    System.out.println(\"____________________________________________________________\");","lastModifiedDate":"2024-09-11","isFullCredit":false},{"lineNumber":50,"author":{"gitId":"bw-95"},"content":"  }","lastModifiedDate":"2024-09-11","isFullCredit":false},{"lineNumber":51,"author":{"gitId":"bw-95"},"content":"}","lastModifiedDate":"2024-09-11","isFullCredit":false}],"authorContributionMap":{"bw-95":51}},{"path":"src/main/java/Todo.java","fileType":"java","lines":[{"lineNumber":1,"author":{"gitId":"bw-95"},"content":"public class Todo extends Task{","lastModifiedDate":"2024-10-03","isFullCredit":false},{"lineNumber":2,"author":{"gitId":"bw-95"},"content":"  protected String _type;","lastModifiedDate":"2024-10-03","isFullCredit":false},{"lineNumber":3,"author":{"gitId":"bw-95"},"content":"  public Todo (String name) {","lastModifiedDate":"2024-10-03","isFullCredit":false},{"lineNumber":4,"author":{"gitId":"bw-95"},"content":"    super(name);","lastModifiedDate":"2024-10-03","isFullCredit":false},{"lineNumber":5,"author":{"gitId":"bw-95"},"content":"    _type \u003d \"T\";","lastModifiedDate":"2024-10-03","isFullCredit":false},{"lineNumber":6,"author":{"gitId":"bw-95"},"content":"  }","lastModifiedDate":"2024-10-03","isFullCredit":false},{"lineNumber":7,"author":{"gitId":"bw-95"},"content":"","lastModifiedDate":"2024-10-03","isFullCredit":false},{"lineNumber":8,"author":{"gitId":"bw-95"},"content":"  @Override","lastModifiedDate":"2024-10-03","isFullCredit":false},{"lineNumber":9,"author":{"gitId":"bw-95"},"content":"  public String toString() {","lastModifiedDate":"2024-10-03","isFullCredit":false},{"lineNumber":10,"author":{"gitId":"bw-95"},"content":"    return \"[\" + this._type + \"]\" + super.toString();","lastModifiedDate":"2024-10-03","isFullCredit":false},{"lineNumber":11,"author":{"gitId":"bw-95"},"content":"  }","lastModifiedDate":"2024-10-03","isFullCredit":false},{"lineNumber":12,"author":{"gitId":"bw-95"},"content":"}","lastModifiedDate":"2024-10-03","isFullCredit":false}],"authorContributionMap":{"bw-95":12}},{"path":"text-ui-test/input.txt","fileType":"txt","lines":[{"lineNumber":1,"author":{"gitId":"bw-95"},"content":"todo borrow book","lastModifiedDate":"2024-10-03","isFullCredit":false},{"lineNumber":2,"author":{"gitId":"bw-95"},"content":"list","lastModifiedDate":"2024-10-03","isFullCredit":false},{"lineNumber":3,"author":{"gitId":"bw-95"},"content":"deadline return book /by Sunday","lastModifiedDate":"2024-10-03","isFullCredit":false},{"lineNumber":4,"author":{"gitId":"bw-95"},"content":"event project meeting /from Mon 2pm /to 4pm","lastModifiedDate":"2024-10-03","isFullCredit":false},{"lineNumber":5,"author":{"gitId":"bw-95"},"content":"deadline do homework /by no idea :-p","lastModifiedDate":"2024-10-03","isFullCredit":false},{"lineNumber":6,"author":{"gitId":"bw-95"},"content":"list","lastModifiedDate":"2024-09-11","isFullCredit":false},{"lineNumber":7,"author":{"gitId":"bw-95"},"content":"mark 2","lastModifiedDate":"2024-09-11","isFullCredit":false},{"lineNumber":8,"author":{"gitId":"bw-95"},"content":"mark 3","lastModifiedDate":"2024-09-11","isFullCredit":false},{"lineNumber":9,"author":{"gitId":"bw-95"},"content":"unmark 2","lastModifiedDate":"2024-09-11","isFullCredit":false},{"lineNumber":10,"author":{"gitId":"bw-95"},"content":"mark 1","lastModifiedDate":"2024-10-03","isFullCredit":false},{"lineNumber":11,"author":{"gitId":"bw-95"},"content":"list","lastModifiedDate":"2024-09-11","isFullCredit":false}],"authorContributionMap":{"bw-95":11}},{"path":"text-ui-test/runtest.bat","fileType":"bat","lines":[{"lineNumber":1,"author":{"gitId":"-"},"content":"@ECHO OFF","lastModifiedDate":"2020-05-25","isFullCredit":false},{"lineNumber":2,"author":{"gitId":"-"},"content":"","lastModifiedDate":"2020-05-25","isFullCredit":false},{"lineNumber":3,"author":{"gitId":"-"},"content":"REM create bin directory if it doesn\u0027t exist","lastModifiedDate":"2020-05-25","isFullCredit":false},{"lineNumber":4,"author":{"gitId":"-"},"content":"if not exist ..\\bin mkdir ..\\bin","lastModifiedDate":"2020-05-25","isFullCredit":false},{"lineNumber":5,"author":{"gitId":"-"},"content":"","lastModifiedDate":"2020-05-25","isFullCredit":false},{"lineNumber":6,"author":{"gitId":"-"},"content":"REM delete output from previous run","lastModifiedDate":"2020-05-25","isFullCredit":false},{"lineNumber":7,"author":{"gitId":"-"},"content":"if exist ACTUAL.TXT del ACTUAL.TXT","lastModifiedDate":"2020-08-25","isFullCredit":false},{"lineNumber":8,"author":{"gitId":"-"},"content":"","lastModifiedDate":"2020-05-25","isFullCredit":false},{"lineNumber":9,"author":{"gitId":"-"},"content":"REM compile the code into the bin folder","lastModifiedDate":"2020-05-25","isFullCredit":false},{"lineNumber":10,"author":{"gitId":"-"},"content":"javac  -cp ..\\src\\main\\java -Xlint:none -d ..\\bin ..\\src\\main\\java\\*.java","lastModifiedDate":"2020-08-25","isFullCredit":false},{"lineNumber":11,"author":{"gitId":"-"},"content":"IF ERRORLEVEL 1 (","lastModifiedDate":"2020-05-25","isFullCredit":false},{"lineNumber":12,"author":{"gitId":"-"},"content":"    echo ********** BUILD FAILURE **********","lastModifiedDate":"2020-05-25","isFullCredit":false},{"lineNumber":13,"author":{"gitId":"-"},"content":"    exit /b 1","lastModifiedDate":"2020-05-25","isFullCredit":false},{"lineNumber":14,"author":{"gitId":"-"},"content":")","lastModifiedDate":"2020-05-25","isFullCredit":false},{"lineNumber":15,"author":{"gitId":"-"},"content":"REM no error here, errorlevel \u003d\u003d 0","lastModifiedDate":"2020-05-25","isFullCredit":false},{"lineNumber":16,"author":{"gitId":"-"},"content":"","lastModifiedDate":"2020-05-25","isFullCredit":false},{"lineNumber":17,"author":{"gitId":"-"},"content":"REM run the program, feed commands from input.txt file and redirect the output to the ACTUAL.TXT","lastModifiedDate":"2020-05-25","isFullCredit":false},{"lineNumber":18,"author":{"gitId":"bw-95"},"content":"java -classpath ..\\bin Mochi \u003c input.txt \u003e ACTUAL.TXT","lastModifiedDate":"2024-09-11","isFullCredit":false},{"lineNumber":19,"author":{"gitId":"-"},"content":"","lastModifiedDate":"2020-05-25","isFullCredit":false},{"lineNumber":20,"author":{"gitId":"-"},"content":"REM compare the output to the expected output","lastModifiedDate":"2020-05-25","isFullCredit":false},{"lineNumber":21,"author":{"gitId":"-"},"content":"FC ACTUAL.TXT EXPECTED.TXT","lastModifiedDate":"2020-05-25","isFullCredit":false}],"authorContributionMap":{"-":20,"bw-95":1}},{"path":"text-ui-test/runtest.sh","fileType":"sh","lines":[{"lineNumber":1,"author":{"gitId":"-"},"content":"#!/usr/bin/env bash","lastModifiedDate":"2020-05-25","isFullCredit":false},{"lineNumber":2,"author":{"gitId":"-"},"content":"","lastModifiedDate":"2020-05-25","isFullCredit":false},{"lineNumber":3,"author":{"gitId":"-"},"content":"# create bin directory if it doesn\u0027t exist","lastModifiedDate":"2020-05-25","isFullCredit":false},{"lineNumber":4,"author":{"gitId":"-"},"content":"if [ ! -d \"../bin\" ]","lastModifiedDate":"2020-05-25","isFullCredit":false},{"lineNumber":5,"author":{"gitId":"-"},"content":"then","lastModifiedDate":"2020-05-25","isFullCredit":false},{"lineNumber":6,"author":{"gitId":"-"},"content":"    mkdir ../bin","lastModifiedDate":"2020-05-25","isFullCredit":false},{"lineNumber":7,"author":{"gitId":"-"},"content":"fi","lastModifiedDate":"2020-05-25","isFullCredit":false},{"lineNumber":8,"author":{"gitId":"-"},"content":"","lastModifiedDate":"2020-05-25","isFullCredit":false},{"lineNumber":9,"author":{"gitId":"-"},"content":"# delete output from previous run","lastModifiedDate":"2020-05-25","isFullCredit":false},{"lineNumber":10,"author":{"gitId":"-"},"content":"if [ -e \"./ACTUAL.TXT\" ]","lastModifiedDate":"2020-05-25","isFullCredit":false},{"lineNumber":11,"author":{"gitId":"-"},"content":"then","lastModifiedDate":"2020-05-25","isFullCredit":false},{"lineNumber":12,"author":{"gitId":"-"},"content":"    rm ACTUAL.TXT","lastModifiedDate":"2020-05-25","isFullCredit":false},{"lineNumber":13,"author":{"gitId":"-"},"content":"fi","lastModifiedDate":"2020-05-25","isFullCredit":false},{"lineNumber":14,"author":{"gitId":"-"},"content":"","lastModifiedDate":"2020-05-25","isFullCredit":false},{"lineNumber":15,"author":{"gitId":"-"},"content":"# compile the code into the bin folder, terminates if error occurred","lastModifiedDate":"2020-05-25","isFullCredit":false},{"lineNumber":16,"author":{"gitId":"-"},"content":"if ! javac -cp ../src/main/java -Xlint:none -d ../bin ../src/main/java/*.java","lastModifiedDate":"2020-08-25","isFullCredit":false},{"lineNumber":17,"author":{"gitId":"-"},"content":"then","lastModifiedDate":"2020-05-25","isFullCredit":false},{"lineNumber":18,"author":{"gitId":"-"},"content":"    echo \"********** BUILD FAILURE **********\"","lastModifiedDate":"2020-05-25","isFullCredit":false},{"lineNumber":19,"author":{"gitId":"-"},"content":"    exit 1","lastModifiedDate":"2020-05-25","isFullCredit":false},{"lineNumber":20,"author":{"gitId":"-"},"content":"fi","lastModifiedDate":"2020-05-25","isFullCredit":false},{"lineNumber":21,"author":{"gitId":"-"},"content":"","lastModifiedDate":"2020-05-25","isFullCredit":false},{"lineNumber":22,"author":{"gitId":"-"},"content":"# run the program, feed commands from input.txt file and redirect the output to the ACTUAL.TXT","lastModifiedDate":"2020-05-25","isFullCredit":false},{"lineNumber":23,"author":{"gitId":"bw-95"},"content":"java -classpath ../bin Mochi \u003c input.txt \u003e ACTUAL.TXT","lastModifiedDate":"2024-09-11","isFullCredit":false},{"lineNumber":24,"author":{"gitId":"-"},"content":"","lastModifiedDate":"2020-05-25","isFullCredit":false},{"lineNumber":25,"author":{"gitId":"-"},"content":"# convert to UNIX format","lastModifiedDate":"2020-05-25","isFullCredit":false},{"lineNumber":26,"author":{"gitId":"-"},"content":"cp EXPECTED.TXT EXPECTED-UNIX.TXT","lastModifiedDate":"2020-05-25","isFullCredit":false},{"lineNumber":27,"author":{"gitId":"-"},"content":"dos2unix ACTUAL.TXT EXPECTED-UNIX.TXT","lastModifiedDate":"2020-05-25","isFullCredit":false},{"lineNumber":28,"author":{"gitId":"-"},"content":"","lastModifiedDate":"2020-05-25","isFullCredit":false},{"lineNumber":29,"author":{"gitId":"-"},"content":"# compare the output to the expected output","lastModifiedDate":"2020-05-25","isFullCredit":false},{"lineNumber":30,"author":{"gitId":"-"},"content":"diff ACTUAL.TXT EXPECTED-UNIX.TXT","lastModifiedDate":"2020-05-25","isFullCredit":false},{"lineNumber":31,"author":{"gitId":"-"},"content":"if [ $? -eq 0 ]","lastModifiedDate":"2020-05-25","isFullCredit":false},{"lineNumber":32,"author":{"gitId":"-"},"content":"then","lastModifiedDate":"2020-05-25","isFullCredit":false},{"lineNumber":33,"author":{"gitId":"-"},"content":"    echo \"Test result: PASSED\"","lastModifiedDate":"2020-05-25","isFullCredit":false},{"lineNumber":34,"author":{"gitId":"-"},"content":"    exit 0","lastModifiedDate":"2020-05-25","isFullCredit":false},{"lineNumber":35,"author":{"gitId":"-"},"content":"else","lastModifiedDate":"2020-05-25","isFullCredit":false},{"lineNumber":36,"author":{"gitId":"-"},"content":"    echo \"Test result: FAILED\"","lastModifiedDate":"2020-05-25","isFullCredit":false},{"lineNumber":37,"author":{"gitId":"-"},"content":"    exit 1","lastModifiedDate":"2020-05-25","isFullCredit":false},{"lineNumber":38,"author":{"gitId":"-"},"content":"fi","lastModifiedDate":"2020-05-25","isFullCredit":false}],"authorContributionMap":{"-":37,"bw-95":1}}]
