[{"path":"src/main/java/Mochi.java","fileType":"java","lines":[{"lineNumber":1,"author":{"gitId":"bw-95"},"content":"import java.util.Scanner;","lastModifiedDate":"2024-09-09","isFullCredit":false},{"lineNumber":2,"author":{"gitId":"bw-95"},"content":"public class Mochi {","lastModifiedDate":"2024-09-09","isFullCredit":false},{"lineNumber":3,"author":{"gitId":"bw-95"},"content":"  final static String _name \u003d \"Mochi\";","lastModifiedDate":"2024-09-09","isFullCredit":false},{"lineNumber":4,"author":{"gitId":"bw-95"},"content":"  public static void response(String input) {","lastModifiedDate":"2024-09-09","isFullCredit":false},{"lineNumber":5,"author":{"gitId":"bw-95"},"content":"    System.out.println(\"____________________________________________________________\");","lastModifiedDate":"2024-09-09","isFullCredit":false},{"lineNumber":6,"author":{"gitId":"bw-95"},"content":"    System.out.println(input);","lastModifiedDate":"2024-09-09","isFullCredit":false},{"lineNumber":7,"author":{"gitId":"bw-95"},"content":"    System.out.println(\"____________________________________________________________\");","lastModifiedDate":"2024-09-09","isFullCredit":false},{"lineNumber":8,"author":{"gitId":"bw-95"},"content":"  }","lastModifiedDate":"2024-09-09","isFullCredit":false},{"lineNumber":9,"author":{"gitId":"bw-95"},"content":"  public static void main(String[] args) {","lastModifiedDate":"2024-09-09","isFullCredit":false},{"lineNumber":10,"author":{"gitId":"bw-95"},"content":"    String greating \u003d \"____________________________________________________________\" + System.lineSeparator()","lastModifiedDate":"2024-09-09","isFullCredit":false},{"lineNumber":11,"author":{"gitId":"bw-95"},"content":"      + \" Hello! I\u0027m \" + _name + System.lineSeparator()","lastModifiedDate":"2024-09-09","isFullCredit":false},{"lineNumber":12,"author":{"gitId":"bw-95"},"content":"      + \" What can I do for you?\";","lastModifiedDate":"2024-09-09","isFullCredit":false},{"lineNumber":13,"author":{"gitId":"bw-95"},"content":"    System.out.println(greating);","lastModifiedDate":"2024-09-09","isFullCredit":false},{"lineNumber":14,"author":{"gitId":"bw-95"},"content":"    TaskList taskList \u003d new TaskList();","lastModifiedDate":"2024-09-11","isFullCredit":false},{"lineNumber":15,"author":{"gitId":"bw-95"},"content":"","lastModifiedDate":"2024-09-11","isFullCredit":false},{"lineNumber":16,"author":{"gitId":"bw-95"},"content":"    Scanner in \u003d new Scanner(System.in);","lastModifiedDate":"2024-09-09","isFullCredit":false},{"lineNumber":17,"author":{"gitId":"bw-95"},"content":"    boolean bye \u003d false;","lastModifiedDate":"2024-09-11","isFullCredit":false},{"lineNumber":18,"author":{"gitId":"bw-95"},"content":"    while (!bye) {","lastModifiedDate":"2024-09-11","isFullCredit":false},{"lineNumber":19,"author":{"gitId":"bw-95"},"content":"      String input \u003d in.nextLine();","lastModifiedDate":"2024-09-11","isFullCredit":false},{"lineNumber":20,"author":{"gitId":"bw-95"},"content":"      String[] token \u003d input.split(\" \");","lastModifiedDate":"2024-09-11","isFullCredit":false},{"lineNumber":21,"author":{"gitId":"bw-95"},"content":"      String cross \u003d \" \";","lastModifiedDate":"2024-09-11","isFullCredit":false},{"lineNumber":22,"author":{"gitId":"bw-95"},"content":"      switch (token[0]) {","lastModifiedDate":"2024-09-11","isFullCredit":false},{"lineNumber":23,"author":{"gitId":"bw-95"},"content":"        case \"mark\":","lastModifiedDate":"2024-09-11","isFullCredit":false},{"lineNumber":24,"author":{"gitId":"bw-95"},"content":"          taskList.markTask(Integer.parseInt(token[1]));","lastModifiedDate":"2024-09-11","isFullCredit":false},{"lineNumber":25,"author":{"gitId":"bw-95"},"content":"          if (taskList.getTaskStatusByIndex(Integer.parseInt(token[1])))","lastModifiedDate":"2024-09-11","isFullCredit":false},{"lineNumber":26,"author":{"gitId":"bw-95"},"content":"            cross \u003d \"X\";","lastModifiedDate":"2024-09-11","isFullCredit":false},{"lineNumber":27,"author":{"gitId":"bw-95"},"content":"          response(\"Nice! I\u0027ve marked this task as done:\" + System.lineSeparator() + \" [\" + cross + \"] \" + taskList.getTaskNameByIndex(Integer.parseInt(token[1])));","lastModifiedDate":"2024-09-11","isFullCredit":false},{"lineNumber":28,"author":{"gitId":"bw-95"},"content":"          break;","lastModifiedDate":"2024-09-11","isFullCredit":false},{"lineNumber":29,"author":{"gitId":"bw-95"},"content":"        case \"unmark\":","lastModifiedDate":"2024-09-11","isFullCredit":false},{"lineNumber":30,"author":{"gitId":"bw-95"},"content":"          taskList.unmarkTask(Integer.parseInt(token[1]));","lastModifiedDate":"2024-09-11","isFullCredit":false},{"lineNumber":31,"author":{"gitId":"bw-95"},"content":"          if (taskList.getTaskStatusByIndex(Integer.parseInt(token[1])))","lastModifiedDate":"2024-09-11","isFullCredit":false},{"lineNumber":32,"author":{"gitId":"bw-95"},"content":"            cross \u003d \"X\";","lastModifiedDate":"2024-09-11","isFullCredit":false},{"lineNumber":33,"author":{"gitId":"bw-95"},"content":"          response(\"OK, I\u0027ve marked this task as not done yet:\" + System.lineSeparator() + \" [\" + cross + \"] \" + taskList.getTaskNameByIndex(Integer.parseInt(token[1])));","lastModifiedDate":"2024-09-11","isFullCredit":false},{"lineNumber":34,"author":{"gitId":"bw-95"},"content":"          break;","lastModifiedDate":"2024-09-11","isFullCredit":false},{"lineNumber":35,"author":{"gitId":"bw-95"},"content":"        case \"bye\":","lastModifiedDate":"2024-09-11","isFullCredit":false},{"lineNumber":36,"author":{"gitId":"bw-95"},"content":"          response(\"Bye. Hope to see you again soon!\");","lastModifiedDate":"2024-09-09","isFullCredit":false},{"lineNumber":37,"author":{"gitId":"bw-95"},"content":"          bye \u003d true;","lastModifiedDate":"2024-09-11","isFullCredit":false},{"lineNumber":38,"author":{"gitId":"bw-95"},"content":"          break;","lastModifiedDate":"2024-09-11","isFullCredit":false},{"lineNumber":39,"author":{"gitId":"bw-95"},"content":"        case \"list\":","lastModifiedDate":"2024-09-11","isFullCredit":false},{"lineNumber":40,"author":{"gitId":"bw-95"},"content":"          taskList.printTaskList();","lastModifiedDate":"2024-09-11","isFullCredit":false},{"lineNumber":41,"author":{"gitId":"bw-95"},"content":"          break;","lastModifiedDate":"2024-09-11","isFullCredit":false},{"lineNumber":42,"author":{"gitId":"bw-95"},"content":"        default:","lastModifiedDate":"2024-09-11","isFullCredit":false},{"lineNumber":43,"author":{"gitId":"bw-95"},"content":"          response(\"added: \" + input);","lastModifiedDate":"2024-09-11","isFullCredit":false},{"lineNumber":44,"author":{"gitId":"bw-95"},"content":"          taskList.addTask(input);","lastModifiedDate":"2024-09-11","isFullCredit":false},{"lineNumber":45,"author":{"gitId":"bw-95"},"content":"      }","lastModifiedDate":"2024-09-09","isFullCredit":false},{"lineNumber":46,"author":{"gitId":"bw-95"},"content":"    }","lastModifiedDate":"2024-09-09","isFullCredit":false},{"lineNumber":47,"author":{"gitId":"bw-95"},"content":"  }","lastModifiedDate":"2024-09-09","isFullCredit":false},{"lineNumber":48,"author":{"gitId":"bw-95"},"content":"}","lastModifiedDate":"2024-09-09","isFullCredit":false}],"authorContributionMap":{"bw-95":48}},{"path":"src/main/java/TaskList.java","fileType":"java","lines":[{"lineNumber":1,"author":{"gitId":"bw-95"},"content":"import java.util.ArrayList;","lastModifiedDate":"2024-09-11","isFullCredit":false},{"lineNumber":2,"author":{"gitId":"bw-95"},"content":"import java.util.HashSet;","lastModifiedDate":"2024-09-11","isFullCredit":false},{"lineNumber":3,"author":{"gitId":"bw-95"},"content":"","lastModifiedDate":"2024-09-11","isFullCredit":false},{"lineNumber":4,"author":{"gitId":"bw-95"},"content":"public class TaskList {","lastModifiedDate":"2024-09-11","isFullCredit":false},{"lineNumber":5,"author":{"gitId":"bw-95"},"content":"  private static final ArrayList\u003cString\u003e _list \u003d new ArrayList\u003c\u003e();","lastModifiedDate":"2024-09-11","isFullCredit":false},{"lineNumber":6,"author":{"gitId":"bw-95"},"content":"  private static final HashSet\u003cString\u003e _status \u003d new HashSet\u003c\u003e();","lastModifiedDate":"2024-09-11","isFullCredit":false},{"lineNumber":7,"author":{"gitId":"bw-95"},"content":"  public TaskList() {}","lastModifiedDate":"2024-09-11","isFullCredit":false},{"lineNumber":8,"author":{"gitId":"bw-95"},"content":"  public void addTask(String task) {","lastModifiedDate":"2024-09-11","isFullCredit":false},{"lineNumber":9,"author":{"gitId":"bw-95"},"content":"    _list.add(task);","lastModifiedDate":"2024-09-11","isFullCredit":false},{"lineNumber":10,"author":{"gitId":"bw-95"},"content":"  }","lastModifiedDate":"2024-09-11","isFullCredit":false},{"lineNumber":11,"author":{"gitId":"bw-95"},"content":"","lastModifiedDate":"2024-09-11","isFullCredit":false},{"lineNumber":12,"author":{"gitId":"bw-95"},"content":"  public ArrayList\u003cString\u003e getTaskList() {","lastModifiedDate":"2024-09-11","isFullCredit":false},{"lineNumber":13,"author":{"gitId":"bw-95"},"content":"    return _list;","lastModifiedDate":"2024-09-11","isFullCredit":false},{"lineNumber":14,"author":{"gitId":"bw-95"},"content":"  }","lastModifiedDate":"2024-09-11","isFullCredit":false},{"lineNumber":15,"author":{"gitId":"bw-95"},"content":"","lastModifiedDate":"2024-09-11","isFullCredit":false},{"lineNumber":16,"author":{"gitId":"bw-95"},"content":"  public void markTask(int index) {","lastModifiedDate":"2024-09-11","isFullCredit":false},{"lineNumber":17,"author":{"gitId":"bw-95"},"content":"    _status.add(_list.get(index - 1));","lastModifiedDate":"2024-09-11","isFullCredit":false},{"lineNumber":18,"author":{"gitId":"bw-95"},"content":"  }","lastModifiedDate":"2024-09-11","isFullCredit":false},{"lineNumber":19,"author":{"gitId":"bw-95"},"content":"","lastModifiedDate":"2024-09-11","isFullCredit":false},{"lineNumber":20,"author":{"gitId":"bw-95"},"content":"  public void unmarkTask(int index) {","lastModifiedDate":"2024-09-11","isFullCredit":false},{"lineNumber":21,"author":{"gitId":"bw-95"},"content":"    _status.remove(_list.get(index-1));","lastModifiedDate":"2024-09-11","isFullCredit":false},{"lineNumber":22,"author":{"gitId":"bw-95"},"content":"  }","lastModifiedDate":"2024-09-11","isFullCredit":false},{"lineNumber":23,"author":{"gitId":"bw-95"},"content":"  public boolean getTaskStatusByName(String name) {","lastModifiedDate":"2024-09-11","isFullCredit":false},{"lineNumber":24,"author":{"gitId":"bw-95"},"content":"    return (_status.contains(name));","lastModifiedDate":"2024-09-11","isFullCredit":false},{"lineNumber":25,"author":{"gitId":"bw-95"},"content":"  }","lastModifiedDate":"2024-09-11","isFullCredit":false},{"lineNumber":26,"author":{"gitId":"bw-95"},"content":"  public boolean getTaskStatusByIndex(int index) {","lastModifiedDate":"2024-09-11","isFullCredit":false},{"lineNumber":27,"author":{"gitId":"bw-95"},"content":"    return (_status.contains(_list.get(index-1)));","lastModifiedDate":"2024-09-11","isFullCredit":false},{"lineNumber":28,"author":{"gitId":"bw-95"},"content":"  }","lastModifiedDate":"2024-09-11","isFullCredit":false},{"lineNumber":29,"author":{"gitId":"bw-95"},"content":"  public String getTaskNameByIndex(int index) {","lastModifiedDate":"2024-09-11","isFullCredit":false},{"lineNumber":30,"author":{"gitId":"bw-95"},"content":"    return (_list.get(index-1));","lastModifiedDate":"2024-09-11","isFullCredit":false},{"lineNumber":31,"author":{"gitId":"bw-95"},"content":"  }","lastModifiedDate":"2024-09-11","isFullCredit":false},{"lineNumber":32,"author":{"gitId":"bw-95"},"content":"  public void printTaskList() {","lastModifiedDate":"2024-09-11","isFullCredit":false},{"lineNumber":33,"author":{"gitId":"bw-95"},"content":"    System.out.println(\"____________________________________________________________\");","lastModifiedDate":"2024-09-11","isFullCredit":false},{"lineNumber":34,"author":{"gitId":"bw-95"},"content":"    System.out.println(\" Here are the task in your list:\");","lastModifiedDate":"2024-09-11","isFullCredit":false},{"lineNumber":35,"author":{"gitId":"bw-95"},"content":"    int index \u003d 0;","lastModifiedDate":"2024-09-11","isFullCredit":false},{"lineNumber":36,"author":{"gitId":"bw-95"},"content":"    for (String i : _list) {","lastModifiedDate":"2024-09-11","isFullCredit":false},{"lineNumber":37,"author":{"gitId":"bw-95"},"content":"      String statusPrint \u003d \" \";","lastModifiedDate":"2024-09-11","isFullCredit":false},{"lineNumber":38,"author":{"gitId":"bw-95"},"content":"      if (_status.contains(i))","lastModifiedDate":"2024-09-11","isFullCredit":false},{"lineNumber":39,"author":{"gitId":"bw-95"},"content":"        statusPrint \u003d \"X\";","lastModifiedDate":"2024-09-11","isFullCredit":false},{"lineNumber":40,"author":{"gitId":"bw-95"},"content":"      index++;","lastModifiedDate":"2024-09-11","isFullCredit":false},{"lineNumber":41,"author":{"gitId":"bw-95"},"content":"      System.out.println(index + \".[\" + statusPrint + \"] \" + i);","lastModifiedDate":"2024-09-11","isFullCredit":false},{"lineNumber":42,"author":{"gitId":"bw-95"},"content":"    }","lastModifiedDate":"2024-09-11","isFullCredit":false},{"lineNumber":43,"author":{"gitId":"bw-95"},"content":"    System.out.println(\"____________________________________________________________\");","lastModifiedDate":"2024-09-11","isFullCredit":false},{"lineNumber":44,"author":{"gitId":"bw-95"},"content":"  }","lastModifiedDate":"2024-09-11","isFullCredit":false},{"lineNumber":45,"author":{"gitId":"bw-95"},"content":"}","lastModifiedDate":"2024-09-11","isFullCredit":false}],"authorContributionMap":{"bw-95":45}},{"path":"text-ui-test/input.txt","fileType":"txt","lines":[{"lineNumber":1,"author":{"gitId":"bw-95"},"content":"Burger","lastModifiedDate":"2024-09-11","isFullCredit":false},{"lineNumber":2,"author":{"gitId":"bw-95"},"content":"Lobster","lastModifiedDate":"2024-09-11","isFullCredit":false},{"lineNumber":3,"author":{"gitId":"bw-95"},"content":"Salad","lastModifiedDate":"2024-09-11","isFullCredit":false},{"lineNumber":4,"author":{"gitId":"bw-95"},"content":"list","lastModifiedDate":"2024-09-11","isFullCredit":false},{"lineNumber":5,"author":{"gitId":"bw-95"},"content":"mark 1","lastModifiedDate":"2024-09-11","isFullCredit":false},{"lineNumber":6,"author":{"gitId":"bw-95"},"content":"mark 2","lastModifiedDate":"2024-09-11","isFullCredit":false},{"lineNumber":7,"author":{"gitId":"bw-95"},"content":"mark 3","lastModifiedDate":"2024-09-11","isFullCredit":false},{"lineNumber":8,"author":{"gitId":"bw-95"},"content":"unmark 2","lastModifiedDate":"2024-09-11","isFullCredit":false},{"lineNumber":9,"author":{"gitId":"bw-95"},"content":"list","lastModifiedDate":"2024-09-11","isFullCredit":false},{"lineNumber":10,"author":{"gitId":"bw-95"},"content":"bye","lastModifiedDate":"2024-09-11","isFullCredit":false}],"authorContributionMap":{"bw-95":10}},{"path":"text-ui-test/runtest.bat","fileType":"bat","lines":[{"lineNumber":1,"author":{"gitId":"-"},"content":"@ECHO OFF","lastModifiedDate":"2020-05-25","isFullCredit":false},{"lineNumber":2,"author":{"gitId":"-"},"content":"","lastModifiedDate":"2020-05-25","isFullCredit":false},{"lineNumber":3,"author":{"gitId":"-"},"content":"REM create bin directory if it doesn\u0027t exist","lastModifiedDate":"2020-05-25","isFullCredit":false},{"lineNumber":4,"author":{"gitId":"-"},"content":"if not exist ..\\bin mkdir ..\\bin","lastModifiedDate":"2020-05-25","isFullCredit":false},{"lineNumber":5,"author":{"gitId":"-"},"content":"","lastModifiedDate":"2020-05-25","isFullCredit":false},{"lineNumber":6,"author":{"gitId":"-"},"content":"REM delete output from previous run","lastModifiedDate":"2020-05-25","isFullCredit":false},{"lineNumber":7,"author":{"gitId":"-"},"content":"if exist ACTUAL.TXT del ACTUAL.TXT","lastModifiedDate":"2020-08-25","isFullCredit":false},{"lineNumber":8,"author":{"gitId":"-"},"content":"","lastModifiedDate":"2020-05-25","isFullCredit":false},{"lineNumber":9,"author":{"gitId":"-"},"content":"REM compile the code into the bin folder","lastModifiedDate":"2020-05-25","isFullCredit":false},{"lineNumber":10,"author":{"gitId":"-"},"content":"javac  -cp ..\\src\\main\\java -Xlint:none -d ..\\bin ..\\src\\main\\java\\*.java","lastModifiedDate":"2020-08-25","isFullCredit":false},{"lineNumber":11,"author":{"gitId":"-"},"content":"IF ERRORLEVEL 1 (","lastModifiedDate":"2020-05-25","isFullCredit":false},{"lineNumber":12,"author":{"gitId":"-"},"content":"    echo ********** BUILD FAILURE **********","lastModifiedDate":"2020-05-25","isFullCredit":false},{"lineNumber":13,"author":{"gitId":"-"},"content":"    exit /b 1","lastModifiedDate":"2020-05-25","isFullCredit":false},{"lineNumber":14,"author":{"gitId":"-"},"content":")","lastModifiedDate":"2020-05-25","isFullCredit":false},{"lineNumber":15,"author":{"gitId":"-"},"content":"REM no error here, errorlevel \u003d\u003d 0","lastModifiedDate":"2020-05-25","isFullCredit":false},{"lineNumber":16,"author":{"gitId":"-"},"content":"","lastModifiedDate":"2020-05-25","isFullCredit":false},{"lineNumber":17,"author":{"gitId":"-"},"content":"REM run the program, feed commands from input.txt file and redirect the output to the ACTUAL.TXT","lastModifiedDate":"2020-05-25","isFullCredit":false},{"lineNumber":18,"author":{"gitId":"bw-95"},"content":"java -classpath ..\\bin Mochi \u003c input.txt \u003e ACTUAL.TXT","lastModifiedDate":"2024-09-11","isFullCredit":false},{"lineNumber":19,"author":{"gitId":"-"},"content":"","lastModifiedDate":"2020-05-25","isFullCredit":false},{"lineNumber":20,"author":{"gitId":"-"},"content":"REM compare the output to the expected output","lastModifiedDate":"2020-05-25","isFullCredit":false},{"lineNumber":21,"author":{"gitId":"-"},"content":"FC ACTUAL.TXT EXPECTED.TXT","lastModifiedDate":"2020-05-25","isFullCredit":false}],"authorContributionMap":{"-":20,"bw-95":1}},{"path":"text-ui-test/runtest.sh","fileType":"sh","lines":[{"lineNumber":1,"author":{"gitId":"-"},"content":"#!/usr/bin/env bash","lastModifiedDate":"2020-05-25","isFullCredit":false},{"lineNumber":2,"author":{"gitId":"-"},"content":"","lastModifiedDate":"2020-05-25","isFullCredit":false},{"lineNumber":3,"author":{"gitId":"-"},"content":"# create bin directory if it doesn\u0027t exist","lastModifiedDate":"2020-05-25","isFullCredit":false},{"lineNumber":4,"author":{"gitId":"-"},"content":"if [ ! -d \"../bin\" ]","lastModifiedDate":"2020-05-25","isFullCredit":false},{"lineNumber":5,"author":{"gitId":"-"},"content":"then","lastModifiedDate":"2020-05-25","isFullCredit":false},{"lineNumber":6,"author":{"gitId":"-"},"content":"    mkdir ../bin","lastModifiedDate":"2020-05-25","isFullCredit":false},{"lineNumber":7,"author":{"gitId":"-"},"content":"fi","lastModifiedDate":"2020-05-25","isFullCredit":false},{"lineNumber":8,"author":{"gitId":"-"},"content":"","lastModifiedDate":"2020-05-25","isFullCredit":false},{"lineNumber":9,"author":{"gitId":"-"},"content":"# delete output from previous run","lastModifiedDate":"2020-05-25","isFullCredit":false},{"lineNumber":10,"author":{"gitId":"-"},"content":"if [ -e \"./ACTUAL.TXT\" ]","lastModifiedDate":"2020-05-25","isFullCredit":false},{"lineNumber":11,"author":{"gitId":"-"},"content":"then","lastModifiedDate":"2020-05-25","isFullCredit":false},{"lineNumber":12,"author":{"gitId":"-"},"content":"    rm ACTUAL.TXT","lastModifiedDate":"2020-05-25","isFullCredit":false},{"lineNumber":13,"author":{"gitId":"-"},"content":"fi","lastModifiedDate":"2020-05-25","isFullCredit":false},{"lineNumber":14,"author":{"gitId":"-"},"content":"","lastModifiedDate":"2020-05-25","isFullCredit":false},{"lineNumber":15,"author":{"gitId":"-"},"content":"# compile the code into the bin folder, terminates if error occurred","lastModifiedDate":"2020-05-25","isFullCredit":false},{"lineNumber":16,"author":{"gitId":"-"},"content":"if ! javac -cp ../src/main/java -Xlint:none -d ../bin ../src/main/java/*.java","lastModifiedDate":"2020-08-25","isFullCredit":false},{"lineNumber":17,"author":{"gitId":"-"},"content":"then","lastModifiedDate":"2020-05-25","isFullCredit":false},{"lineNumber":18,"author":{"gitId":"-"},"content":"    echo \"********** BUILD FAILURE **********\"","lastModifiedDate":"2020-05-25","isFullCredit":false},{"lineNumber":19,"author":{"gitId":"-"},"content":"    exit 1","lastModifiedDate":"2020-05-25","isFullCredit":false},{"lineNumber":20,"author":{"gitId":"-"},"content":"fi","lastModifiedDate":"2020-05-25","isFullCredit":false},{"lineNumber":21,"author":{"gitId":"-"},"content":"","lastModifiedDate":"2020-05-25","isFullCredit":false},{"lineNumber":22,"author":{"gitId":"-"},"content":"# run the program, feed commands from input.txt file and redirect the output to the ACTUAL.TXT","lastModifiedDate":"2020-05-25","isFullCredit":false},{"lineNumber":23,"author":{"gitId":"bw-95"},"content":"java -classpath ../bin Mochi \u003c input.txt \u003e ACTUAL.TXT","lastModifiedDate":"2024-09-11","isFullCredit":false},{"lineNumber":24,"author":{"gitId":"-"},"content":"","lastModifiedDate":"2020-05-25","isFullCredit":false},{"lineNumber":25,"author":{"gitId":"-"},"content":"# convert to UNIX format","lastModifiedDate":"2020-05-25","isFullCredit":false},{"lineNumber":26,"author":{"gitId":"-"},"content":"cp EXPECTED.TXT EXPECTED-UNIX.TXT","lastModifiedDate":"2020-05-25","isFullCredit":false},{"lineNumber":27,"author":{"gitId":"-"},"content":"dos2unix ACTUAL.TXT EXPECTED-UNIX.TXT","lastModifiedDate":"2020-05-25","isFullCredit":false},{"lineNumber":28,"author":{"gitId":"-"},"content":"","lastModifiedDate":"2020-05-25","isFullCredit":false},{"lineNumber":29,"author":{"gitId":"-"},"content":"# compare the output to the expected output","lastModifiedDate":"2020-05-25","isFullCredit":false},{"lineNumber":30,"author":{"gitId":"-"},"content":"diff ACTUAL.TXT EXPECTED-UNIX.TXT","lastModifiedDate":"2020-05-25","isFullCredit":false},{"lineNumber":31,"author":{"gitId":"-"},"content":"if [ $? -eq 0 ]","lastModifiedDate":"2020-05-25","isFullCredit":false},{"lineNumber":32,"author":{"gitId":"-"},"content":"then","lastModifiedDate":"2020-05-25","isFullCredit":false},{"lineNumber":33,"author":{"gitId":"-"},"content":"    echo \"Test result: PASSED\"","lastModifiedDate":"2020-05-25","isFullCredit":false},{"lineNumber":34,"author":{"gitId":"-"},"content":"    exit 0","lastModifiedDate":"2020-05-25","isFullCredit":false},{"lineNumber":35,"author":{"gitId":"-"},"content":"else","lastModifiedDate":"2020-05-25","isFullCredit":false},{"lineNumber":36,"author":{"gitId":"-"},"content":"    echo \"Test result: FAILED\"","lastModifiedDate":"2020-05-25","isFullCredit":false},{"lineNumber":37,"author":{"gitId":"-"},"content":"    exit 1","lastModifiedDate":"2020-05-25","isFullCredit":false},{"lineNumber":38,"author":{"gitId":"-"},"content":"fi","lastModifiedDate":"2020-05-25","isFullCredit":false}],"authorContributionMap":{"-":37,"bw-95":1}}]
