[{"path":"src/main/java/Mochi.java","fileType":"java","lines":[{"lineNumber":1,"author":{"gitId":"bw-95"},"content":"import java.util.Scanner;","lastModifiedDate":"2024-09-09","isFullCredit":false},{"lineNumber":2,"author":{"gitId":"bw-95"},"content":"public class Mochi {","lastModifiedDate":"2024-09-09","isFullCredit":false},{"lineNumber":3,"author":{"gitId":"bw-95"},"content":"  final static String _name \u003d \"Mochi\";","lastModifiedDate":"2024-09-09","isFullCredit":false},{"lineNumber":4,"author":{"gitId":"bw-95"},"content":"  public static void response(String input) {","lastModifiedDate":"2024-09-09","isFullCredit":false},{"lineNumber":5,"author":{"gitId":"bw-95"},"content":"    System.out.println(\"____________________________________________________________\");","lastModifiedDate":"2024-09-09","isFullCredit":false},{"lineNumber":6,"author":{"gitId":"bw-95"},"content":"    System.out.println(input);","lastModifiedDate":"2024-09-09","isFullCredit":false},{"lineNumber":7,"author":{"gitId":"bw-95"},"content":"    System.out.println(\"____________________________________________________________\");","lastModifiedDate":"2024-09-09","isFullCredit":false},{"lineNumber":8,"author":{"gitId":"bw-95"},"content":"  }","lastModifiedDate":"2024-09-09","isFullCredit":false},{"lineNumber":9,"author":{"gitId":"bw-95"},"content":"  public static void main(String[] args) {","lastModifiedDate":"2024-09-09","isFullCredit":false},{"lineNumber":10,"author":{"gitId":"bw-95"},"content":"    String greating \u003d \"____________________________________________________________\" + System.lineSeparator()","lastModifiedDate":"2024-09-09","isFullCredit":false},{"lineNumber":11,"author":{"gitId":"bw-95"},"content":"      + \" Hello! I\u0027m \" + _name + System.lineSeparator()","lastModifiedDate":"2024-09-09","isFullCredit":false},{"lineNumber":12,"author":{"gitId":"bw-95"},"content":"      + \" What can I do for you?\";","lastModifiedDate":"2024-09-09","isFullCredit":false},{"lineNumber":13,"author":{"gitId":"bw-95"},"content":"    System.out.println(greating);","lastModifiedDate":"2024-09-09","isFullCredit":false},{"lineNumber":14,"author":{"gitId":"bw-95"},"content":"    Scanner in \u003d new Scanner(System.in);","lastModifiedDate":"2024-09-09","isFullCredit":false},{"lineNumber":15,"author":{"gitId":"bw-95"},"content":"    String line \u003d \"\";","lastModifiedDate":"2024-09-09","isFullCredit":false},{"lineNumber":16,"author":{"gitId":"bw-95"},"content":"    while (!line.equals(\"bye\")) {","lastModifiedDate":"2024-09-09","isFullCredit":false},{"lineNumber":17,"author":{"gitId":"bw-95"},"content":"      line \u003d in.nextLine();","lastModifiedDate":"2024-09-09","isFullCredit":false},{"lineNumber":18,"author":{"gitId":"bw-95"},"content":"      if (!line.equals(\"bye\")) {","lastModifiedDate":"2024-09-09","isFullCredit":false},{"lineNumber":19,"author":{"gitId":"bw-95"},"content":"        response(line);","lastModifiedDate":"2024-09-09","isFullCredit":false},{"lineNumber":20,"author":{"gitId":"bw-95"},"content":"      }","lastModifiedDate":"2024-09-09","isFullCredit":false},{"lineNumber":21,"author":{"gitId":"bw-95"},"content":"      else {","lastModifiedDate":"2024-09-09","isFullCredit":false},{"lineNumber":22,"author":{"gitId":"bw-95"},"content":"        response(\"Bye. Hope to see you again soon!\");","lastModifiedDate":"2024-09-09","isFullCredit":false},{"lineNumber":23,"author":{"gitId":"bw-95"},"content":"      }","lastModifiedDate":"2024-09-09","isFullCredit":false},{"lineNumber":24,"author":{"gitId":"bw-95"},"content":"    }","lastModifiedDate":"2024-09-09","isFullCredit":false},{"lineNumber":25,"author":{"gitId":"bw-95"},"content":"  }","lastModifiedDate":"2024-09-09","isFullCredit":false},{"lineNumber":26,"author":{"gitId":"bw-95"},"content":"}","lastModifiedDate":"2024-09-09","isFullCredit":false}],"authorContributionMap":{"bw-95":26}}]
