{"authorDailyContributionsMap":{"bw-95":[{"date":"2024-09-09","commitResults":[{"hash":"f1032bf1dfbc843380e1f64d42bad1009987c6f6","isMergeCommit":false,"messageTitle":"Rename Bot Name, Updated greatings to level0 requirement","messageBody":"","tags":["Level-0"],"fileTypesAndContributionMap":{"java":{"insertions":12,"deletions":10}}},{"hash":"122f527f7238257ca7be2dda48f5c5e5d562720c","isMergeCommit":false,"messageTitle":"added ability echo any input","messageBody":"","tags":["Level-1"],"fileTypesAndContributionMap":{"java":{"insertions":23,"deletions":9}}}]},{"date":"2024-09-11","commitResults":[{"hash":"a59c2148573b51685e394d5c4565a6bda135e807","isMergeCommit":false,"messageTitle":"switch from if-else to switch case to handle input","messageBody":"","fileTypesAndContributionMap":{"java":{"insertions":9,"deletions":5}}},{"hash":"634ff0b05ef1fdd635a7fbc263c9266798a74dcf","isMergeCommit":false,"messageTitle":"used ArrayList to store list of data","messageBody":"","tags":["Level-2"],"fileTypesAndContributionMap":{"java":{"insertions":15,"deletions":2}}},{"hash":"53d4b92978bf141f621a454d6b68d9ab6add8246","isMergeCommit":false,"messageTitle":"used ArrayList to store list of data","messageBody":"","fileTypesAndContributionMap":{"java":{"insertions":14,"deletions":2}}},{"hash":"23e4ee833bad9694f7dc21b4c1fd98e904c429a0","isMergeCommit":true,"messageTitle":"Merge remote-tracking branch \u0027origin/master\u0027","messageBody":"# Conflicts:\n#\tsrc/main/java/Mochi.java\n","fileTypesAndContributionMap":{}},{"hash":"9d7b756dec3f0fe10c16881718cd155ac8dcc13b","isMergeCommit":false,"messageTitle":"test changing of username","messageBody":"","fileTypesAndContributionMap":{"java":{"insertions":1,"deletions":0}}},{"hash":"5f23e93f2b98434a6cca321a8055f0cf87cc9495","isMergeCommit":false,"messageTitle":"Added TaskList class that contains list of tasks","messageBody":"","tags":["Level-3"],"fileTypesAndContributionMap":{"java":{"insertions":69,"deletions":19}}},{"hash":"73205de95e40266fcc87034caa98ccb6e6df36b1","isMergeCommit":false,"messageTitle":"updated test UI testing tool in both bash and batch scripts","messageBody":"","tags":["A-TextUiTesting"],"fileTypesAndContributionMap":{"txt":{"insertions":10,"deletions":0},"bat":{"insertions":1,"deletions":1},"sh":{"insertions":1,"deletions":1}}}]},{"date":"2024-09-19","commitResults":[{"hash":"8953f55a7ed1fd8ada403c9b33e186bbe9fce98e","isMergeCommit":false,"messageTitle":"convert TaskList into a class that manages Task class, introduce Task class align with current topic","messageBody":"","fileTypesAndContributionMap":{"java":{"insertions":42,"deletions":23}}}]},{"date":"2024-10-03","commitResults":[{"hash":"e89429127c72b4629df07a3977a2e4dce5854aa3","isMergeCommit":false,"messageTitle":"added Todo, Dateline and Event sub class of Task.","messageBody":"","tags":["Level-4"],"fileTypesAndContributionMap":{"txt":{"insertions":6,"deletions":5},"java":{"insertions":117,"deletions":16}}}]},{"date":"2024-10-06","commitResults":[{"hash":"f38b175363fe07cf31e214c07fe53461d2566dbd","isMergeCommit":false,"messageTitle":"added ExceptionMessages.java, and general MochiException.java. Covered some of the invalid inputs.","messageBody":"","tags":["Level-5"],"fileTypesAndContributionMap":{"txt":{"insertions":17,"deletions":1},"java":{"insertions":125,"deletions":35}}}]},{"date":"2024-10-23","commitResults":[{"hash":"91bd6967398bc64a318204478f933c008c56cce4","isMergeCommit":false,"messageTitle":"convert command list to enum class, added dialog message enum class, added delete task action","messageBody":"","fileTypesAndContributionMap":{"java":{"insertions":81,"deletions":36}}},{"hash":"376fabb6766a0335091106bc13002816db46be7e","isMergeCommit":false,"messageTitle":"added expected and input and git ignore","messageBody":"","fileTypesAndContributionMap":{"txt":{"insertions":7,"deletions":1}}}]},{"date":"2024-10-24","commitResults":[{"hash":"d3636aeca3e9af29a1895713b435bce83447b3fd","isMergeCommit":false,"messageTitle":"added save functionality","messageBody":"","fileTypesAndContributionMap":{"java":{"insertions":270,"deletions":127}}}]},{"date":"2024-10-26","commitResults":[{"hash":"9b2f9f6576487c3cd2c1d91ba05dde388cbfdef7","isMergeCommit":false,"messageTitle":"fixed saving functioon","messageBody":"","fileTypesAndContributionMap":{"java":{"insertions":118,"deletions":34}}},{"hash":"3b3e60d34249c08b0af9e0dafd4f1e13a9545b41","isMergeCommit":false,"messageTitle":"fixed saving functioon","messageBody":"","fileTypesAndContributionMap":{"txt":{"insertions":4,"deletions":0}}},{"hash":"3cc68bebfd907efe3059ff9e56a0e9a37a91005a","isMergeCommit":false,"messageTitle":"fixed saving functioon","messageBody":"","fileTypesAndContributionMap":{"java":{"insertions":7,"deletions":4}}}]},{"date":"2024-11-11","commitResults":[{"hash":"2dd3469341932fb38ddb2e5a9188c1cfd6587738","isMergeCommit":false,"messageTitle":"sync to workstation","messageBody":"","fileTypesAndContributionMap":{"java":{"insertions":196,"deletions":165}}},{"hash":"031382a0cca722d3653de97f15bd7224832b27d6","isMergeCommit":false,"messageTitle":"Added A-Packages","messageBody":"","fileTypesAndContributionMap":{"txt":{"insertions":0,"deletions":4},"java":{"insertions":68,"deletions":6},"sh":{"insertions":12,"deletions":17}}},{"hash":"323c48b3dd5b53362437b02a2c1dad4f59e97154","isMergeCommit":true,"messageTitle":"Merge pull request #3 from bw-95/branch-Level-7-Latest","messageBody":"Level-7 A-MoreOOP A-Packages","fileTypesAndContributionMap":{}},{"hash":"de6719c4cc0e2e4b5f86da621c23638d48b1de0e","isMergeCommit":false,"messageTitle":"improve code quality","messageBody":"","fileTypesAndContributionMap":{"java":{"insertions":12,"deletions":21}}}]},{"date":"2024-11-12","commitResults":[{"hash":"3cea5a9daf801fdf0c5916f13dd97ea2f2782cdb","isMergeCommit":true,"messageTitle":"Merge pull request #4 from bw-95/branch-Level-7-Latest","messageBody":"branch-Level-7-improve code quality","fileTypesAndContributionMap":{}},{"hash":"191f8066f7757fb2d0330ab9f44a1375ebef7e07","isMergeCommit":false,"messageTitle":"Added Level-8","messageBody":"","fileTypesAndContributionMap":{"java":{"insertions":68,"deletions":16}}},{"hash":"2530816319da44f0c631ad67938644eba4928268","isMergeCommit":false,"messageTitle":"Added Level-8","messageBody":"","tags":["Level-8"],"fileTypesAndContributionMap":{"java":{"insertions":78,"deletions":5}}}]},{"date":"2024-11-14","commitResults":[{"hash":"bb48c4949ffa8f2cee75041946297d34fdec4836","isMergeCommit":false,"messageTitle":"Added JavaDoc, refactor Command class into different sub classes","messageBody":"","fileTypesAndContributionMap":{"java":{"insertions":533,"deletions":167}}},{"hash":"f8d91012f2363bee2a5942c205b940b4fc6459db","isMergeCommit":true,"messageTitle":"Merge pull request #5 from bw-95/branch-Level-8","messageBody":"Branch level 8","fileTypesAndContributionMap":{}},{"hash":"1bd1ec33cd821285eac484116823c0514e96d698","isMergeCommit":false,"messageTitle":"fix a few warnings","messageBody":"","fileTypesAndContributionMap":{"java":{"insertions":2,"deletions":4}}},{"hash":"8c3be553d72b8c335646abad51ce66b5ce2ed3b8","isMergeCommit":true,"messageTitle":"Merge pull request #6 from bw-95/branch-Level-8","messageBody":"fix a few warnings","fileTypesAndContributionMap":{}},{"hash":"50be407896397aec8a5db95b0558e2478fc88bd8","isMergeCommit":true,"messageTitle":"Merge pull request #7 from bw-95/add-gradle-support","messageBody":"Add gradle support","fileTypesAndContributionMap":{}},{"hash":"2fb18038fbbaaf4373260f015c4d56d89bd71d99","isMergeCommit":false,"messageTitle":"sync class file","messageBody":"","fileTypesAndContributionMap":{"gradle":{"insertions":2,"deletions":2},"java":{"insertions":1,"deletions":1}}},{"hash":"1ce19aa43f78437dadc7fae777182dcf7ff3ff09","isMergeCommit":true,"messageTitle":"Merge pull request #8 from bw-95/add-gradle-support","messageBody":"sync class file","fileTypesAndContributionMap":{}},{"hash":"4198e85a5af45798e90fb6af2d70513f20906fc1","isMergeCommit":false,"messageTitle":"added gradle support and junit test cases for some classes","messageBody":"","fileTypesAndContributionMap":{"gradle":{"insertions":1,"deletions":0},"txt":{"insertions":1,"deletions":0},"java":{"insertions":201,"deletions":10}}},{"hash":"d1d961c82aa171246d4f263f1f1ce7d771940525","isMergeCommit":true,"messageTitle":"Merge pull request #9 from bw-95/A-JUnit","messageBody":"added gradle support and junit test cases for some classes","fileTypesAndContributionMap":{}}]},{"date":"2024-11-15","commitResults":[{"hash":"2c6e27e4748ad99a1f51ba1c08a995bf80b7fa72","isMergeCommit":true,"messageTitle":"added MassOps for mark, unmark and delete task","messageBody":"","fileTypesAndContributionMap":{}},{"hash":"e1724ea04d76278b91adec418552efa887d04fb2","isMergeCommit":false,"messageTitle":"remove sortDesc function in utils, can use a quicker method","messageBody":"","fileTypesAndContributionMap":{"java":{"insertions":5,"deletions":12}}},{"hash":"27d662d40c08f3e8730ceedd48c671135789d045","isMergeCommit":true,"messageTitle":"Merge pull request #10 from bw-95/C-MassOps","messageBody":"C mass ops","fileTypesAndContributionMap":{}},{"hash":"a2233e67f8260e92ae7e5bab83daba79277670bc","isMergeCommit":false,"messageTitle":"Added B-ViewSchedules function to view task that falls on a given date","messageBody":"","fileTypesAndContributionMap":{"java":{"insertions":86,"deletions":16}}},{"hash":"573c0e114fe2eae40c8a31eb69824b182020c888","isMergeCommit":true,"messageTitle":"Merge pull request #11 from bw-95/B-ViewSchedules","messageBody":"B-ViewSchedules","fileTypesAndContributionMap":{}},{"hash":"9698792db0d48149e628c124c407834131467bcd","isMergeCommit":false,"messageTitle":"Added Level-9, find task that contains the given keyword","messageBody":"","tags":["Level-9"],"fileTypesAndContributionMap":{"java":{"insertions":40,"deletions":3}}},{"hash":"505487017f2eef614706f2ebc49193928488cebc","isMergeCommit":true,"messageTitle":"Merge pull request #12 from bw-95/Level-9","messageBody":"Added Level-9, find task that contains the given keyword","fileTypesAndContributionMap":{}},{"hash":"b1d92ecef09e3e79f52dec287329e0dd8bb13041","isMergeCommit":false,"messageTitle":"Refactor code and improve code quality","messageBody":"","fileTypesAndContributionMap":{"gradle":{"insertions":1,"deletions":1},"java":{"insertions":98,"deletions":248}}},{"hash":"fac551d550e88df5f9455a8ddf288a7494134067","isMergeCommit":false,"messageTitle":"Refactor code and improve code quality","messageBody":"","fileTypesAndContributionMap":{"java":{"insertions":1217,"deletions":1116}}},{"hash":"8da21d7389b6381d894896edff9b7c9455aa10a6","isMergeCommit":true,"messageTitle":"Merge pull request #13 from bw-95/A-CodingStandard-A-CodeQuality","messageBody":"A coding standard a code quality","tags":["v0.1"],"fileTypesAndContributionMap":{}}]}]},"authorFileTypeContributionMap":{"bw-95":{"java":1552,"md":0,"fxml":0,"sh":11,"bat":1,"gradle":3,"txt":34}},"authorContributionVariance":{"bw-95":95416.74},"authorDisplayNameMap":{"bw-95":"SUN ..OWEN"}}
