{"authorDailyContributionsMap":{"bw-95":[{"date":"2024-09-09","commitResults":[{"hash":"f1032bf1dfbc843380e1f64d42bad1009987c6f6","isMergeCommit":false,"messageTitle":"Rename Bot Name, Updated greatings to level0 requirement","messageBody":"","tags":["Level-0"],"fileTypesAndContributionMap":{"java":{"insertions":12,"deletions":10}}},{"hash":"122f527f7238257ca7be2dda48f5c5e5d562720c","isMergeCommit":false,"messageTitle":"added ability echo any input","messageBody":"","tags":["Level-1"],"fileTypesAndContributionMap":{"java":{"insertions":23,"deletions":9}}}]}]},"authorFileTypeContributionMap":{"bw-95":{"java":26,"md":0,"fxml":0,"sh":0,"bat":0,"gradle":0,"txt":0}},"authorContributionVariance":{"bw-95":97.08442},"authorDisplayNameMap":{"bw-95":"SUN ..OWEN"}}
