{"authorDailyContributionsMap":{"bw-95":[{"date":"2024-09-11","commitResults":[{"hash":"23e4ee833bad9694f7dc21b4c1fd98e904c429a0","isMergeCommit":true,"messageTitle":"Merge remote-tracking branch \u0027origin/master\u0027","messageBody":"# Conflicts:\n#\tsrc/main/java/Mochi.java\n","fileTypesAndContributionMap":{}},{"hash":"9d7b756dec3f0fe10c16881718cd155ac8dcc13b","isMergeCommit":false,"messageTitle":"test changing of username","messageBody":"","fileTypesAndContributionMap":{"java":{"insertions":1,"deletions":0}}},{"hash":"5f23e93f2b98434a6cca321a8055f0cf87cc9495","isMergeCommit":false,"messageTitle":"Added TaskList class that contains list of tasks","messageBody":"","tags":["Level-3"],"fileTypesAndContributionMap":{"java":{"insertions":69,"deletions":19}}},{"hash":"73205de95e40266fcc87034caa98ccb6e6df36b1","isMergeCommit":false,"messageTitle":"updated test UI testing tool in both bash and batch scripts","messageBody":"","tags":["A-TextUiTesting"],"fileTypesAndContributionMap":{"txt":{"insertions":10,"deletions":0},"bat":{"insertions":1,"deletions":1},"sh":{"insertions":1,"deletions":1}}}]},{"date":"2024-09-19","commitResults":[{"hash":"8953f55a7ed1fd8ada403c9b33e186bbe9fce98e","isMergeCommit":false,"messageTitle":"convert TaskList into a class that manages Task class, introduce Task class align with current topic","messageBody":"","fileTypesAndContributionMap":{"java":{"insertions":42,"deletions":23}}}]},{"date":"2024-10-03","commitResults":[{"hash":"e89429127c72b4629df07a3977a2e4dce5854aa3","isMergeCommit":false,"messageTitle":"added Todo, Dateline and Event sub class of Task.","messageBody":"","tags":["Level-4"],"fileTypesAndContributionMap":{"txt":{"insertions":6,"deletions":5},"java":{"insertions":117,"deletions":16}}}]},{"date":"2024-10-06","commitResults":[{"hash":"f38b175363fe07cf31e214c07fe53461d2566dbd","isMergeCommit":false,"messageTitle":"added ExceptionMessages.java, and general MochiException.java. Covered some of the invalid inputs.","messageBody":"","tags":["Level-5"],"fileTypesAndContributionMap":{"txt":{"insertions":17,"deletions":1},"java":{"insertions":125,"deletions":35}}}]}]},"authorFileTypeContributionMap":{"bw-95":{"java":284,"md":0,"fxml":0,"sh":1,"bat":1,"gradle":0,"txt":27}},"authorContributionVariance":{"bw-95":1124.4017},"authorDisplayNameMap":{"bw-95":"SUN ..OWEN"}}
