[{"path":"src/main/java/Deadline.java","fileType":"java","lines":[{"lineNumber":1,"author":{"gitId":"jianjunruan"},"content":"/**","lastModifiedDate":"2024-11-10","isFullCredit":false},{"lineNumber":2,"author":{"gitId":"jianjunruan"},"content":" * Adding a deadline task","lastModifiedDate":"2024-11-10","isFullCredit":false},{"lineNumber":3,"author":{"gitId":"jianjunruan"},"content":" */","lastModifiedDate":"2024-11-10","isFullCredit":false},{"lineNumber":4,"author":{"gitId":"jianjunruan"},"content":"public class Deadline extends Task {","lastModifiedDate":"2024-11-10","isFullCredit":false},{"lineNumber":5,"author":{"gitId":"jianjunruan"},"content":"    private String by;","lastModifiedDate":"2024-11-10","isFullCredit":false},{"lineNumber":6,"author":{"gitId":"jianjunruan"},"content":"","lastModifiedDate":"2024-11-10","isFullCredit":false},{"lineNumber":7,"author":{"gitId":"jianjunruan"},"content":"    public Deadline(String description, String by) {","lastModifiedDate":"2024-11-10","isFullCredit":false},{"lineNumber":8,"author":{"gitId":"jianjunruan"},"content":"        super(description);","lastModifiedDate":"2024-11-10","isFullCredit":false},{"lineNumber":9,"author":{"gitId":"jianjunruan"},"content":"        this.by \u003d by;","lastModifiedDate":"2024-11-10","isFullCredit":false},{"lineNumber":10,"author":{"gitId":"jianjunruan"},"content":"    }","lastModifiedDate":"2024-11-10","isFullCredit":false},{"lineNumber":11,"author":{"gitId":"jianjunruan"},"content":"","lastModifiedDate":"2024-11-10","isFullCredit":false},{"lineNumber":12,"author":{"gitId":"jianjunruan"},"content":"    @Override","lastModifiedDate":"2024-11-10","isFullCredit":false},{"lineNumber":13,"author":{"gitId":"jianjunruan"},"content":"    public String toString() {","lastModifiedDate":"2024-11-10","isFullCredit":false},{"lineNumber":14,"author":{"gitId":"jianjunruan"},"content":"        //return formatted task string","lastModifiedDate":"2024-11-10","isFullCredit":false},{"lineNumber":15,"author":{"gitId":"jianjunruan"},"content":"        return \"[D]\" + super.toString() + \" (by: \" + by + \")\";","lastModifiedDate":"2024-11-10","isFullCredit":false},{"lineNumber":16,"author":{"gitId":"jianjunruan"},"content":"    }","lastModifiedDate":"2024-11-10","isFullCredit":false},{"lineNumber":17,"author":{"gitId":"jianjunruan"},"content":"}","lastModifiedDate":"2024-11-10","isFullCredit":false}],"authorContributionMap":{"jianjunruan":17}},{"path":"src/main/java/ErrorType.java","fileType":"java","lines":[{"lineNumber":1,"author":{"gitId":"jianjunruan"},"content":"/**","lastModifiedDate":"2024-11-10","isFullCredit":false},{"lineNumber":2,"author":{"gitId":"jianjunruan"},"content":" * List of enum for errors","lastModifiedDate":"2024-11-10","isFullCredit":false},{"lineNumber":3,"author":{"gitId":"jianjunruan"},"content":" */","lastModifiedDate":"2024-11-10","isFullCredit":false},{"lineNumber":4,"author":{"gitId":"jianjunruan"},"content":"public enum ErrorType {","lastModifiedDate":"2024-11-10","isFullCredit":false},{"lineNumber":5,"author":{"gitId":"jianjunruan"},"content":"    EMPTY_DESCRIPTION(\"The instruction cannot be empty.\"),","lastModifiedDate":"2024-11-10","isFullCredit":false},{"lineNumber":6,"author":{"gitId":"jianjunruan"},"content":"    UNKNOWN_DESCRIPTION(\"Your instruction is not recognize.\"),","lastModifiedDate":"2024-11-10","isFullCredit":false},{"lineNumber":7,"author":{"gitId":"jianjunruan"},"content":"    INVALID_TASK_NUMBER(\"Task number not found, please try another one.\"),","lastModifiedDate":"2024-11-10","isFullCredit":false},{"lineNumber":8,"author":{"gitId":"jianjunruan"},"content":"    MISSING_DEADLINE(\"Deadline is missing.\"),","lastModifiedDate":"2024-11-10","isFullCredit":false},{"lineNumber":9,"author":{"gitId":"jianjunruan"},"content":"    MISSING_EVENT_TIMES(\"Event times is/are missing.\");","lastModifiedDate":"2024-11-10","isFullCredit":false},{"lineNumber":10,"author":{"gitId":"jianjunruan"},"content":"","lastModifiedDate":"2024-11-10","isFullCredit":false},{"lineNumber":11,"author":{"gitId":"jianjunruan"},"content":"    private final String message;","lastModifiedDate":"2024-11-10","isFullCredit":false},{"lineNumber":12,"author":{"gitId":"jianjunruan"},"content":"","lastModifiedDate":"2024-11-10","isFullCredit":false},{"lineNumber":13,"author":{"gitId":"jianjunruan"},"content":"    ErrorType(String message) {","lastModifiedDate":"2024-11-10","isFullCredit":false},{"lineNumber":14,"author":{"gitId":"jianjunruan"},"content":"        this.message \u003d \"Oh no! \"+message;","lastModifiedDate":"2024-11-10","isFullCredit":false},{"lineNumber":15,"author":{"gitId":"jianjunruan"},"content":"    }","lastModifiedDate":"2024-11-10","isFullCredit":false},{"lineNumber":16,"author":{"gitId":"jianjunruan"},"content":"","lastModifiedDate":"2024-11-10","isFullCredit":false},{"lineNumber":17,"author":{"gitId":"jianjunruan"},"content":"    public String getMessage() {","lastModifiedDate":"2024-11-10","isFullCredit":false},{"lineNumber":18,"author":{"gitId":"jianjunruan"},"content":"        return message;","lastModifiedDate":"2024-11-10","isFullCredit":false},{"lineNumber":19,"author":{"gitId":"jianjunruan"},"content":"    }","lastModifiedDate":"2024-11-10","isFullCredit":false},{"lineNumber":20,"author":{"gitId":"jianjunruan"},"content":"}","lastModifiedDate":"2024-11-10","isFullCredit":false}],"authorContributionMap":{"jianjunruan":20}},{"path":"src/main/java/Event.java","fileType":"java","lines":[{"lineNumber":1,"author":{"gitId":"jianjunruan"},"content":"/**","lastModifiedDate":"2024-11-10","isFullCredit":false},{"lineNumber":2,"author":{"gitId":"jianjunruan"},"content":" * Adding an event task","lastModifiedDate":"2024-11-10","isFullCredit":false},{"lineNumber":3,"author":{"gitId":"jianjunruan"},"content":" */","lastModifiedDate":"2024-11-10","isFullCredit":false},{"lineNumber":4,"author":{"gitId":"jianjunruan"},"content":"public class Event extends Task {","lastModifiedDate":"2024-11-10","isFullCredit":false},{"lineNumber":5,"author":{"gitId":"jianjunruan"},"content":"    private String from;","lastModifiedDate":"2024-11-10","isFullCredit":false},{"lineNumber":6,"author":{"gitId":"jianjunruan"},"content":"    private String to;","lastModifiedDate":"2024-11-10","isFullCredit":false},{"lineNumber":7,"author":{"gitId":"jianjunruan"},"content":"","lastModifiedDate":"2024-11-10","isFullCredit":false},{"lineNumber":8,"author":{"gitId":"jianjunruan"},"content":"    public Event(String description, String from, String to) {","lastModifiedDate":"2024-11-10","isFullCredit":false},{"lineNumber":9,"author":{"gitId":"jianjunruan"},"content":"        super(description);","lastModifiedDate":"2024-11-10","isFullCredit":false},{"lineNumber":10,"author":{"gitId":"jianjunruan"},"content":"        this.from \u003d from;","lastModifiedDate":"2024-11-10","isFullCredit":false},{"lineNumber":11,"author":{"gitId":"jianjunruan"},"content":"        this.to \u003d to;","lastModifiedDate":"2024-11-10","isFullCredit":false},{"lineNumber":12,"author":{"gitId":"jianjunruan"},"content":"    }","lastModifiedDate":"2024-11-10","isFullCredit":false},{"lineNumber":13,"author":{"gitId":"jianjunruan"},"content":"","lastModifiedDate":"2024-11-10","isFullCredit":false},{"lineNumber":14,"author":{"gitId":"jianjunruan"},"content":"    @Override","lastModifiedDate":"2024-11-10","isFullCredit":false},{"lineNumber":15,"author":{"gitId":"jianjunruan"},"content":"    public String toString() {","lastModifiedDate":"2024-11-10","isFullCredit":false},{"lineNumber":16,"author":{"gitId":"jianjunruan"},"content":"        //return formatted task string","lastModifiedDate":"2024-11-10","isFullCredit":false},{"lineNumber":17,"author":{"gitId":"jianjunruan"},"content":"        return \"[E]\" + super.toString() + \" (from: \" + from + \" to: \" + to + \")\";","lastModifiedDate":"2024-11-10","isFullCredit":false},{"lineNumber":18,"author":{"gitId":"jianjunruan"},"content":"    }","lastModifiedDate":"2024-11-10","isFullCredit":false},{"lineNumber":19,"author":{"gitId":"jianjunruan"},"content":"}","lastModifiedDate":"2024-11-10","isFullCredit":false}],"authorContributionMap":{"jianjunruan":19}},{"path":"src/main/java/Ruan.java","fileType":"java","lines":[{"lineNumber":1,"author":{"gitId":"jianjunruan"},"content":"import java.util.*;","lastModifiedDate":"2024-08-27","isFullCredit":false},{"lineNumber":2,"author":{"gitId":"jianjunruan"},"content":"","lastModifiedDate":"2024-11-10","isFullCredit":false},{"lineNumber":3,"author":{"gitId":"jianjunruan"},"content":"public class Ruan {","lastModifiedDate":"2024-08-27","isFullCredit":false},{"lineNumber":4,"author":{"gitId":"jianjunruan"},"content":"    ","lastModifiedDate":"2024-09-03","isFullCredit":false},{"lineNumber":5,"author":{"gitId":"jianjunruan"},"content":"    public static void main(String[] args) {","lastModifiedDate":"2024-08-27","isFullCredit":false},{"lineNumber":6,"author":{"gitId":"jianjunruan"},"content":"","lastModifiedDate":"2024-11-10","isFullCredit":false},{"lineNumber":7,"author":{"gitId":"jianjunruan"},"content":"        String logo \u003d \" ____        _        \\n\"","lastModifiedDate":"2024-11-10","isFullCredit":false},{"lineNumber":8,"author":{"gitId":"jianjunruan"},"content":"                + \"|  _ \\\\ _   _| | _____ \\n\"","lastModifiedDate":"2024-11-10","isFullCredit":false},{"lineNumber":9,"author":{"gitId":"jianjunruan"},"content":"                + \"| | | | | | | |/ / _ \\\\\\n\"","lastModifiedDate":"2024-11-10","isFullCredit":false},{"lineNumber":10,"author":{"gitId":"jianjunruan"},"content":"                + \"| |_| | |_| |   \u003c  __/\\n\"","lastModifiedDate":"2024-11-10","isFullCredit":false},{"lineNumber":11,"author":{"gitId":"jianjunruan"},"content":"                + \"|____/ \\\\__,_|_|\\\\_\\\\___|\\n\";","lastModifiedDate":"2024-11-10","isFullCredit":false},{"lineNumber":12,"author":{"gitId":"jianjunruan"},"content":"        System.out.println(\"Hello from\\n\" + logo);","lastModifiedDate":"2024-11-10","isFullCredit":false},{"lineNumber":13,"author":{"gitId":"jianjunruan"},"content":"","lastModifiedDate":"2024-08-27","isFullCredit":false},{"lineNumber":14,"author":{"gitId":"jianjunruan"},"content":"        String line \u003d \"\";","lastModifiedDate":"2024-08-27","isFullCredit":false},{"lineNumber":15,"author":{"gitId":"jianjunruan"},"content":"        TaskList taskList \u003d new TaskList();","lastModifiedDate":"2024-11-10","isFullCredit":false},{"lineNumber":16,"author":{"gitId":"jianjunruan"},"content":"        ","lastModifiedDate":"2024-10-20","isFullCredit":false},{"lineNumber":17,"author":{"gitId":"jianjunruan"},"content":"        try(Scanner userInput \u003d new Scanner(System.in)){","lastModifiedDate":"2024-11-10","isFullCredit":false},{"lineNumber":18,"author":{"gitId":"jianjunruan"},"content":"","lastModifiedDate":"2024-08-27","isFullCredit":false},{"lineNumber":19,"author":{"gitId":"jianjunruan"},"content":"            System.out.println(\"  -----------------------------------\");","lastModifiedDate":"2024-08-27","isFullCredit":false},{"lineNumber":20,"author":{"gitId":"jianjunruan"},"content":"            System.out.println(\"  Hello, I\u0027m Ruan\\n  What can I do for you?\");","lastModifiedDate":"2024-08-27","isFullCredit":false},{"lineNumber":21,"author":{"gitId":"jianjunruan"},"content":"            System.out.println(\"  -----------------------------------\");","lastModifiedDate":"2024-08-27","isFullCredit":false},{"lineNumber":22,"author":{"gitId":"jianjunruan"},"content":"            ","lastModifiedDate":"2024-08-27","isFullCredit":false},{"lineNumber":23,"author":{"gitId":"jianjunruan"},"content":"","lastModifiedDate":"2024-11-10","isFullCredit":false},{"lineNumber":24,"author":{"gitId":"jianjunruan"},"content":"            while(!line.trim().toLowerCase().equals(\"bye\")){","lastModifiedDate":"2024-08-27","isFullCredit":false},{"lineNumber":25,"author":{"gitId":"jianjunruan"},"content":"                line \u003d userInput.nextLine();","lastModifiedDate":"2024-08-27","isFullCredit":false},{"lineNumber":26,"author":{"gitId":"jianjunruan"},"content":"","lastModifiedDate":"2024-09-03","isFullCredit":false},{"lineNumber":27,"author":{"gitId":"jianjunruan"},"content":"                //trim all command to have more accurate readings","lastModifiedDate":"2024-11-10","isFullCredit":false},{"lineNumber":28,"author":{"gitId":"jianjunruan"},"content":"                String trimedLine \u003d line.trim().toLowerCase();","lastModifiedDate":"2024-11-10","isFullCredit":false},{"lineNumber":29,"author":{"gitId":"jianjunruan"},"content":"                ","lastModifiedDate":"2024-11-10","isFullCredit":false},{"lineNumber":30,"author":{"gitId":"jianjunruan"},"content":"                try{","lastModifiedDate":"2024-11-10","isFullCredit":false},{"lineNumber":31,"author":{"gitId":"jianjunruan"},"content":"","lastModifiedDate":"2024-11-10","isFullCredit":false},{"lineNumber":32,"author":{"gitId":"jianjunruan"},"content":"                    if(trimedLine.equals(\"bye\")){","lastModifiedDate":"2024-11-10","isFullCredit":false},{"lineNumber":33,"author":{"gitId":"jianjunruan"},"content":"                        //print bye message and exit when bye command is input","lastModifiedDate":"2024-11-10","isFullCredit":false},{"lineNumber":34,"author":{"gitId":"jianjunruan"},"content":"                        System.out.println(\"Bye. Hope to see you again soon!\");","lastModifiedDate":"2024-10-20","isFullCredit":false},{"lineNumber":35,"author":{"gitId":"jianjunruan"},"content":"                        return;","lastModifiedDate":"2024-11-10","isFullCredit":false},{"lineNumber":36,"author":{"gitId":"jianjunruan"},"content":"                    }","lastModifiedDate":"2024-10-20","isFullCredit":false},{"lineNumber":37,"author":{"gitId":"jianjunruan"},"content":"                    ","lastModifiedDate":"2024-10-20","isFullCredit":false},{"lineNumber":38,"author":{"gitId":"jianjunruan"},"content":"                    /**","lastModifiedDate":"2024-11-10","isFullCredit":false},{"lineNumber":39,"author":{"gitId":"jianjunruan"},"content":"                     * To handle specific commands","lastModifiedDate":"2024-11-10","isFullCredit":false},{"lineNumber":40,"author":{"gitId":"jianjunruan"},"content":"                     */","lastModifiedDate":"2024-11-10","isFullCredit":false},{"lineNumber":41,"author":{"gitId":"jianjunruan"},"content":"                    if (trimedLine.startsWith(\"mark\")) {","lastModifiedDate":"2024-11-10","isFullCredit":false},{"lineNumber":42,"author":{"gitId":"jianjunruan"},"content":"","lastModifiedDate":"2024-11-10","isFullCredit":false},{"lineNumber":43,"author":{"gitId":"jianjunruan"},"content":"                        //get index of task","lastModifiedDate":"2024-11-10","isFullCredit":false},{"lineNumber":44,"author":{"gitId":"jianjunruan"},"content":"                        int taskIndex \u003d Integer.parseInt(line.split(\" \")[1]) - 1;","lastModifiedDate":"2024-11-10","isFullCredit":false},{"lineNumber":45,"author":{"gitId":"jianjunruan"},"content":"                        //mark item","lastModifiedDate":"2024-11-10","isFullCredit":false},{"lineNumber":46,"author":{"gitId":"jianjunruan"},"content":"                        taskList.markTask(taskIndex);","lastModifiedDate":"2024-11-10","isFullCredit":false},{"lineNumber":47,"author":{"gitId":"jianjunruan"},"content":"","lastModifiedDate":"2024-11-10","isFullCredit":false},{"lineNumber":48,"author":{"gitId":"jianjunruan"},"content":"                    } else if (trimedLine.startsWith(\"unmark\")) {","lastModifiedDate":"2024-11-10","isFullCredit":false},{"lineNumber":49,"author":{"gitId":"jianjunruan"},"content":"","lastModifiedDate":"2024-11-10","isFullCredit":false},{"lineNumber":50,"author":{"gitId":"jianjunruan"},"content":"                        //get index of task","lastModifiedDate":"2024-11-10","isFullCredit":false},{"lineNumber":51,"author":{"gitId":"jianjunruan"},"content":"                        int taskIndex \u003d Integer.parseInt(line.split(\" \")[1]) - 1;","lastModifiedDate":"2024-11-10","isFullCredit":false},{"lineNumber":52,"author":{"gitId":"jianjunruan"},"content":"                        taskList.unmarkTask(taskIndex);","lastModifiedDate":"2024-11-10","isFullCredit":false},{"lineNumber":53,"author":{"gitId":"jianjunruan"},"content":"","lastModifiedDate":"2024-10-20","isFullCredit":false},{"lineNumber":54,"author":{"gitId":"jianjunruan"},"content":"                    } else if (line.toLowerCase().startsWith(\"delete\")) {","lastModifiedDate":"2024-11-10","isFullCredit":false},{"lineNumber":55,"author":{"gitId":"jianjunruan"},"content":"","lastModifiedDate":"2024-10-20","isFullCredit":false},{"lineNumber":56,"author":{"gitId":"jianjunruan"},"content":"                        //get index of task","lastModifiedDate":"2024-11-10","isFullCredit":false},{"lineNumber":57,"author":{"gitId":"jianjunruan"},"content":"                        int taskIndex \u003d Integer.parseInt(line.split(\" \")[1]) - 1;","lastModifiedDate":"2024-11-10","isFullCredit":false},{"lineNumber":58,"author":{"gitId":"jianjunruan"},"content":"                        taskList.deleteTask(taskIndex);","lastModifiedDate":"2024-11-10","isFullCredit":false},{"lineNumber":59,"author":{"gitId":"jianjunruan"},"content":"","lastModifiedDate":"2024-11-10","isFullCredit":false},{"lineNumber":60,"author":{"gitId":"jianjunruan"},"content":"                    } else if (trimedLine.equals(\"list\")) {","lastModifiedDate":"2024-11-10","isFullCredit":false},{"lineNumber":61,"author":{"gitId":"jianjunruan"},"content":"","lastModifiedDate":"2024-11-10","isFullCredit":false},{"lineNumber":62,"author":{"gitId":"jianjunruan"},"content":"                        //print task list when list command is input","lastModifiedDate":"2024-11-10","isFullCredit":false},{"lineNumber":63,"author":{"gitId":"jianjunruan"},"content":"                        taskList.printList();","lastModifiedDate":"2024-10-20","isFullCredit":false},{"lineNumber":64,"author":{"gitId":"jianjunruan"},"content":"","lastModifiedDate":"2024-11-10","isFullCredit":false},{"lineNumber":65,"author":{"gitId":"jianjunruan"},"content":"                    } else if (trimedLine.startsWith(\"todo\")) {","lastModifiedDate":"2024-11-10","isFullCredit":false},{"lineNumber":66,"author":{"gitId":"jianjunruan"},"content":"                        ","lastModifiedDate":"2024-11-10","isFullCredit":false},{"lineNumber":67,"author":{"gitId":"jianjunruan"},"content":"                        //add todo task","lastModifiedDate":"2024-11-10","isFullCredit":false},{"lineNumber":68,"author":{"gitId":"jianjunruan"},"content":"                        taskList.addTodo(line.replace(\"todo \", \"\"));","lastModifiedDate":"2024-11-10","isFullCredit":false},{"lineNumber":69,"author":{"gitId":"jianjunruan"},"content":"","lastModifiedDate":"2024-11-10","isFullCredit":false},{"lineNumber":70,"author":{"gitId":"jianjunruan"},"content":"                    } else if (trimedLine.startsWith(\"deadline\")) {","lastModifiedDate":"2024-11-10","isFullCredit":false},{"lineNumber":71,"author":{"gitId":"jianjunruan"},"content":"","lastModifiedDate":"2024-11-10","isFullCredit":false},{"lineNumber":72,"author":{"gitId":"jianjunruan"},"content":"                        String[] datas \u003d line.replace(\"deadline \", \"\").split(\" /by \");","lastModifiedDate":"2024-11-10","isFullCredit":false},{"lineNumber":73,"author":{"gitId":"jianjunruan"},"content":"","lastModifiedDate":"2024-11-10","isFullCredit":false},{"lineNumber":74,"author":{"gitId":"jianjunruan"},"content":"                        if(datas.length \u003c 2){","lastModifiedDate":"2024-11-10","isFullCredit":false},{"lineNumber":75,"author":{"gitId":"jianjunruan"},"content":"                            throw new RuanException(ErrorType.UNKNOWN_DESCRIPTION);","lastModifiedDate":"2024-11-10","isFullCredit":false},{"lineNumber":76,"author":{"gitId":"jianjunruan"},"content":"                        }","lastModifiedDate":"2024-09-03","isFullCredit":false},{"lineNumber":77,"author":{"gitId":"jianjunruan"},"content":"                        ","lastModifiedDate":"2024-08-27","isFullCredit":false},{"lineNumber":78,"author":{"gitId":"jianjunruan"},"content":"                        //add deadline task","lastModifiedDate":"2024-11-10","isFullCredit":false},{"lineNumber":79,"author":{"gitId":"jianjunruan"},"content":"                        taskList.addDeadline(datas[0], datas[1]);","lastModifiedDate":"2024-11-10","isFullCredit":false},{"lineNumber":80,"author":{"gitId":"jianjunruan"},"content":"","lastModifiedDate":"2024-11-10","isFullCredit":false},{"lineNumber":81,"author":{"gitId":"jianjunruan"},"content":"                    } else if (trimedLine.startsWith(\"event\")) {","lastModifiedDate":"2024-11-10","isFullCredit":false},{"lineNumber":82,"author":{"gitId":"jianjunruan"},"content":"","lastModifiedDate":"2024-11-10","isFullCredit":false},{"lineNumber":83,"author":{"gitId":"jianjunruan"},"content":"                        String[] datas \u003d line.replace(\"event \", \"\").split(\" /from | /to \");","lastModifiedDate":"2024-11-10","isFullCredit":false},{"lineNumber":84,"author":{"gitId":"jianjunruan"},"content":"","lastModifiedDate":"2024-11-10","isFullCredit":false},{"lineNumber":85,"author":{"gitId":"jianjunruan"},"content":"                        if(datas.length \u003c 3){","lastModifiedDate":"2024-11-10","isFullCredit":false},{"lineNumber":86,"author":{"gitId":"jianjunruan"},"content":"                            throw new RuanException(ErrorType.UNKNOWN_DESCRIPTION);","lastModifiedDate":"2024-11-10","isFullCredit":false},{"lineNumber":87,"author":{"gitId":"jianjunruan"},"content":"                        }","lastModifiedDate":"2024-08-27","isFullCredit":false},{"lineNumber":88,"author":{"gitId":"jianjunruan"},"content":"","lastModifiedDate":"2024-11-10","isFullCredit":false},{"lineNumber":89,"author":{"gitId":"jianjunruan"},"content":"                        //add event task","lastModifiedDate":"2024-11-10","isFullCredit":false},{"lineNumber":90,"author":{"gitId":"jianjunruan"},"content":"                        taskList.addEvent(datas[0], datas[1], datas[2]);","lastModifiedDate":"2024-11-10","isFullCredit":false},{"lineNumber":91,"author":{"gitId":"jianjunruan"},"content":"","lastModifiedDate":"2024-11-10","isFullCredit":false},{"lineNumber":92,"author":{"gitId":"jianjunruan"},"content":"                    }else {","lastModifiedDate":"2024-11-10","isFullCredit":false},{"lineNumber":93,"author":{"gitId":"jianjunruan"},"content":"","lastModifiedDate":"2024-11-10","isFullCredit":false},{"lineNumber":94,"author":{"gitId":"jianjunruan"},"content":"                        throw new RuanException(ErrorType.UNKNOWN_DESCRIPTION);","lastModifiedDate":"2024-11-10","isFullCredit":false},{"lineNumber":95,"author":{"gitId":"jianjunruan"},"content":"","lastModifiedDate":"2024-11-10","isFullCredit":false},{"lineNumber":96,"author":{"gitId":"jianjunruan"},"content":"                    }","lastModifiedDate":"2024-08-27","isFullCredit":false},{"lineNumber":97,"author":{"gitId":"jianjunruan"},"content":"","lastModifiedDate":"2024-09-03","isFullCredit":false},{"lineNumber":98,"author":{"gitId":"jianjunruan"},"content":"                } catch (RuanException e) {","lastModifiedDate":"2024-11-10","isFullCredit":false},{"lineNumber":99,"author":{"gitId":"jianjunruan"},"content":"","lastModifiedDate":"2024-11-10","isFullCredit":false},{"lineNumber":100,"author":{"gitId":"jianjunruan"},"content":"                    String[] lineOut \u003d new String[100];","lastModifiedDate":"2024-11-10","isFullCredit":false},{"lineNumber":101,"author":{"gitId":"jianjunruan"},"content":"                    lineOut[0] \u003d e.getMessage();","lastModifiedDate":"2024-11-10","isFullCredit":false},{"lineNumber":102,"author":{"gitId":"jianjunruan"},"content":"                    //send string array to taskList class to be printed","lastModifiedDate":"2024-11-10","isFullCredit":false},{"lineNumber":103,"author":{"gitId":"jianjunruan"},"content":"                    taskList.print(lineOut);","lastModifiedDate":"2024-11-10","isFullCredit":false},{"lineNumber":104,"author":{"gitId":"jianjunruan"},"content":"","lastModifiedDate":"2024-11-10","isFullCredit":false},{"lineNumber":105,"author":{"gitId":"jianjunruan"},"content":"                }","lastModifiedDate":"2024-11-10","isFullCredit":false},{"lineNumber":106,"author":{"gitId":"jianjunruan"},"content":"            }","lastModifiedDate":"2024-11-10","isFullCredit":false},{"lineNumber":107,"author":{"gitId":"jianjunruan"},"content":"        }","lastModifiedDate":"2024-11-10","isFullCredit":false},{"lineNumber":108,"author":{"gitId":"jianjunruan"},"content":"    }","lastModifiedDate":"2024-08-27","isFullCredit":false},{"lineNumber":109,"author":{"gitId":"jianjunruan"},"content":"}","lastModifiedDate":"2024-08-27","isFullCredit":false}],"authorContributionMap":{"jianjunruan":109}},{"path":"src/main/java/RuanException.java","fileType":"java","lines":[{"lineNumber":1,"author":{"gitId":"jianjunruan"},"content":"/**","lastModifiedDate":"2024-11-10","isFullCredit":false},{"lineNumber":2,"author":{"gitId":"jianjunruan"},"content":" * Class to catch exceptions for Ruan ","lastModifiedDate":"2024-11-10","isFullCredit":false},{"lineNumber":3,"author":{"gitId":"jianjunruan"},"content":" */","lastModifiedDate":"2024-11-10","isFullCredit":false},{"lineNumber":4,"author":{"gitId":"jianjunruan"},"content":"public class RuanException extends Exception {","lastModifiedDate":"2024-11-10","isFullCredit":false},{"lineNumber":5,"author":{"gitId":"jianjunruan"},"content":"    private final ErrorType errorType;","lastModifiedDate":"2024-11-10","isFullCredit":false},{"lineNumber":6,"author":{"gitId":"jianjunruan"},"content":"","lastModifiedDate":"2024-11-10","isFullCredit":false},{"lineNumber":7,"author":{"gitId":"jianjunruan"},"content":"    public RuanException(ErrorType errorType) {","lastModifiedDate":"2024-11-10","isFullCredit":false},{"lineNumber":8,"author":{"gitId":"jianjunruan"},"content":"        //get error message from ErrorType class","lastModifiedDate":"2024-11-10","isFullCredit":false},{"lineNumber":9,"author":{"gitId":"jianjunruan"},"content":"        super(errorType.getMessage());","lastModifiedDate":"2024-11-10","isFullCredit":false},{"lineNumber":10,"author":{"gitId":"jianjunruan"},"content":"        this.errorType \u003d errorType;","lastModifiedDate":"2024-11-10","isFullCredit":false},{"lineNumber":11,"author":{"gitId":"jianjunruan"},"content":"    }","lastModifiedDate":"2024-11-10","isFullCredit":false},{"lineNumber":12,"author":{"gitId":"jianjunruan"},"content":"","lastModifiedDate":"2024-11-10","isFullCredit":false},{"lineNumber":13,"author":{"gitId":"jianjunruan"},"content":"    public ErrorType getErrorType() {","lastModifiedDate":"2024-11-10","isFullCredit":false},{"lineNumber":14,"author":{"gitId":"jianjunruan"},"content":"        return errorType;","lastModifiedDate":"2024-11-10","isFullCredit":false},{"lineNumber":15,"author":{"gitId":"jianjunruan"},"content":"    }","lastModifiedDate":"2024-11-10","isFullCredit":false},{"lineNumber":16,"author":{"gitId":"jianjunruan"},"content":"}","lastModifiedDate":"2024-11-10","isFullCredit":false}],"authorContributionMap":{"jianjunruan":16}},{"path":"src/main/java/Task.java","fileType":"java","lines":[{"lineNumber":1,"author":{"gitId":"jianjunruan"},"content":"/**","lastModifiedDate":"2024-11-10","isFullCredit":false},{"lineNumber":2,"author":{"gitId":"jianjunruan"},"content":" * Class to handle all task actions from instructions/commands","lastModifiedDate":"2024-11-10","isFullCredit":false},{"lineNumber":3,"author":{"gitId":"jianjunruan"},"content":" */","lastModifiedDate":"2024-11-10","isFullCredit":false},{"lineNumber":4,"author":{"gitId":"jianjunruan"},"content":"public class Task {","lastModifiedDate":"2024-10-20","isFullCredit":false},{"lineNumber":5,"author":{"gitId":"jianjunruan"},"content":"    protected String description;","lastModifiedDate":"2024-10-20","isFullCredit":false},{"lineNumber":6,"author":{"gitId":"jianjunruan"},"content":"    protected boolean isDone;","lastModifiedDate":"2024-10-20","isFullCredit":false},{"lineNumber":7,"author":{"gitId":"jianjunruan"},"content":"","lastModifiedDate":"2024-10-20","isFullCredit":false},{"lineNumber":8,"author":{"gitId":"jianjunruan"},"content":"    public Task(String description) {","lastModifiedDate":"2024-10-20","isFullCredit":false},{"lineNumber":9,"author":{"gitId":"jianjunruan"},"content":"        this.description \u003d description;","lastModifiedDate":"2024-10-20","isFullCredit":false},{"lineNumber":10,"author":{"gitId":"jianjunruan"},"content":"        //set all item to not done by default","lastModifiedDate":"2024-11-10","isFullCredit":false},{"lineNumber":11,"author":{"gitId":"jianjunruan"},"content":"        this.isDone \u003d false;","lastModifiedDate":"2024-11-10","isFullCredit":false},{"lineNumber":12,"author":{"gitId":"jianjunruan"},"content":"    }","lastModifiedDate":"2024-10-20","isFullCredit":false},{"lineNumber":13,"author":{"gitId":"jianjunruan"},"content":"","lastModifiedDate":"2024-10-20","isFullCredit":false},{"lineNumber":14,"author":{"gitId":"jianjunruan"},"content":"    public String getStatusIcon() {","lastModifiedDate":"2024-10-20","isFullCredit":false},{"lineNumber":15,"author":{"gitId":"jianjunruan"},"content":"        //return task status","lastModifiedDate":"2024-11-10","isFullCredit":false},{"lineNumber":16,"author":{"gitId":"jianjunruan"},"content":"        return (isDone ? \"X\" : \" \");","lastModifiedDate":"2024-10-20","isFullCredit":false},{"lineNumber":17,"author":{"gitId":"jianjunruan"},"content":"    }","lastModifiedDate":"2024-10-20","isFullCredit":false},{"lineNumber":18,"author":{"gitId":"jianjunruan"},"content":"","lastModifiedDate":"2024-10-20","isFullCredit":false},{"lineNumber":19,"author":{"gitId":"jianjunruan"},"content":"    ","lastModifiedDate":"2024-11-10","isFullCredit":false},{"lineNumber":20,"author":{"gitId":"jianjunruan"},"content":"    public void markDone() {","lastModifiedDate":"2024-10-20","isFullCredit":false},{"lineNumber":21,"author":{"gitId":"jianjunruan"},"content":"        //mark item as done","lastModifiedDate":"2024-11-10","isFullCredit":false},{"lineNumber":22,"author":{"gitId":"jianjunruan"},"content":"        isDone \u003d true; ","lastModifiedDate":"2024-10-20","isFullCredit":false},{"lineNumber":23,"author":{"gitId":"jianjunruan"},"content":"    }","lastModifiedDate":"2024-10-20","isFullCredit":false},{"lineNumber":24,"author":{"gitId":"jianjunruan"},"content":"","lastModifiedDate":"2024-10-20","isFullCredit":false},{"lineNumber":25,"author":{"gitId":"jianjunruan"},"content":"    ","lastModifiedDate":"2024-11-10","isFullCredit":false},{"lineNumber":26,"author":{"gitId":"jianjunruan"},"content":"    public void unmarkDone() {","lastModifiedDate":"2024-10-20","isFullCredit":false},{"lineNumber":27,"author":{"gitId":"jianjunruan"},"content":"        //unmark item, set not done","lastModifiedDate":"2024-11-10","isFullCredit":false},{"lineNumber":28,"author":{"gitId":"jianjunruan"},"content":"        isDone \u003d false; ","lastModifiedDate":"2024-10-20","isFullCredit":false},{"lineNumber":29,"author":{"gitId":"jianjunruan"},"content":"    }","lastModifiedDate":"2024-10-20","isFullCredit":false},{"lineNumber":30,"author":{"gitId":"jianjunruan"},"content":"","lastModifiedDate":"2024-10-20","isFullCredit":false},{"lineNumber":31,"author":{"gitId":"jianjunruan"},"content":"    @Override","lastModifiedDate":"2024-10-20","isFullCredit":false},{"lineNumber":32,"author":{"gitId":"jianjunruan"},"content":"    public String toString() {","lastModifiedDate":"2024-10-20","isFullCredit":false},{"lineNumber":33,"author":{"gitId":"jianjunruan"},"content":"        //return formatted string","lastModifiedDate":"2024-11-10","isFullCredit":false},{"lineNumber":34,"author":{"gitId":"jianjunruan"},"content":"        return \"[\" + getStatusIcon() + \"] \" + description; ","lastModifiedDate":"2024-10-20","isFullCredit":false},{"lineNumber":35,"author":{"gitId":"jianjunruan"},"content":"    }","lastModifiedDate":"2024-10-20","isFullCredit":false},{"lineNumber":36,"author":{"gitId":"jianjunruan"},"content":"}","lastModifiedDate":"2024-10-20","isFullCredit":false}],"authorContributionMap":{"jianjunruan":36}},{"path":"src/main/java/TaskList.java","fileType":"java","lines":[{"lineNumber":1,"author":{"gitId":"jianjunruan"},"content":"import java.util.ArrayList;","lastModifiedDate":"2024-11-10","isFullCredit":false},{"lineNumber":2,"author":{"gitId":"jianjunruan"},"content":"","lastModifiedDate":"2024-11-10","isFullCredit":false},{"lineNumber":3,"author":{"gitId":"jianjunruan"},"content":"/**","lastModifiedDate":"2024-11-10","isFullCredit":false},{"lineNumber":4,"author":{"gitId":"jianjunruan"},"content":" * Class to handle list of task","lastModifiedDate":"2024-11-10","isFullCredit":false},{"lineNumber":5,"author":{"gitId":"jianjunruan"},"content":" */","lastModifiedDate":"2024-11-10","isFullCredit":false},{"lineNumber":6,"author":{"gitId":"jianjunruan"},"content":"public class TaskList {","lastModifiedDate":"2024-10-20","isFullCredit":false},{"lineNumber":7,"author":{"gitId":"jianjunruan"},"content":"    private ArrayList\u003cTask\u003e tasks;","lastModifiedDate":"2024-11-10","isFullCredit":false},{"lineNumber":8,"author":{"gitId":"jianjunruan"},"content":"","lastModifiedDate":"2024-10-20","isFullCredit":false},{"lineNumber":9,"author":{"gitId":"jianjunruan"},"content":"    public TaskList() {","lastModifiedDate":"2024-10-20","isFullCredit":false},{"lineNumber":10,"author":{"gitId":"jianjunruan"},"content":"        this.tasks \u003d new ArrayList\u003c\u003e();","lastModifiedDate":"2024-11-10","isFullCredit":false},{"lineNumber":11,"author":{"gitId":"jianjunruan"},"content":"    }","lastModifiedDate":"2024-11-10","isFullCredit":false},{"lineNumber":12,"author":{"gitId":"jianjunruan"},"content":"","lastModifiedDate":"2024-11-10","isFullCredit":false},{"lineNumber":13,"author":{"gitId":"jianjunruan"},"content":"   ","lastModifiedDate":"2024-11-10","isFullCredit":false},{"lineNumber":14,"author":{"gitId":"jianjunruan"},"content":"    public void addTodo(String description) throws RuanException {","lastModifiedDate":"2024-11-10","isFullCredit":false},{"lineNumber":15,"author":{"gitId":"jianjunruan"},"content":"","lastModifiedDate":"2024-11-10","isFullCredit":false},{"lineNumber":16,"author":{"gitId":"jianjunruan"},"content":"        if (description.isBlank()) {","lastModifiedDate":"2024-11-10","isFullCredit":false},{"lineNumber":17,"author":{"gitId":"jianjunruan"},"content":"            throw new RuanException(ErrorType.EMPTY_DESCRIPTION);","lastModifiedDate":"2024-11-10","isFullCredit":false},{"lineNumber":18,"author":{"gitId":"jianjunruan"},"content":"        }","lastModifiedDate":"2024-11-10","isFullCredit":false},{"lineNumber":19,"author":{"gitId":"jianjunruan"},"content":"","lastModifiedDate":"2024-11-10","isFullCredit":false},{"lineNumber":20,"author":{"gitId":"jianjunruan"},"content":"        //add todo task","lastModifiedDate":"2024-11-10","isFullCredit":false},{"lineNumber":21,"author":{"gitId":"jianjunruan"},"content":"        tasks.add(new Todo(description));","lastModifiedDate":"2024-11-10","isFullCredit":false},{"lineNumber":22,"author":{"gitId":"jianjunruan"},"content":"","lastModifiedDate":"2024-11-10","isFullCredit":false},{"lineNumber":23,"author":{"gitId":"jianjunruan"},"content":"        //send task string to be formatted \u0026 be printed","lastModifiedDate":"2024-11-10","isFullCredit":false},{"lineNumber":24,"author":{"gitId":"jianjunruan"},"content":"        printTaskAdded(tasks.get(tasks.size() - 1));","lastModifiedDate":"2024-11-10","isFullCredit":false},{"lineNumber":25,"author":{"gitId":"jianjunruan"},"content":"","lastModifiedDate":"2024-11-10","isFullCredit":false},{"lineNumber":26,"author":{"gitId":"jianjunruan"},"content":"    }","lastModifiedDate":"2024-11-10","isFullCredit":false},{"lineNumber":27,"author":{"gitId":"jianjunruan"},"content":"","lastModifiedDate":"2024-11-10","isFullCredit":false},{"lineNumber":28,"author":{"gitId":"jianjunruan"},"content":"    public void addDeadline(String description, String by) throws RuanException {","lastModifiedDate":"2024-11-10","isFullCredit":false},{"lineNumber":29,"author":{"gitId":"jianjunruan"},"content":"","lastModifiedDate":"2024-11-10","isFullCredit":false},{"lineNumber":30,"author":{"gitId":"jianjunruan"},"content":"        if (description.isBlank()) {","lastModifiedDate":"2024-11-10","isFullCredit":false},{"lineNumber":31,"author":{"gitId":"jianjunruan"},"content":"            throw new RuanException(ErrorType.EMPTY_DESCRIPTION);","lastModifiedDate":"2024-11-10","isFullCredit":false},{"lineNumber":32,"author":{"gitId":"jianjunruan"},"content":"        }","lastModifiedDate":"2024-11-10","isFullCredit":false},{"lineNumber":33,"author":{"gitId":"jianjunruan"},"content":"","lastModifiedDate":"2024-11-10","isFullCredit":false},{"lineNumber":34,"author":{"gitId":"jianjunruan"},"content":"        if (by.isBlank()) {","lastModifiedDate":"2024-11-10","isFullCredit":false},{"lineNumber":35,"author":{"gitId":"jianjunruan"},"content":"            throw new RuanException(ErrorType.MISSING_DEADLINE);","lastModifiedDate":"2024-11-10","isFullCredit":false},{"lineNumber":36,"author":{"gitId":"jianjunruan"},"content":"        }","lastModifiedDate":"2024-11-10","isFullCredit":false},{"lineNumber":37,"author":{"gitId":"jianjunruan"},"content":"","lastModifiedDate":"2024-11-10","isFullCredit":false},{"lineNumber":38,"author":{"gitId":"jianjunruan"},"content":"        //add deadline task","lastModifiedDate":"2024-11-10","isFullCredit":false},{"lineNumber":39,"author":{"gitId":"jianjunruan"},"content":"        tasks.add(new Deadline(description, by));","lastModifiedDate":"2024-11-10","isFullCredit":false},{"lineNumber":40,"author":{"gitId":"jianjunruan"},"content":"","lastModifiedDate":"2024-11-10","isFullCredit":false},{"lineNumber":41,"author":{"gitId":"jianjunruan"},"content":"        //send task string to be formatted and be printed","lastModifiedDate":"2024-11-10","isFullCredit":false},{"lineNumber":42,"author":{"gitId":"jianjunruan"},"content":"        printTaskAdded(tasks.get(tasks.size() - 1));","lastModifiedDate":"2024-11-10","isFullCredit":false},{"lineNumber":43,"author":{"gitId":"jianjunruan"},"content":"        ","lastModifiedDate":"2024-11-10","isFullCredit":false},{"lineNumber":44,"author":{"gitId":"jianjunruan"},"content":"    }","lastModifiedDate":"2024-10-20","isFullCredit":false},{"lineNumber":45,"author":{"gitId":"jianjunruan"},"content":"","lastModifiedDate":"2024-10-20","isFullCredit":false},{"lineNumber":46,"author":{"gitId":"jianjunruan"},"content":"    public void addEvent(String description, String from, String to) throws RuanException {","lastModifiedDate":"2024-11-10","isFullCredit":false},{"lineNumber":47,"author":{"gitId":"jianjunruan"},"content":"        ","lastModifiedDate":"2024-11-10","isFullCredit":false},{"lineNumber":48,"author":{"gitId":"jianjunruan"},"content":"        if (description.isBlank()) {","lastModifiedDate":"2024-11-10","isFullCredit":false},{"lineNumber":49,"author":{"gitId":"jianjunruan"},"content":"            throw new RuanException(ErrorType.EMPTY_DESCRIPTION);","lastModifiedDate":"2024-11-10","isFullCredit":false},{"lineNumber":50,"author":{"gitId":"jianjunruan"},"content":"        }","lastModifiedDate":"2024-11-10","isFullCredit":false},{"lineNumber":51,"author":{"gitId":"jianjunruan"},"content":"","lastModifiedDate":"2024-11-10","isFullCredit":false},{"lineNumber":52,"author":{"gitId":"jianjunruan"},"content":"        if (from.isBlank() || to.isBlank()) {","lastModifiedDate":"2024-11-10","isFullCredit":false},{"lineNumber":53,"author":{"gitId":"jianjunruan"},"content":"            throw new RuanException(ErrorType.MISSING_EVENT_TIMES);","lastModifiedDate":"2024-11-10","isFullCredit":false},{"lineNumber":54,"author":{"gitId":"jianjunruan"},"content":"        }","lastModifiedDate":"2024-11-10","isFullCredit":false},{"lineNumber":55,"author":{"gitId":"jianjunruan"},"content":"","lastModifiedDate":"2024-11-10","isFullCredit":false},{"lineNumber":56,"author":{"gitId":"jianjunruan"},"content":"        //add event task","lastModifiedDate":"2024-11-10","isFullCredit":false},{"lineNumber":57,"author":{"gitId":"jianjunruan"},"content":"        tasks.add(new Event(description, from, to));","lastModifiedDate":"2024-11-10","isFullCredit":false},{"lineNumber":58,"author":{"gitId":"jianjunruan"},"content":"","lastModifiedDate":"2024-11-10","isFullCredit":false},{"lineNumber":59,"author":{"gitId":"jianjunruan"},"content":"        //send task string to be formatted and be printed","lastModifiedDate":"2024-11-10","isFullCredit":false},{"lineNumber":60,"author":{"gitId":"jianjunruan"},"content":"        printTaskAdded(tasks.get(tasks.size() - 1));","lastModifiedDate":"2024-11-10","isFullCredit":false},{"lineNumber":61,"author":{"gitId":"jianjunruan"},"content":"","lastModifiedDate":"2024-11-10","isFullCredit":false},{"lineNumber":62,"author":{"gitId":"jianjunruan"},"content":"    }","lastModifiedDate":"2024-11-10","isFullCredit":false},{"lineNumber":63,"author":{"gitId":"jianjunruan"},"content":"","lastModifiedDate":"2024-11-10","isFullCredit":false},{"lineNumber":64,"author":{"gitId":"jianjunruan"},"content":"","lastModifiedDate":"2024-11-10","isFullCredit":false},{"lineNumber":65,"author":{"gitId":"jianjunruan"},"content":"    ","lastModifiedDate":"2024-11-10","isFullCredit":false},{"lineNumber":66,"author":{"gitId":"jianjunruan"},"content":"    public void addTask(String description){","lastModifiedDate":"2024-10-20","isFullCredit":false},{"lineNumber":67,"author":{"gitId":"jianjunruan"},"content":"        ","lastModifiedDate":"2024-11-10","isFullCredit":false},{"lineNumber":68,"author":{"gitId":"jianjunruan"},"content":"        tasks.add(new Task(description));","lastModifiedDate":"2024-11-10","isFullCredit":false},{"lineNumber":69,"author":{"gitId":"jianjunruan"},"content":"","lastModifiedDate":"2024-11-10","isFullCredit":false},{"lineNumber":70,"author":{"gitId":"jianjunruan"},"content":"        String[] lineOut \u003d new String[100];","lastModifiedDate":"2024-10-20","isFullCredit":false},{"lineNumber":71,"author":{"gitId":"jianjunruan"},"content":"        lineOut[0] \u003d \"added: \" + description;","lastModifiedDate":"2024-10-20","isFullCredit":false},{"lineNumber":72,"author":{"gitId":"jianjunruan"},"content":"        //send string array to be printed","lastModifiedDate":"2024-11-10","isFullCredit":false},{"lineNumber":73,"author":{"gitId":"jianjunruan"},"content":"        print(lineOut);","lastModifiedDate":"2024-10-20","isFullCredit":false},{"lineNumber":74,"author":{"gitId":"jianjunruan"},"content":"","lastModifiedDate":"2024-11-10","isFullCredit":false},{"lineNumber":75,"author":{"gitId":"jianjunruan"},"content":"    }","lastModifiedDate":"2024-11-10","isFullCredit":false},{"lineNumber":76,"author":{"gitId":"jianjunruan"},"content":"","lastModifiedDate":"2024-11-10","isFullCredit":false},{"lineNumber":77,"author":{"gitId":"jianjunruan"},"content":"    ","lastModifiedDate":"2024-11-10","isFullCredit":false},{"lineNumber":78,"author":{"gitId":"jianjunruan"},"content":"    public void markTask(int index) throws RuanException {","lastModifiedDate":"2024-11-10","isFullCredit":false},{"lineNumber":79,"author":{"gitId":"jianjunruan"},"content":"","lastModifiedDate":"2024-11-10","isFullCredit":false},{"lineNumber":80,"author":{"gitId":"jianjunruan"},"content":"        if (index \u003c 0 || index \u003e\u003d tasks.size()) {","lastModifiedDate":"2024-11-10","isFullCredit":false},{"lineNumber":81,"author":{"gitId":"jianjunruan"},"content":"            throw new RuanException(ErrorType.INVALID_TASK_NUMBER);","lastModifiedDate":"2024-11-10","isFullCredit":false},{"lineNumber":82,"author":{"gitId":"jianjunruan"},"content":"        }","lastModifiedDate":"2024-10-20","isFullCredit":false},{"lineNumber":83,"author":{"gitId":"jianjunruan"},"content":"","lastModifiedDate":"2024-10-20","isFullCredit":false},{"lineNumber":84,"author":{"gitId":"jianjunruan"},"content":"        tasks.get(index).markDone();","lastModifiedDate":"2024-11-10","isFullCredit":false},{"lineNumber":85,"author":{"gitId":"jianjunruan"},"content":"","lastModifiedDate":"2024-11-10","isFullCredit":false},{"lineNumber":86,"author":{"gitId":"jianjunruan"},"content":"        String[] lineOut \u003d new String[100];","lastModifiedDate":"2024-10-20","isFullCredit":false},{"lineNumber":87,"author":{"gitId":"jianjunruan"},"content":"        lineOut[0] \u003d \"Nice! I\u0027ve marked this task as done:\";","lastModifiedDate":"2024-10-20","isFullCredit":false},{"lineNumber":88,"author":{"gitId":"jianjunruan"},"content":"        lineOut[1] \u003d \"  \" + tasks.get(index);","lastModifiedDate":"2024-11-10","isFullCredit":false},{"lineNumber":89,"author":{"gitId":"jianjunruan"},"content":"        //send string array to be printed","lastModifiedDate":"2024-11-10","isFullCredit":false},{"lineNumber":90,"author":{"gitId":"jianjunruan"},"content":"        print(lineOut);","lastModifiedDate":"2024-10-20","isFullCredit":false},{"lineNumber":91,"author":{"gitId":"jianjunruan"},"content":"","lastModifiedDate":"2024-11-10","isFullCredit":false},{"lineNumber":92,"author":{"gitId":"jianjunruan"},"content":"    }","lastModifiedDate":"2024-10-20","isFullCredit":false},{"lineNumber":93,"author":{"gitId":"jianjunruan"},"content":"","lastModifiedDate":"2024-11-10","isFullCredit":false},{"lineNumber":94,"author":{"gitId":"jianjunruan"},"content":"    ","lastModifiedDate":"2024-11-10","isFullCredit":false},{"lineNumber":95,"author":{"gitId":"jianjunruan"},"content":"    public void unmarkTask(int index) throws RuanException {","lastModifiedDate":"2024-11-10","isFullCredit":false},{"lineNumber":96,"author":{"gitId":"jianjunruan"},"content":"","lastModifiedDate":"2024-11-10","isFullCredit":false},{"lineNumber":97,"author":{"gitId":"jianjunruan"},"content":"        if (index \u003c 0 || index \u003e\u003d tasks.size()) {","lastModifiedDate":"2024-11-10","isFullCredit":false},{"lineNumber":98,"author":{"gitId":"jianjunruan"},"content":"            throw new RuanException(ErrorType.INVALID_TASK_NUMBER);","lastModifiedDate":"2024-11-10","isFullCredit":false},{"lineNumber":99,"author":{"gitId":"jianjunruan"},"content":"        }","lastModifiedDate":"2024-10-20","isFullCredit":false},{"lineNumber":100,"author":{"gitId":"jianjunruan"},"content":"","lastModifiedDate":"2024-10-20","isFullCredit":false},{"lineNumber":101,"author":{"gitId":"jianjunruan"},"content":"        tasks.get(index).unmarkDone();","lastModifiedDate":"2024-11-10","isFullCredit":false},{"lineNumber":102,"author":{"gitId":"jianjunruan"},"content":"","lastModifiedDate":"2024-11-10","isFullCredit":false},{"lineNumber":103,"author":{"gitId":"jianjunruan"},"content":"        String[] lineOut \u003d new String[100];","lastModifiedDate":"2024-10-20","isFullCredit":false},{"lineNumber":104,"author":{"gitId":"jianjunruan"},"content":"        lineOut[0] \u003d \"OK, I\u0027ve marked this task as not done yet:\";","lastModifiedDate":"2024-10-20","isFullCredit":false},{"lineNumber":105,"author":{"gitId":"jianjunruan"},"content":"        lineOut[1] \u003d \"  \" + tasks.get(index);","lastModifiedDate":"2024-11-10","isFullCredit":false},{"lineNumber":106,"author":{"gitId":"jianjunruan"},"content":"        //send string array to be printed","lastModifiedDate":"2024-11-10","isFullCredit":false},{"lineNumber":107,"author":{"gitId":"jianjunruan"},"content":"        print(lineOut);","lastModifiedDate":"2024-10-20","isFullCredit":false},{"lineNumber":108,"author":{"gitId":"jianjunruan"},"content":"","lastModifiedDate":"2024-11-10","isFullCredit":false},{"lineNumber":109,"author":{"gitId":"jianjunruan"},"content":"    }","lastModifiedDate":"2024-10-20","isFullCredit":false},{"lineNumber":110,"author":{"gitId":"jianjunruan"},"content":"","lastModifiedDate":"2024-11-10","isFullCredit":false},{"lineNumber":111,"author":{"gitId":"jianjunruan"},"content":"","lastModifiedDate":"2024-11-10","isFullCredit":false},{"lineNumber":112,"author":{"gitId":"jianjunruan"},"content":"    public void deleteTask(int index) throws RuanException {","lastModifiedDate":"2024-11-10","isFullCredit":false},{"lineNumber":113,"author":{"gitId":"jianjunruan"},"content":"","lastModifiedDate":"2024-11-10","isFullCredit":false},{"lineNumber":114,"author":{"gitId":"jianjunruan"},"content":"        if (index \u003c 0 || index \u003e\u003d tasks.size()) {","lastModifiedDate":"2024-11-10","isFullCredit":false},{"lineNumber":115,"author":{"gitId":"jianjunruan"},"content":"            throw new RuanException(ErrorType.INVALID_TASK_NUMBER);","lastModifiedDate":"2024-11-10","isFullCredit":false},{"lineNumber":116,"author":{"gitId":"jianjunruan"},"content":"        }","lastModifiedDate":"2024-10-20","isFullCredit":false},{"lineNumber":117,"author":{"gitId":"jianjunruan"},"content":"","lastModifiedDate":"2024-10-20","isFullCredit":false},{"lineNumber":118,"author":{"gitId":"jianjunruan"},"content":"        Task removedTask \u003d tasks.remove(index);","lastModifiedDate":"2024-11-10","isFullCredit":false},{"lineNumber":119,"author":{"gitId":"jianjunruan"},"content":"","lastModifiedDate":"2024-10-20","isFullCredit":false},{"lineNumber":120,"author":{"gitId":"jianjunruan"},"content":"        String[] lineOut \u003d new String[100];","lastModifiedDate":"2024-10-20","isFullCredit":false},{"lineNumber":121,"author":{"gitId":"jianjunruan"},"content":"        lineOut[0] \u003d \"Noted. I\u0027ve removed this task:\";","lastModifiedDate":"2024-11-10","isFullCredit":false},{"lineNumber":122,"author":{"gitId":"jianjunruan"},"content":"        lineOut[1] \u003d \"  \" + removedTask;","lastModifiedDate":"2024-11-10","isFullCredit":false},{"lineNumber":123,"author":{"gitId":"jianjunruan"},"content":"        lineOut[2] \u003d \"Now you have \" + tasks.size() + \" tasks in the list.\";","lastModifiedDate":"2024-11-10","isFullCredit":false},{"lineNumber":124,"author":{"gitId":"jianjunruan"},"content":"        //send string array to be printed","lastModifiedDate":"2024-11-10","isFullCredit":false},{"lineNumber":125,"author":{"gitId":"jianjunruan"},"content":"        print(lineOut);","lastModifiedDate":"2024-11-10","isFullCredit":false},{"lineNumber":126,"author":{"gitId":"jianjunruan"},"content":"","lastModifiedDate":"2024-11-10","isFullCredit":false},{"lineNumber":127,"author":{"gitId":"jianjunruan"},"content":"    }","lastModifiedDate":"2024-11-10","isFullCredit":false},{"lineNumber":128,"author":{"gitId":"jianjunruan"},"content":"","lastModifiedDate":"2024-10-20","isFullCredit":false},{"lineNumber":129,"author":{"gitId":"jianjunruan"},"content":"    ","lastModifiedDate":"2024-10-20","isFullCredit":false},{"lineNumber":130,"author":{"gitId":"jianjunruan"},"content":"    /**","lastModifiedDate":"2024-11-10","isFullCredit":false},{"lineNumber":131,"author":{"gitId":"jianjunruan"},"content":"     * Function to print whole task list","lastModifiedDate":"2024-11-10","isFullCredit":false},{"lineNumber":132,"author":{"gitId":"jianjunruan"},"content":"     */","lastModifiedDate":"2024-11-10","isFullCredit":false},{"lineNumber":133,"author":{"gitId":"jianjunruan"},"content":"    public void printList() {","lastModifiedDate":"2024-11-10","isFullCredit":false},{"lineNumber":134,"author":{"gitId":"jianjunruan"},"content":"","lastModifiedDate":"2024-11-10","isFullCredit":false},{"lineNumber":135,"author":{"gitId":"jianjunruan"},"content":"        if (tasks.isEmpty()) {","lastModifiedDate":"2024-11-10","isFullCredit":false},{"lineNumber":136,"author":{"gitId":"jianjunruan"},"content":"            String[] lineOut \u003d new String[100];","lastModifiedDate":"2024-11-10","isFullCredit":false},{"lineNumber":137,"author":{"gitId":"jianjunruan"},"content":"            lineOut[0] \u003d \"Your task list is currently empty.\";","lastModifiedDate":"2024-11-10","isFullCredit":false},{"lineNumber":138,"author":{"gitId":"jianjunruan"},"content":"            //send string array to be printed","lastModifiedDate":"2024-11-10","isFullCredit":false},{"lineNumber":139,"author":{"gitId":"jianjunruan"},"content":"            print(lineOut);","lastModifiedDate":"2024-11-10","isFullCredit":false},{"lineNumber":140,"author":{"gitId":"jianjunruan"},"content":"            return;","lastModifiedDate":"2024-11-10","isFullCredit":false},{"lineNumber":141,"author":{"gitId":"jianjunruan"},"content":"        }","lastModifiedDate":"2024-10-20","isFullCredit":false},{"lineNumber":142,"author":{"gitId":"jianjunruan"},"content":"","lastModifiedDate":"2024-10-20","isFullCredit":false},{"lineNumber":143,"author":{"gitId":"jianjunruan"},"content":"        String[] lineOut \u003d new String[100];","lastModifiedDate":"2024-11-10","isFullCredit":false},{"lineNumber":144,"author":{"gitId":"jianjunruan"},"content":"        lineOut[0] \u003d \"Here are the tasks in your list:\";","lastModifiedDate":"2024-11-10","isFullCredit":false},{"lineNumber":145,"author":{"gitId":"jianjunruan"},"content":"        for (int i \u003d 0; i \u003c tasks.size(); i++) {","lastModifiedDate":"2024-11-10","isFullCredit":false},{"lineNumber":146,"author":{"gitId":"jianjunruan"},"content":"            lineOut[i + 1] \u003d (i + 1) + \". \" + tasks.get(i);","lastModifiedDate":"2024-11-10","isFullCredit":false},{"lineNumber":147,"author":{"gitId":"jianjunruan"},"content":"        }","lastModifiedDate":"2024-10-20","isFullCredit":false},{"lineNumber":148,"author":{"gitId":"jianjunruan"},"content":"        //send string array to be printed","lastModifiedDate":"2024-11-10","isFullCredit":false},{"lineNumber":149,"author":{"gitId":"jianjunruan"},"content":"        print(lineOut);","lastModifiedDate":"2024-10-20","isFullCredit":false},{"lineNumber":150,"author":{"gitId":"jianjunruan"},"content":"","lastModifiedDate":"2024-11-10","isFullCredit":false},{"lineNumber":151,"author":{"gitId":"jianjunruan"},"content":"    }","lastModifiedDate":"2024-10-20","isFullCredit":false},{"lineNumber":152,"author":{"gitId":"jianjunruan"},"content":"","lastModifiedDate":"2024-10-20","isFullCredit":false},{"lineNumber":153,"author":{"gitId":"jianjunruan"},"content":"    /**","lastModifiedDate":"2024-11-10","isFullCredit":false},{"lineNumber":154,"author":{"gitId":"jianjunruan"},"content":"     * Function to format \u0026 print todo, deadline \u0026 event tasks","lastModifiedDate":"2024-11-10","isFullCredit":false},{"lineNumber":155,"author":{"gitId":"jianjunruan"},"content":"     */","lastModifiedDate":"2024-11-10","isFullCredit":false},{"lineNumber":156,"author":{"gitId":"jianjunruan"},"content":"    private void printTaskAdded(Task task) {","lastModifiedDate":"2024-11-10","isFullCredit":false},{"lineNumber":157,"author":{"gitId":"jianjunruan"},"content":"","lastModifiedDate":"2024-10-20","isFullCredit":false},{"lineNumber":158,"author":{"gitId":"jianjunruan"},"content":"        String[] lineOut \u003d new String[100];","lastModifiedDate":"2024-11-10","isFullCredit":false},{"lineNumber":159,"author":{"gitId":"jianjunruan"},"content":"        lineOut[0] \u003d \"Got it. I\u0027ve added this task:\";","lastModifiedDate":"2024-11-10","isFullCredit":false},{"lineNumber":160,"author":{"gitId":"jianjunruan"},"content":"        lineOut[1] \u003d \"  \" + task;","lastModifiedDate":"2024-11-10","isFullCredit":false},{"lineNumber":161,"author":{"gitId":"jianjunruan"},"content":"        lineOut[2] \u003d \"Now you have \" + tasks.size() + \" tasks in the list.\";","lastModifiedDate":"2024-11-10","isFullCredit":false},{"lineNumber":162,"author":{"gitId":"jianjunruan"},"content":"        //send string array to be printed","lastModifiedDate":"2024-11-10","isFullCredit":false},{"lineNumber":163,"author":{"gitId":"jianjunruan"},"content":"        print(lineOut);","lastModifiedDate":"2024-11-10","isFullCredit":false},{"lineNumber":164,"author":{"gitId":"jianjunruan"},"content":"","lastModifiedDate":"2024-11-10","isFullCredit":false},{"lineNumber":165,"author":{"gitId":"jianjunruan"},"content":"    }","lastModifiedDate":"2024-11-10","isFullCredit":false},{"lineNumber":166,"author":{"gitId":"jianjunruan"},"content":"","lastModifiedDate":"2024-11-10","isFullCredit":false},{"lineNumber":167,"author":{"gitId":"jianjunruan"},"content":"    /**","lastModifiedDate":"2024-11-10","isFullCredit":false},{"lineNumber":168,"author":{"gitId":"jianjunruan"},"content":"     * Function to print string array with line at top \u0026 bottom","lastModifiedDate":"2024-11-10","isFullCredit":false},{"lineNumber":169,"author":{"gitId":"jianjunruan"},"content":"     */","lastModifiedDate":"2024-11-10","isFullCredit":false},{"lineNumber":170,"author":{"gitId":"jianjunruan"},"content":"    public void print(String[] lineOut){","lastModifiedDate":"2024-10-20","isFullCredit":false},{"lineNumber":171,"author":{"gitId":"jianjunruan"},"content":"","lastModifiedDate":"2024-11-10","isFullCredit":false},{"lineNumber":172,"author":{"gitId":"jianjunruan"},"content":"        //to print the header line","lastModifiedDate":"2024-11-10","isFullCredit":false},{"lineNumber":173,"author":{"gitId":"jianjunruan"},"content":"        System.out.println(\"  -----------------------------------\");","lastModifiedDate":"2024-10-20","isFullCredit":false},{"lineNumber":174,"author":{"gitId":"jianjunruan"},"content":"","lastModifiedDate":"2024-11-10","isFullCredit":false},{"lineNumber":175,"author":{"gitId":"jianjunruan"},"content":"        for(String line: lineOut){","lastModifiedDate":"2024-10-20","isFullCredit":false},{"lineNumber":176,"author":{"gitId":"jianjunruan"},"content":"            if(line \u003d\u003d null){","lastModifiedDate":"2024-10-20","isFullCredit":false},{"lineNumber":177,"author":{"gitId":"jianjunruan"},"content":"                //exit this loop when line is null","lastModifiedDate":"2024-11-10","isFullCredit":false},{"lineNumber":178,"author":{"gitId":"jianjunruan"},"content":"                break;","lastModifiedDate":"2024-11-10","isFullCredit":false},{"lineNumber":179,"author":{"gitId":"jianjunruan"},"content":"            }","lastModifiedDate":"2024-10-20","isFullCredit":false},{"lineNumber":180,"author":{"gitId":"jianjunruan"},"content":"            //print each line string in a new line","lastModifiedDate":"2024-11-10","isFullCredit":false},{"lineNumber":181,"author":{"gitId":"jianjunruan"},"content":"            System.out.println(\"  \"+line);","lastModifiedDate":"2024-10-20","isFullCredit":false},{"lineNumber":182,"author":{"gitId":"jianjunruan"},"content":"        }","lastModifiedDate":"2024-10-20","isFullCredit":false},{"lineNumber":183,"author":{"gitId":"jianjunruan"},"content":"","lastModifiedDate":"2024-11-10","isFullCredit":false},{"lineNumber":184,"author":{"gitId":"jianjunruan"},"content":"        //to print the footer line","lastModifiedDate":"2024-11-10","isFullCredit":false},{"lineNumber":185,"author":{"gitId":"jianjunruan"},"content":"        System.out.println(\"  -----------------------------------\");","lastModifiedDate":"2024-10-20","isFullCredit":false},{"lineNumber":186,"author":{"gitId":"jianjunruan"},"content":"","lastModifiedDate":"2024-10-20","isFullCredit":false},{"lineNumber":187,"author":{"gitId":"jianjunruan"},"content":"    }","lastModifiedDate":"2024-11-10","isFullCredit":false},{"lineNumber":188,"author":{"gitId":"jianjunruan"},"content":" ","lastModifiedDate":"2024-10-20","isFullCredit":false},{"lineNumber":189,"author":{"gitId":"jianjunruan"},"content":"}","lastModifiedDate":"2024-10-20","isFullCredit":false}],"authorContributionMap":{"jianjunruan":189}},{"path":"src/main/java/Todo.java","fileType":"java","lines":[{"lineNumber":1,"author":{"gitId":"jianjunruan"},"content":"/**","lastModifiedDate":"2024-11-10","isFullCredit":false},{"lineNumber":2,"author":{"gitId":"jianjunruan"},"content":" * Adding a todo task","lastModifiedDate":"2024-11-10","isFullCredit":false},{"lineNumber":3,"author":{"gitId":"jianjunruan"},"content":" */","lastModifiedDate":"2024-11-10","isFullCredit":false},{"lineNumber":4,"author":{"gitId":"jianjunruan"},"content":"public class Todo extends Task {","lastModifiedDate":"2024-11-10","isFullCredit":false},{"lineNumber":5,"author":{"gitId":"jianjunruan"},"content":"","lastModifiedDate":"2024-11-10","isFullCredit":false},{"lineNumber":6,"author":{"gitId":"jianjunruan"},"content":"    public Todo(String description) {","lastModifiedDate":"2024-11-10","isFullCredit":false},{"lineNumber":7,"author":{"gitId":"jianjunruan"},"content":"        super(description);","lastModifiedDate":"2024-11-10","isFullCredit":false},{"lineNumber":8,"author":{"gitId":"jianjunruan"},"content":"    }","lastModifiedDate":"2024-11-10","isFullCredit":false},{"lineNumber":9,"author":{"gitId":"jianjunruan"},"content":"","lastModifiedDate":"2024-11-10","isFullCredit":false},{"lineNumber":10,"author":{"gitId":"jianjunruan"},"content":"    @Override","lastModifiedDate":"2024-11-10","isFullCredit":false},{"lineNumber":11,"author":{"gitId":"jianjunruan"},"content":"    public String toString() {","lastModifiedDate":"2024-11-10","isFullCredit":false},{"lineNumber":12,"author":{"gitId":"jianjunruan"},"content":"        //return formatted task string","lastModifiedDate":"2024-11-10","isFullCredit":false},{"lineNumber":13,"author":{"gitId":"jianjunruan"},"content":"        return \"[T]\" + super.toString();","lastModifiedDate":"2024-11-10","isFullCredit":false},{"lineNumber":14,"author":{"gitId":"jianjunruan"},"content":"    }","lastModifiedDate":"2024-11-10","isFullCredit":false},{"lineNumber":15,"author":{"gitId":"jianjunruan"},"content":"}","lastModifiedDate":"2024-11-10","isFullCredit":false}],"authorContributionMap":{"jianjunruan":15}}]
