[{"path":"src/main/java/Ruan.java","fileType":"java","lines":[{"lineNumber":1,"author":{"gitId":"jianjunruan"},"content":"import java.util.*;","lastModifiedDate":"2024-08-27","isFullCredit":false},{"lineNumber":2,"author":{"gitId":"jianjunruan"},"content":"public class Ruan {","lastModifiedDate":"2024-08-27","isFullCredit":false},{"lineNumber":3,"author":{"gitId":"jianjunruan"},"content":"","lastModifiedDate":"2024-09-03","isFullCredit":false},{"lineNumber":4,"author":{"gitId":"jianjunruan"},"content":"    public static void printList(String[] taskList){","lastModifiedDate":"2024-09-03","isFullCredit":false},{"lineNumber":5,"author":{"gitId":"jianjunruan"},"content":"        int taskNo \u003d 1;","lastModifiedDate":"2024-09-03","isFullCredit":false},{"lineNumber":6,"author":{"gitId":"jianjunruan"},"content":"        for (String task : taskList) {","lastModifiedDate":"2024-09-03","isFullCredit":false},{"lineNumber":7,"author":{"gitId":"jianjunruan"},"content":"            if(task \u003d\u003d null){","lastModifiedDate":"2024-09-03","isFullCredit":false},{"lineNumber":8,"author":{"gitId":"jianjunruan"},"content":"                return;//exit this function and continue","lastModifiedDate":"2024-09-03","isFullCredit":false},{"lineNumber":9,"author":{"gitId":"jianjunruan"},"content":"            }","lastModifiedDate":"2024-09-03","isFullCredit":false},{"lineNumber":10,"author":{"gitId":"jianjunruan"},"content":"","lastModifiedDate":"2024-09-03","isFullCredit":false},{"lineNumber":11,"author":{"gitId":"jianjunruan"},"content":"            //print only when there is value","lastModifiedDate":"2024-09-03","isFullCredit":false},{"lineNumber":12,"author":{"gitId":"jianjunruan"},"content":"            System.out.println(\"  \"+taskNo+\". \"+task);","lastModifiedDate":"2024-09-03","isFullCredit":false},{"lineNumber":13,"author":{"gitId":"jianjunruan"},"content":"        }","lastModifiedDate":"2024-09-03","isFullCredit":false},{"lineNumber":14,"author":{"gitId":"jianjunruan"},"content":"    }","lastModifiedDate":"2024-09-03","isFullCredit":false},{"lineNumber":15,"author":{"gitId":"jianjunruan"},"content":"    public static void main(String[] args) {","lastModifiedDate":"2024-08-27","isFullCredit":false},{"lineNumber":16,"author":{"gitId":"jianjunruan"},"content":"        // String logo \u003d \" ____        _        \\n\"","lastModifiedDate":"2024-08-27","isFullCredit":false},{"lineNumber":17,"author":{"gitId":"jianjunruan"},"content":"        //         + \"|  _ \\\\ _   _| | _____ \\n\"","lastModifiedDate":"2024-08-27","isFullCredit":false},{"lineNumber":18,"author":{"gitId":"jianjunruan"},"content":"        //         + \"| | | | | | | |/ / _ \\\\\\n\"","lastModifiedDate":"2024-08-27","isFullCredit":false},{"lineNumber":19,"author":{"gitId":"jianjunruan"},"content":"        //         + \"| |_| | |_| |   \u003c  __/\\n\"","lastModifiedDate":"2024-08-27","isFullCredit":false},{"lineNumber":20,"author":{"gitId":"jianjunruan"},"content":"        //         + \"|____/ \\\\__,_|_|\\\\_\\\\___|\\n\";","lastModifiedDate":"2024-08-27","isFullCredit":false},{"lineNumber":21,"author":{"gitId":"jianjunruan"},"content":"        // System.out.println(\"Hello from\\n\" + logo);","lastModifiedDate":"2024-08-27","isFullCredit":false},{"lineNumber":22,"author":{"gitId":"jianjunruan"},"content":"","lastModifiedDate":"2024-08-27","isFullCredit":false},{"lineNumber":23,"author":{"gitId":"jianjunruan"},"content":"        String line \u003d \"\";","lastModifiedDate":"2024-08-27","isFullCredit":false},{"lineNumber":24,"author":{"gitId":"jianjunruan"},"content":"        String[] taskList \u003d new String[100];","lastModifiedDate":"2024-09-03","isFullCredit":false},{"lineNumber":25,"author":{"gitId":"jianjunruan"},"content":"        int listCount \u003d 0;","lastModifiedDate":"2024-09-03","isFullCredit":false},{"lineNumber":26,"author":{"gitId":"jianjunruan"},"content":"        try(Scanner userInput \u003d new Scanner(System.in)){","lastModifiedDate":"2024-08-27","isFullCredit":false},{"lineNumber":27,"author":{"gitId":"jianjunruan"},"content":"","lastModifiedDate":"2024-08-27","isFullCredit":false},{"lineNumber":28,"author":{"gitId":"jianjunruan"},"content":"            System.out.println(\"  -----------------------------------\");","lastModifiedDate":"2024-08-27","isFullCredit":false},{"lineNumber":29,"author":{"gitId":"jianjunruan"},"content":"            System.out.println(\"  Hello, I\u0027m Ruan\\n  What can I do for you?\");","lastModifiedDate":"2024-08-27","isFullCredit":false},{"lineNumber":30,"author":{"gitId":"jianjunruan"},"content":"            System.out.println(\"  -----------------------------------\");","lastModifiedDate":"2024-08-27","isFullCredit":false},{"lineNumber":31,"author":{"gitId":"jianjunruan"},"content":"","lastModifiedDate":"2024-08-27","isFullCredit":false},{"lineNumber":32,"author":{"gitId":"jianjunruan"},"content":"            while(!line.trim().toLowerCase().equals(\"bye\")){","lastModifiedDate":"2024-08-27","isFullCredit":false},{"lineNumber":33,"author":{"gitId":"jianjunruan"},"content":"                line \u003d userInput.nextLine();","lastModifiedDate":"2024-08-27","isFullCredit":false},{"lineNumber":34,"author":{"gitId":"jianjunruan"},"content":"                String lineOut \u003d line;","lastModifiedDate":"2024-08-27","isFullCredit":false},{"lineNumber":35,"author":{"gitId":"jianjunruan"},"content":"","lastModifiedDate":"2024-09-03","isFullCredit":false},{"lineNumber":36,"author":{"gitId":"jianjunruan"},"content":"                //check for \"bye\"","lastModifiedDate":"2024-09-03","isFullCredit":false},{"lineNumber":37,"author":{"gitId":"jianjunruan"},"content":"                if(line.trim().toLowerCase().equals(\"bye\")){","lastModifiedDate":"2024-08-27","isFullCredit":false},{"lineNumber":38,"author":{"gitId":"jianjunruan"},"content":"                    lineOut \u003d \"Bye. Hope to see you again soon!\";","lastModifiedDate":"2024-08-27","isFullCredit":false},{"lineNumber":39,"author":{"gitId":"jianjunruan"},"content":"                }","lastModifiedDate":"2024-08-27","isFullCredit":false},{"lineNumber":40,"author":{"gitId":"jianjunruan"},"content":"                ","lastModifiedDate":"2024-08-27","isFullCredit":false},{"lineNumber":41,"author":{"gitId":"jianjunruan"},"content":"                //add to list when not \"bye\" \u0026 \"list\"","lastModifiedDate":"2024-09-03","isFullCredit":false},{"lineNumber":42,"author":{"gitId":"jianjunruan"},"content":"                if(!line.trim().toLowerCase().equals(\"bye\") \u0026\u0026 !line.trim().toLowerCase().equals(\"list\")){","lastModifiedDate":"2024-09-03","isFullCredit":false},{"lineNumber":43,"author":{"gitId":"jianjunruan"},"content":"                    taskList[listCount] \u003d lineOut;","lastModifiedDate":"2024-09-03","isFullCredit":false},{"lineNumber":44,"author":{"gitId":"jianjunruan"},"content":"                    lineOut \u003d \"added: \"+lineOut;","lastModifiedDate":"2024-09-03","isFullCredit":false},{"lineNumber":45,"author":{"gitId":"jianjunruan"},"content":"                    listCount++;","lastModifiedDate":"2024-09-03","isFullCredit":false},{"lineNumber":46,"author":{"gitId":"jianjunruan"},"content":"                }","lastModifiedDate":"2024-09-03","isFullCredit":false},{"lineNumber":47,"author":{"gitId":"jianjunruan"},"content":"","lastModifiedDate":"2024-09-03","isFullCredit":false},{"lineNumber":48,"author":{"gitId":"jianjunruan"},"content":"                //print results","lastModifiedDate":"2024-09-03","isFullCredit":false},{"lineNumber":49,"author":{"gitId":"jianjunruan"},"content":"                System.out.println(\"  -----------------------------------\");","lastModifiedDate":"2024-08-27","isFullCredit":false},{"lineNumber":50,"author":{"gitId":"jianjunruan"},"content":"                if(line.trim().toLowerCase().equals(\"list\")){","lastModifiedDate":"2024-09-03","isFullCredit":false},{"lineNumber":51,"author":{"gitId":"jianjunruan"},"content":"                    printList(taskList);","lastModifiedDate":"2024-09-03","isFullCredit":false},{"lineNumber":52,"author":{"gitId":"jianjunruan"},"content":"                }else{","lastModifiedDate":"2024-09-03","isFullCredit":false},{"lineNumber":53,"author":{"gitId":"jianjunruan"},"content":"                    System.out.println(\"  \"+lineOut);","lastModifiedDate":"2024-08-27","isFullCredit":false},{"lineNumber":54,"author":{"gitId":"jianjunruan"},"content":"                }","lastModifiedDate":"2024-09-03","isFullCredit":false},{"lineNumber":55,"author":{"gitId":"jianjunruan"},"content":"                System.out.println(\"  -----------------------------------\");","lastModifiedDate":"2024-08-27","isFullCredit":false},{"lineNumber":56,"author":{"gitId":"jianjunruan"},"content":"                ","lastModifiedDate":"2024-08-27","isFullCredit":false},{"lineNumber":57,"author":{"gitId":"jianjunruan"},"content":"            }","lastModifiedDate":"2024-08-27","isFullCredit":false},{"lineNumber":58,"author":{"gitId":"jianjunruan"},"content":"        }","lastModifiedDate":"2024-08-27","isFullCredit":false},{"lineNumber":59,"author":{"gitId":"jianjunruan"},"content":"","lastModifiedDate":"2024-09-03","isFullCredit":false},{"lineNumber":60,"author":{"gitId":"jianjunruan"},"content":"    }","lastModifiedDate":"2024-08-27","isFullCredit":false},{"lineNumber":61,"author":{"gitId":"jianjunruan"},"content":"}","lastModifiedDate":"2024-08-27","isFullCredit":false}],"authorContributionMap":{"jianjunruan":61}}]
