{"authorDailyContributionsMap":{"jianjunruan":[{"date":"2024-08-27","commitResults":[{"hash":"a2db8545dee7224a725fd08ce764c1bec08d0394","isMergeCommit":false,"messageTitle":"REF [level 0] : rename Duke \u0026 skeletal version","messageBody":"","fileTypesAndContributionMap":{"java":{"insertions":16,"deletions":10}}},{"hash":"561ae674b4c7274023e11aae8f62bc3565391174","isMergeCommit":false,"messageTitle":"FEAT [leavel 1] : echo user inputs","messageBody":"","fileTypesAndContributionMap":{"java":{"insertions":21,"deletions":5}}}]},{"date":"2024-09-03","commitResults":[{"hash":"8545aacb4cde4a6acd30d47f7349f55de525a6c7","isMergeCommit":false,"messageTitle":"FEAT [Level 2] : Add, List","messageBody":"","tags":["v1.0.0"],"fileTypesAndContributionMap":{"java":{"insertions":30,"deletions":1}}}]},{"date":"2024-10-20","commitResults":[{"hash":"2400d4361604a41f0e27afabeb20d44f6bc835c3","isMergeCommit":false,"messageTitle":"FEAT: Level 3 mark as done","messageBody":"","tags":["v1.0.1"],"fileTypesAndContributionMap":{"java":{"insertions":132,"deletions":31}}}]},{"date":"2024-11-10","commitResults":[{"hash":"c2183dd7bbd405c99b9cd393d2afbf4c2c78c4f1","isMergeCommit":false,"messageTitle":"FEAT [level 4 - 6] : add task, exception, delete","messageBody":"","tags":["v1.0.2"],"fileTypesAndContributionMap":{"java":{"insertions":341,"deletions":82}}}]},{"date":"2024-11-17","commitResults":[{"hash":"124ac7208b5a46183de5a666c8712b263dda5438","isMergeCommit":false,"messageTitle":"FEAT [level 7]: save file, package with OOP","messageBody":"","tags":["v1.0.3"],"fileTypesAndContributionMap":{"txt":{"insertions":2,"deletions":0},"java":{"insertions":603,"deletions":336}}},{"hash":"e92a42349d570b5c9c57efeba1216eeca0229075","isMergeCommit":false,"messageTitle":"FEAT [level 8] : datetime format, doc comments","messageBody":"","tags":["v1.0.4"],"fileTypesAndContributionMap":{"txt":{"insertions":7,"deletions":0},"java":{"insertions":377,"deletions":28}}},{"hash":"9e473b330843eca589ec5409309ab20667c39e3c","isMergeCommit":true,"messageTitle":"Merge branch \u0027add-gradle-support\u0027","messageBody":"","fileTypesAndContributionMap":{}},{"hash":"825be9fdfe6bdd6595842447ce8ba82d7d4ee750","isMergeCommit":false,"messageTitle":"Feat [level 8] : add gradle test","messageBody":"","tags":["v1.1.0"],"fileTypesAndContributionMap":{"gradle":{"insertions":1,"deletions":1},"java":{"insertions":177,"deletions":0}}},{"hash":"997a18a202f4e73d6ce9d6ea474b52b1fa82e69a","isMergeCommit":false,"messageTitle":"FEAT: additional feature, check duplicate","messageBody":"","tags":["v1.1.1"],"fileTypesAndContributionMap":{"java":{"insertions":56,"deletions":9}}},{"hash":"343b05531bf178a8b40e13ec9d7291c1c546bbe0","isMergeCommit":false,"messageTitle":"FEAT [level 9] : find, conding standard","messageBody":"","tags":["v1.1.2"],"fileTypesAndContributionMap":{"txt":{"insertions":5,"deletions":3},"java":{"insertions":156,"deletions":47}}},{"hash":"d7d40733677fc8784edfcefb81c6433873f201f2","isMergeCommit":false,"messageTitle":"FEAT: statistics","messageBody":"","tags":["v1.1.3"],"fileTypesAndContributionMap":{"gradle":{"insertions":14,"deletions":0},"txt":{"insertions":2,"deletions":11},"java":{"insertions":225,"deletions":29}}},{"hash":"1daa3df9bcd3a46c10f17c3638007c38b11119b5","isMergeCommit":false,"messageTitle":"REF: adjust path","messageBody":"","tags":["v1.1.4"],"fileTypesAndContributionMap":{"gradle":{"insertions":2,"deletions":2},"java":{"insertions":6,"deletions":3}}},{"hash":"6d8a06aa894290e37f1cfec163a18acfa9f4c84b","isMergeCommit":false,"messageTitle":"REF: adjustment","messageBody":"","tags":["v1.1.5"],"fileTypesAndContributionMap":{"java":{"insertions":17,"deletions":4}}}]}]},"authorFileTypeContributionMap":{"jianjunruan":{"java":1582,"md":0,"fxml":0,"sh":0,"bat":0,"gradle":16,"txt":2}},"authorContributionVariance":{"jianjunruan":47313.766},"authorDisplayNameMap":{"jianjunruan":"RUAN..NJUN"}}
