{"authorDailyContributionsMap":{"jianjunruan":[{"date":"2024-08-27","commitResults":[{"hash":"a2db8545dee7224a725fd08ce764c1bec08d0394","isMergeCommit":false,"messageTitle":"REF [level 0] : rename Duke \u0026 skeletal version","messageBody":"","fileTypesAndContributionMap":{"java":{"insertions":16,"deletions":10}}},{"hash":"561ae674b4c7274023e11aae8f62bc3565391174","isMergeCommit":false,"messageTitle":"FEAT [leavel 1] : echo user inputs","messageBody":"","fileTypesAndContributionMap":{"java":{"insertions":21,"deletions":5}}}]},{"date":"2024-09-03","commitResults":[{"hash":"8545aacb4cde4a6acd30d47f7349f55de525a6c7","isMergeCommit":false,"messageTitle":"FEAT [Level 2] : Add, List","messageBody":"","tags":["v1.0.0"],"fileTypesAndContributionMap":{"java":{"insertions":30,"deletions":1}}}]}]},"authorFileTypeContributionMap":{"jianjunruan":{"java":61,"md":0,"fxml":0,"sh":0,"bat":0,"gradle":0,"txt":0}},"authorContributionVariance":{"jianjunruan":146.32515},"authorDisplayNameMap":{"jianjunruan":"RUAN..NJUN"}}
