[{"path":"src/main/java/Deadline.java","fileType":"java","lines":[{"lineNumber":1,"author":{"gitId":"KaiYin99"},"content":"public class Deadline extends Task {","lastModifiedDate":"2024-09-30","isFullCredit":false},{"lineNumber":2,"author":{"gitId":"KaiYin99"},"content":"    private String deadline;","lastModifiedDate":"2024-09-30","isFullCredit":false},{"lineNumber":3,"author":{"gitId":"KaiYin99"},"content":"","lastModifiedDate":"2024-11-02","isFullCredit":false},{"lineNumber":4,"author":{"gitId":"KaiYin99"},"content":"    public Deadline(String description, char symbol, String deadline) {","lastModifiedDate":"2024-09-30","isFullCredit":false},{"lineNumber":5,"author":{"gitId":"KaiYin99"},"content":"        super(description, symbol);","lastModifiedDate":"2024-09-30","isFullCredit":false},{"lineNumber":6,"author":{"gitId":"KaiYin99"},"content":"        this.deadline \u003d \"(by:\" + deadline + \")\";","lastModifiedDate":"2024-09-30","isFullCredit":false},{"lineNumber":7,"author":{"gitId":"KaiYin99"},"content":"        this.isDone \u003d false;","lastModifiedDate":"2024-11-02","isFullCredit":false},{"lineNumber":8,"author":{"gitId":"KaiYin99"},"content":"    }","lastModifiedDate":"2024-09-30","isFullCredit":false},{"lineNumber":9,"author":{"gitId":"KaiYin99"},"content":"","lastModifiedDate":"2024-11-02","isFullCredit":false},{"lineNumber":10,"author":{"gitId":"KaiYin99"},"content":"    public Deadline(String description, char symbol) {","lastModifiedDate":"2024-11-02","isFullCredit":false},{"lineNumber":11,"author":{"gitId":"KaiYin99"},"content":"        super(description, symbol);","lastModifiedDate":"2024-11-02","isFullCredit":false},{"lineNumber":12,"author":{"gitId":"KaiYin99"},"content":"        String timeline;","lastModifiedDate":"2024-11-02","isFullCredit":false},{"lineNumber":13,"author":{"gitId":"KaiYin99"},"content":"        timeline \u003d description.substring(description.indexOf(\"(by:\")+4, description.indexOf(\")\"));","lastModifiedDate":"2024-11-02","isFullCredit":false},{"lineNumber":14,"author":{"gitId":"KaiYin99"},"content":"        this.deadline \u003d \"(by:\" + timeline + \")\";","lastModifiedDate":"2024-11-02","isFullCredit":false},{"lineNumber":15,"author":{"gitId":"KaiYin99"},"content":"        setDescription(description.substring(0, description.indexOf(\"(\")));","lastModifiedDate":"2024-11-02","isFullCredit":false},{"lineNumber":16,"author":{"gitId":"KaiYin99"},"content":"        this.isDone \u003d false;","lastModifiedDate":"2024-11-02","isFullCredit":false},{"lineNumber":17,"author":{"gitId":"KaiYin99"},"content":"    }","lastModifiedDate":"2024-11-02","isFullCredit":false},{"lineNumber":18,"author":{"gitId":"KaiYin99"},"content":"","lastModifiedDate":"2024-11-02","isFullCredit":false},{"lineNumber":19,"author":{"gitId":"KaiYin99"},"content":"    public String getDeadline() {","lastModifiedDate":"2024-09-30","isFullCredit":false},{"lineNumber":20,"author":{"gitId":"KaiYin99"},"content":"        return deadline;","lastModifiedDate":"2024-09-30","isFullCredit":false},{"lineNumber":21,"author":{"gitId":"KaiYin99"},"content":"    }","lastModifiedDate":"2024-09-30","isFullCredit":false},{"lineNumber":22,"author":{"gitId":"KaiYin99"},"content":"","lastModifiedDate":"2024-11-02","isFullCredit":false},{"lineNumber":23,"author":{"gitId":"KaiYin99"},"content":"    public void setDeadline(String deadline) {","lastModifiedDate":"2024-09-30","isFullCredit":false},{"lineNumber":24,"author":{"gitId":"KaiYin99"},"content":"        this.deadline \u003d \"(by:\" + deadline + \")\";","lastModifiedDate":"2024-09-30","isFullCredit":false},{"lineNumber":25,"author":{"gitId":"KaiYin99"},"content":"    }","lastModifiedDate":"2024-09-30","isFullCredit":false},{"lineNumber":26,"author":{"gitId":"KaiYin99"},"content":"","lastModifiedDate":"2024-11-02","isFullCredit":false},{"lineNumber":27,"author":{"gitId":"KaiYin99"},"content":"    @Override","lastModifiedDate":"2024-09-30","isFullCredit":false},{"lineNumber":28,"author":{"gitId":"KaiYin99"},"content":"    public String getDescription() {","lastModifiedDate":"2024-09-30","isFullCredit":false},{"lineNumber":29,"author":{"gitId":"KaiYin99"},"content":"        return super.getDescription() + deadline;","lastModifiedDate":"2024-09-30","isFullCredit":false},{"lineNumber":30,"author":{"gitId":"KaiYin99"},"content":"    }","lastModifiedDate":"2024-09-30","isFullCredit":false},{"lineNumber":31,"author":{"gitId":"KaiYin99"},"content":"}","lastModifiedDate":"2024-09-30","isFullCredit":false}],"authorContributionMap":{"KaiYin99":31}},{"path":"src/main/java/DukeException.java","fileType":"java","lines":[{"lineNumber":1,"author":{"gitId":"KaiYin99"},"content":"public class DukeException extends Exception {","lastModifiedDate":"2024-10-07","isFullCredit":false},{"lineNumber":2,"author":{"gitId":"KaiYin99"},"content":"    public DukeException(){","lastModifiedDate":"2024-10-07","isFullCredit":false},{"lineNumber":3,"author":{"gitId":"KaiYin99"},"content":"        super();","lastModifiedDate":"2024-10-07","isFullCredit":false},{"lineNumber":4,"author":{"gitId":"KaiYin99"},"content":"    }","lastModifiedDate":"2024-10-07","isFullCredit":false},{"lineNumber":5,"author":{"gitId":"KaiYin99"},"content":"    public DukeException(String message){","lastModifiedDate":"2024-10-07","isFullCredit":false},{"lineNumber":6,"author":{"gitId":"KaiYin99"},"content":"        super(message);","lastModifiedDate":"2024-10-07","isFullCredit":false},{"lineNumber":7,"author":{"gitId":"KaiYin99"},"content":"    }","lastModifiedDate":"2024-10-07","isFullCredit":false},{"lineNumber":8,"author":{"gitId":"KaiYin99"},"content":"}","lastModifiedDate":"2024-10-07","isFullCredit":false}],"authorContributionMap":{"KaiYin99":8}},{"path":"src/main/java/Event.java","fileType":"java","lines":[{"lineNumber":1,"author":{"gitId":"KaiYin99"},"content":"public class Event extends Task{","lastModifiedDate":"2024-09-30","isFullCredit":false},{"lineNumber":2,"author":{"gitId":"KaiYin99"},"content":"    private String from;","lastModifiedDate":"2024-09-30","isFullCredit":false},{"lineNumber":3,"author":{"gitId":"KaiYin99"},"content":"    private String to;","lastModifiedDate":"2024-09-30","isFullCredit":false},{"lineNumber":4,"author":{"gitId":"KaiYin99"},"content":"    public Event(String description, char symbol,String from, String to){","lastModifiedDate":"2024-09-30","isFullCredit":false},{"lineNumber":5,"author":{"gitId":"KaiYin99"},"content":"        super(description, symbol);","lastModifiedDate":"2024-09-30","isFullCredit":false},{"lineNumber":6,"author":{"gitId":"KaiYin99"},"content":"        this.from \u003d \"(from:\"+from;","lastModifiedDate":"2024-09-30","isFullCredit":false},{"lineNumber":7,"author":{"gitId":"KaiYin99"},"content":"        this.to \u003d \"to:\"+to+\")\";","lastModifiedDate":"2024-09-30","isFullCredit":false},{"lineNumber":8,"author":{"gitId":"KaiYin99"},"content":"        this.isDone\u003dfalse;","lastModifiedDate":"2024-11-02","isFullCredit":false},{"lineNumber":9,"author":{"gitId":"KaiYin99"},"content":"    }","lastModifiedDate":"2024-11-02","isFullCredit":false},{"lineNumber":10,"author":{"gitId":"KaiYin99"},"content":"    public Event(String description, char symbol){","lastModifiedDate":"2024-11-02","isFullCredit":false},{"lineNumber":11,"author":{"gitId":"KaiYin99"},"content":"        super(description, symbol);","lastModifiedDate":"2024-11-02","isFullCredit":false},{"lineNumber":12,"author":{"gitId":"KaiYin99"},"content":"        String from,to;","lastModifiedDate":"2024-11-02","isFullCredit":false},{"lineNumber":13,"author":{"gitId":"KaiYin99"},"content":"        from\u003ddescription.substring(description.indexOf(\"(from:\")+7,description.indexOf(\"to\"));","lastModifiedDate":"2024-11-02","isFullCredit":false},{"lineNumber":14,"author":{"gitId":"KaiYin99"},"content":"        to\u003ddescription.substring(description.indexOf(\"to:\")+4,description.indexOf(\")\"));","lastModifiedDate":"2024-11-02","isFullCredit":false},{"lineNumber":15,"author":{"gitId":"KaiYin99"},"content":"        this.from\u003d\"(from:\"+from;","lastModifiedDate":"2024-11-02","isFullCredit":false},{"lineNumber":16,"author":{"gitId":"KaiYin99"},"content":"        this.to\u003d\"to:\"+to+\")\";","lastModifiedDate":"2024-11-02","isFullCredit":false},{"lineNumber":17,"author":{"gitId":"KaiYin99"},"content":"        this.isDone\u003dfalse;","lastModifiedDate":"2024-11-02","isFullCredit":false},{"lineNumber":18,"author":{"gitId":"KaiYin99"},"content":"        setDescription(description.substring(0,description.indexOf(\"(\")));","lastModifiedDate":"2024-11-02","isFullCredit":false},{"lineNumber":19,"author":{"gitId":"KaiYin99"},"content":"    }","lastModifiedDate":"2024-09-30","isFullCredit":false},{"lineNumber":20,"author":{"gitId":"KaiYin99"},"content":"    public String getFrom() {","lastModifiedDate":"2024-09-30","isFullCredit":false},{"lineNumber":21,"author":{"gitId":"KaiYin99"},"content":"        return from;","lastModifiedDate":"2024-09-30","isFullCredit":false},{"lineNumber":22,"author":{"gitId":"KaiYin99"},"content":"    }","lastModifiedDate":"2024-09-30","isFullCredit":false},{"lineNumber":23,"author":{"gitId":"KaiYin99"},"content":"    public String getTo() {","lastModifiedDate":"2024-09-30","isFullCredit":false},{"lineNumber":24,"author":{"gitId":"KaiYin99"},"content":"        return to;","lastModifiedDate":"2024-09-30","isFullCredit":false},{"lineNumber":25,"author":{"gitId":"KaiYin99"},"content":"    }","lastModifiedDate":"2024-09-30","isFullCredit":false},{"lineNumber":26,"author":{"gitId":"KaiYin99"},"content":"    public void setFrom(String from) {","lastModifiedDate":"2024-09-30","isFullCredit":false},{"lineNumber":27,"author":{"gitId":"KaiYin99"},"content":"        this.from \u003d from;","lastModifiedDate":"2024-09-30","isFullCredit":false},{"lineNumber":28,"author":{"gitId":"KaiYin99"},"content":"    }","lastModifiedDate":"2024-09-30","isFullCredit":false},{"lineNumber":29,"author":{"gitId":"KaiYin99"},"content":"    public void setTo(String to) {","lastModifiedDate":"2024-09-30","isFullCredit":false},{"lineNumber":30,"author":{"gitId":"KaiYin99"},"content":"        this.to \u003d to;","lastModifiedDate":"2024-09-30","isFullCredit":false},{"lineNumber":31,"author":{"gitId":"KaiYin99"},"content":"    }","lastModifiedDate":"2024-09-30","isFullCredit":false},{"lineNumber":32,"author":{"gitId":"KaiYin99"},"content":"    @Override","lastModifiedDate":"2024-09-30","isFullCredit":false},{"lineNumber":33,"author":{"gitId":"KaiYin99"},"content":"    public String getDescription(){","lastModifiedDate":"2024-09-30","isFullCredit":false},{"lineNumber":34,"author":{"gitId":"KaiYin99"},"content":"        return super.getDescription()+from+to;","lastModifiedDate":"2024-09-30","isFullCredit":false},{"lineNumber":35,"author":{"gitId":"KaiYin99"},"content":"    }","lastModifiedDate":"2024-09-30","isFullCredit":false},{"lineNumber":36,"author":{"gitId":"KaiYin99"},"content":"}","lastModifiedDate":"2024-09-30","isFullCredit":false}],"authorContributionMap":{"KaiYin99":36}},{"path":"src/main/java/PistaMint.java","fileType":"java","lines":[{"lineNumber":1,"author":{"gitId":"KaiYin99"},"content":"import java.io.File;","lastModifiedDate":"2024-11-02","isFullCredit":false},{"lineNumber":2,"author":{"gitId":"KaiYin99"},"content":"import java.io.FileNotFoundException;","lastModifiedDate":"2024-11-02","isFullCredit":false},{"lineNumber":3,"author":{"gitId":"KaiYin99"},"content":"import java.io.FileWriter;","lastModifiedDate":"2024-11-02","isFullCredit":false},{"lineNumber":4,"author":{"gitId":"KaiYin99"},"content":"import java.util.*;","lastModifiedDate":"2024-11-02","isFullCredit":false},{"lineNumber":5,"author":{"gitId":"KaiYin99"},"content":"import java.io.IOException;","lastModifiedDate":"2024-11-02","isFullCredit":false},{"lineNumber":6,"author":{"gitId":"KaiYin99"},"content":"","lastModifiedDate":"2024-09-14","isFullCredit":false},{"lineNumber":7,"author":{"gitId":"KaiYin99"},"content":"public class PistaMint {","lastModifiedDate":"2024-09-13","isFullCredit":false},{"lineNumber":8,"author":{"gitId":"KaiYin99"},"content":"    public static int length \u003d 50;","lastModifiedDate":"2024-09-13","isFullCredit":false},{"lineNumber":9,"author":{"gitId":"KaiYin99"},"content":"    public static String line \u003d \"-\".repeat(length);","lastModifiedDate":"2024-09-13","isFullCredit":false},{"lineNumber":10,"author":{"gitId":"KaiYin99"},"content":"    public static String input \u003d \"\";","lastModifiedDate":"2024-09-14","isFullCredit":false},{"lineNumber":11,"author":{"gitId":"KaiYin99"},"content":"    public static Task[] taskList \u003d new Task[100];","lastModifiedDate":"2024-09-17","isFullCredit":false},{"lineNumber":12,"author":{"gitId":"KaiYin99"},"content":"    public static ArrayList\u003cTask\u003e taskArrayList \u003d new ArrayList\u003cTask\u003e();","lastModifiedDate":"2024-10-14","isFullCredit":false},{"lineNumber":13,"author":{"gitId":"KaiYin99"},"content":"    public static int itemCount \u003d 0;","lastModifiedDate":"2024-09-14","isFullCredit":false},{"lineNumber":14,"author":{"gitId":"KaiYin99"},"content":"    public static String directoryPath \u003d \"./data\";","lastModifiedDate":"2024-11-02","isFullCredit":false},{"lineNumber":15,"author":{"gitId":"KaiYin99"},"content":"    public static String filePath \u003d directoryPath + \"/duke.txt\";","lastModifiedDate":"2024-11-02","isFullCredit":false},{"lineNumber":16,"author":{"gitId":"KaiYin99"},"content":"    public static void greetings() {","lastModifiedDate":"2024-09-13","isFullCredit":false},{"lineNumber":17,"author":{"gitId":"KaiYin99"},"content":"        System.out.println(\"\\t\" + line + \"\\n\\tNi Hao! I\u0027m PistaMint\\n\\tWhat can I do for you?\\n\\t\" + line);","lastModifiedDate":"2024-09-14","isFullCredit":false},{"lineNumber":18,"author":{"gitId":"KaiYin99"},"content":"    }","lastModifiedDate":"2024-09-13","isFullCredit":false},{"lineNumber":19,"author":{"gitId":"KaiYin99"},"content":"    public static void exit() {","lastModifiedDate":"2024-09-13","isFullCredit":false},{"lineNumber":20,"author":{"gitId":"KaiYin99"},"content":"        System.out.println(\"\\t\" + line + \"\\n\\tXie Xie! Hope to see you again soon~\\n\\t\" + line);","lastModifiedDate":"2024-09-14","isFullCredit":false},{"lineNumber":21,"author":{"gitId":"KaiYin99"},"content":"    }","lastModifiedDate":"2024-09-14","isFullCredit":false},{"lineNumber":22,"author":{"gitId":"KaiYin99"},"content":"","lastModifiedDate":"2024-09-14","isFullCredit":false},{"lineNumber":23,"author":{"gitId":"KaiYin99"},"content":"    public static void echo(char symbol) {","lastModifiedDate":"2024-09-30","isFullCredit":false},{"lineNumber":24,"author":{"gitId":"KaiYin99"},"content":"        if (input.equalsIgnoreCase(\"bye\")) {","lastModifiedDate":"2024-09-14","isFullCredit":false},{"lineNumber":25,"author":{"gitId":"KaiYin99"},"content":"            return;","lastModifiedDate":"2024-09-14","isFullCredit":false},{"lineNumber":26,"author":{"gitId":"KaiYin99"},"content":"        }","lastModifiedDate":"2024-09-14","isFullCredit":false},{"lineNumber":27,"author":{"gitId":"KaiYin99"},"content":"        System.out.println(\"\\t\" + line + \"\\n\\tGot it! I\u0027ve added this task \");","lastModifiedDate":"2024-09-30","isFullCredit":false},{"lineNumber":28,"author":{"gitId":"KaiYin99"},"content":"        System.out.println(\"\\t\" + \"[\" + symbol + \"]\" + \"[\" + taskArrayList.get(itemCount - 1).getStatusIcon() + \"] \" + taskArrayList.get(itemCount - 1).getDescription());","lastModifiedDate":"2024-10-14","isFullCredit":false},{"lineNumber":29,"author":{"gitId":"KaiYin99"},"content":"        System.out.println(\"\\tNow you have \" + itemCount + \" task(s) in the list.\\n\\t\" + line);","lastModifiedDate":"2024-09-30","isFullCredit":false},{"lineNumber":30,"author":{"gitId":"KaiYin99"},"content":"    }","lastModifiedDate":"2024-09-14","isFullCredit":false},{"lineNumber":31,"author":{"gitId":"KaiYin99"},"content":"","lastModifiedDate":"2024-10-07","isFullCredit":false},{"lineNumber":32,"author":{"gitId":"KaiYin99"},"content":"    public static void addTask(Task t,boolean fromFile) throws IOException {","lastModifiedDate":"2024-11-02","isFullCredit":false},{"lineNumber":33,"author":{"gitId":"KaiYin99"},"content":"        taskArrayList.add(t);","lastModifiedDate":"2024-10-14","isFullCredit":false},{"lineNumber":34,"author":{"gitId":"KaiYin99"},"content":"        itemCount++;","lastModifiedDate":"2024-10-14","isFullCredit":false},{"lineNumber":35,"author":{"gitId":"KaiYin99"},"content":"        if (!fromFile) {","lastModifiedDate":"2024-11-02","isFullCredit":false},{"lineNumber":36,"author":{"gitId":"KaiYin99"},"content":"            appendToFile(filePath,t);","lastModifiedDate":"2024-11-02","isFullCredit":false},{"lineNumber":37,"author":{"gitId":"KaiYin99"},"content":"        }","lastModifiedDate":"2024-11-02","isFullCredit":false},{"lineNumber":38,"author":{"gitId":"KaiYin99"},"content":"    }","lastModifiedDate":"2024-11-02","isFullCredit":false},{"lineNumber":39,"author":{"gitId":"KaiYin99"},"content":"    public static void appendToFile(String filePath,Task t) throws IOException {","lastModifiedDate":"2024-11-02","isFullCredit":false},{"lineNumber":40,"author":{"gitId":"KaiYin99"},"content":"        FileWriter fw \u003d new FileWriter(filePath, true); // create a FileWriter in append mode","lastModifiedDate":"2024-11-02","isFullCredit":false},{"lineNumber":41,"author":{"gitId":"KaiYin99"},"content":"        String task\u003d t.getSymbol()+\"|\"+(t.getStatusIcon().equals(\"X\") ? \"1\":\"0\")+\"|\"+t.getDescription();","lastModifiedDate":"2024-11-02","isFullCredit":false},{"lineNumber":42,"author":{"gitId":"KaiYin99"},"content":"        fw.write(System.lineSeparator()+task);","lastModifiedDate":"2024-11-02","isFullCredit":false},{"lineNumber":43,"author":{"gitId":"KaiYin99"},"content":"        fw.close();","lastModifiedDate":"2024-11-02","isFullCredit":false},{"lineNumber":44,"author":{"gitId":"KaiYin99"},"content":"    }","lastModifiedDate":"2024-10-14","isFullCredit":false},{"lineNumber":45,"author":{"gitId":"KaiYin99"},"content":"","lastModifiedDate":"2024-09-14","isFullCredit":false},{"lineNumber":46,"author":{"gitId":"KaiYin99"},"content":"    public static void printItems() {","lastModifiedDate":"2024-09-14","isFullCredit":false},{"lineNumber":47,"author":{"gitId":"KaiYin99"},"content":"        System.out.println(\"\\t\" + line);","lastModifiedDate":"2024-09-14","isFullCredit":false},{"lineNumber":48,"author":{"gitId":"KaiYin99"},"content":"        for (int i \u003d 0; i \u003c itemCount; i++) {","lastModifiedDate":"2024-09-14","isFullCredit":false},{"lineNumber":49,"author":{"gitId":"KaiYin99"},"content":"            System.out.println(\"\\t\" + (i + 1) + \".[\" + taskArrayList.get(i).getSymbol() + \"][\" + taskArrayList.get(i).getStatusIcon() + \"] \" + taskArrayList.get(i).getDescription());","lastModifiedDate":"2024-10-14","isFullCredit":false},{"lineNumber":50,"author":{"gitId":"KaiYin99"},"content":"        }","lastModifiedDate":"2024-09-14","isFullCredit":false},{"lineNumber":51,"author":{"gitId":"KaiYin99"},"content":"        System.out.println(\"\\t\" + line);","lastModifiedDate":"2024-09-14","isFullCredit":false},{"lineNumber":52,"author":{"gitId":"KaiYin99"},"content":"    }","lastModifiedDate":"2024-09-13","isFullCredit":false},{"lineNumber":53,"author":{"gitId":"KaiYin99"},"content":"    public static void markTask(String word, int index) {","lastModifiedDate":"2024-09-17","isFullCredit":false},{"lineNumber":54,"author":{"gitId":"KaiYin99"},"content":"        try {","lastModifiedDate":"2024-10-07","isFullCredit":false},{"lineNumber":55,"author":{"gitId":"KaiYin99"},"content":"            if (word.equalsIgnoreCase(\"mark\")) {","lastModifiedDate":"2024-09-17","isFullCredit":false},{"lineNumber":56,"author":{"gitId":"KaiYin99"},"content":"                taskArrayList.get(index - 1).markAsDone();","lastModifiedDate":"2024-10-14","isFullCredit":false},{"lineNumber":57,"author":{"gitId":"KaiYin99"},"content":"                System.out.println(\"\\t\"+line+\"\\n\\tNice! I\u0027ve marked this task as done:\\n\\t[\" + taskArrayList.get(index-1).getSymbol() + \"][\" + taskArrayList.get(index - 1).getStatusIcon() + \"] \" + taskArrayList.get(index - 1).getDescription()+\"\\n\\t\"+line);","lastModifiedDate":"2024-10-14","isFullCredit":false},{"lineNumber":58,"author":{"gitId":"KaiYin99"},"content":"            } else {","lastModifiedDate":"2024-10-07","isFullCredit":false},{"lineNumber":59,"author":{"gitId":"KaiYin99"},"content":"                taskArrayList.get(index - 1).markAsUnDone();","lastModifiedDate":"2024-10-14","isFullCredit":false},{"lineNumber":60,"author":{"gitId":"KaiYin99"},"content":"                System.out.println(\"\\t\"+line+\"\\n\\tOK, I\u0027ve marked this task as not done yet!\\n\\t[\" + taskArrayList.get(index - 1).getStatusIcon() + \"] \" + taskArrayList.get(index - 1).getDescription()+\"\\n\\t\"+line);","lastModifiedDate":"2024-10-14","isFullCredit":false},{"lineNumber":61,"author":{"gitId":"KaiYin99"},"content":"            }","lastModifiedDate":"2024-09-17","isFullCredit":false},{"lineNumber":62,"author":{"gitId":"KaiYin99"},"content":"        } catch (IndexOutOfBoundsException | NullPointerException e) {","lastModifiedDate":"2024-10-14","isFullCredit":false},{"lineNumber":63,"author":{"gitId":"KaiYin99"},"content":"            System.out.println(\"\\t\" + line + \"\\n\\tItem is out of range. You currently only have \" + itemCount + \" items.\\n\\t\" + line);","lastModifiedDate":"2024-10-07","isFullCredit":false},{"lineNumber":64,"author":{"gitId":"KaiYin99"},"content":"        }","lastModifiedDate":"2024-10-07","isFullCredit":false},{"lineNumber":65,"author":{"gitId":"KaiYin99"},"content":"    }","lastModifiedDate":"2024-10-07","isFullCredit":false},{"lineNumber":66,"author":{"gitId":"KaiYin99"},"content":"","lastModifiedDate":"2024-10-07","isFullCredit":false},{"lineNumber":67,"author":{"gitId":"KaiYin99"},"content":"    public static void processTask(String input, String task) {","lastModifiedDate":"2024-10-07","isFullCredit":false},{"lineNumber":68,"author":{"gitId":"KaiYin99"},"content":"        String action, timeline, from, to \u003d \"\";","lastModifiedDate":"2024-10-07","isFullCredit":false},{"lineNumber":69,"author":{"gitId":"KaiYin99"},"content":"        try {","lastModifiedDate":"2024-10-07","isFullCredit":false},{"lineNumber":70,"author":{"gitId":"KaiYin99"},"content":"            if (task.equalsIgnoreCase(\"todo\") ) {","lastModifiedDate":"2024-10-07","isFullCredit":false},{"lineNumber":71,"author":{"gitId":"KaiYin99"},"content":"                    action \u003d input.substring(input.indexOf(\" \"));","lastModifiedDate":"2024-11-02","isFullCredit":false},{"lineNumber":72,"author":{"gitId":"KaiYin99"},"content":"                    Todo todo \u003d new Todo(action.trim(), \u0027T\u0027);","lastModifiedDate":"2024-11-02","isFullCredit":false},{"lineNumber":73,"author":{"gitId":"KaiYin99"},"content":"                    addTask(todo,false);","lastModifiedDate":"2024-11-02","isFullCredit":false},{"lineNumber":74,"author":{"gitId":"KaiYin99"},"content":"                    echo(\u0027T\u0027);","lastModifiedDate":"2024-10-07","isFullCredit":false},{"lineNumber":75,"author":{"gitId":"KaiYin99"},"content":"            } else {","lastModifiedDate":"2024-10-07","isFullCredit":false},{"lineNumber":76,"author":{"gitId":"KaiYin99"},"content":"                String description;","lastModifiedDate":"2024-11-02","isFullCredit":false},{"lineNumber":77,"author":{"gitId":"KaiYin99"},"content":"                if (task.equalsIgnoreCase(\"deadline\")) {","lastModifiedDate":"2024-10-07","isFullCredit":false},{"lineNumber":78,"author":{"gitId":"KaiYin99"},"content":"                    description\u003d input.substring(input.indexOf(\" \"), input.indexOf(\"/by\"));","lastModifiedDate":"2024-11-02","isFullCredit":false},{"lineNumber":79,"author":{"gitId":"KaiYin99"},"content":"                    timeline \u003d input.substring(input.indexOf(\"/by\") + 3);","lastModifiedDate":"2024-10-07","isFullCredit":false},{"lineNumber":80,"author":{"gitId":"KaiYin99"},"content":"                    Deadline deadline \u003d new Deadline(description.trim(), \u0027D\u0027, timeline);","lastModifiedDate":"2024-11-02","isFullCredit":false},{"lineNumber":81,"author":{"gitId":"KaiYin99"},"content":"                    addTask(deadline,false);","lastModifiedDate":"2024-11-02","isFullCredit":false},{"lineNumber":82,"author":{"gitId":"KaiYin99"},"content":"                    echo(\u0027D\u0027);","lastModifiedDate":"2024-10-07","isFullCredit":false},{"lineNumber":83,"author":{"gitId":"KaiYin99"},"content":"                } else if (task.equalsIgnoreCase(\"event\")) {","lastModifiedDate":"2024-10-07","isFullCredit":false},{"lineNumber":84,"author":{"gitId":"KaiYin99"},"content":"                    description\u003d input.substring(input.indexOf(\" \"), input.indexOf(\"/from\"));","lastModifiedDate":"2024-11-02","isFullCredit":false},{"lineNumber":85,"author":{"gitId":"KaiYin99"},"content":"                    from \u003d input.substring(input.indexOf(\"/from\") + 5, input.indexOf(\"/to\"));","lastModifiedDate":"2024-10-07","isFullCredit":false},{"lineNumber":86,"author":{"gitId":"KaiYin99"},"content":"                    to \u003d input.substring(input.indexOf(\"/to\") + 3);","lastModifiedDate":"2024-10-07","isFullCredit":false},{"lineNumber":87,"author":{"gitId":"KaiYin99"},"content":"                    Event event \u003d new Event(description.trim(), \u0027E\u0027, from, to);","lastModifiedDate":"2024-11-02","isFullCredit":false},{"lineNumber":88,"author":{"gitId":"KaiYin99"},"content":"                    addTask(event,false);","lastModifiedDate":"2024-11-02","isFullCredit":false},{"lineNumber":89,"author":{"gitId":"KaiYin99"},"content":"                    echo(\u0027E\u0027);","lastModifiedDate":"2024-10-07","isFullCredit":false},{"lineNumber":90,"author":{"gitId":"KaiYin99"},"content":"                }","lastModifiedDate":"2024-09-17","isFullCredit":false},{"lineNumber":91,"author":{"gitId":"KaiYin99"},"content":"            }","lastModifiedDate":"2024-09-17","isFullCredit":false},{"lineNumber":92,"author":{"gitId":"KaiYin99"},"content":"","lastModifiedDate":"2024-11-02","isFullCredit":false},{"lineNumber":93,"author":{"gitId":"KaiYin99"},"content":"        } catch (StringIndexOutOfBoundsException ex) {","lastModifiedDate":"2024-10-07","isFullCredit":false},{"lineNumber":94,"author":{"gitId":"KaiYin99"},"content":"            System.out.println(\"\\t\" + line + \"\\n\\tOOPS!!! The description of \" + task + \" is incomplete.\\n\\t\" + line);","lastModifiedDate":"2024-10-07","isFullCredit":false},{"lineNumber":95,"author":{"gitId":"KaiYin99"},"content":"        } catch (IOException e) {","lastModifiedDate":"2024-11-02","isFullCredit":false},{"lineNumber":96,"author":{"gitId":"KaiYin99"},"content":"            throw new RuntimeException(e);","lastModifiedDate":"2024-11-02","isFullCredit":false},{"lineNumber":97,"author":{"gitId":"KaiYin99"},"content":"        }","lastModifiedDate":"2024-09-17","isFullCredit":false},{"lineNumber":98,"author":{"gitId":"KaiYin99"},"content":"    }","lastModifiedDate":"2024-09-17","isFullCredit":false},{"lineNumber":99,"author":{"gitId":"KaiYin99"},"content":"    public static void removeTask(int index) {","lastModifiedDate":"2024-10-14","isFullCredit":false},{"lineNumber":100,"author":{"gitId":"KaiYin99"},"content":"        try {","lastModifiedDate":"2024-10-14","isFullCredit":false},{"lineNumber":101,"author":{"gitId":"KaiYin99"},"content":"            Task t\u003d taskArrayList.get(index-1);","lastModifiedDate":"2024-10-14","isFullCredit":false},{"lineNumber":102,"author":{"gitId":"KaiYin99"},"content":"            if(t !\u003dnull){","lastModifiedDate":"2024-10-14","isFullCredit":false},{"lineNumber":103,"author":{"gitId":"KaiYin99"},"content":"                itemCount--;","lastModifiedDate":"2024-10-14","isFullCredit":false},{"lineNumber":104,"author":{"gitId":"KaiYin99"},"content":"                System.out.println(\"\\t\" + line + \"\\n\\tNoted! I\u0027ve removed this task \\n\\t\" + \"[\" +taskArrayList.get(index-1).getSymbol()+ \"]\" + \"[\" + taskArrayList.get(index- 1).getStatusIcon() + \"] \" + taskArrayList.get(index- 1).getDescription());","lastModifiedDate":"2024-10-14","isFullCredit":false},{"lineNumber":105,"author":{"gitId":"KaiYin99"},"content":"                System.out.println(\"\\t\" + \"Now you have \"+itemCount+\" task(s) in the list.\\n\\t\" + line);","lastModifiedDate":"2024-10-14","isFullCredit":false},{"lineNumber":106,"author":{"gitId":"KaiYin99"},"content":"                taskArrayList.remove(t);","lastModifiedDate":"2024-10-14","isFullCredit":false},{"lineNumber":107,"author":{"gitId":"KaiYin99"},"content":"            } else{","lastModifiedDate":"2024-11-02","isFullCredit":false},{"lineNumber":108,"author":{"gitId":"KaiYin99"},"content":"                System.out.println(\"\\t\" + line + \"\\n\\tItem is out of range. You currently only have \" + itemCount + \" items.\\n\\t\" + line);","lastModifiedDate":"2024-10-14","isFullCredit":false},{"lineNumber":109,"author":{"gitId":"KaiYin99"},"content":"            }","lastModifiedDate":"2024-10-14","isFullCredit":false},{"lineNumber":110,"author":{"gitId":"KaiYin99"},"content":"        } catch (IndexOutOfBoundsException e) {","lastModifiedDate":"2024-10-14","isFullCredit":false},{"lineNumber":111,"author":{"gitId":"KaiYin99"},"content":"            System.out.println(\"\\t\" + line + \"\\n\\tItem is out of range. You currently only have \" + itemCount + \" items.\\n\\t\" + line);","lastModifiedDate":"2024-10-14","isFullCredit":false},{"lineNumber":112,"author":{"gitId":"KaiYin99"},"content":"        }","lastModifiedDate":"2024-10-14","isFullCredit":false},{"lineNumber":113,"author":{"gitId":"KaiYin99"},"content":"    }","lastModifiedDate":"2024-10-14","isFullCredit":false},{"lineNumber":114,"author":{"gitId":"KaiYin99"},"content":"    public static void processFile(char task, String mark,String description) throws IOException {","lastModifiedDate":"2024-11-02","isFullCredit":false},{"lineNumber":115,"author":{"gitId":"KaiYin99"},"content":"        if(task\u003d\u003d\u0027T\u0027){","lastModifiedDate":"2024-11-02","isFullCredit":false},{"lineNumber":116,"author":{"gitId":"KaiYin99"},"content":"            Todo todo\u003dnew Todo(description,task);","lastModifiedDate":"2024-11-02","isFullCredit":false},{"lineNumber":117,"author":{"gitId":"KaiYin99"},"content":"            addTask(todo,true);","lastModifiedDate":"2024-11-02","isFullCredit":false},{"lineNumber":118,"author":{"gitId":"KaiYin99"},"content":"        } else if(task\u003d\u003d\u0027D\u0027){","lastModifiedDate":"2024-11-02","isFullCredit":false},{"lineNumber":119,"author":{"gitId":"KaiYin99"},"content":"            Deadline deadline\u003dnew Deadline(description,task);","lastModifiedDate":"2024-11-02","isFullCredit":false},{"lineNumber":120,"author":{"gitId":"KaiYin99"},"content":"            addTask(deadline,true);","lastModifiedDate":"2024-11-02","isFullCredit":false},{"lineNumber":121,"author":{"gitId":"KaiYin99"},"content":"        } else{","lastModifiedDate":"2024-11-02","isFullCredit":false},{"lineNumber":122,"author":{"gitId":"KaiYin99"},"content":"            Event event\u003dnew Event(description,task);","lastModifiedDate":"2024-11-02","isFullCredit":false},{"lineNumber":123,"author":{"gitId":"KaiYin99"},"content":"            addTask(event,true);","lastModifiedDate":"2024-11-02","isFullCredit":false},{"lineNumber":124,"author":{"gitId":"KaiYin99"},"content":"        }","lastModifiedDate":"2024-11-02","isFullCredit":false},{"lineNumber":125,"author":{"gitId":"KaiYin99"},"content":"        if(mark.equals(\"1\")){","lastModifiedDate":"2024-11-02","isFullCredit":false},{"lineNumber":126,"author":{"gitId":"KaiYin99"},"content":"            taskArrayList.get(taskArrayList.size()-1).markAsDone();","lastModifiedDate":"2024-11-02","isFullCredit":false},{"lineNumber":127,"author":{"gitId":"KaiYin99"},"content":"        }","lastModifiedDate":"2024-11-02","isFullCredit":false},{"lineNumber":128,"author":{"gitId":"KaiYin99"},"content":"    }","lastModifiedDate":"2024-11-02","isFullCredit":false},{"lineNumber":129,"author":{"gitId":"KaiYin99"},"content":"","lastModifiedDate":"2024-10-07","isFullCredit":false},{"lineNumber":130,"author":{"gitId":"KaiYin99"},"content":"    public static void main(String[] args) throws DukeException {","lastModifiedDate":"2024-10-07","isFullCredit":false},{"lineNumber":131,"author":{"gitId":"KaiYin99"},"content":"        File directory \u003d new File(directoryPath);","lastModifiedDate":"2024-11-02","isFullCredit":false},{"lineNumber":132,"author":{"gitId":"KaiYin99"},"content":"        File file \u003d new File(filePath);","lastModifiedDate":"2024-11-02","isFullCredit":false},{"lineNumber":133,"author":{"gitId":"KaiYin99"},"content":"        try {","lastModifiedDate":"2024-11-02","isFullCredit":false},{"lineNumber":134,"author":{"gitId":"KaiYin99"},"content":"            if (!directory.exists()) {","lastModifiedDate":"2024-11-02","isFullCredit":false},{"lineNumber":135,"author":{"gitId":"KaiYin99"},"content":"                System.out.println(\"Directory does not exist. Creating directory...\");","lastModifiedDate":"2024-11-02","isFullCredit":false},{"lineNumber":136,"author":{"gitId":"KaiYin99"},"content":"                boolean createDir \u003d directory.mkdir();","lastModifiedDate":"2024-11-02","isFullCredit":false},{"lineNumber":137,"author":{"gitId":"KaiYin99"},"content":"                if (!createDir) {","lastModifiedDate":"2024-11-02","isFullCredit":false},{"lineNumber":138,"author":{"gitId":"KaiYin99"},"content":"                    System.out.println(\"Failed to create directory.\");","lastModifiedDate":"2024-11-02","isFullCredit":false},{"lineNumber":139,"author":{"gitId":"KaiYin99"},"content":"                    return;","lastModifiedDate":"2024-11-02","isFullCredit":false},{"lineNumber":140,"author":{"gitId":"KaiYin99"},"content":"                } else{","lastModifiedDate":"2024-11-02","isFullCredit":false},{"lineNumber":141,"author":{"gitId":"KaiYin99"},"content":"                    System.out.println(\"Directory created successfully.\");","lastModifiedDate":"2024-11-02","isFullCredit":false},{"lineNumber":142,"author":{"gitId":"KaiYin99"},"content":"                }","lastModifiedDate":"2024-11-02","isFullCredit":false},{"lineNumber":143,"author":{"gitId":"KaiYin99"},"content":"            }","lastModifiedDate":"2024-11-02","isFullCredit":false},{"lineNumber":144,"author":{"gitId":"KaiYin99"},"content":"            // Check if the file exists, if not create it","lastModifiedDate":"2024-11-02","isFullCredit":false},{"lineNumber":145,"author":{"gitId":"KaiYin99"},"content":"            if (!file.exists()) {","lastModifiedDate":"2024-11-02","isFullCredit":false},{"lineNumber":146,"author":{"gitId":"KaiYin99"},"content":"                System.out.println(\"File does not exist. Creating file...\");","lastModifiedDate":"2024-11-02","isFullCredit":false},{"lineNumber":147,"author":{"gitId":"KaiYin99"},"content":"                boolean createFile \u003d file.createNewFile();","lastModifiedDate":"2024-11-02","isFullCredit":false},{"lineNumber":148,"author":{"gitId":"KaiYin99"},"content":"                if (!createFile) {","lastModifiedDate":"2024-11-02","isFullCredit":false},{"lineNumber":149,"author":{"gitId":"KaiYin99"},"content":"                    System.out.println(\"Failed to create file.\");","lastModifiedDate":"2024-11-02","isFullCredit":false},{"lineNumber":150,"author":{"gitId":"KaiYin99"},"content":"                } else {","lastModifiedDate":"2024-11-02","isFullCredit":false},{"lineNumber":151,"author":{"gitId":"KaiYin99"},"content":"                    System.out.println(\"File created successfully.\");","lastModifiedDate":"2024-11-02","isFullCredit":false},{"lineNumber":152,"author":{"gitId":"KaiYin99"},"content":"                }","lastModifiedDate":"2024-11-02","isFullCredit":false},{"lineNumber":153,"author":{"gitId":"KaiYin99"},"content":"            }","lastModifiedDate":"2024-11-02","isFullCredit":false},{"lineNumber":154,"author":{"gitId":"KaiYin99"},"content":"            Scanner s\u003d new Scanner(file);","lastModifiedDate":"2024-11-02","isFullCredit":false},{"lineNumber":155,"author":{"gitId":"KaiYin99"},"content":"            while (s.hasNext()) {","lastModifiedDate":"2024-11-02","isFullCredit":false},{"lineNumber":156,"author":{"gitId":"KaiYin99"},"content":"                String line\u003ds.nextLine();","lastModifiedDate":"2024-11-02","isFullCredit":false},{"lineNumber":157,"author":{"gitId":"KaiYin99"},"content":"                    char task \u003d (line.split(\"\\\\|\")[0]).charAt(0);","lastModifiedDate":"2024-11-02","isFullCredit":false},{"lineNumber":158,"author":{"gitId":"KaiYin99"},"content":"                    String mark \u003d line.split(\"\\\\|\")[1];","lastModifiedDate":"2024-11-02","isFullCredit":false},{"lineNumber":159,"author":{"gitId":"KaiYin99"},"content":"                    String description \u003d line.split(\"\\\\|\")[2];","lastModifiedDate":"2024-11-02","isFullCredit":false},{"lineNumber":160,"author":{"gitId":"KaiYin99"},"content":"                    processFile(task, mark, description);","lastModifiedDate":"2024-11-02","isFullCredit":false},{"lineNumber":161,"author":{"gitId":"KaiYin99"},"content":"            }","lastModifiedDate":"2024-11-02","isFullCredit":false},{"lineNumber":162,"author":{"gitId":"KaiYin99"},"content":"","lastModifiedDate":"2024-11-02","isFullCredit":false},{"lineNumber":163,"author":{"gitId":"KaiYin99"},"content":"        } catch (IOException e) {","lastModifiedDate":"2024-11-02","isFullCredit":false},{"lineNumber":164,"author":{"gitId":"KaiYin99"},"content":"            System.out.println(\"An error occurred: \" + e.getMessage());","lastModifiedDate":"2024-11-02","isFullCredit":false},{"lineNumber":165,"author":{"gitId":"KaiYin99"},"content":"        }","lastModifiedDate":"2024-11-02","isFullCredit":false},{"lineNumber":166,"author":{"gitId":"KaiYin99"},"content":"        greetings();","lastModifiedDate":"2024-09-13","isFullCredit":false},{"lineNumber":167,"author":{"gitId":"KaiYin99"},"content":"        while (!input.equalsIgnoreCase(\"bye\")) {","lastModifiedDate":"2024-09-14","isFullCredit":false},{"lineNumber":168,"author":{"gitId":"KaiYin99"},"content":"            Scanner in \u003d new Scanner(System.in);","lastModifiedDate":"2024-09-14","isFullCredit":false},{"lineNumber":169,"author":{"gitId":"KaiYin99"},"content":"            input \u003d in.nextLine();","lastModifiedDate":"2024-09-14","isFullCredit":false},{"lineNumber":170,"author":{"gitId":"KaiYin99"},"content":"            String task \u003d input.split(\" \")[0];","lastModifiedDate":"2024-09-30","isFullCredit":false},{"lineNumber":171,"author":{"gitId":"KaiYin99"},"content":"            int number;","lastModifiedDate":"2024-09-30","isFullCredit":false},{"lineNumber":172,"author":{"gitId":"KaiYin99"},"content":"            String action, timeline, from, to \u003d \"\";","lastModifiedDate":"2024-09-30","isFullCredit":false},{"lineNumber":173,"author":{"gitId":"KaiYin99"},"content":"            try {","lastModifiedDate":"2024-10-07","isFullCredit":false},{"lineNumber":174,"author":{"gitId":"KaiYin99"},"content":"                if (task.equalsIgnoreCase(\"list\")) {","lastModifiedDate":"2024-09-30","isFullCredit":false},{"lineNumber":175,"author":{"gitId":"KaiYin99"},"content":"                    printItems();","lastModifiedDate":"2024-09-14","isFullCredit":false},{"lineNumber":176,"author":{"gitId":"KaiYin99"},"content":"                } else if (task.equalsIgnoreCase(\"mark\") || task.equalsIgnoreCase(\"unmark\")) {","lastModifiedDate":"2024-10-14","isFullCredit":false},{"lineNumber":177,"author":{"gitId":"KaiYin99"},"content":"                    try{","lastModifiedDate":"2024-10-14","isFullCredit":false},{"lineNumber":178,"author":{"gitId":"KaiYin99"},"content":"                        markTask(task, Integer.parseInt(input.split(\" \")[1]));","lastModifiedDate":"2024-09-30","isFullCredit":false},{"lineNumber":179,"author":{"gitId":"KaiYin99"},"content":"                    } catch (NumberFormatException | IndexOutOfBoundsException e ) {","lastModifiedDate":"2024-11-02","isFullCredit":false},{"lineNumber":180,"author":{"gitId":"KaiYin99"},"content":"                        System.out.println(\"\\t\" + line+\"\\n\\tYour input might be incorrect / out of range, please input the command \u0027mark/unmark/\u0027 follow by an Integer\\n\\teg. mark 1 OR unmark 1\\n\\t\" + line);","lastModifiedDate":"2024-10-14","isFullCredit":false},{"lineNumber":181,"author":{"gitId":"KaiYin99"},"content":"                    }","lastModifiedDate":"2024-10-14","isFullCredit":false},{"lineNumber":182,"author":{"gitId":"KaiYin99"},"content":"                } else if (task.equalsIgnoreCase(\"todo\") || task.equalsIgnoreCase(\"deadline\") || task.equalsIgnoreCase(\"event\")) {","lastModifiedDate":"2024-10-07","isFullCredit":false},{"lineNumber":183,"author":{"gitId":"KaiYin99"},"content":"                    processTask(input, task);","lastModifiedDate":"2024-10-07","isFullCredit":false},{"lineNumber":184,"author":{"gitId":"KaiYin99"},"content":"                } else if (task.equalsIgnoreCase(\"bye\")) {","lastModifiedDate":"2024-10-07","isFullCredit":false},{"lineNumber":185,"author":{"gitId":"KaiYin99"},"content":"                    exit();","lastModifiedDate":"2024-10-07","isFullCredit":false},{"lineNumber":186,"author":{"gitId":"KaiYin99"},"content":"                } else if (task.equalsIgnoreCase(\"delete\")){","lastModifiedDate":"2024-10-14","isFullCredit":false},{"lineNumber":187,"author":{"gitId":"KaiYin99"},"content":"                    try {","lastModifiedDate":"2024-10-14","isFullCredit":false},{"lineNumber":188,"author":{"gitId":"KaiYin99"},"content":"                        removeTask(Integer.parseInt(input.split(\" \")[1]));","lastModifiedDate":"2024-10-14","isFullCredit":false},{"lineNumber":189,"author":{"gitId":"KaiYin99"},"content":"                    } catch (NumberFormatException | IndexOutOfBoundsException e) {","lastModifiedDate":"2024-11-02","isFullCredit":false},{"lineNumber":190,"author":{"gitId":"KaiYin99"},"content":"                        System.out.println(\"\\t\" + line+\"\\n\\tYour input is incorrect, please input the command \u0027delete\u0027 follow by an Integer\\n\\teg.delete 1\\n\\t\" + line);","lastModifiedDate":"2024-10-14","isFullCredit":false},{"lineNumber":191,"author":{"gitId":"KaiYin99"},"content":"                    }","lastModifiedDate":"2024-10-14","isFullCredit":false},{"lineNumber":192,"author":{"gitId":"KaiYin99"},"content":"                } else {","lastModifiedDate":"2024-11-02","isFullCredit":false},{"lineNumber":193,"author":{"gitId":"KaiYin99"},"content":"                    throw new DukeException(\"\\t\" + line + \"\\n\\tOOPS!! I\u0027m sorry, but I don\u0027t know what that means :(\\n\\t\" + line);","lastModifiedDate":"2024-10-07","isFullCredit":false},{"lineNumber":194,"author":{"gitId":"KaiYin99"},"content":"                }","lastModifiedDate":"2024-09-30","isFullCredit":false},{"lineNumber":195,"author":{"gitId":"KaiYin99"},"content":"            } catch (DukeException ex) {","lastModifiedDate":"2024-10-07","isFullCredit":false},{"lineNumber":196,"author":{"gitId":"KaiYin99"},"content":"                System.out.println(ex.getMessage());","lastModifiedDate":"2024-10-07","isFullCredit":false},{"lineNumber":197,"author":{"gitId":"KaiYin99"},"content":"            }","lastModifiedDate":"2024-09-14","isFullCredit":false},{"lineNumber":198,"author":{"gitId":"KaiYin99"},"content":"","lastModifiedDate":"2024-09-14","isFullCredit":false},{"lineNumber":199,"author":{"gitId":"KaiYin99"},"content":"","lastModifiedDate":"2024-09-30","isFullCredit":false},{"lineNumber":200,"author":{"gitId":"KaiYin99"},"content":"        }","lastModifiedDate":"2024-09-14","isFullCredit":false},{"lineNumber":201,"author":{"gitId":"KaiYin99"},"content":"    }","lastModifiedDate":"2024-09-13","isFullCredit":false},{"lineNumber":202,"author":{"gitId":"KaiYin99"},"content":"}","lastModifiedDate":"2024-09-13","isFullCredit":false}],"authorContributionMap":{"KaiYin99":202}},{"path":"src/main/java/Task.java","fileType":"java","lines":[{"lineNumber":1,"author":{"gitId":"KaiYin99"},"content":"public class Task {","lastModifiedDate":"2024-09-17","isFullCredit":false},{"lineNumber":2,"author":{"gitId":"KaiYin99"},"content":"    protected String description;","lastModifiedDate":"2024-09-17","isFullCredit":false},{"lineNumber":3,"author":{"gitId":"KaiYin99"},"content":"    protected boolean isDone;","lastModifiedDate":"2024-09-17","isFullCredit":false},{"lineNumber":4,"author":{"gitId":"KaiYin99"},"content":"    protected char symbol;","lastModifiedDate":"2024-09-30","isFullCredit":false},{"lineNumber":5,"author":{"gitId":"KaiYin99"},"content":"","lastModifiedDate":"2024-09-17","isFullCredit":false},{"lineNumber":6,"author":{"gitId":"KaiYin99"},"content":"    public Task(String description,char symbol) {","lastModifiedDate":"2024-09-30","isFullCredit":false},{"lineNumber":7,"author":{"gitId":"KaiYin99"},"content":"        this.description \u003d description;","lastModifiedDate":"2024-09-17","isFullCredit":false},{"lineNumber":8,"author":{"gitId":"KaiYin99"},"content":"        this.symbol \u003d symbol;","lastModifiedDate":"2024-09-30","isFullCredit":false},{"lineNumber":9,"author":{"gitId":"KaiYin99"},"content":"        this.isDone \u003d false;","lastModifiedDate":"2024-09-17","isFullCredit":false},{"lineNumber":10,"author":{"gitId":"KaiYin99"},"content":"    }","lastModifiedDate":"2024-09-17","isFullCredit":false},{"lineNumber":11,"author":{"gitId":"KaiYin99"},"content":"","lastModifiedDate":"2024-09-17","isFullCredit":false},{"lineNumber":12,"author":{"gitId":"KaiYin99"},"content":"    public String getStatusIcon() {","lastModifiedDate":"2024-09-17","isFullCredit":false},{"lineNumber":13,"author":{"gitId":"KaiYin99"},"content":"        return (isDone ? \"X\" : \" \"); // mark done task with X","lastModifiedDate":"2024-09-17","isFullCredit":false},{"lineNumber":14,"author":{"gitId":"KaiYin99"},"content":"    }","lastModifiedDate":"2024-09-17","isFullCredit":false},{"lineNumber":15,"author":{"gitId":"KaiYin99"},"content":"","lastModifiedDate":"2024-09-17","isFullCredit":false},{"lineNumber":16,"author":{"gitId":"KaiYin99"},"content":"    public void markAsDone() {","lastModifiedDate":"2024-09-17","isFullCredit":false},{"lineNumber":17,"author":{"gitId":"KaiYin99"},"content":"        isDone \u003d true;","lastModifiedDate":"2024-09-17","isFullCredit":false},{"lineNumber":18,"author":{"gitId":"KaiYin99"},"content":"    }","lastModifiedDate":"2024-09-17","isFullCredit":false},{"lineNumber":19,"author":{"gitId":"KaiYin99"},"content":"    public void markAsUnDone(){","lastModifiedDate":"2024-09-17","isFullCredit":false},{"lineNumber":20,"author":{"gitId":"KaiYin99"},"content":"        isDone \u003d false;","lastModifiedDate":"2024-09-17","isFullCredit":false},{"lineNumber":21,"author":{"gitId":"KaiYin99"},"content":"    }","lastModifiedDate":"2024-09-17","isFullCredit":false},{"lineNumber":22,"author":{"gitId":"KaiYin99"},"content":"    public String getDescription() {","lastModifiedDate":"2024-09-17","isFullCredit":false},{"lineNumber":23,"author":{"gitId":"KaiYin99"},"content":"        return description;","lastModifiedDate":"2024-09-17","isFullCredit":false},{"lineNumber":24,"author":{"gitId":"KaiYin99"},"content":"    }","lastModifiedDate":"2024-09-17","isFullCredit":false},{"lineNumber":25,"author":{"gitId":"KaiYin99"},"content":"    public char getSymbol() {return symbol;}","lastModifiedDate":"2024-09-30","isFullCredit":false},{"lineNumber":26,"author":{"gitId":"KaiYin99"},"content":"    public void setSymbol(char symbol) {this.symbol \u003d symbol;}","lastModifiedDate":"2024-09-30","isFullCredit":false},{"lineNumber":27,"author":{"gitId":"KaiYin99"},"content":"    public boolean isDone() {","lastModifiedDate":"2024-09-17","isFullCredit":false},{"lineNumber":28,"author":{"gitId":"KaiYin99"},"content":"        return isDone;","lastModifiedDate":"2024-09-17","isFullCredit":false},{"lineNumber":29,"author":{"gitId":"KaiYin99"},"content":"    }","lastModifiedDate":"2024-09-17","isFullCredit":false},{"lineNumber":30,"author":{"gitId":"KaiYin99"},"content":"    public void setDescription(String description) {","lastModifiedDate":"2024-09-17","isFullCredit":false},{"lineNumber":31,"author":{"gitId":"KaiYin99"},"content":"        this.description \u003d description;","lastModifiedDate":"2024-09-17","isFullCredit":false},{"lineNumber":32,"author":{"gitId":"KaiYin99"},"content":"    }","lastModifiedDate":"2024-09-17","isFullCredit":false},{"lineNumber":33,"author":{"gitId":"KaiYin99"},"content":"","lastModifiedDate":"2024-09-17","isFullCredit":false},{"lineNumber":34,"author":{"gitId":"KaiYin99"},"content":"}","lastModifiedDate":"2024-09-17","isFullCredit":false}],"authorContributionMap":{"KaiYin99":34}},{"path":"src/main/java/Todo.java","fileType":"java","lines":[{"lineNumber":1,"author":{"gitId":"KaiYin99"},"content":"public class Todo extends Task {","lastModifiedDate":"2024-09-30","isFullCredit":false},{"lineNumber":2,"author":{"gitId":"KaiYin99"},"content":"","lastModifiedDate":"2024-09-30","isFullCredit":false},{"lineNumber":3,"author":{"gitId":"KaiYin99"},"content":"    public Todo(String description, char symbol){","lastModifiedDate":"2024-09-30","isFullCredit":false},{"lineNumber":4,"author":{"gitId":"KaiYin99"},"content":"        super(description, symbol );","lastModifiedDate":"2024-09-30","isFullCredit":false},{"lineNumber":5,"author":{"gitId":"KaiYin99"},"content":"        this.isDone \u003d false;","lastModifiedDate":"2024-11-02","isFullCredit":false},{"lineNumber":6,"author":{"gitId":"KaiYin99"},"content":"    }","lastModifiedDate":"2024-09-30","isFullCredit":false},{"lineNumber":7,"author":{"gitId":"KaiYin99"},"content":"","lastModifiedDate":"2024-09-30","isFullCredit":false},{"lineNumber":8,"author":{"gitId":"KaiYin99"},"content":"}","lastModifiedDate":"2024-09-30","isFullCredit":false}],"authorContributionMap":{"KaiYin99":8}},{"path":"src/main/java/data/duke.txt","fileType":"txt","lines":[{"lineNumber":1,"author":{"gitId":"KaiYin99"},"content":"T|1|read book","lastModifiedDate":"2024-11-02","isFullCredit":false},{"lineNumber":2,"author":{"gitId":"KaiYin99"},"content":"D|0|return book (by: June 6th)","lastModifiedDate":"2024-11-02","isFullCredit":false},{"lineNumber":3,"author":{"gitId":"KaiYin99"},"content":"E|0|project (from: Aug 6th 2pm to: 4pm)","lastModifiedDate":"2024-11-02","isFullCredit":false},{"lineNumber":4,"author":{"gitId":"KaiYin99"},"content":"T|1|join sports club","lastModifiedDate":"2024-11-02","isFullCredit":false},{"lineNumber":5,"author":{"gitId":"KaiYin99"},"content":"T|0|apply exam","lastModifiedDate":"2024-11-02","isFullCredit":false},{"lineNumber":6,"author":{"gitId":"KaiYin99"},"content":"D|0|submit assignment(by: mon 2359)","lastModifiedDate":"2024-11-02","isFullCredit":false},{"lineNumber":7,"author":{"gitId":"KaiYin99"},"content":"E|0|project meeting(from: 5pm to: 10pm)","lastModifiedDate":"2024-11-02","isFullCredit":false}],"authorContributionMap":{"KaiYin99":7}}]
