[{"path":"src/main/java/Pistamint/General/Deadline.java","fileType":"java","lines":[{"lineNumber":1,"author":{"gitId":"KaiYin99"},"content":"package Pistamint.General;","lastModifiedDate":"2024-11-04","isFullCredit":false},{"lineNumber":2,"author":{"gitId":"KaiYin99"},"content":"","lastModifiedDate":"2024-11-04","isFullCredit":false},{"lineNumber":3,"author":{"gitId":"KaiYin99"},"content":"public class Deadline extends Task {","lastModifiedDate":"2024-09-30","isFullCredit":false},{"lineNumber":4,"author":{"gitId":"KaiYin99"},"content":"    private String deadline;","lastModifiedDate":"2024-09-30","isFullCredit":false},{"lineNumber":5,"author":{"gitId":"KaiYin99"},"content":"","lastModifiedDate":"2024-11-02","isFullCredit":false},{"lineNumber":6,"author":{"gitId":"KaiYin99"},"content":"    public Deadline(String description, char symbol, String deadline) {","lastModifiedDate":"2024-09-30","isFullCredit":false},{"lineNumber":7,"author":{"gitId":"KaiYin99"},"content":"        super(description, symbol);","lastModifiedDate":"2024-09-30","isFullCredit":false},{"lineNumber":8,"author":{"gitId":"KaiYin99"},"content":"        this.deadline \u003d \" (by:\" + deadline + \")\";","lastModifiedDate":"2024-09-30","isFullCredit":false},{"lineNumber":9,"author":{"gitId":"KaiYin99"},"content":"        this.isDone \u003d false;","lastModifiedDate":"2024-11-02","isFullCredit":false},{"lineNumber":10,"author":{"gitId":"KaiYin99"},"content":"    }","lastModifiedDate":"2024-09-30","isFullCredit":false},{"lineNumber":11,"author":{"gitId":"KaiYin99"},"content":"","lastModifiedDate":"2024-11-02","isFullCredit":false},{"lineNumber":12,"author":{"gitId":"KaiYin99"},"content":"    public Deadline(String description, char symbol) {","lastModifiedDate":"2024-11-02","isFullCredit":false},{"lineNumber":13,"author":{"gitId":"KaiYin99"},"content":"        super(description, symbol);","lastModifiedDate":"2024-11-02","isFullCredit":false},{"lineNumber":14,"author":{"gitId":"KaiYin99"},"content":"        String timeline;","lastModifiedDate":"2024-11-02","isFullCredit":false},{"lineNumber":15,"author":{"gitId":"KaiYin99"},"content":"        timeline \u003ddescription.substring(description.indexOf(\"(by:\")+4, description.lastIndexOf(\")\"));","lastModifiedDate":"2024-11-03","isFullCredit":false},{"lineNumber":16,"author":{"gitId":"KaiYin99"},"content":"        this.deadline \u003d \"(by:\" + timeline + \")\";","lastModifiedDate":"2024-11-02","isFullCredit":false},{"lineNumber":17,"author":{"gitId":"KaiYin99"},"content":"        setDescription(description.substring(0, description.lastIndexOf(\"(\")));","lastModifiedDate":"2024-11-03","isFullCredit":false},{"lineNumber":18,"author":{"gitId":"KaiYin99"},"content":"        this.isDone \u003d false;","lastModifiedDate":"2024-11-02","isFullCredit":false},{"lineNumber":19,"author":{"gitId":"KaiYin99"},"content":"    }","lastModifiedDate":"2024-11-02","isFullCredit":false},{"lineNumber":20,"author":{"gitId":"KaiYin99"},"content":"","lastModifiedDate":"2024-11-02","isFullCredit":false},{"lineNumber":21,"author":{"gitId":"KaiYin99"},"content":"    public String getDeadline() {","lastModifiedDate":"2024-09-30","isFullCredit":false},{"lineNumber":22,"author":{"gitId":"KaiYin99"},"content":"        return deadline;","lastModifiedDate":"2024-09-30","isFullCredit":false},{"lineNumber":23,"author":{"gitId":"KaiYin99"},"content":"    }","lastModifiedDate":"2024-09-30","isFullCredit":false},{"lineNumber":24,"author":{"gitId":"KaiYin99"},"content":"","lastModifiedDate":"2024-11-02","isFullCredit":false},{"lineNumber":25,"author":{"gitId":"KaiYin99"},"content":"    public void setDeadline(String deadline) {","lastModifiedDate":"2024-09-30","isFullCredit":false},{"lineNumber":26,"author":{"gitId":"KaiYin99"},"content":"        this.deadline \u003d \"(by:\" + deadline + \")\";","lastModifiedDate":"2024-09-30","isFullCredit":false},{"lineNumber":27,"author":{"gitId":"KaiYin99"},"content":"    }","lastModifiedDate":"2024-09-30","isFullCredit":false},{"lineNumber":28,"author":{"gitId":"KaiYin99"},"content":"","lastModifiedDate":"2024-11-02","isFullCredit":false},{"lineNumber":29,"author":{"gitId":"KaiYin99"},"content":"    @Override","lastModifiedDate":"2024-09-30","isFullCredit":false},{"lineNumber":30,"author":{"gitId":"KaiYin99"},"content":"    public String getDescription() {","lastModifiedDate":"2024-09-30","isFullCredit":false},{"lineNumber":31,"author":{"gitId":"KaiYin99"},"content":"        return super.getDescription() + getDeadline();","lastModifiedDate":"2024-11-03","isFullCredit":false},{"lineNumber":32,"author":{"gitId":"KaiYin99"},"content":"    }","lastModifiedDate":"2024-09-30","isFullCredit":false},{"lineNumber":33,"author":{"gitId":"KaiYin99"},"content":"}","lastModifiedDate":"2024-09-30","isFullCredit":false}],"authorContributionMap":{"KaiYin99":33}},{"path":"src/main/java/Pistamint/General/DukeException.java","fileType":"java","lines":[{"lineNumber":1,"author":{"gitId":"KaiYin99"},"content":"package Pistamint.General;","lastModifiedDate":"2024-11-04","isFullCredit":false},{"lineNumber":2,"author":{"gitId":"KaiYin99"},"content":"","lastModifiedDate":"2024-11-03","isFullCredit":false},{"lineNumber":3,"author":{"gitId":"KaiYin99"},"content":"public class DukeException extends Exception {","lastModifiedDate":"2024-10-07","isFullCredit":false},{"lineNumber":4,"author":{"gitId":"KaiYin99"},"content":"    public DukeException(){","lastModifiedDate":"2024-10-07","isFullCredit":false},{"lineNumber":5,"author":{"gitId":"KaiYin99"},"content":"        super();","lastModifiedDate":"2024-10-07","isFullCredit":false},{"lineNumber":6,"author":{"gitId":"KaiYin99"},"content":"    }","lastModifiedDate":"2024-10-07","isFullCredit":false},{"lineNumber":7,"author":{"gitId":"KaiYin99"},"content":"    public DukeException(String message){","lastModifiedDate":"2024-10-07","isFullCredit":false},{"lineNumber":8,"author":{"gitId":"KaiYin99"},"content":"        super(message);","lastModifiedDate":"2024-10-07","isFullCredit":false},{"lineNumber":9,"author":{"gitId":"KaiYin99"},"content":"    }","lastModifiedDate":"2024-10-07","isFullCredit":false},{"lineNumber":10,"author":{"gitId":"KaiYin99"},"content":"}","lastModifiedDate":"2024-10-07","isFullCredit":false}],"authorContributionMap":{"KaiYin99":10}},{"path":"src/main/java/Pistamint/General/Event.java","fileType":"java","lines":[{"lineNumber":1,"author":{"gitId":"KaiYin99"},"content":"package Pistamint.General;","lastModifiedDate":"2024-11-04","isFullCredit":false},{"lineNumber":2,"author":{"gitId":"KaiYin99"},"content":"","lastModifiedDate":"2024-11-04","isFullCredit":false},{"lineNumber":3,"author":{"gitId":"KaiYin99"},"content":"public class Event extends Task{","lastModifiedDate":"2024-09-30","isFullCredit":false},{"lineNumber":4,"author":{"gitId":"KaiYin99"},"content":"    private String from;","lastModifiedDate":"2024-09-30","isFullCredit":false},{"lineNumber":5,"author":{"gitId":"KaiYin99"},"content":"    private String to;","lastModifiedDate":"2024-09-30","isFullCredit":false},{"lineNumber":6,"author":{"gitId":"KaiYin99"},"content":"    public Event(String description, char symbol,String from, String to){","lastModifiedDate":"2024-09-30","isFullCredit":false},{"lineNumber":7,"author":{"gitId":"KaiYin99"},"content":"        super(description, symbol);","lastModifiedDate":"2024-09-30","isFullCredit":false},{"lineNumber":8,"author":{"gitId":"KaiYin99"},"content":"        this.from \u003d\" (from:\"+from;","lastModifiedDate":"2024-11-03","isFullCredit":false},{"lineNumber":9,"author":{"gitId":"KaiYin99"},"content":"        this.to \u003d \" to:\"+to+\")\";","lastModifiedDate":"2024-09-30","isFullCredit":false},{"lineNumber":10,"author":{"gitId":"KaiYin99"},"content":"        this.isDone\u003dfalse;","lastModifiedDate":"2024-11-02","isFullCredit":false},{"lineNumber":11,"author":{"gitId":"KaiYin99"},"content":"    }","lastModifiedDate":"2024-11-02","isFullCredit":false},{"lineNumber":12,"author":{"gitId":"KaiYin99"},"content":"    public Event(String description, char symbol){","lastModifiedDate":"2024-11-02","isFullCredit":false},{"lineNumber":13,"author":{"gitId":"KaiYin99"},"content":"        super(description, symbol);","lastModifiedDate":"2024-11-02","isFullCredit":false},{"lineNumber":14,"author":{"gitId":"KaiYin99"},"content":"        String from,to;","lastModifiedDate":"2024-11-03","isFullCredit":false},{"lineNumber":15,"author":{"gitId":"KaiYin99"},"content":"        //System.out.println(description.lastIndexOf(\"to\"));","lastModifiedDate":"2024-11-03","isFullCredit":false},{"lineNumber":16,"author":{"gitId":"KaiYin99"},"content":"        from\u003ddescription.substring(description.indexOf(\"(from:\")+6,description.lastIndexOf(\"to\"));","lastModifiedDate":"2024-11-03","isFullCredit":false},{"lineNumber":17,"author":{"gitId":"KaiYin99"},"content":"        to\u003ddescription.substring(description.indexOf(\"to:\")+3,description.lastIndexOf(\")\"));","lastModifiedDate":"2024-11-03","isFullCredit":false},{"lineNumber":18,"author":{"gitId":"KaiYin99"},"content":"        this.from\u003d\"(from:\"+from;","lastModifiedDate":"2024-11-02","isFullCredit":false},{"lineNumber":19,"author":{"gitId":"KaiYin99"},"content":"        this.to\u003d\"to:\"+to+\")\";","lastModifiedDate":"2024-11-02","isFullCredit":false},{"lineNumber":20,"author":{"gitId":"KaiYin99"},"content":"        this.isDone\u003dfalse;","lastModifiedDate":"2024-11-02","isFullCredit":false},{"lineNumber":21,"author":{"gitId":"KaiYin99"},"content":"        setDescription(description.substring(0,description.lastIndexOf(\"(\")));","lastModifiedDate":"2024-11-03","isFullCredit":false},{"lineNumber":22,"author":{"gitId":"KaiYin99"},"content":"    }","lastModifiedDate":"2024-09-30","isFullCredit":false},{"lineNumber":23,"author":{"gitId":"KaiYin99"},"content":"    public String getFrom() {","lastModifiedDate":"2024-09-30","isFullCredit":false},{"lineNumber":24,"author":{"gitId":"KaiYin99"},"content":"        return from;","lastModifiedDate":"2024-09-30","isFullCredit":false},{"lineNumber":25,"author":{"gitId":"KaiYin99"},"content":"    }","lastModifiedDate":"2024-09-30","isFullCredit":false},{"lineNumber":26,"author":{"gitId":"KaiYin99"},"content":"    public String getTo() {","lastModifiedDate":"2024-09-30","isFullCredit":false},{"lineNumber":27,"author":{"gitId":"KaiYin99"},"content":"        return to;","lastModifiedDate":"2024-09-30","isFullCredit":false},{"lineNumber":28,"author":{"gitId":"KaiYin99"},"content":"    }","lastModifiedDate":"2024-09-30","isFullCredit":false},{"lineNumber":29,"author":{"gitId":"KaiYin99"},"content":"    public void setFrom(String from) {","lastModifiedDate":"2024-09-30","isFullCredit":false},{"lineNumber":30,"author":{"gitId":"KaiYin99"},"content":"        this.from \u003d from;","lastModifiedDate":"2024-09-30","isFullCredit":false},{"lineNumber":31,"author":{"gitId":"KaiYin99"},"content":"    }","lastModifiedDate":"2024-09-30","isFullCredit":false},{"lineNumber":32,"author":{"gitId":"KaiYin99"},"content":"    public void setTo(String to) {","lastModifiedDate":"2024-09-30","isFullCredit":false},{"lineNumber":33,"author":{"gitId":"KaiYin99"},"content":"        this.to \u003d to;","lastModifiedDate":"2024-09-30","isFullCredit":false},{"lineNumber":34,"author":{"gitId":"KaiYin99"},"content":"    }","lastModifiedDate":"2024-09-30","isFullCredit":false},{"lineNumber":35,"author":{"gitId":"KaiYin99"},"content":"    @Override","lastModifiedDate":"2024-09-30","isFullCredit":false},{"lineNumber":36,"author":{"gitId":"KaiYin99"},"content":"    public String getDescription(){","lastModifiedDate":"2024-09-30","isFullCredit":false},{"lineNumber":37,"author":{"gitId":"KaiYin99"},"content":"        return super.getDescription()+getFrom()+getTo();","lastModifiedDate":"2024-11-03","isFullCredit":false},{"lineNumber":38,"author":{"gitId":"KaiYin99"},"content":"    }","lastModifiedDate":"2024-09-30","isFullCredit":false},{"lineNumber":39,"author":{"gitId":"KaiYin99"},"content":"}","lastModifiedDate":"2024-09-30","isFullCredit":false}],"authorContributionMap":{"KaiYin99":39}},{"path":"src/main/java/Pistamint/General/Task.java","fileType":"java","lines":[{"lineNumber":1,"author":{"gitId":"KaiYin99"},"content":"package Pistamint.General;","lastModifiedDate":"2024-11-04","isFullCredit":false},{"lineNumber":2,"author":{"gitId":"KaiYin99"},"content":"","lastModifiedDate":"2024-11-03","isFullCredit":false},{"lineNumber":3,"author":{"gitId":"KaiYin99"},"content":"public class Task {","lastModifiedDate":"2024-09-17","isFullCredit":false},{"lineNumber":4,"author":{"gitId":"KaiYin99"},"content":"    protected String description;","lastModifiedDate":"2024-09-17","isFullCredit":false},{"lineNumber":5,"author":{"gitId":"KaiYin99"},"content":"    protected boolean isDone;","lastModifiedDate":"2024-09-17","isFullCredit":false},{"lineNumber":6,"author":{"gitId":"KaiYin99"},"content":"    protected char symbol;","lastModifiedDate":"2024-09-30","isFullCredit":false},{"lineNumber":7,"author":{"gitId":"KaiYin99"},"content":"","lastModifiedDate":"2024-09-17","isFullCredit":false},{"lineNumber":8,"author":{"gitId":"KaiYin99"},"content":"    public Task(String description,char symbol) {","lastModifiedDate":"2024-09-30","isFullCredit":false},{"lineNumber":9,"author":{"gitId":"KaiYin99"},"content":"        this.description \u003d description;","lastModifiedDate":"2024-09-17","isFullCredit":false},{"lineNumber":10,"author":{"gitId":"KaiYin99"},"content":"        this.symbol \u003d symbol;","lastModifiedDate":"2024-09-30","isFullCredit":false},{"lineNumber":11,"author":{"gitId":"KaiYin99"},"content":"        this.isDone \u003d false;","lastModifiedDate":"2024-09-17","isFullCredit":false},{"lineNumber":12,"author":{"gitId":"KaiYin99"},"content":"    }","lastModifiedDate":"2024-09-17","isFullCredit":false},{"lineNumber":13,"author":{"gitId":"KaiYin99"},"content":"","lastModifiedDate":"2024-09-17","isFullCredit":false},{"lineNumber":14,"author":{"gitId":"KaiYin99"},"content":"    public String getStatusIcon() {","lastModifiedDate":"2024-09-17","isFullCredit":false},{"lineNumber":15,"author":{"gitId":"KaiYin99"},"content":"        return (isDone ? \"X\" : \" \"); // mark done task with X","lastModifiedDate":"2024-09-17","isFullCredit":false},{"lineNumber":16,"author":{"gitId":"KaiYin99"},"content":"    }","lastModifiedDate":"2024-09-17","isFullCredit":false},{"lineNumber":17,"author":{"gitId":"KaiYin99"},"content":"","lastModifiedDate":"2024-09-17","isFullCredit":false},{"lineNumber":18,"author":{"gitId":"KaiYin99"},"content":"    public void markAsDone() {","lastModifiedDate":"2024-09-17","isFullCredit":false},{"lineNumber":19,"author":{"gitId":"KaiYin99"},"content":"        isDone \u003d true;","lastModifiedDate":"2024-09-17","isFullCredit":false},{"lineNumber":20,"author":{"gitId":"KaiYin99"},"content":"    }","lastModifiedDate":"2024-09-17","isFullCredit":false},{"lineNumber":21,"author":{"gitId":"KaiYin99"},"content":"    public void markAsUnDone(){","lastModifiedDate":"2024-09-17","isFullCredit":false},{"lineNumber":22,"author":{"gitId":"KaiYin99"},"content":"        isDone \u003d false;","lastModifiedDate":"2024-09-17","isFullCredit":false},{"lineNumber":23,"author":{"gitId":"KaiYin99"},"content":"    }","lastModifiedDate":"2024-09-17","isFullCredit":false},{"lineNumber":24,"author":{"gitId":"KaiYin99"},"content":"    public String getDescription() {","lastModifiedDate":"2024-09-17","isFullCredit":false},{"lineNumber":25,"author":{"gitId":"KaiYin99"},"content":"        return description;","lastModifiedDate":"2024-09-17","isFullCredit":false},{"lineNumber":26,"author":{"gitId":"KaiYin99"},"content":"    }","lastModifiedDate":"2024-09-17","isFullCredit":false},{"lineNumber":27,"author":{"gitId":"KaiYin99"},"content":"    public char getSymbol() {return symbol;}","lastModifiedDate":"2024-09-30","isFullCredit":false},{"lineNumber":28,"author":{"gitId":"KaiYin99"},"content":"    public void setSymbol(char symbol) {this.symbol \u003d symbol;}","lastModifiedDate":"2024-09-30","isFullCredit":false},{"lineNumber":29,"author":{"gitId":"KaiYin99"},"content":"    public boolean isDone() {","lastModifiedDate":"2024-09-17","isFullCredit":false},{"lineNumber":30,"author":{"gitId":"KaiYin99"},"content":"        return isDone;","lastModifiedDate":"2024-09-17","isFullCredit":false},{"lineNumber":31,"author":{"gitId":"KaiYin99"},"content":"    }","lastModifiedDate":"2024-09-17","isFullCredit":false},{"lineNumber":32,"author":{"gitId":"KaiYin99"},"content":"    public void setDescription(String description) {","lastModifiedDate":"2024-09-17","isFullCredit":false},{"lineNumber":33,"author":{"gitId":"KaiYin99"},"content":"        this.description \u003d description;","lastModifiedDate":"2024-09-17","isFullCredit":false},{"lineNumber":34,"author":{"gitId":"KaiYin99"},"content":"    }","lastModifiedDate":"2024-09-17","isFullCredit":false},{"lineNumber":35,"author":{"gitId":"KaiYin99"},"content":"","lastModifiedDate":"2024-09-17","isFullCredit":false},{"lineNumber":36,"author":{"gitId":"KaiYin99"},"content":"}","lastModifiedDate":"2024-09-17","isFullCredit":false}],"authorContributionMap":{"KaiYin99":36}},{"path":"src/main/java/Pistamint/General/Todo.java","fileType":"java","lines":[{"lineNumber":1,"author":{"gitId":"KaiYin99"},"content":"package Pistamint.General;","lastModifiedDate":"2024-11-04","isFullCredit":false},{"lineNumber":2,"author":{"gitId":"KaiYin99"},"content":"","lastModifiedDate":"2024-11-03","isFullCredit":false},{"lineNumber":3,"author":{"gitId":"KaiYin99"},"content":"public class Todo extends Task {","lastModifiedDate":"2024-09-30","isFullCredit":false},{"lineNumber":4,"author":{"gitId":"KaiYin99"},"content":"","lastModifiedDate":"2024-09-30","isFullCredit":false},{"lineNumber":5,"author":{"gitId":"KaiYin99"},"content":"    public Todo(String description, char symbol){","lastModifiedDate":"2024-09-30","isFullCredit":false},{"lineNumber":6,"author":{"gitId":"KaiYin99"},"content":"        super(description, symbol );","lastModifiedDate":"2024-09-30","isFullCredit":false},{"lineNumber":7,"author":{"gitId":"KaiYin99"},"content":"        this.isDone \u003d false;","lastModifiedDate":"2024-11-02","isFullCredit":false},{"lineNumber":8,"author":{"gitId":"KaiYin99"},"content":"    }","lastModifiedDate":"2024-09-30","isFullCredit":false},{"lineNumber":9,"author":{"gitId":"KaiYin99"},"content":"","lastModifiedDate":"2024-09-30","isFullCredit":false},{"lineNumber":10,"author":{"gitId":"KaiYin99"},"content":"}","lastModifiedDate":"2024-09-30","isFullCredit":false}],"authorContributionMap":{"KaiYin99":10}},{"path":"src/main/java/Pistamint/Parser/Parser.java","fileType":"java","lines":[{"lineNumber":1,"author":{"gitId":"KaiYin99"},"content":"package Pistamint.Parser;","lastModifiedDate":"2024-11-04","isFullCredit":false},{"lineNumber":2,"author":{"gitId":"KaiYin99"},"content":"import java.time.LocalDate;","lastModifiedDate":"2024-11-03","isFullCredit":false},{"lineNumber":3,"author":{"gitId":"KaiYin99"},"content":"import java.time.format.DateTimeFormatter;","lastModifiedDate":"2024-11-03","isFullCredit":false},{"lineNumber":4,"author":{"gitId":"KaiYin99"},"content":"import Pistamint.General.*;","lastModifiedDate":"2024-11-04","isFullCredit":false},{"lineNumber":5,"author":{"gitId":"KaiYin99"},"content":"import Pistamint.Storage.Storage;","lastModifiedDate":"2024-11-04","isFullCredit":false},{"lineNumber":6,"author":{"gitId":"KaiYin99"},"content":"import Pistamint.TaskList.TaskList;","lastModifiedDate":"2024-11-04","isFullCredit":false},{"lineNumber":7,"author":{"gitId":"KaiYin99"},"content":"import Pistamint.Ui.Ui;","lastModifiedDate":"2024-11-04","isFullCredit":false},{"lineNumber":8,"author":{"gitId":"KaiYin99"},"content":"import java.io.IOException;","lastModifiedDate":"2024-11-03","isFullCredit":false},{"lineNumber":9,"author":{"gitId":"KaiYin99"},"content":"import java.time.format.DateTimeParseException;","lastModifiedDate":"2024-11-03","isFullCredit":false},{"lineNumber":10,"author":{"gitId":"KaiYin99"},"content":"import java.util.ArrayList;","lastModifiedDate":"2024-11-04","isFullCredit":false},{"lineNumber":11,"author":{"gitId":"KaiYin99"},"content":"","lastModifiedDate":"2024-11-03","isFullCredit":false},{"lineNumber":12,"author":{"gitId":"KaiYin99"},"content":"public class Parser {","lastModifiedDate":"2024-11-03","isFullCredit":false},{"lineNumber":13,"author":{"gitId":"KaiYin99"},"content":"    private static TaskList taskList;","lastModifiedDate":"2024-11-03","isFullCredit":false},{"lineNumber":14,"author":{"gitId":"KaiYin99"},"content":"","lastModifiedDate":"2024-11-03","isFullCredit":false},{"lineNumber":15,"author":{"gitId":"KaiYin99"},"content":"    //private static Pistamint.Ui ui;","lastModifiedDate":"2024-11-04","isFullCredit":false},{"lineNumber":16,"author":{"gitId":"KaiYin99"},"content":"    public Parser(TaskList taskList) {","lastModifiedDate":"2024-11-03","isFullCredit":false},{"lineNumber":17,"author":{"gitId":"KaiYin99"},"content":"        this.taskList \u003d taskList;","lastModifiedDate":"2024-11-03","isFullCredit":false},{"lineNumber":18,"author":{"gitId":"KaiYin99"},"content":"    }","lastModifiedDate":"2024-11-03","isFullCredit":false},{"lineNumber":19,"author":{"gitId":"KaiYin99"},"content":"","lastModifiedDate":"2024-11-03","isFullCredit":false},{"lineNumber":20,"author":{"gitId":"KaiYin99"},"content":"    /**","lastModifiedDate":"2024-11-04","isFullCredit":false},{"lineNumber":21,"author":{"gitId":"KaiYin99"},"content":"     * This method is used to process tasks in the duke.txt","lastModifiedDate":"2024-11-04","isFullCredit":false},{"lineNumber":22,"author":{"gitId":"KaiYin99"},"content":"     * by taking in the taskData argument, splits up the data into three parts","lastModifiedDate":"2024-11-04","isFullCredit":false},{"lineNumber":23,"author":{"gitId":"KaiYin99"},"content":"     * to identify which task class it belongs to, assign and adds into the tasklist.","lastModifiedDate":"2024-11-04","isFullCredit":false},{"lineNumber":24,"author":{"gitId":"KaiYin99"},"content":"     * @param taskData are each line stored in duke.txt storage file","lastModifiedDate":"2024-11-04","isFullCredit":false},{"lineNumber":25,"author":{"gitId":"KaiYin99"},"content":"     * @throws IOException when there\u0027s issues with the file","lastModifiedDate":"2024-11-04","isFullCredit":false},{"lineNumber":26,"author":{"gitId":"KaiYin99"},"content":"     */","lastModifiedDate":"2024-11-04","isFullCredit":false},{"lineNumber":27,"author":{"gitId":"KaiYin99"},"content":"    public static void parseTask(String taskData) throws IOException {","lastModifiedDate":"2024-11-03","isFullCredit":false},{"lineNumber":28,"author":{"gitId":"KaiYin99"},"content":"        char symbol \u003d taskData.charAt(0);","lastModifiedDate":"2024-11-03","isFullCredit":false},{"lineNumber":29,"author":{"gitId":"KaiYin99"},"content":"        String[] dataParts \u003d taskData.split(\"\\\\|\");","lastModifiedDate":"2024-11-03","isFullCredit":false},{"lineNumber":30,"author":{"gitId":"KaiYin99"},"content":"        boolean isDone \u003d dataParts[1].equals(\"1\");","lastModifiedDate":"2024-11-03","isFullCredit":false},{"lineNumber":31,"author":{"gitId":"KaiYin99"},"content":"        String description \u003d dataParts[2];","lastModifiedDate":"2024-11-03","isFullCredit":false},{"lineNumber":32,"author":{"gitId":"KaiYin99"},"content":"        Task task;","lastModifiedDate":"2024-11-03","isFullCredit":false},{"lineNumber":33,"author":{"gitId":"KaiYin99"},"content":"        if (symbol \u003d\u003d \u0027T\u0027) {","lastModifiedDate":"2024-11-03","isFullCredit":false},{"lineNumber":34,"author":{"gitId":"KaiYin99"},"content":"            task \u003d new Todo(description, symbol);","lastModifiedDate":"2024-11-03","isFullCredit":false},{"lineNumber":35,"author":{"gitId":"KaiYin99"},"content":"            taskList.addTask(task, true);","lastModifiedDate":"2024-11-03","isFullCredit":false},{"lineNumber":36,"author":{"gitId":"KaiYin99"},"content":"","lastModifiedDate":"2024-11-03","isFullCredit":false},{"lineNumber":37,"author":{"gitId":"KaiYin99"},"content":"        } else if (symbol \u003d\u003d \u0027D\u0027) {","lastModifiedDate":"2024-11-03","isFullCredit":false},{"lineNumber":38,"author":{"gitId":"KaiYin99"},"content":"            task \u003d new Deadline(description, symbol);","lastModifiedDate":"2024-11-03","isFullCredit":false},{"lineNumber":39,"author":{"gitId":"KaiYin99"},"content":"            taskList.addTask(task, true);","lastModifiedDate":"2024-11-03","isFullCredit":false},{"lineNumber":40,"author":{"gitId":"KaiYin99"},"content":"        } else {","lastModifiedDate":"2024-11-03","isFullCredit":false},{"lineNumber":41,"author":{"gitId":"KaiYin99"},"content":"            task \u003d new Event(description, symbol);","lastModifiedDate":"2024-11-03","isFullCredit":false},{"lineNumber":42,"author":{"gitId":"KaiYin99"},"content":"            taskList.addTask(task, true);","lastModifiedDate":"2024-11-03","isFullCredit":false},{"lineNumber":43,"author":{"gitId":"KaiYin99"},"content":"        }","lastModifiedDate":"2024-11-03","isFullCredit":false},{"lineNumber":44,"author":{"gitId":"KaiYin99"},"content":"        if (isDone) {","lastModifiedDate":"2024-11-03","isFullCredit":false},{"lineNumber":45,"author":{"gitId":"KaiYin99"},"content":"            task.markAsDone();","lastModifiedDate":"2024-11-03","isFullCredit":false},{"lineNumber":46,"author":{"gitId":"KaiYin99"},"content":"        }","lastModifiedDate":"2024-11-03","isFullCredit":false},{"lineNumber":47,"author":{"gitId":"KaiYin99"},"content":"    }","lastModifiedDate":"2024-11-03","isFullCredit":false},{"lineNumber":48,"author":{"gitId":"KaiYin99"},"content":"","lastModifiedDate":"2024-11-03","isFullCredit":false},{"lineNumber":49,"author":{"gitId":"KaiYin99"},"content":"    /**","lastModifiedDate":"2024-11-04","isFullCredit":false},{"lineNumber":50,"author":{"gitId":"KaiYin99"},"content":"     * This method returns true if the commands have been successfully processed (added to tasklist and also the file storoage)","lastModifiedDate":"2024-11-04","isFullCredit":false},{"lineNumber":51,"author":{"gitId":"KaiYin99"},"content":"     * return false if otherwise. It parses the user input timeline in \"yyyy-MM-dd\" for event /deadlines task","lastModifiedDate":"2024-11-04","isFullCredit":false},{"lineNumber":52,"author":{"gitId":"KaiYin99"},"content":"     * into Date Format \"MMM dd yyyy\"","lastModifiedDate":"2024-11-04","isFullCredit":false},{"lineNumber":53,"author":{"gitId":"KaiYin99"},"content":"     *","lastModifiedDate":"2024-11-04","isFullCredit":false},{"lineNumber":54,"author":{"gitId":"KaiYin99"},"content":"     * @param input the entire line of command keyed in by the user including activities","lastModifiedDate":"2024-11-04","isFullCredit":false},{"lineNumber":55,"author":{"gitId":"KaiYin99"},"content":"     * @param task the key command that user wants to do","lastModifiedDate":"2024-11-04","isFullCredit":false},{"lineNumber":56,"author":{"gitId":"KaiYin99"},"content":"     * @return true/false","lastModifiedDate":"2024-11-04","isFullCredit":false},{"lineNumber":57,"author":{"gitId":"KaiYin99"},"content":"     * @throws DateTimeParseException if the date time is in invalid format to be parsed.","lastModifiedDate":"2024-11-04","isFullCredit":false},{"lineNumber":58,"author":{"gitId":"KaiYin99"},"content":"     * @throws StringIndexOutOfBoundsException if the user did not complete the command input for event/deadline/todo.","lastModifiedDate":"2024-11-04","isFullCredit":false},{"lineNumber":59,"author":{"gitId":"KaiYin99"},"content":"     */","lastModifiedDate":"2024-11-04","isFullCredit":false},{"lineNumber":60,"author":{"gitId":"KaiYin99"},"content":"    public static boolean processTask(String input, String task) {","lastModifiedDate":"2024-11-03","isFullCredit":false},{"lineNumber":61,"author":{"gitId":"KaiYin99"},"content":"        String action \u003d \"\";","lastModifiedDate":"2024-11-03","isFullCredit":false},{"lineNumber":62,"author":{"gitId":"KaiYin99"},"content":"        LocalDate timeline,to,from;","lastModifiedDate":"2024-11-03","isFullCredit":false},{"lineNumber":63,"author":{"gitId":"KaiYin99"},"content":"        try {","lastModifiedDate":"2024-11-03","isFullCredit":false},{"lineNumber":64,"author":{"gitId":"KaiYin99"},"content":"            if (task.equalsIgnoreCase(\"todo\")) {","lastModifiedDate":"2024-11-03","isFullCredit":false},{"lineNumber":65,"author":{"gitId":"KaiYin99"},"content":"                action \u003d input.substring(input.indexOf(\" \"));","lastModifiedDate":"2024-11-03","isFullCredit":false},{"lineNumber":66,"author":{"gitId":"KaiYin99"},"content":"                Todo todo \u003d new Todo(action.trim(), \u0027T\u0027);","lastModifiedDate":"2024-11-03","isFullCredit":false},{"lineNumber":67,"author":{"gitId":"KaiYin99"},"content":"                taskList.addTask(todo, false);","lastModifiedDate":"2024-11-03","isFullCredit":false},{"lineNumber":68,"author":{"gitId":"KaiYin99"},"content":"            } else {","lastModifiedDate":"2024-11-03","isFullCredit":false},{"lineNumber":69,"author":{"gitId":"KaiYin99"},"content":"                String description;","lastModifiedDate":"2024-11-03","isFullCredit":false},{"lineNumber":70,"author":{"gitId":"KaiYin99"},"content":"                try{","lastModifiedDate":"2024-11-03","isFullCredit":false},{"lineNumber":71,"author":{"gitId":"KaiYin99"},"content":"                if (task.equalsIgnoreCase(\"deadline\")) {","lastModifiedDate":"2024-11-03","isFullCredit":false},{"lineNumber":72,"author":{"gitId":"KaiYin99"},"content":"                    description \u003d input.substring(input.indexOf(\" \"), input.indexOf(\"/by\"));","lastModifiedDate":"2024-11-03","isFullCredit":false},{"lineNumber":73,"author":{"gitId":"KaiYin99"},"content":"                    timeline \u003d LocalDate.parse(input.substring(input.indexOf(\"/by\") + 3).trim());","lastModifiedDate":"2024-11-03","isFullCredit":false},{"lineNumber":74,"author":{"gitId":"KaiYin99"},"content":"                    String dL\u003dtimeline.format(DateTimeFormatter.ofPattern(\"MMM dd yyyy\"));","lastModifiedDate":"2024-11-03","isFullCredit":false},{"lineNumber":75,"author":{"gitId":"KaiYin99"},"content":"                    Deadline deadline \u003d new Deadline(description.trim(), \u0027D\u0027, dL);","lastModifiedDate":"2024-11-03","isFullCredit":false},{"lineNumber":76,"author":{"gitId":"KaiYin99"},"content":"                    taskList.addTask(deadline, false);","lastModifiedDate":"2024-11-03","isFullCredit":false},{"lineNumber":77,"author":{"gitId":"KaiYin99"},"content":"                } else if (task.equalsIgnoreCase(\"event\")) {","lastModifiedDate":"2024-11-03","isFullCredit":false},{"lineNumber":78,"author":{"gitId":"KaiYin99"},"content":"                    description \u003d input.substring(input.indexOf(\" \"), input.indexOf(\"/from\"));","lastModifiedDate":"2024-11-03","isFullCredit":false},{"lineNumber":79,"author":{"gitId":"KaiYin99"},"content":"                    from \u003d LocalDate.parse(input.substring(input.indexOf(\"/from\") + 5, input.indexOf(\"/to\")).trim());","lastModifiedDate":"2024-11-03","isFullCredit":false},{"lineNumber":80,"author":{"gitId":"KaiYin99"},"content":"                    to \u003d LocalDate.parse(input.substring(input.indexOf(\"/to\") + 3).trim());","lastModifiedDate":"2024-11-03","isFullCredit":false},{"lineNumber":81,"author":{"gitId":"KaiYin99"},"content":"                    String eFrom \u003d from.format(DateTimeFormatter.ofPattern(\"MMM dd yyyy\"));","lastModifiedDate":"2024-11-03","isFullCredit":false},{"lineNumber":82,"author":{"gitId":"KaiYin99"},"content":"                    String eTo \u003d to.format(DateTimeFormatter.ofPattern(\"MMM dd yyyy\"));","lastModifiedDate":"2024-11-03","isFullCredit":false},{"lineNumber":83,"author":{"gitId":"KaiYin99"},"content":"                    Event event \u003d new Event(description.trim(), \u0027E\u0027, eFrom, eTo);","lastModifiedDate":"2024-11-03","isFullCredit":false},{"lineNumber":84,"author":{"gitId":"KaiYin99"},"content":"                    taskList.addTask(event, false);","lastModifiedDate":"2024-11-03","isFullCredit":false},{"lineNumber":85,"author":{"gitId":"KaiYin99"},"content":"                }","lastModifiedDate":"2024-11-03","isFullCredit":false},{"lineNumber":86,"author":{"gitId":"KaiYin99"},"content":"                }catch(DateTimeParseException e){","lastModifiedDate":"2024-11-03","isFullCredit":false},{"lineNumber":87,"author":{"gitId":"KaiYin99"},"content":"                    System.out.println(Ui.start+\"\\n\\tThe date format you have keyed in is invalid. Please key in the following format \u0027yyyy-MM-dd\u0027\"+Ui.end);","lastModifiedDate":"2024-11-03","isFullCredit":false},{"lineNumber":88,"author":{"gitId":"KaiYin99"},"content":"                    return false;","lastModifiedDate":"2024-11-03","isFullCredit":false},{"lineNumber":89,"author":{"gitId":"KaiYin99"},"content":"                }","lastModifiedDate":"2024-11-03","isFullCredit":false},{"lineNumber":90,"author":{"gitId":"KaiYin99"},"content":"            }","lastModifiedDate":"2024-11-03","isFullCredit":false},{"lineNumber":91,"author":{"gitId":"KaiYin99"},"content":"            return true;","lastModifiedDate":"2024-11-03","isFullCredit":false},{"lineNumber":92,"author":{"gitId":"KaiYin99"},"content":"        } catch (StringIndexOutOfBoundsException ex) {","lastModifiedDate":"2024-11-03","isFullCredit":false},{"lineNumber":93,"author":{"gitId":"KaiYin99"},"content":"            System.out.println(Ui.start + \"\\n\\tOOPS!!! The description of \" + task + \" is incomplete.\" + Ui.end);","lastModifiedDate":"2024-11-03","isFullCredit":false},{"lineNumber":94,"author":{"gitId":"KaiYin99"},"content":"        }","lastModifiedDate":"2024-11-03","isFullCredit":false},{"lineNumber":95,"author":{"gitId":"KaiYin99"},"content":"        return false;","lastModifiedDate":"2024-11-03","isFullCredit":false},{"lineNumber":96,"author":{"gitId":"KaiYin99"},"content":"    }","lastModifiedDate":"2024-11-03","isFullCredit":false},{"lineNumber":97,"author":{"gitId":"KaiYin99"},"content":"","lastModifiedDate":"2024-11-03","isFullCredit":false},{"lineNumber":98,"author":{"gitId":"KaiYin99"},"content":"    /**","lastModifiedDate":"2024-11-04","isFullCredit":false},{"lineNumber":99,"author":{"gitId":"KaiYin99"},"content":"     * This method is used to process different type of inputs that user have keyed into the system.","lastModifiedDate":"2024-11-04","isFullCredit":false},{"lineNumber":100,"author":{"gitId":"KaiYin99"},"content":"     * For each of the commands keyed, it will call different Parser/Ui/Storage methods.","lastModifiedDate":"2024-11-04","isFullCredit":false},{"lineNumber":101,"author":{"gitId":"KaiYin99"},"content":"     * @param input takes in user input for processing.","lastModifiedDate":"2024-11-04","isFullCredit":false},{"lineNumber":102,"author":{"gitId":"KaiYin99"},"content":"     * @throws NumberFormatException for commands like mark/unmark/delete","lastModifiedDate":"2024-11-04","isFullCredit":false},{"lineNumber":103,"author":{"gitId":"KaiYin99"},"content":"     */","lastModifiedDate":"2024-11-04","isFullCredit":false},{"lineNumber":104,"author":{"gitId":"KaiYin99"},"content":"    public static void parseCommand(String input) {","lastModifiedDate":"2024-11-03","isFullCredit":false},{"lineNumber":105,"author":{"gitId":"KaiYin99"},"content":"        String command \u003d input.split(\" \")[0];","lastModifiedDate":"2024-11-03","isFullCredit":false},{"lineNumber":106,"author":{"gitId":"KaiYin99"},"content":"        switch (command.toLowerCase()) {","lastModifiedDate":"2024-11-03","isFullCredit":false},{"lineNumber":107,"author":{"gitId":"KaiYin99"},"content":"            case \"bye\":","lastModifiedDate":"2024-11-03","isFullCredit":false},{"lineNumber":108,"author":{"gitId":"KaiYin99"},"content":"                Ui.showGoodbye();","lastModifiedDate":"2024-11-03","isFullCredit":false},{"lineNumber":109,"author":{"gitId":"KaiYin99"},"content":"                break;","lastModifiedDate":"2024-11-03","isFullCredit":false},{"lineNumber":110,"author":{"gitId":"KaiYin99"},"content":"            case \"list\":","lastModifiedDate":"2024-11-03","isFullCredit":false},{"lineNumber":111,"author":{"gitId":"KaiYin99"},"content":"                Ui.printItems();","lastModifiedDate":"2024-11-03","isFullCredit":false},{"lineNumber":112,"author":{"gitId":"KaiYin99"},"content":"                break;","lastModifiedDate":"2024-11-03","isFullCredit":false},{"lineNumber":113,"author":{"gitId":"KaiYin99"},"content":"            case \"mark\":","lastModifiedDate":"2024-11-03","isFullCredit":false},{"lineNumber":114,"author":{"gitId":"KaiYin99"},"content":"                try {","lastModifiedDate":"2024-11-03","isFullCredit":false},{"lineNumber":115,"author":{"gitId":"KaiYin99"},"content":"                    taskList.markAsDone(Integer.parseInt(input.split(\" \")[1])-1);","lastModifiedDate":"2024-11-03","isFullCredit":false},{"lineNumber":116,"author":{"gitId":"KaiYin99"},"content":"                    Ui.showTaskMarked(taskList.getTasks().get(Integer.parseInt(input.split(\" \")[1])-1));","lastModifiedDate":"2024-11-03","isFullCredit":false},{"lineNumber":117,"author":{"gitId":"KaiYin99"},"content":"                } catch (NumberFormatException e) {","lastModifiedDate":"2024-11-03","isFullCredit":false},{"lineNumber":118,"author":{"gitId":"KaiYin99"},"content":"                    System.out.println(Ui.start+\"\\n\\tYour input might be incorrect / out of range, please input the command \u0027mark\u0027 follow by an Integer\\n\\teg. mark 1 \"+Ui.end);","lastModifiedDate":"2024-11-03","isFullCredit":false},{"lineNumber":119,"author":{"gitId":"KaiYin99"},"content":"                }","lastModifiedDate":"2024-11-03","isFullCredit":false},{"lineNumber":120,"author":{"gitId":"KaiYin99"},"content":"                break;","lastModifiedDate":"2024-11-03","isFullCredit":false},{"lineNumber":121,"author":{"gitId":"KaiYin99"},"content":"            case \"unmark\":","lastModifiedDate":"2024-11-03","isFullCredit":false},{"lineNumber":122,"author":{"gitId":"KaiYin99"},"content":"                try {","lastModifiedDate":"2024-11-03","isFullCredit":false},{"lineNumber":123,"author":{"gitId":"KaiYin99"},"content":"                    taskList.markAsUnDone(Integer.parseInt(input.split(\" \")[1]) - 1);","lastModifiedDate":"2024-11-03","isFullCredit":false},{"lineNumber":124,"author":{"gitId":"KaiYin99"},"content":"                    Ui.showTaskUnMarked(taskList.getTasks().get(Integer.parseInt(input.split(\" \")[1]) - 1));","lastModifiedDate":"2024-11-03","isFullCredit":false},{"lineNumber":125,"author":{"gitId":"KaiYin99"},"content":"                }catch (NumberFormatException e) {","lastModifiedDate":"2024-11-03","isFullCredit":false},{"lineNumber":126,"author":{"gitId":"KaiYin99"},"content":"                    System.out.println(Ui.start+\"\\n\\tYour input might be incorrect / out of range, please input the command \u0027mark\u0027 follow by an Integer\\n\\teg. unmark 1\"+Ui.end);","lastModifiedDate":"2024-11-03","isFullCredit":false},{"lineNumber":127,"author":{"gitId":"KaiYin99"},"content":"                }","lastModifiedDate":"2024-11-03","isFullCredit":false},{"lineNumber":128,"author":{"gitId":"KaiYin99"},"content":"                break;","lastModifiedDate":"2024-11-03","isFullCredit":false},{"lineNumber":129,"author":{"gitId":"KaiYin99"},"content":"            case \"todo\", \"deadline\",\"event\":","lastModifiedDate":"2024-11-03","isFullCredit":false},{"lineNumber":130,"author":{"gitId":"KaiYin99"},"content":"                if(processTask(input, command)) {","lastModifiedDate":"2024-11-03","isFullCredit":false},{"lineNumber":131,"author":{"gitId":"KaiYin99"},"content":"                    Ui.showTaskAdded(taskList.getTasks().get(taskList.getSize() - 1), input);","lastModifiedDate":"2024-11-03","isFullCredit":false},{"lineNumber":132,"author":{"gitId":"KaiYin99"},"content":"                }","lastModifiedDate":"2024-11-03","isFullCredit":false},{"lineNumber":133,"author":{"gitId":"KaiYin99"},"content":"                break;","lastModifiedDate":"2024-11-03","isFullCredit":false},{"lineNumber":134,"author":{"gitId":"KaiYin99"},"content":"            case \"delete\":","lastModifiedDate":"2024-11-03","isFullCredit":false},{"lineNumber":135,"author":{"gitId":"KaiYin99"},"content":"                try {","lastModifiedDate":"2024-11-03","isFullCredit":false},{"lineNumber":136,"author":{"gitId":"KaiYin99"},"content":"                    Ui.showTaskRemoved(taskList.getTasks().get(Integer.parseInt(input.split(\" \")[1])-1));","lastModifiedDate":"2024-11-03","isFullCredit":false},{"lineNumber":137,"author":{"gitId":"KaiYin99"},"content":"                    taskList.removeTask(Integer.parseInt(input.split(\" \")[1])-1);","lastModifiedDate":"2024-11-03","isFullCredit":false},{"lineNumber":138,"author":{"gitId":"KaiYin99"},"content":"                    Storage.removeFromFile(taskList.getTasks());","lastModifiedDate":"2024-11-04","isFullCredit":false},{"lineNumber":139,"author":{"gitId":"KaiYin99"},"content":"                    break;","lastModifiedDate":"2024-11-03","isFullCredit":false},{"lineNumber":140,"author":{"gitId":"KaiYin99"},"content":"","lastModifiedDate":"2024-11-03","isFullCredit":false},{"lineNumber":141,"author":{"gitId":"KaiYin99"},"content":"                }catch (NumberFormatException e) {","lastModifiedDate":"2024-11-03","isFullCredit":false},{"lineNumber":142,"author":{"gitId":"KaiYin99"},"content":"                    System.out.println(Ui.start+\"\\n\\tYour input is incorrect, please input the command \u0027delete\u0027 follow by an Integer\\n\\teg.delete 1\"+Ui.end);","lastModifiedDate":"2024-11-03","isFullCredit":false},{"lineNumber":143,"author":{"gitId":"KaiYin99"},"content":"                } catch (IOException e) {","lastModifiedDate":"2024-11-04","isFullCredit":false},{"lineNumber":144,"author":{"gitId":"KaiYin99"},"content":"                    Ui.runTimeException(e.getMessage());","lastModifiedDate":"2024-11-04","isFullCredit":false},{"lineNumber":145,"author":{"gitId":"KaiYin99"},"content":"                }","lastModifiedDate":"2024-11-03","isFullCredit":false},{"lineNumber":146,"author":{"gitId":"KaiYin99"},"content":"                break;","lastModifiedDate":"2024-11-03","isFullCredit":false},{"lineNumber":147,"author":{"gitId":"KaiYin99"},"content":"            case \"find\":","lastModifiedDate":"2024-11-04","isFullCredit":false},{"lineNumber":148,"author":{"gitId":"KaiYin99"},"content":"                ArrayList\u003cTask\u003e resultTasks\u003dnew ArrayList\u003c\u003e();","lastModifiedDate":"2024-11-04","isFullCredit":false},{"lineNumber":149,"author":{"gitId":"KaiYin99"},"content":"                resultTasks\u003dtaskList.findTask(input.substring(command.length()+1));","lastModifiedDate":"2024-11-04","isFullCredit":false},{"lineNumber":150,"author":{"gitId":"KaiYin99"},"content":"                Ui.printMatchingTask(resultTasks);","lastModifiedDate":"2024-11-04","isFullCredit":false},{"lineNumber":151,"author":{"gitId":"KaiYin99"},"content":"                break;","lastModifiedDate":"2024-11-04","isFullCredit":false},{"lineNumber":152,"author":{"gitId":"KaiYin99"},"content":"            default:","lastModifiedDate":"2024-11-03","isFullCredit":false},{"lineNumber":153,"author":{"gitId":"KaiYin99"},"content":"                System.out.println(Ui.start+ \"\\n\\tOOPS!! I\u0027m sorry, but I don\u0027t know what that means :(\"+Ui.end);","lastModifiedDate":"2024-11-03","isFullCredit":false},{"lineNumber":154,"author":{"gitId":"KaiYin99"},"content":"        }","lastModifiedDate":"2024-11-03","isFullCredit":false},{"lineNumber":155,"author":{"gitId":"KaiYin99"},"content":"    }","lastModifiedDate":"2024-11-03","isFullCredit":false},{"lineNumber":156,"author":{"gitId":"KaiYin99"},"content":"","lastModifiedDate":"2024-11-03","isFullCredit":false},{"lineNumber":157,"author":{"gitId":"KaiYin99"},"content":"","lastModifiedDate":"2024-11-03","isFullCredit":false},{"lineNumber":158,"author":{"gitId":"KaiYin99"},"content":"","lastModifiedDate":"2024-11-04","isFullCredit":false},{"lineNumber":159,"author":{"gitId":"KaiYin99"},"content":"}","lastModifiedDate":"2024-11-03","isFullCredit":false}],"authorContributionMap":{"KaiYin99":159}},{"path":"src/main/java/Pistamint/PistaMint.java","fileType":"java","lines":[{"lineNumber":1,"author":{"gitId":"KaiYin99"},"content":"package Pistamint;","lastModifiedDate":"2024-11-04","isFullCredit":false},{"lineNumber":2,"author":{"gitId":"KaiYin99"},"content":"import Pistamint.General.Task;","lastModifiedDate":"2024-11-04","isFullCredit":false},{"lineNumber":3,"author":{"gitId":"KaiYin99"},"content":"import Pistamint.TaskList.TaskList;","lastModifiedDate":"2024-11-04","isFullCredit":false},{"lineNumber":4,"author":{"gitId":"KaiYin99"},"content":"import Pistamint.Ui.Ui;","lastModifiedDate":"2024-11-04","isFullCredit":false},{"lineNumber":5,"author":{"gitId":"KaiYin99"},"content":"import Pistamint.Storage.Storage;","lastModifiedDate":"2024-11-04","isFullCredit":false},{"lineNumber":6,"author":{"gitId":"KaiYin99"},"content":"import Pistamint.Parser.Parser;","lastModifiedDate":"2024-11-04","isFullCredit":false},{"lineNumber":7,"author":{"gitId":"KaiYin99"},"content":"","lastModifiedDate":"2024-11-04","isFullCredit":false},{"lineNumber":8,"author":{"gitId":"KaiYin99"},"content":"import java.io.FileNotFoundException;","lastModifiedDate":"2024-11-04","isFullCredit":false},{"lineNumber":9,"author":{"gitId":"KaiYin99"},"content":"import java.util.*;","lastModifiedDate":"2024-11-04","isFullCredit":false},{"lineNumber":10,"author":{"gitId":"KaiYin99"},"content":"","lastModifiedDate":"2024-11-04","isFullCredit":false},{"lineNumber":11,"author":{"gitId":"KaiYin99"},"content":"public class PistaMint {","lastModifiedDate":"2024-11-04","isFullCredit":false},{"lineNumber":12,"author":{"gitId":"KaiYin99"},"content":"","lastModifiedDate":"2024-11-04","isFullCredit":false},{"lineNumber":13,"author":{"gitId":"KaiYin99"},"content":"    private Ui ui;","lastModifiedDate":"2024-11-04","isFullCredit":false},{"lineNumber":14,"author":{"gitId":"KaiYin99"},"content":"    private Storage storage;","lastModifiedDate":"2024-11-04","isFullCredit":false},{"lineNumber":15,"author":{"gitId":"KaiYin99"},"content":"    private TaskList tasks;","lastModifiedDate":"2024-11-04","isFullCredit":false},{"lineNumber":16,"author":{"gitId":"KaiYin99"},"content":"    public static int length \u003d 50;","lastModifiedDate":"2024-11-04","isFullCredit":false},{"lineNumber":17,"author":{"gitId":"KaiYin99"},"content":"    public static String line \u003d \"-\".repeat(length);","lastModifiedDate":"2024-11-04","isFullCredit":false},{"lineNumber":18,"author":{"gitId":"KaiYin99"},"content":"    public static String input \u003d \"\";","lastModifiedDate":"2024-11-04","isFullCredit":false},{"lineNumber":19,"author":{"gitId":"KaiYin99"},"content":"    public static String directoryPath \u003d \"data\";","lastModifiedDate":"2024-11-04","isFullCredit":false},{"lineNumber":20,"author":{"gitId":"KaiYin99"},"content":"    public static String filePath \u003d directoryPath + \"/duke.txt\";","lastModifiedDate":"2024-11-04","isFullCredit":false},{"lineNumber":21,"author":{"gitId":"KaiYin99"},"content":"    public PistaMint(String filePath) throws FileNotFoundException {","lastModifiedDate":"2024-11-04","isFullCredit":false},{"lineNumber":22,"author":{"gitId":"KaiYin99"},"content":"        storage\u003dnew Storage(directoryPath,filePath);","lastModifiedDate":"2024-11-04","isFullCredit":false},{"lineNumber":23,"author":{"gitId":"KaiYin99"},"content":"        tasks\u003dnew TaskList(storage);","lastModifiedDate":"2024-11-04","isFullCredit":false},{"lineNumber":24,"author":{"gitId":"KaiYin99"},"content":"        storage.load();","lastModifiedDate":"2024-11-04","isFullCredit":false},{"lineNumber":25,"author":{"gitId":"KaiYin99"},"content":"","lastModifiedDate":"2024-11-04","isFullCredit":false},{"lineNumber":26,"author":{"gitId":"KaiYin99"},"content":"    }","lastModifiedDate":"2024-11-04","isFullCredit":false},{"lineNumber":27,"author":{"gitId":"KaiYin99"},"content":"","lastModifiedDate":"2024-11-04","isFullCredit":false},{"lineNumber":28,"author":{"gitId":"KaiYin99"},"content":"    /**","lastModifiedDate":"2024-11-04","isFullCredit":false},{"lineNumber":29,"author":{"gitId":"KaiYin99"},"content":"     * Shows the greeting to user, read the user and calls for the Parser to parse and process the commands","lastModifiedDate":"2024-11-04","isFullCredit":false},{"lineNumber":30,"author":{"gitId":"KaiYin99"},"content":"     */","lastModifiedDate":"2024-11-04","isFullCredit":false},{"lineNumber":31,"author":{"gitId":"KaiYin99"},"content":"    public void run() {","lastModifiedDate":"2024-11-04","isFullCredit":false},{"lineNumber":32,"author":{"gitId":"KaiYin99"},"content":"        Ui.showGreeting();","lastModifiedDate":"2024-11-04","isFullCredit":false},{"lineNumber":33,"author":{"gitId":"KaiYin99"},"content":"        Scanner scanner\u003dnew Scanner(System.in);","lastModifiedDate":"2024-11-04","isFullCredit":false},{"lineNumber":34,"author":{"gitId":"KaiYin99"},"content":"        while(!input.equalsIgnoreCase(\"bye\")){","lastModifiedDate":"2024-11-04","isFullCredit":false},{"lineNumber":35,"author":{"gitId":"KaiYin99"},"content":"            input \u003d scanner.nextLine();","lastModifiedDate":"2024-11-04","isFullCredit":false},{"lineNumber":36,"author":{"gitId":"KaiYin99"},"content":"            Parser.parseCommand(input);","lastModifiedDate":"2024-11-04","isFullCredit":false},{"lineNumber":37,"author":{"gitId":"KaiYin99"},"content":"        }","lastModifiedDate":"2024-11-04","isFullCredit":false},{"lineNumber":38,"author":{"gitId":"KaiYin99"},"content":"    }","lastModifiedDate":"2024-11-04","isFullCredit":false},{"lineNumber":39,"author":{"gitId":"KaiYin99"},"content":"    public static void main(String[] args) throws FileNotFoundException {","lastModifiedDate":"2024-11-04","isFullCredit":false},{"lineNumber":40,"author":{"gitId":"KaiYin99"},"content":"        Storage storage\u003dnew Storage(directoryPath,filePath);","lastModifiedDate":"2024-11-04","isFullCredit":false},{"lineNumber":41,"author":{"gitId":"KaiYin99"},"content":"        TaskList taskList \u003d new TaskList(storage);   // Instantiate Pistamint.TaskList","lastModifiedDate":"2024-11-04","isFullCredit":false},{"lineNumber":42,"author":{"gitId":"KaiYin99"},"content":"        Parser parser \u003d new Parser(taskList);","lastModifiedDate":"2024-11-04","isFullCredit":false},{"lineNumber":43,"author":{"gitId":"KaiYin99"},"content":"        Ui ui \u003d new Ui(taskList);","lastModifiedDate":"2024-11-04","isFullCredit":false},{"lineNumber":44,"author":{"gitId":"KaiYin99"},"content":"        new PistaMint(\"./data/duke.txt\").run();","lastModifiedDate":"2024-11-04","isFullCredit":false},{"lineNumber":45,"author":{"gitId":"KaiYin99"},"content":"    }","lastModifiedDate":"2024-11-04","isFullCredit":false},{"lineNumber":46,"author":{"gitId":"KaiYin99"},"content":"}","lastModifiedDate":"2024-11-04","isFullCredit":false}],"authorContributionMap":{"KaiYin99":46}},{"path":"src/main/java/Pistamint/Storage/Storage.java","fileType":"java","lines":[{"lineNumber":1,"author":{"gitId":"KaiYin99"},"content":"package Pistamint.Storage;","lastModifiedDate":"2024-11-04","isFullCredit":false},{"lineNumber":2,"author":{"gitId":"KaiYin99"},"content":"import Pistamint.General.Task;","lastModifiedDate":"2024-11-04","isFullCredit":false},{"lineNumber":3,"author":{"gitId":"KaiYin99"},"content":"import java.io.File;","lastModifiedDate":"2024-11-03","isFullCredit":false},{"lineNumber":4,"author":{"gitId":"KaiYin99"},"content":"import java.io.FileNotFoundException;","lastModifiedDate":"2024-11-03","isFullCredit":false},{"lineNumber":5,"author":{"gitId":"KaiYin99"},"content":"import java.io.FileWriter;","lastModifiedDate":"2024-11-03","isFullCredit":false},{"lineNumber":6,"author":{"gitId":"KaiYin99"},"content":"import java.io.IOException;","lastModifiedDate":"2024-11-03","isFullCredit":false},{"lineNumber":7,"author":{"gitId":"KaiYin99"},"content":"import java.util.ArrayList;","lastModifiedDate":"2024-11-03","isFullCredit":false},{"lineNumber":8,"author":{"gitId":"KaiYin99"},"content":"import java.util.Scanner;","lastModifiedDate":"2024-11-03","isFullCredit":false},{"lineNumber":9,"author":{"gitId":"KaiYin99"},"content":"import Pistamint.Parser.Parser;","lastModifiedDate":"2024-11-04","isFullCredit":false},{"lineNumber":10,"author":{"gitId":"KaiYin99"},"content":"import Pistamint.TaskList.TaskList;","lastModifiedDate":"2024-11-04","isFullCredit":false},{"lineNumber":11,"author":{"gitId":"KaiYin99"},"content":"import Pistamint.Ui.Ui;","lastModifiedDate":"2024-11-04","isFullCredit":false},{"lineNumber":12,"author":{"gitId":"KaiYin99"},"content":"","lastModifiedDate":"2024-11-03","isFullCredit":false},{"lineNumber":13,"author":{"gitId":"KaiYin99"},"content":"public class Storage {","lastModifiedDate":"2024-11-03","isFullCredit":false},{"lineNumber":14,"author":{"gitId":"KaiYin99"},"content":"    private static String directoryPath;","lastModifiedDate":"2024-11-03","isFullCredit":false},{"lineNumber":15,"author":{"gitId":"KaiYin99"},"content":"    private static String filePath;","lastModifiedDate":"2024-11-03","isFullCredit":false},{"lineNumber":16,"author":{"gitId":"KaiYin99"},"content":"","lastModifiedDate":"2024-11-03","isFullCredit":false},{"lineNumber":17,"author":{"gitId":"KaiYin99"},"content":"    public Storage(String directoryPath, String filePath) {","lastModifiedDate":"2024-11-03","isFullCredit":false},{"lineNumber":18,"author":{"gitId":"KaiYin99"},"content":"        this.filePath \u003d filePath;","lastModifiedDate":"2024-11-03","isFullCredit":false},{"lineNumber":19,"author":{"gitId":"KaiYin99"},"content":"        this.directoryPath \u003d directoryPath;","lastModifiedDate":"2024-11-03","isFullCredit":false},{"lineNumber":20,"author":{"gitId":"KaiYin99"},"content":"    }","lastModifiedDate":"2024-11-03","isFullCredit":false},{"lineNumber":21,"author":{"gitId":"KaiYin99"},"content":"","lastModifiedDate":"2024-11-03","isFullCredit":false},{"lineNumber":22,"author":{"gitId":"KaiYin99"},"content":"    /**","lastModifiedDate":"2024-11-04","isFullCredit":false},{"lineNumber":23,"author":{"gitId":"KaiYin99"},"content":"     * Load the data in file storage into the task list","lastModifiedDate":"2024-11-04","isFullCredit":false},{"lineNumber":24,"author":{"gitId":"KaiYin99"},"content":"     * @return the Array list of tasks that is in the file storage","lastModifiedDate":"2024-11-04","isFullCredit":false},{"lineNumber":25,"author":{"gitId":"KaiYin99"},"content":"     * @throws IOException when there is IO issues when processing the entry.","lastModifiedDate":"2024-11-04","isFullCredit":false},{"lineNumber":26,"author":{"gitId":"KaiYin99"},"content":"     */","lastModifiedDate":"2024-11-04","isFullCredit":false},{"lineNumber":27,"author":{"gitId":"KaiYin99"},"content":"    public ArrayList\u003cTask\u003e load() {","lastModifiedDate":"2024-11-04","isFullCredit":false},{"lineNumber":28,"author":{"gitId":"KaiYin99"},"content":"        ArrayList\u003cTask\u003e tasks \u003d new ArrayList\u003c\u003e();","lastModifiedDate":"2024-11-03","isFullCredit":false},{"lineNumber":29,"author":{"gitId":"KaiYin99"},"content":"        File directory \u003d new File(directoryPath);","lastModifiedDate":"2024-11-03","isFullCredit":false},{"lineNumber":30,"author":{"gitId":"KaiYin99"},"content":"        File file \u003d new File(filePath);","lastModifiedDate":"2024-11-03","isFullCredit":false},{"lineNumber":31,"author":{"gitId":"KaiYin99"},"content":"        try {","lastModifiedDate":"2024-11-03","isFullCredit":false},{"lineNumber":32,"author":{"gitId":"KaiYin99"},"content":"            if (!directory.exists()) {","lastModifiedDate":"2024-11-03","isFullCredit":false},{"lineNumber":33,"author":{"gitId":"KaiYin99"},"content":"                System.out.println(\"Directory does not exist. Creating directory...\");","lastModifiedDate":"2024-11-03","isFullCredit":false},{"lineNumber":34,"author":{"gitId":"KaiYin99"},"content":"                boolean createDir \u003d directory.mkdir();","lastModifiedDate":"2024-11-03","isFullCredit":false},{"lineNumber":35,"author":{"gitId":"KaiYin99"},"content":"                if (!createDir) {","lastModifiedDate":"2024-11-03","isFullCredit":false},{"lineNumber":36,"author":{"gitId":"KaiYin99"},"content":"                    System.out.println(\"Failed to create directory.\");","lastModifiedDate":"2024-11-03","isFullCredit":false},{"lineNumber":37,"author":{"gitId":"KaiYin99"},"content":"                } else {","lastModifiedDate":"2024-11-03","isFullCredit":false},{"lineNumber":38,"author":{"gitId":"KaiYin99"},"content":"                    System.out.println(\"Directory created successfully.\");","lastModifiedDate":"2024-11-03","isFullCredit":false},{"lineNumber":39,"author":{"gitId":"KaiYin99"},"content":"                }","lastModifiedDate":"2024-11-03","isFullCredit":false},{"lineNumber":40,"author":{"gitId":"KaiYin99"},"content":"            }","lastModifiedDate":"2024-11-03","isFullCredit":false},{"lineNumber":41,"author":{"gitId":"KaiYin99"},"content":"            // Check if the file exists, if not create it","lastModifiedDate":"2024-11-03","isFullCredit":false},{"lineNumber":42,"author":{"gitId":"KaiYin99"},"content":"            if (!file.exists()) {","lastModifiedDate":"2024-11-03","isFullCredit":false},{"lineNumber":43,"author":{"gitId":"KaiYin99"},"content":"                System.out.println(\"File does not exist. Creating file...\");","lastModifiedDate":"2024-11-03","isFullCredit":false},{"lineNumber":44,"author":{"gitId":"KaiYin99"},"content":"                boolean createFile \u003d file.createNewFile();","lastModifiedDate":"2024-11-03","isFullCredit":false},{"lineNumber":45,"author":{"gitId":"KaiYin99"},"content":"                if (!createFile) {","lastModifiedDate":"2024-11-03","isFullCredit":false},{"lineNumber":46,"author":{"gitId":"KaiYin99"},"content":"                    System.out.println(\"Failed to create file.\");","lastModifiedDate":"2024-11-03","isFullCredit":false},{"lineNumber":47,"author":{"gitId":"KaiYin99"},"content":"                } else {","lastModifiedDate":"2024-11-03","isFullCredit":false},{"lineNumber":48,"author":{"gitId":"KaiYin99"},"content":"                    System.out.println(\"File created successfully.\");","lastModifiedDate":"2024-11-03","isFullCredit":false},{"lineNumber":49,"author":{"gitId":"KaiYin99"},"content":"                }","lastModifiedDate":"2024-11-03","isFullCredit":false},{"lineNumber":50,"author":{"gitId":"KaiYin99"},"content":"            }","lastModifiedDate":"2024-11-03","isFullCredit":false},{"lineNumber":51,"author":{"gitId":"KaiYin99"},"content":"            Scanner scanner \u003d new Scanner(file);","lastModifiedDate":"2024-11-03","isFullCredit":false},{"lineNumber":52,"author":{"gitId":"KaiYin99"},"content":"","lastModifiedDate":"2024-11-03","isFullCredit":false},{"lineNumber":53,"author":{"gitId":"KaiYin99"},"content":"            while (scanner.hasNext()) {","lastModifiedDate":"2024-11-03","isFullCredit":false},{"lineNumber":54,"author":{"gitId":"KaiYin99"},"content":"                String line \u003d scanner.nextLine();","lastModifiedDate":"2024-11-03","isFullCredit":false},{"lineNumber":55,"author":{"gitId":"KaiYin99"},"content":"                // Parse each line into a Task object and add to tasks","lastModifiedDate":"2024-11-03","isFullCredit":false},{"lineNumber":56,"author":{"gitId":"KaiYin99"},"content":"                Parser.parseTask(line);","lastModifiedDate":"2024-11-03","isFullCredit":false},{"lineNumber":57,"author":{"gitId":"KaiYin99"},"content":"            }","lastModifiedDate":"2024-11-03","isFullCredit":false},{"lineNumber":58,"author":{"gitId":"KaiYin99"},"content":"            return tasks;","lastModifiedDate":"2024-11-03","isFullCredit":false},{"lineNumber":59,"author":{"gitId":"KaiYin99"},"content":"        } catch (IOException e) {","lastModifiedDate":"2024-11-03","isFullCredit":false},{"lineNumber":60,"author":{"gitId":"KaiYin99"},"content":"            Ui.runTimeException(e.getMessage());","lastModifiedDate":"2024-11-04","isFullCredit":false},{"lineNumber":61,"author":{"gitId":"KaiYin99"},"content":"        }","lastModifiedDate":"2024-11-03","isFullCredit":false},{"lineNumber":62,"author":{"gitId":"KaiYin99"},"content":"        return tasks;","lastModifiedDate":"2024-11-04","isFullCredit":false},{"lineNumber":63,"author":{"gitId":"KaiYin99"},"content":"    }","lastModifiedDate":"2024-11-03","isFullCredit":false},{"lineNumber":64,"author":{"gitId":"KaiYin99"},"content":"","lastModifiedDate":"2024-11-04","isFullCredit":false},{"lineNumber":65,"author":{"gitId":"KaiYin99"},"content":"    /**","lastModifiedDate":"2024-11-04","isFullCredit":false},{"lineNumber":66,"author":{"gitId":"KaiYin99"},"content":"     * Append new line of data into file storage when user adds new task.","lastModifiedDate":"2024-11-04","isFullCredit":false},{"lineNumber":67,"author":{"gitId":"KaiYin99"},"content":"     * @throws IOException when there is IO issues when processing the entry.","lastModifiedDate":"2024-11-04","isFullCredit":false},{"lineNumber":68,"author":{"gitId":"KaiYin99"},"content":"     */","lastModifiedDate":"2024-11-04","isFullCredit":false},{"lineNumber":69,"author":{"gitId":"KaiYin99"},"content":"    public static void appendToFile(Task t) throws IOException {","lastModifiedDate":"2024-11-03","isFullCredit":false},{"lineNumber":70,"author":{"gitId":"KaiYin99"},"content":"        FileWriter fw \u003d new FileWriter(filePath, true); // create a FileWriter in append mode","lastModifiedDate":"2024-11-03","isFullCredit":false},{"lineNumber":71,"author":{"gitId":"KaiYin99"},"content":"        String task\u003d t.getSymbol()+\"|\"+(t.getStatusIcon().equals(\"X\") ? \"1\":\"0\")+\"|\"+t.getDescription();","lastModifiedDate":"2024-11-03","isFullCredit":false},{"lineNumber":72,"author":{"gitId":"KaiYin99"},"content":"        fw.write(System.lineSeparator()+task);","lastModifiedDate":"2024-11-03","isFullCredit":false},{"lineNumber":73,"author":{"gitId":"KaiYin99"},"content":"        fw.close();","lastModifiedDate":"2024-11-03","isFullCredit":false},{"lineNumber":74,"author":{"gitId":"KaiYin99"},"content":"    }","lastModifiedDate":"2024-11-03","isFullCredit":false},{"lineNumber":75,"author":{"gitId":"KaiYin99"},"content":"","lastModifiedDate":"2024-11-04","isFullCredit":false},{"lineNumber":76,"author":{"gitId":"KaiYin99"},"content":"    /**","lastModifiedDate":"2024-11-04","isFullCredit":false},{"lineNumber":77,"author":{"gitId":"KaiYin99"},"content":"     * Remove specific line of data from file storage when user initiates to delete of the task.","lastModifiedDate":"2024-11-04","isFullCredit":false},{"lineNumber":78,"author":{"gitId":"KaiYin99"},"content":"     * @throws IOException when there is IO issues when processing the entry.","lastModifiedDate":"2024-11-04","isFullCredit":false},{"lineNumber":79,"author":{"gitId":"KaiYin99"},"content":"     */","lastModifiedDate":"2024-11-04","isFullCredit":false},{"lineNumber":80,"author":{"gitId":"KaiYin99"},"content":"    public static void removeFromFile(ArrayList\u003cTask\u003e taskList) throws IOException {","lastModifiedDate":"2024-11-04","isFullCredit":false},{"lineNumber":81,"author":{"gitId":"KaiYin99"},"content":"        FileWriter fw \u003d new FileWriter(filePath);","lastModifiedDate":"2024-11-04","isFullCredit":false},{"lineNumber":82,"author":{"gitId":"KaiYin99"},"content":"        for (Task task : taskList) {","lastModifiedDate":"2024-11-04","isFullCredit":false},{"lineNumber":83,"author":{"gitId":"KaiYin99"},"content":"            fw.write(task.getSymbol()+\"|\"+(task.getStatusIcon().equals(\"X\") ? \"1\":\"0\")+\"|\"+task.getDescription());","lastModifiedDate":"2024-11-04","isFullCredit":false},{"lineNumber":84,"author":{"gitId":"KaiYin99"},"content":"            fw.write(System.lineSeparator());","lastModifiedDate":"2024-11-04","isFullCredit":false},{"lineNumber":85,"author":{"gitId":"KaiYin99"},"content":"        }","lastModifiedDate":"2024-11-04","isFullCredit":false},{"lineNumber":86,"author":{"gitId":"KaiYin99"},"content":"        fw.close();","lastModifiedDate":"2024-11-04","isFullCredit":false},{"lineNumber":87,"author":{"gitId":"KaiYin99"},"content":"    }","lastModifiedDate":"2024-11-04","isFullCredit":false},{"lineNumber":88,"author":{"gitId":"KaiYin99"},"content":"}","lastModifiedDate":"2024-11-03","isFullCredit":false}],"authorContributionMap":{"KaiYin99":88}},{"path":"src/main/java/Pistamint/TaskList/TaskList.java","fileType":"java","lines":[{"lineNumber":1,"author":{"gitId":"KaiYin99"},"content":"package Pistamint.TaskList;","lastModifiedDate":"2024-11-04","isFullCredit":false},{"lineNumber":2,"author":{"gitId":"KaiYin99"},"content":"import Pistamint.General.Task;","lastModifiedDate":"2024-11-04","isFullCredit":false},{"lineNumber":3,"author":{"gitId":"KaiYin99"},"content":"import java.io.IOException;","lastModifiedDate":"2024-11-04","isFullCredit":false},{"lineNumber":4,"author":{"gitId":"KaiYin99"},"content":"import java.util.ArrayList;","lastModifiedDate":"2024-11-04","isFullCredit":false},{"lineNumber":5,"author":{"gitId":"KaiYin99"},"content":"import java.util.regex.Matcher;","lastModifiedDate":"2024-11-04","isFullCredit":false},{"lineNumber":6,"author":{"gitId":"KaiYin99"},"content":"import java.util.regex.Pattern;","lastModifiedDate":"2024-11-04","isFullCredit":false},{"lineNumber":7,"author":{"gitId":"KaiYin99"},"content":"","lastModifiedDate":"2024-11-04","isFullCredit":false},{"lineNumber":8,"author":{"gitId":"KaiYin99"},"content":"import Pistamint.Ui.Ui;","lastModifiedDate":"2024-11-04","isFullCredit":false},{"lineNumber":9,"author":{"gitId":"KaiYin99"},"content":"import Pistamint.Storage.Storage;","lastModifiedDate":"2024-11-04","isFullCredit":false},{"lineNumber":10,"author":{"gitId":"KaiYin99"},"content":"public class TaskList {","lastModifiedDate":"2024-11-04","isFullCredit":false},{"lineNumber":11,"author":{"gitId":"KaiYin99"},"content":"    private static ArrayList\u003cTask\u003e tasks;","lastModifiedDate":"2024-11-04","isFullCredit":false},{"lineNumber":12,"author":{"gitId":"KaiYin99"},"content":"    private static Storage storage;","lastModifiedDate":"2024-11-04","isFullCredit":false},{"lineNumber":13,"author":{"gitId":"KaiYin99"},"content":"    public TaskList(Storage storage) {","lastModifiedDate":"2024-11-04","isFullCredit":false},{"lineNumber":14,"author":{"gitId":"KaiYin99"},"content":"        tasks \u003d new ArrayList\u003c\u003e();","lastModifiedDate":"2024-11-04","isFullCredit":false},{"lineNumber":15,"author":{"gitId":"KaiYin99"},"content":"        this.storage \u003d storage;","lastModifiedDate":"2024-11-04","isFullCredit":false},{"lineNumber":16,"author":{"gitId":"KaiYin99"},"content":"    }","lastModifiedDate":"2024-11-04","isFullCredit":false},{"lineNumber":17,"author":{"gitId":"KaiYin99"},"content":"","lastModifiedDate":"2024-11-04","isFullCredit":false},{"lineNumber":18,"author":{"gitId":"KaiYin99"},"content":"    /**","lastModifiedDate":"2024-11-04","isFullCredit":false},{"lineNumber":19,"author":{"gitId":"KaiYin99"},"content":"     * This method returns the number of item in the task list.","lastModifiedDate":"2024-11-04","isFullCredit":false},{"lineNumber":20,"author":{"gitId":"KaiYin99"},"content":"     * @return the size of the task list","lastModifiedDate":"2024-11-04","isFullCredit":false},{"lineNumber":21,"author":{"gitId":"KaiYin99"},"content":"     */","lastModifiedDate":"2024-11-04","isFullCredit":false},{"lineNumber":22,"author":{"gitId":"KaiYin99"},"content":"    public int getSize(){","lastModifiedDate":"2024-11-04","isFullCredit":false},{"lineNumber":23,"author":{"gitId":"KaiYin99"},"content":"        return tasks.size();","lastModifiedDate":"2024-11-04","isFullCredit":false},{"lineNumber":24,"author":{"gitId":"KaiYin99"},"content":"    }","lastModifiedDate":"2024-11-04","isFullCredit":false},{"lineNumber":25,"author":{"gitId":"KaiYin99"},"content":"","lastModifiedDate":"2024-11-04","isFullCredit":false},{"lineNumber":26,"author":{"gitId":"KaiYin99"},"content":"    /**","lastModifiedDate":"2024-11-04","isFullCredit":false},{"lineNumber":27,"author":{"gitId":"KaiYin99"},"content":"     * This method marks the task from the task list as completed.","lastModifiedDate":"2024-11-04","isFullCredit":false},{"lineNumber":28,"author":{"gitId":"KaiYin99"},"content":"     * @param index refers to the position of the list item that is to be marked as completed","lastModifiedDate":"2024-11-04","isFullCredit":false},{"lineNumber":29,"author":{"gitId":"KaiYin99"},"content":"     * @throws IndexOutOfBoundsException when user input the index of item is out of range.","lastModifiedDate":"2024-11-04","isFullCredit":false},{"lineNumber":30,"author":{"gitId":"KaiYin99"},"content":"     */","lastModifiedDate":"2024-11-04","isFullCredit":false},{"lineNumber":31,"author":{"gitId":"KaiYin99"},"content":"    public void markAsDone(int index) {","lastModifiedDate":"2024-11-04","isFullCredit":false},{"lineNumber":32,"author":{"gitId":"KaiYin99"},"content":"        try {","lastModifiedDate":"2024-11-04","isFullCredit":false},{"lineNumber":33,"author":{"gitId":"KaiYin99"},"content":"            tasks.get(index).markAsDone();","lastModifiedDate":"2024-11-04","isFullCredit":false},{"lineNumber":34,"author":{"gitId":"KaiYin99"},"content":"        }catch (IndexOutOfBoundsException e){","lastModifiedDate":"2024-11-04","isFullCredit":false},{"lineNumber":35,"author":{"gitId":"KaiYin99"},"content":"            System.out.println(Ui.start+ \"\\n\\tItem is out of range. You currently only have \" + tasks.size() + \" items.\"+Ui.end);","lastModifiedDate":"2024-11-04","isFullCredit":false},{"lineNumber":36,"author":{"gitId":"KaiYin99"},"content":"        }","lastModifiedDate":"2024-11-04","isFullCredit":false},{"lineNumber":37,"author":{"gitId":"KaiYin99"},"content":"    }","lastModifiedDate":"2024-11-04","isFullCredit":false},{"lineNumber":38,"author":{"gitId":"KaiYin99"},"content":"","lastModifiedDate":"2024-11-04","isFullCredit":false},{"lineNumber":39,"author":{"gitId":"KaiYin99"},"content":"    /**","lastModifiedDate":"2024-11-04","isFullCredit":false},{"lineNumber":40,"author":{"gitId":"KaiYin99"},"content":"     * This method marks the task from the task list as not completed.","lastModifiedDate":"2024-11-04","isFullCredit":false},{"lineNumber":41,"author":{"gitId":"KaiYin99"},"content":"     * @param index refers to the position of the list item that is to be unmarked.","lastModifiedDate":"2024-11-04","isFullCredit":false},{"lineNumber":42,"author":{"gitId":"KaiYin99"},"content":"     * @throws IndexOutOfBoundsException when user input the index of item is out of range.","lastModifiedDate":"2024-11-04","isFullCredit":false},{"lineNumber":43,"author":{"gitId":"KaiYin99"},"content":"     */","lastModifiedDate":"2024-11-04","isFullCredit":false},{"lineNumber":44,"author":{"gitId":"KaiYin99"},"content":"    public void markAsUnDone(int index) {","lastModifiedDate":"2024-11-04","isFullCredit":false},{"lineNumber":45,"author":{"gitId":"KaiYin99"},"content":"        try {","lastModifiedDate":"2024-11-04","isFullCredit":false},{"lineNumber":46,"author":{"gitId":"KaiYin99"},"content":"            tasks.get(index).markAsUnDone();","lastModifiedDate":"2024-11-04","isFullCredit":false},{"lineNumber":47,"author":{"gitId":"KaiYin99"},"content":"        }catch (IndexOutOfBoundsException e){","lastModifiedDate":"2024-11-04","isFullCredit":false},{"lineNumber":48,"author":{"gitId":"KaiYin99"},"content":"            System.out.println(Ui.start+ \"\\n\\tItem is out of range. You currently only have \" + tasks.size() + \" items.\"+Ui.end);","lastModifiedDate":"2024-11-04","isFullCredit":false},{"lineNumber":49,"author":{"gitId":"KaiYin99"},"content":"        }","lastModifiedDate":"2024-11-04","isFullCredit":false},{"lineNumber":50,"author":{"gitId":"KaiYin99"},"content":"    }","lastModifiedDate":"2024-11-04","isFullCredit":false},{"lineNumber":51,"author":{"gitId":"KaiYin99"},"content":"","lastModifiedDate":"2024-11-04","isFullCredit":false},{"lineNumber":52,"author":{"gitId":"KaiYin99"},"content":"    /**","lastModifiedDate":"2024-11-04","isFullCredit":false},{"lineNumber":53,"author":{"gitId":"KaiYin99"},"content":"     * This method adds task into the task list. If item that is added is not on first load form the file storage","lastModifiedDate":"2024-11-04","isFullCredit":false},{"lineNumber":54,"author":{"gitId":"KaiYin99"},"content":"     * then it has to be appended into the file storage","lastModifiedDate":"2024-11-04","isFullCredit":false},{"lineNumber":55,"author":{"gitId":"KaiYin99"},"content":"     * @param task refers to the task that is to be added in the task list / into the file storage.","lastModifiedDate":"2024-11-04","isFullCredit":false},{"lineNumber":56,"author":{"gitId":"KaiYin99"},"content":"     * @param fromFile is a boolean to indicate if this task that is currently processed is it from file storage.","lastModifiedDate":"2024-11-04","isFullCredit":false},{"lineNumber":57,"author":{"gitId":"KaiYin99"},"content":"     * @throws IOException when there is IO issues when processing the entry.","lastModifiedDate":"2024-11-04","isFullCredit":false},{"lineNumber":58,"author":{"gitId":"KaiYin99"},"content":"     */","lastModifiedDate":"2024-11-04","isFullCredit":false},{"lineNumber":59,"author":{"gitId":"KaiYin99"},"content":"    public void addTask(Task task,boolean fromFile) {","lastModifiedDate":"2024-11-04","isFullCredit":false},{"lineNumber":60,"author":{"gitId":"KaiYin99"},"content":"        try {","lastModifiedDate":"2024-11-04","isFullCredit":false},{"lineNumber":61,"author":{"gitId":"KaiYin99"},"content":"            tasks.add(task);","lastModifiedDate":"2024-11-04","isFullCredit":false},{"lineNumber":62,"author":{"gitId":"KaiYin99"},"content":"            if (!fromFile) {","lastModifiedDate":"2024-11-04","isFullCredit":false},{"lineNumber":63,"author":{"gitId":"KaiYin99"},"content":"                Storage.appendToFile(task);","lastModifiedDate":"2024-11-04","isFullCredit":false},{"lineNumber":64,"author":{"gitId":"KaiYin99"},"content":"            }","lastModifiedDate":"2024-11-04","isFullCredit":false},{"lineNumber":65,"author":{"gitId":"KaiYin99"},"content":"        }catch (IOException e){","lastModifiedDate":"2024-11-04","isFullCredit":false},{"lineNumber":66,"author":{"gitId":"KaiYin99"},"content":"            Ui.runTimeException(e.getMessage());","lastModifiedDate":"2024-11-04","isFullCredit":false},{"lineNumber":67,"author":{"gitId":"KaiYin99"},"content":"        }","lastModifiedDate":"2024-11-04","isFullCredit":false},{"lineNumber":68,"author":{"gitId":"KaiYin99"},"content":"","lastModifiedDate":"2024-11-04","isFullCredit":false},{"lineNumber":69,"author":{"gitId":"KaiYin99"},"content":"    }","lastModifiedDate":"2024-11-04","isFullCredit":false},{"lineNumber":70,"author":{"gitId":"KaiYin99"},"content":"","lastModifiedDate":"2024-11-04","isFullCredit":false},{"lineNumber":71,"author":{"gitId":"KaiYin99"},"content":"    /**","lastModifiedDate":"2024-11-04","isFullCredit":false},{"lineNumber":72,"author":{"gitId":"KaiYin99"},"content":"     * This method is to remove the task from the task list based on the item index.","lastModifiedDate":"2024-11-04","isFullCredit":false},{"lineNumber":73,"author":{"gitId":"KaiYin99"},"content":"     * @param index refers to the position of the list item that is to be removed.","lastModifiedDate":"2024-11-04","isFullCredit":false},{"lineNumber":74,"author":{"gitId":"KaiYin99"},"content":"     * @throws IndexOutOfBoundsException when user input the index of item is out of range.","lastModifiedDate":"2024-11-04","isFullCredit":false},{"lineNumber":75,"author":{"gitId":"KaiYin99"},"content":"     */","lastModifiedDate":"2024-11-04","isFullCredit":false},{"lineNumber":76,"author":{"gitId":"KaiYin99"},"content":"    public void removeTask(int index){","lastModifiedDate":"2024-11-04","isFullCredit":false},{"lineNumber":77,"author":{"gitId":"KaiYin99"},"content":"        try {","lastModifiedDate":"2024-11-04","isFullCredit":false},{"lineNumber":78,"author":{"gitId":"KaiYin99"},"content":"            tasks.remove(index);","lastModifiedDate":"2024-11-04","isFullCredit":false},{"lineNumber":79,"author":{"gitId":"KaiYin99"},"content":"","lastModifiedDate":"2024-11-04","isFullCredit":false},{"lineNumber":80,"author":{"gitId":"KaiYin99"},"content":"        } catch (IndexOutOfBoundsException e) {","lastModifiedDate":"2024-11-04","isFullCredit":false},{"lineNumber":81,"author":{"gitId":"KaiYin99"},"content":"            System.out.println(Ui.start+ \"\\n\\tItem is out of range. You currently only have \" + (tasks.size()) + \" items.\"+Ui.end);","lastModifiedDate":"2024-11-04","isFullCredit":false},{"lineNumber":82,"author":{"gitId":"KaiYin99"},"content":"        }","lastModifiedDate":"2024-11-04","isFullCredit":false},{"lineNumber":83,"author":{"gitId":"KaiYin99"},"content":"    }","lastModifiedDate":"2024-11-04","isFullCredit":false},{"lineNumber":84,"author":{"gitId":"KaiYin99"},"content":"","lastModifiedDate":"2024-11-04","isFullCredit":false},{"lineNumber":85,"author":{"gitId":"KaiYin99"},"content":"    /**","lastModifiedDate":"2024-11-04","isFullCredit":false},{"lineNumber":86,"author":{"gitId":"KaiYin99"},"content":"     * This method get the list of task of in the task list","lastModifiedDate":"2024-11-04","isFullCredit":false},{"lineNumber":87,"author":{"gitId":"KaiYin99"},"content":"     * @return an ArrayList of tasks that is currently stored in the tasklist.","lastModifiedDate":"2024-11-04","isFullCredit":false},{"lineNumber":88,"author":{"gitId":"KaiYin99"},"content":"     * @throws IndexOutOfBoundsException when user input the index of item is out of range.","lastModifiedDate":"2024-11-04","isFullCredit":false},{"lineNumber":89,"author":{"gitId":"KaiYin99"},"content":"     */","lastModifiedDate":"2024-11-04","isFullCredit":false},{"lineNumber":90,"author":{"gitId":"KaiYin99"},"content":"    public ArrayList\u003cTask\u003e getTasks() {","lastModifiedDate":"2024-11-04","isFullCredit":false},{"lineNumber":91,"author":{"gitId":"KaiYin99"},"content":"        return tasks;","lastModifiedDate":"2024-11-04","isFullCredit":false},{"lineNumber":92,"author":{"gitId":"KaiYin99"},"content":"    }","lastModifiedDate":"2024-11-04","isFullCredit":false},{"lineNumber":93,"author":{"gitId":"KaiYin99"},"content":"","lastModifiedDate":"2024-11-04","isFullCredit":false},{"lineNumber":94,"author":{"gitId":"KaiYin99"},"content":"    public ArrayList\u003cTask\u003e findTask(String keyword){","lastModifiedDate":"2024-11-04","isFullCredit":false},{"lineNumber":95,"author":{"gitId":"KaiYin99"},"content":"        ArrayList\u003cTask\u003e matchedTask \u003d new ArrayList\u003c\u003e();","lastModifiedDate":"2024-11-04","isFullCredit":false},{"lineNumber":96,"author":{"gitId":"KaiYin99"},"content":"        for (Task task : tasks) {","lastModifiedDate":"2024-11-04","isFullCredit":false},{"lineNumber":97,"author":{"gitId":"KaiYin99"},"content":"            Pattern pattern \u003d Pattern.compile(keyword, Pattern.CASE_INSENSITIVE);","lastModifiedDate":"2024-11-04","isFullCredit":false},{"lineNumber":98,"author":{"gitId":"KaiYin99"},"content":"            Matcher matcher \u003d pattern.matcher(task.getDescription());","lastModifiedDate":"2024-11-04","isFullCredit":false},{"lineNumber":99,"author":{"gitId":"KaiYin99"},"content":"            if (matcher.find()) {","lastModifiedDate":"2024-11-04","isFullCredit":false},{"lineNumber":100,"author":{"gitId":"KaiYin99"},"content":"                matchedTask.add(task);","lastModifiedDate":"2024-11-04","isFullCredit":false},{"lineNumber":101,"author":{"gitId":"KaiYin99"},"content":"            }","lastModifiedDate":"2024-11-04","isFullCredit":false},{"lineNumber":102,"author":{"gitId":"KaiYin99"},"content":"        }","lastModifiedDate":"2024-11-04","isFullCredit":false},{"lineNumber":103,"author":{"gitId":"KaiYin99"},"content":"        return matchedTask;","lastModifiedDate":"2024-11-04","isFullCredit":false},{"lineNumber":104,"author":{"gitId":"KaiYin99"},"content":"    }","lastModifiedDate":"2024-11-04","isFullCredit":false},{"lineNumber":105,"author":{"gitId":"KaiYin99"},"content":"","lastModifiedDate":"2024-11-04","isFullCredit":false},{"lineNumber":106,"author":{"gitId":"KaiYin99"},"content":"}","lastModifiedDate":"2024-11-04","isFullCredit":false}],"authorContributionMap":{"KaiYin99":106}},{"path":"src/main/java/Pistamint/Ui/Ui.java","fileType":"java","lines":[{"lineNumber":1,"author":{"gitId":"KaiYin99"},"content":"package Pistamint.Ui;","lastModifiedDate":"2024-11-04","isFullCredit":false},{"lineNumber":2,"author":{"gitId":"KaiYin99"},"content":"import Pistamint.General.Task;","lastModifiedDate":"2024-11-04","isFullCredit":false},{"lineNumber":3,"author":{"gitId":"KaiYin99"},"content":"import Pistamint.TaskList.TaskList;","lastModifiedDate":"2024-11-04","isFullCredit":false},{"lineNumber":4,"author":{"gitId":"KaiYin99"},"content":"","lastModifiedDate":"2024-11-03","isFullCredit":false},{"lineNumber":5,"author":{"gitId":"KaiYin99"},"content":"import java.lang.reflect.Array;","lastModifiedDate":"2024-11-04","isFullCredit":false},{"lineNumber":6,"author":{"gitId":"KaiYin99"},"content":"import java.util.ArrayList;","lastModifiedDate":"2024-11-03","isFullCredit":false},{"lineNumber":7,"author":{"gitId":"KaiYin99"},"content":"","lastModifiedDate":"2024-11-03","isFullCredit":false},{"lineNumber":8,"author":{"gitId":"KaiYin99"},"content":"public class Ui {","lastModifiedDate":"2024-11-03","isFullCredit":false},{"lineNumber":9,"author":{"gitId":"KaiYin99"},"content":"    private static TaskList taskList;","lastModifiedDate":"2024-11-03","isFullCredit":false},{"lineNumber":10,"author":{"gitId":"KaiYin99"},"content":"    private static String line\u003d\"-\".repeat(50);","lastModifiedDate":"2024-11-03","isFullCredit":false},{"lineNumber":11,"author":{"gitId":"KaiYin99"},"content":"    public static String start\u003d\"\\t\"+line;","lastModifiedDate":"2024-11-03","isFullCredit":false},{"lineNumber":12,"author":{"gitId":"KaiYin99"},"content":"    public static String end\u003d\"\\n\\t\"+line;","lastModifiedDate":"2024-11-03","isFullCredit":false},{"lineNumber":13,"author":{"gitId":"KaiYin99"},"content":"    public Ui(TaskList taskList) {","lastModifiedDate":"2024-11-03","isFullCredit":false},{"lineNumber":14,"author":{"gitId":"KaiYin99"},"content":"        this.taskList \u003d taskList;","lastModifiedDate":"2024-11-03","isFullCredit":false},{"lineNumber":15,"author":{"gitId":"KaiYin99"},"content":"    }","lastModifiedDate":"2024-11-03","isFullCredit":false},{"lineNumber":16,"author":{"gitId":"KaiYin99"},"content":"    /**","lastModifiedDate":"2024-11-04","isFullCredit":false},{"lineNumber":17,"author":{"gitId":"KaiYin99"},"content":"     * prints out the welcome message when user first launched the program","lastModifiedDate":"2024-11-04","isFullCredit":false},{"lineNumber":18,"author":{"gitId":"KaiYin99"},"content":"     */","lastModifiedDate":"2024-11-04","isFullCredit":false},{"lineNumber":19,"author":{"gitId":"KaiYin99"},"content":"    public static void showGreeting(){","lastModifiedDate":"2024-11-03","isFullCredit":false},{"lineNumber":20,"author":{"gitId":"KaiYin99"},"content":"        System.out.println(start+\"\\n\\tNi Hao! I\u0027m PistaMint\\n\\tWhat can I do for you?\"+end);","lastModifiedDate":"2024-11-03","isFullCredit":false},{"lineNumber":21,"author":{"gitId":"KaiYin99"},"content":"    }","lastModifiedDate":"2024-11-03","isFullCredit":false},{"lineNumber":22,"author":{"gitId":"KaiYin99"},"content":"    /**","lastModifiedDate":"2024-11-04","isFullCredit":false},{"lineNumber":23,"author":{"gitId":"KaiYin99"},"content":"     * print out the text when user initiate command to close off the program","lastModifiedDate":"2024-11-04","isFullCredit":false},{"lineNumber":24,"author":{"gitId":"KaiYin99"},"content":"     */","lastModifiedDate":"2024-11-04","isFullCredit":false},{"lineNumber":25,"author":{"gitId":"KaiYin99"},"content":"    public static void showGoodbye() {","lastModifiedDate":"2024-11-03","isFullCredit":false},{"lineNumber":26,"author":{"gitId":"KaiYin99"},"content":"        System.out.println(start+\"\\n\\tXie Xie! Hope to see you again soon~\"+end);","lastModifiedDate":"2024-11-03","isFullCredit":false},{"lineNumber":27,"author":{"gitId":"KaiYin99"},"content":"    }","lastModifiedDate":"2024-11-03","isFullCredit":false},{"lineNumber":28,"author":{"gitId":"KaiYin99"},"content":"    /**","lastModifiedDate":"2024-11-04","isFullCredit":false},{"lineNumber":29,"author":{"gitId":"KaiYin99"},"content":"     * Prints out the task information when added. If input is \"bye\" then called for the goodbye message","lastModifiedDate":"2024-11-04","isFullCredit":false},{"lineNumber":30,"author":{"gitId":"KaiYin99"},"content":"     * @param task refers to the task that is being added into the list","lastModifiedDate":"2024-11-04","isFullCredit":false},{"lineNumber":31,"author":{"gitId":"KaiYin99"},"content":"     * @param input refers to the command that is being used","lastModifiedDate":"2024-11-04","isFullCredit":false},{"lineNumber":32,"author":{"gitId":"KaiYin99"},"content":"     */","lastModifiedDate":"2024-11-04","isFullCredit":false},{"lineNumber":33,"author":{"gitId":"KaiYin99"},"content":"    public static void showTaskAdded(Task task, String input) {","lastModifiedDate":"2024-11-03","isFullCredit":false},{"lineNumber":34,"author":{"gitId":"KaiYin99"},"content":"        if (input.equalsIgnoreCase(\"bye\")) {","lastModifiedDate":"2024-11-03","isFullCredit":false},{"lineNumber":35,"author":{"gitId":"KaiYin99"},"content":"            showGoodbye();","lastModifiedDate":"2024-11-03","isFullCredit":false},{"lineNumber":36,"author":{"gitId":"KaiYin99"},"content":"            return;","lastModifiedDate":"2024-11-03","isFullCredit":false},{"lineNumber":37,"author":{"gitId":"KaiYin99"},"content":"        }","lastModifiedDate":"2024-11-03","isFullCredit":false},{"lineNumber":38,"author":{"gitId":"KaiYin99"},"content":"        System.out.println(start+\"\\n\\tGot it! I\u0027ve added this task \");","lastModifiedDate":"2024-11-03","isFullCredit":false},{"lineNumber":39,"author":{"gitId":"KaiYin99"},"content":"        System.out.println(\"\\t\" + \"[\" + task.getSymbol() + \"]\" + \"[\" + task.getStatusIcon() + \"] \" + task.getDescription());","lastModifiedDate":"2024-11-03","isFullCredit":false},{"lineNumber":40,"author":{"gitId":"KaiYin99"},"content":"        System.out.println(\"\\tNow you have \" + taskList.getSize()  + \" task(s) in the list.\\n\\t\" + line);","lastModifiedDate":"2024-11-03","isFullCredit":false},{"lineNumber":41,"author":{"gitId":"KaiYin99"},"content":"","lastModifiedDate":"2024-11-03","isFullCredit":false},{"lineNumber":42,"author":{"gitId":"KaiYin99"},"content":"    }","lastModifiedDate":"2024-11-03","isFullCredit":false},{"lineNumber":43,"author":{"gitId":"KaiYin99"},"content":"","lastModifiedDate":"2024-11-04","isFullCredit":false},{"lineNumber":44,"author":{"gitId":"KaiYin99"},"content":"    /**","lastModifiedDate":"2024-11-04","isFullCredit":false},{"lineNumber":45,"author":{"gitId":"KaiYin99"},"content":"     * Prints out the task information of the task that is going to be removed","lastModifiedDate":"2024-11-04","isFullCredit":false},{"lineNumber":46,"author":{"gitId":"KaiYin99"},"content":"     * @param task refers to the task that is to be removed","lastModifiedDate":"2024-11-04","isFullCredit":false},{"lineNumber":47,"author":{"gitId":"KaiYin99"},"content":"     */","lastModifiedDate":"2024-11-04","isFullCredit":false},{"lineNumber":48,"author":{"gitId":"KaiYin99"},"content":"    public static void showTaskRemoved(Task task) {","lastModifiedDate":"2024-11-03","isFullCredit":false},{"lineNumber":49,"author":{"gitId":"KaiYin99"},"content":"        System.out.println(start + \"\\n\\tNoted! I\u0027ve removed this task:\");","lastModifiedDate":"2024-11-03","isFullCredit":false},{"lineNumber":50,"author":{"gitId":"KaiYin99"},"content":"        System.out.println(\"\\t[\" + task.getSymbol() + \"][\" + task.getStatusIcon() + \"] \" + task.getDescription());","lastModifiedDate":"2024-11-03","isFullCredit":false},{"lineNumber":51,"author":{"gitId":"KaiYin99"},"content":"        System.out.println(\"\\tNow you have \" + (taskList.getSize()-1) + \" task(s) in the list.\"+end);","lastModifiedDate":"2024-11-03","isFullCredit":false},{"lineNumber":52,"author":{"gitId":"KaiYin99"},"content":"    }","lastModifiedDate":"2024-11-03","isFullCredit":false},{"lineNumber":53,"author":{"gitId":"KaiYin99"},"content":"","lastModifiedDate":"2024-11-04","isFullCredit":false},{"lineNumber":54,"author":{"gitId":"KaiYin99"},"content":"    /**","lastModifiedDate":"2024-11-04","isFullCredit":false},{"lineNumber":55,"author":{"gitId":"KaiYin99"},"content":"     * Print out the task information when it is marked as completed","lastModifiedDate":"2024-11-04","isFullCredit":false},{"lineNumber":56,"author":{"gitId":"KaiYin99"},"content":"     * @param task refers to the task that is to be marked completed.","lastModifiedDate":"2024-11-04","isFullCredit":false},{"lineNumber":57,"author":{"gitId":"KaiYin99"},"content":"     */","lastModifiedDate":"2024-11-04","isFullCredit":false},{"lineNumber":58,"author":{"gitId":"KaiYin99"},"content":"    public static void showTaskMarked(Task task) {","lastModifiedDate":"2024-11-03","isFullCredit":false},{"lineNumber":59,"author":{"gitId":"KaiYin99"},"content":"        System.out.println(start+\"\\n\\tNice! I\u0027ve marked this task as done:\\n\\t[\" + task.getStatusIcon() + \"] \" + task.getDescription()+end);","lastModifiedDate":"2024-11-03","isFullCredit":false},{"lineNumber":60,"author":{"gitId":"KaiYin99"},"content":"    }","lastModifiedDate":"2024-11-03","isFullCredit":false},{"lineNumber":61,"author":{"gitId":"KaiYin99"},"content":"","lastModifiedDate":"2024-11-04","isFullCredit":false},{"lineNumber":62,"author":{"gitId":"KaiYin99"},"content":"    /**","lastModifiedDate":"2024-11-04","isFullCredit":false},{"lineNumber":63,"author":{"gitId":"KaiYin99"},"content":"     * Print out the task information when it is unmarked, to show that it is not completed","lastModifiedDate":"2024-11-04","isFullCredit":false},{"lineNumber":64,"author":{"gitId":"KaiYin99"},"content":"     * @param task refers to the task that is to be unmarked","lastModifiedDate":"2024-11-04","isFullCredit":false},{"lineNumber":65,"author":{"gitId":"KaiYin99"},"content":"     */","lastModifiedDate":"2024-11-04","isFullCredit":false},{"lineNumber":66,"author":{"gitId":"KaiYin99"},"content":"    public static void showTaskUnMarked(Task task) {","lastModifiedDate":"2024-11-03","isFullCredit":false},{"lineNumber":67,"author":{"gitId":"KaiYin99"},"content":"        System.out.println(start+\"\\n\\tOK, I\u0027ve marked this task as not done yet!\\n\\t[\" + task.getStatusIcon() + \"] \" + task.getDescription()+end);","lastModifiedDate":"2024-11-04","isFullCredit":false},{"lineNumber":68,"author":{"gitId":"KaiYin99"},"content":"    }","lastModifiedDate":"2024-11-03","isFullCredit":false},{"lineNumber":69,"author":{"gitId":"KaiYin99"},"content":"","lastModifiedDate":"2024-11-04","isFullCredit":false},{"lineNumber":70,"author":{"gitId":"KaiYin99"},"content":"    /**","lastModifiedDate":"2024-11-04","isFullCredit":false},{"lineNumber":71,"author":{"gitId":"KaiYin99"},"content":"     * Print out information of all task that exist in the tasklist.","lastModifiedDate":"2024-11-04","isFullCredit":false},{"lineNumber":72,"author":{"gitId":"KaiYin99"},"content":"     */","lastModifiedDate":"2024-11-04","isFullCredit":false},{"lineNumber":73,"author":{"gitId":"KaiYin99"},"content":"    public static void printItems() {","lastModifiedDate":"2024-11-03","isFullCredit":false},{"lineNumber":74,"author":{"gitId":"KaiYin99"},"content":"        System.out.println(Ui.start);","lastModifiedDate":"2024-11-03","isFullCredit":false},{"lineNumber":75,"author":{"gitId":"KaiYin99"},"content":"        ArrayList\u003cTask\u003e tasks\u003dtaskList.getTasks();","lastModifiedDate":"2024-11-03","isFullCredit":false},{"lineNumber":76,"author":{"gitId":"KaiYin99"},"content":"        for(int i\u003d0;i\u003ctasks.size();i++) {","lastModifiedDate":"2024-11-03","isFullCredit":false},{"lineNumber":77,"author":{"gitId":"KaiYin99"},"content":"            System.out.println(\"\\t\" + (i + 1) + \".[\" + tasks.get(i).getSymbol() + \"][\" + tasks.get(i).getStatusIcon() + \"] \" + tasks.get(i).getDescription());","lastModifiedDate":"2024-11-03","isFullCredit":false},{"lineNumber":78,"author":{"gitId":"KaiYin99"},"content":"        }","lastModifiedDate":"2024-11-03","isFullCredit":false},{"lineNumber":79,"author":{"gitId":"KaiYin99"},"content":"        System.out.println(Ui.start);","lastModifiedDate":"2024-11-03","isFullCredit":false},{"lineNumber":80,"author":{"gitId":"KaiYin99"},"content":"    }","lastModifiedDate":"2024-11-03","isFullCredit":false},{"lineNumber":81,"author":{"gitId":"KaiYin99"},"content":"    public static void printMatchingTask(ArrayList\u003cTask\u003e arrayList){","lastModifiedDate":"2024-11-04","isFullCredit":false},{"lineNumber":82,"author":{"gitId":"KaiYin99"},"content":"        if(arrayList.size()\u003e0) {","lastModifiedDate":"2024-11-04","isFullCredit":false},{"lineNumber":83,"author":{"gitId":"KaiYin99"},"content":"            System.out.println(Ui.start + \"\\n\\tHere are the matching tasks in your list:\");","lastModifiedDate":"2024-11-04","isFullCredit":false},{"lineNumber":84,"author":{"gitId":"KaiYin99"},"content":"            for (int i \u003d 0; i \u003c arrayList.size(); i++) {","lastModifiedDate":"2024-11-04","isFullCredit":false},{"lineNumber":85,"author":{"gitId":"KaiYin99"},"content":"                System.out.println(\"\\t\" + (i + 1) + \".[\" + arrayList.get(i).getSymbol() + \"][\" + arrayList.get(i).getStatusIcon() + \"] \" + arrayList.get(i).getDescription());","lastModifiedDate":"2024-11-04","isFullCredit":false},{"lineNumber":86,"author":{"gitId":"KaiYin99"},"content":"            }","lastModifiedDate":"2024-11-04","isFullCredit":false},{"lineNumber":87,"author":{"gitId":"KaiYin99"},"content":"            System.out.println(Ui.start);","lastModifiedDate":"2024-11-04","isFullCredit":false},{"lineNumber":88,"author":{"gitId":"KaiYin99"},"content":"        }else{","lastModifiedDate":"2024-11-04","isFullCredit":false},{"lineNumber":89,"author":{"gitId":"KaiYin99"},"content":"            System.out.println(Ui.start + \"\\n\\tThere is not matching tasks in your list.\"+end);","lastModifiedDate":"2024-11-04","isFullCredit":false},{"lineNumber":90,"author":{"gitId":"KaiYin99"},"content":"        }","lastModifiedDate":"2024-11-04","isFullCredit":false},{"lineNumber":91,"author":{"gitId":"KaiYin99"},"content":"    }","lastModifiedDate":"2024-11-04","isFullCredit":false},{"lineNumber":92,"author":{"gitId":"KaiYin99"},"content":"","lastModifiedDate":"2024-11-04","isFullCredit":false},{"lineNumber":93,"author":{"gitId":"KaiYin99"},"content":"    /**","lastModifiedDate":"2024-11-04","isFullCredit":false},{"lineNumber":94,"author":{"gitId":"KaiYin99"},"content":"     * Print out the runtime error exception in a more user-friendly and readable manner.","lastModifiedDate":"2024-11-04","isFullCredit":false},{"lineNumber":95,"author":{"gitId":"KaiYin99"},"content":"     * @param e refers to the runtime error message","lastModifiedDate":"2024-11-04","isFullCredit":false},{"lineNumber":96,"author":{"gitId":"KaiYin99"},"content":"     */","lastModifiedDate":"2024-11-04","isFullCredit":false},{"lineNumber":97,"author":{"gitId":"KaiYin99"},"content":"    public static void runTimeException(String e){","lastModifiedDate":"2024-11-04","isFullCredit":false},{"lineNumber":98,"author":{"gitId":"KaiYin99"},"content":"        System.out.println(Ui.start+\"\\n\\tRunTime exception occurred. Error is due to: \"+e+Ui.end);","lastModifiedDate":"2024-11-04","isFullCredit":false},{"lineNumber":99,"author":{"gitId":"KaiYin99"},"content":"    }","lastModifiedDate":"2024-11-04","isFullCredit":false},{"lineNumber":100,"author":{"gitId":"KaiYin99"},"content":"}","lastModifiedDate":"2024-11-03","isFullCredit":false}],"authorContributionMap":{"KaiYin99":100}},{"path":"src/main/java/data/duke.txt","fileType":"txt","lines":[{"lineNumber":1,"author":{"gitId":"KaiYin99"},"content":"T|0|read books","lastModifiedDate":"2024-11-03","isFullCredit":false},{"lineNumber":2,"author":{"gitId":"KaiYin99"},"content":"E|0|happy gathering (from:Oct 20 2020 to:Oct 20 2021)","lastModifiedDate":"2024-11-03","isFullCredit":false},{"lineNumber":3,"author":{"gitId":"KaiYin99"},"content":"D|0|return book (by:Oct 20 2021)","lastModifiedDate":"2024-11-03","isFullCredit":false},{"lineNumber":4,"author":{"gitId":"KaiYin99"},"content":"D|0|submit assignment (by:Nov 17 2024)","lastModifiedDate":"2024-11-03","isFullCredit":false},{"lineNumber":5,"author":{"gitId":"KaiYin99"},"content":"D|0|project (by:Nov 17 2024)","lastModifiedDate":"2024-11-03","isFullCredit":false},{"lineNumber":6,"author":{"gitId":"KaiYin99"},"content":"E|0|happy together (from:Oct 20 2024 to:Oct 23 2024)","lastModifiedDate":"2024-11-03","isFullCredit":false},{"lineNumber":7,"author":{"gitId":"KaiYin99"},"content":"D|0|project(a) (by:Oct 20 2024)","lastModifiedDate":"2024-11-03","isFullCredit":false},{"lineNumber":8,"author":{"gitId":"KaiYin99"},"content":"E|0|project (b) (from:Oct 20 2024 to:Oct 24 2024)","lastModifiedDate":"2024-11-03","isFullCredit":false}],"authorContributionMap":{"KaiYin99":8}}]
