[{"path":"src/main/java/Deadline.java","fileType":"java","lines":[{"lineNumber":1,"author":{"gitId":"KaiYin99"},"content":"public class Deadline extends Task{","lastModifiedDate":"2024-09-30","isFullCredit":false},{"lineNumber":2,"author":{"gitId":"KaiYin99"},"content":"    private String deadline;","lastModifiedDate":"2024-09-30","isFullCredit":false},{"lineNumber":3,"author":{"gitId":"KaiYin99"},"content":"    public Deadline(String description, char symbol,String deadline) {","lastModifiedDate":"2024-09-30","isFullCredit":false},{"lineNumber":4,"author":{"gitId":"KaiYin99"},"content":"        super(description,symbol);","lastModifiedDate":"2024-09-30","isFullCredit":false},{"lineNumber":5,"author":{"gitId":"KaiYin99"},"content":"        this.deadline \u003d\"(by:\"+deadline+\")\";","lastModifiedDate":"2024-09-30","isFullCredit":false},{"lineNumber":6,"author":{"gitId":"KaiYin99"},"content":"    }","lastModifiedDate":"2024-09-30","isFullCredit":false},{"lineNumber":7,"author":{"gitId":"KaiYin99"},"content":"    public String getDeadline() {","lastModifiedDate":"2024-09-30","isFullCredit":false},{"lineNumber":8,"author":{"gitId":"KaiYin99"},"content":"        return deadline;","lastModifiedDate":"2024-09-30","isFullCredit":false},{"lineNumber":9,"author":{"gitId":"KaiYin99"},"content":"    }","lastModifiedDate":"2024-09-30","isFullCredit":false},{"lineNumber":10,"author":{"gitId":"KaiYin99"},"content":"    public void setDeadline(String deadline) {","lastModifiedDate":"2024-09-30","isFullCredit":false},{"lineNumber":11,"author":{"gitId":"KaiYin99"},"content":"        this.deadline \u003d\"(by:\"+deadline+\")\";","lastModifiedDate":"2024-09-30","isFullCredit":false},{"lineNumber":12,"author":{"gitId":"KaiYin99"},"content":"    }","lastModifiedDate":"2024-09-30","isFullCredit":false},{"lineNumber":13,"author":{"gitId":"KaiYin99"},"content":"    @Override","lastModifiedDate":"2024-09-30","isFullCredit":false},{"lineNumber":14,"author":{"gitId":"KaiYin99"},"content":"    public String getDescription() {","lastModifiedDate":"2024-09-30","isFullCredit":false},{"lineNumber":15,"author":{"gitId":"KaiYin99"},"content":"        return super.getDescription()+deadline;","lastModifiedDate":"2024-09-30","isFullCredit":false},{"lineNumber":16,"author":{"gitId":"KaiYin99"},"content":"    }","lastModifiedDate":"2024-09-30","isFullCredit":false},{"lineNumber":17,"author":{"gitId":"KaiYin99"},"content":"}","lastModifiedDate":"2024-09-30","isFullCredit":false}],"authorContributionMap":{"KaiYin99":17}},{"path":"src/main/java/Event.java","fileType":"java","lines":[{"lineNumber":1,"author":{"gitId":"KaiYin99"},"content":"public class Event extends Task{","lastModifiedDate":"2024-09-30","isFullCredit":false},{"lineNumber":2,"author":{"gitId":"KaiYin99"},"content":"    private String from;","lastModifiedDate":"2024-09-30","isFullCredit":false},{"lineNumber":3,"author":{"gitId":"KaiYin99"},"content":"    private String to;","lastModifiedDate":"2024-09-30","isFullCredit":false},{"lineNumber":4,"author":{"gitId":"KaiYin99"},"content":"    public Event(String description, char symbol,String from, String to){","lastModifiedDate":"2024-09-30","isFullCredit":false},{"lineNumber":5,"author":{"gitId":"KaiYin99"},"content":"        super(description, symbol);","lastModifiedDate":"2024-09-30","isFullCredit":false},{"lineNumber":6,"author":{"gitId":"KaiYin99"},"content":"        this.from \u003d \"(from:\"+from;","lastModifiedDate":"2024-09-30","isFullCredit":false},{"lineNumber":7,"author":{"gitId":"KaiYin99"},"content":"        this.to \u003d \"to:\"+to+\")\";","lastModifiedDate":"2024-09-30","isFullCredit":false},{"lineNumber":8,"author":{"gitId":"KaiYin99"},"content":"    }","lastModifiedDate":"2024-09-30","isFullCredit":false},{"lineNumber":9,"author":{"gitId":"KaiYin99"},"content":"","lastModifiedDate":"2024-09-30","isFullCredit":false},{"lineNumber":10,"author":{"gitId":"KaiYin99"},"content":"    public String getFrom() {","lastModifiedDate":"2024-09-30","isFullCredit":false},{"lineNumber":11,"author":{"gitId":"KaiYin99"},"content":"        return from;","lastModifiedDate":"2024-09-30","isFullCredit":false},{"lineNumber":12,"author":{"gitId":"KaiYin99"},"content":"    }","lastModifiedDate":"2024-09-30","isFullCredit":false},{"lineNumber":13,"author":{"gitId":"KaiYin99"},"content":"    public String getTo() {","lastModifiedDate":"2024-09-30","isFullCredit":false},{"lineNumber":14,"author":{"gitId":"KaiYin99"},"content":"        return to;","lastModifiedDate":"2024-09-30","isFullCredit":false},{"lineNumber":15,"author":{"gitId":"KaiYin99"},"content":"    }","lastModifiedDate":"2024-09-30","isFullCredit":false},{"lineNumber":16,"author":{"gitId":"KaiYin99"},"content":"    public void setFrom(String from) {","lastModifiedDate":"2024-09-30","isFullCredit":false},{"lineNumber":17,"author":{"gitId":"KaiYin99"},"content":"        this.from \u003d from;","lastModifiedDate":"2024-09-30","isFullCredit":false},{"lineNumber":18,"author":{"gitId":"KaiYin99"},"content":"    }","lastModifiedDate":"2024-09-30","isFullCredit":false},{"lineNumber":19,"author":{"gitId":"KaiYin99"},"content":"    public void setTo(String to) {","lastModifiedDate":"2024-09-30","isFullCredit":false},{"lineNumber":20,"author":{"gitId":"KaiYin99"},"content":"        this.to \u003d to;","lastModifiedDate":"2024-09-30","isFullCredit":false},{"lineNumber":21,"author":{"gitId":"KaiYin99"},"content":"    }","lastModifiedDate":"2024-09-30","isFullCredit":false},{"lineNumber":22,"author":{"gitId":"KaiYin99"},"content":"    @Override","lastModifiedDate":"2024-09-30","isFullCredit":false},{"lineNumber":23,"author":{"gitId":"KaiYin99"},"content":"    public String getDescription(){","lastModifiedDate":"2024-09-30","isFullCredit":false},{"lineNumber":24,"author":{"gitId":"KaiYin99"},"content":"        return super.getDescription()+from+to;","lastModifiedDate":"2024-09-30","isFullCredit":false},{"lineNumber":25,"author":{"gitId":"KaiYin99"},"content":"    }","lastModifiedDate":"2024-09-30","isFullCredit":false},{"lineNumber":26,"author":{"gitId":"KaiYin99"},"content":"}","lastModifiedDate":"2024-09-30","isFullCredit":false}],"authorContributionMap":{"KaiYin99":26}},{"path":"src/main/java/PistaMint.java","fileType":"java","lines":[{"lineNumber":1,"author":{"gitId":"KaiYin99"},"content":"import java.util.Arrays;","lastModifiedDate":"2024-09-14","isFullCredit":false},{"lineNumber":2,"author":{"gitId":"KaiYin99"},"content":"import java.util.Scanner;","lastModifiedDate":"2024-09-14","isFullCredit":false},{"lineNumber":3,"author":{"gitId":"KaiYin99"},"content":"","lastModifiedDate":"2024-09-14","isFullCredit":false},{"lineNumber":4,"author":{"gitId":"KaiYin99"},"content":"public class PistaMint {","lastModifiedDate":"2024-09-13","isFullCredit":false},{"lineNumber":5,"author":{"gitId":"KaiYin99"},"content":"    public static int length \u003d 50;","lastModifiedDate":"2024-09-13","isFullCredit":false},{"lineNumber":6,"author":{"gitId":"KaiYin99"},"content":"    public static String line \u003d \"-\".repeat(length);","lastModifiedDate":"2024-09-13","isFullCredit":false},{"lineNumber":7,"author":{"gitId":"KaiYin99"},"content":"    public static String input\u003d\"\";","lastModifiedDate":"2024-09-14","isFullCredit":false},{"lineNumber":8,"author":{"gitId":"KaiYin99"},"content":"    //public static String[] listItems\u003dnew String[100];","lastModifiedDate":"2024-09-30","isFullCredit":false},{"lineNumber":9,"author":{"gitId":"KaiYin99"},"content":"    public static Task[] taskList\u003dnew Task[100];","lastModifiedDate":"2024-09-17","isFullCredit":false},{"lineNumber":10,"author":{"gitId":"KaiYin99"},"content":"    public static int itemCount\u003d0;","lastModifiedDate":"2024-09-14","isFullCredit":false},{"lineNumber":11,"author":{"gitId":"KaiYin99"},"content":"    public static void greetings() {","lastModifiedDate":"2024-09-13","isFullCredit":false},{"lineNumber":12,"author":{"gitId":"KaiYin99"},"content":"        System.out.println(\"\\t\"+line + \"\\n\\tNi Hao! I\u0027m PistaMint\\n\\tWhat can I do for you?\\n\\t\" + line);","lastModifiedDate":"2024-09-14","isFullCredit":false},{"lineNumber":13,"author":{"gitId":"KaiYin99"},"content":"    }","lastModifiedDate":"2024-09-13","isFullCredit":false},{"lineNumber":14,"author":{"gitId":"KaiYin99"},"content":"","lastModifiedDate":"2024-09-14","isFullCredit":false},{"lineNumber":15,"author":{"gitId":"KaiYin99"},"content":"    public static void exit() {","lastModifiedDate":"2024-09-13","isFullCredit":false},{"lineNumber":16,"author":{"gitId":"KaiYin99"},"content":"        System.out.println(\"\\t\"+line+\"\\n\\tXie Xie! Hope to see you again soon~\\n\\t\" + line);","lastModifiedDate":"2024-09-14","isFullCredit":false},{"lineNumber":17,"author":{"gitId":"KaiYin99"},"content":"    }","lastModifiedDate":"2024-09-14","isFullCredit":false},{"lineNumber":18,"author":{"gitId":"KaiYin99"},"content":"","lastModifiedDate":"2024-09-14","isFullCredit":false},{"lineNumber":19,"author":{"gitId":"KaiYin99"},"content":"    public static void echo(char symbol) {","lastModifiedDate":"2024-09-30","isFullCredit":false},{"lineNumber":20,"author":{"gitId":"KaiYin99"},"content":"        if(input.equalsIgnoreCase(\"bye\")){","lastModifiedDate":"2024-09-14","isFullCredit":false},{"lineNumber":21,"author":{"gitId":"KaiYin99"},"content":"            return;","lastModifiedDate":"2024-09-14","isFullCredit":false},{"lineNumber":22,"author":{"gitId":"KaiYin99"},"content":"        }","lastModifiedDate":"2024-09-14","isFullCredit":false},{"lineNumber":23,"author":{"gitId":"KaiYin99"},"content":"        System.out.println(\"\\t\"+line+\"\\n\\tGot it! I\u0027ve added this task \");","lastModifiedDate":"2024-09-30","isFullCredit":false},{"lineNumber":24,"author":{"gitId":"KaiYin99"},"content":"","lastModifiedDate":"2024-09-30","isFullCredit":false},{"lineNumber":25,"author":{"gitId":"KaiYin99"},"content":"        System.out.println(\"\\t\" + \"[\" + symbol + \"]\" + \"[\" + taskList[itemCount - 1].getStatusIcon() + \"] \" + taskList[itemCount - 1].getDescription());","lastModifiedDate":"2024-09-30","isFullCredit":false},{"lineNumber":26,"author":{"gitId":"KaiYin99"},"content":"","lastModifiedDate":"2024-09-30","isFullCredit":false},{"lineNumber":27,"author":{"gitId":"KaiYin99"},"content":"        System.out.println(\"\\tNow you have \" +itemCount+\" task(s) in the list.\\n\\t\"+line);","lastModifiedDate":"2024-09-30","isFullCredit":false},{"lineNumber":28,"author":{"gitId":"KaiYin99"},"content":"","lastModifiedDate":"2024-09-30","isFullCredit":false},{"lineNumber":29,"author":{"gitId":"KaiYin99"},"content":"","lastModifiedDate":"2024-09-30","isFullCredit":false},{"lineNumber":30,"author":{"gitId":"KaiYin99"},"content":"    }","lastModifiedDate":"2024-09-14","isFullCredit":false},{"lineNumber":31,"author":{"gitId":"KaiYin99"},"content":"    public static Task[] addList(Task t){","lastModifiedDate":"2024-09-17","isFullCredit":false},{"lineNumber":32,"author":{"gitId":"KaiYin99"},"content":"        taskList[itemCount]\u003dt;","lastModifiedDate":"2024-09-17","isFullCredit":false},{"lineNumber":33,"author":{"gitId":"KaiYin99"},"content":"        itemCount++;","lastModifiedDate":"2024-09-14","isFullCredit":false},{"lineNumber":34,"author":{"gitId":"KaiYin99"},"content":"        return Arrays.copyOf(taskList,itemCount);","lastModifiedDate":"2024-09-17","isFullCredit":false},{"lineNumber":35,"author":{"gitId":"KaiYin99"},"content":"    }","lastModifiedDate":"2024-09-14","isFullCredit":false},{"lineNumber":36,"author":{"gitId":"KaiYin99"},"content":"","lastModifiedDate":"2024-09-14","isFullCredit":false},{"lineNumber":37,"author":{"gitId":"KaiYin99"},"content":"    public static void printItems(){","lastModifiedDate":"2024-09-14","isFullCredit":false},{"lineNumber":38,"author":{"gitId":"KaiYin99"},"content":"        System.out.println(\"\\t\"+line);","lastModifiedDate":"2024-09-14","isFullCredit":false},{"lineNumber":39,"author":{"gitId":"KaiYin99"},"content":"        for(int i\u003d0;i\u003citemCount;i++){","lastModifiedDate":"2024-09-14","isFullCredit":false},{"lineNumber":40,"author":{"gitId":"KaiYin99"},"content":"            System.out.println(\"\\t\"+(i+1)+\".[\"+taskList[i].getSymbol()+\"][\"+taskList[i].getStatusIcon()+\"] \"+taskList[i].getDescription());","lastModifiedDate":"2024-09-30","isFullCredit":false},{"lineNumber":41,"author":{"gitId":"KaiYin99"},"content":"        }","lastModifiedDate":"2024-09-14","isFullCredit":false},{"lineNumber":42,"author":{"gitId":"KaiYin99"},"content":"        System.out.println(\"\\t\"+line);","lastModifiedDate":"2024-09-14","isFullCredit":false},{"lineNumber":43,"author":{"gitId":"KaiYin99"},"content":"    }","lastModifiedDate":"2024-09-13","isFullCredit":false},{"lineNumber":44,"author":{"gitId":"KaiYin99"},"content":"    public static boolean indexOutofRange(int index){","lastModifiedDate":"2024-09-17","isFullCredit":false},{"lineNumber":45,"author":{"gitId":"KaiYin99"},"content":"        if (index \u003e itemCount){","lastModifiedDate":"2024-09-17","isFullCredit":false},{"lineNumber":46,"author":{"gitId":"KaiYin99"},"content":"            System.out.println(\"\\t\"+line);","lastModifiedDate":"2024-09-17","isFullCredit":false},{"lineNumber":47,"author":{"gitId":"KaiYin99"},"content":"            System.out.println(\"\\tItem is out of range. You currently only have \"+itemCount+\" items.\");","lastModifiedDate":"2024-09-17","isFullCredit":false},{"lineNumber":48,"author":{"gitId":"KaiYin99"},"content":"            System.out.println(\"\\t\"+line);","lastModifiedDate":"2024-09-17","isFullCredit":false},{"lineNumber":49,"author":{"gitId":"KaiYin99"},"content":"            return true;","lastModifiedDate":"2024-09-17","isFullCredit":false},{"lineNumber":50,"author":{"gitId":"KaiYin99"},"content":"        }","lastModifiedDate":"2024-09-17","isFullCredit":false},{"lineNumber":51,"author":{"gitId":"KaiYin99"},"content":"        return false;","lastModifiedDate":"2024-09-17","isFullCredit":false},{"lineNumber":52,"author":{"gitId":"KaiYin99"},"content":"    }","lastModifiedDate":"2024-09-17","isFullCredit":false},{"lineNumber":53,"author":{"gitId":"KaiYin99"},"content":"    public static void markTask(String word, int index) {","lastModifiedDate":"2024-09-17","isFullCredit":false},{"lineNumber":54,"author":{"gitId":"KaiYin99"},"content":"        if (word.equalsIgnoreCase(\"mark\") ) {","lastModifiedDate":"2024-09-17","isFullCredit":false},{"lineNumber":55,"author":{"gitId":"KaiYin99"},"content":"            if(!(indexOutofRange(index))) {","lastModifiedDate":"2024-09-17","isFullCredit":false},{"lineNumber":56,"author":{"gitId":"KaiYin99"},"content":"                taskList[index - 1].markAsDone();","lastModifiedDate":"2024-09-17","isFullCredit":false},{"lineNumber":57,"author":{"gitId":"KaiYin99"},"content":"                System.out.println(\"\\t\" + line);","lastModifiedDate":"2024-09-17","isFullCredit":false},{"lineNumber":58,"author":{"gitId":"KaiYin99"},"content":"                System.out.println(\"\\tNice! I\u0027ve marked this task as done:\\n\\t[\" +taskList[index - 1].getSymbol()+\"][\"+taskList[index - 1].getStatusIcon() + \"] \" + taskList[index - 1].getDescription());","lastModifiedDate":"2024-09-30","isFullCredit":false},{"lineNumber":59,"author":{"gitId":"KaiYin99"},"content":"                System.out.println(\"\\t\" + line);","lastModifiedDate":"2024-09-17","isFullCredit":false},{"lineNumber":60,"author":{"gitId":"KaiYin99"},"content":"            }","lastModifiedDate":"2024-09-17","isFullCredit":false},{"lineNumber":61,"author":{"gitId":"KaiYin99"},"content":"        }","lastModifiedDate":"2024-09-17","isFullCredit":false},{"lineNumber":62,"author":{"gitId":"KaiYin99"},"content":"        else{","lastModifiedDate":"2024-09-17","isFullCredit":false},{"lineNumber":63,"author":{"gitId":"KaiYin99"},"content":"            if(!(indexOutofRange(index))) {","lastModifiedDate":"2024-09-17","isFullCredit":false},{"lineNumber":64,"author":{"gitId":"KaiYin99"},"content":"                taskList[index-1].markAsUnDone();","lastModifiedDate":"2024-09-17","isFullCredit":false},{"lineNumber":65,"author":{"gitId":"KaiYin99"},"content":"                System.out.println(\"\\t\" + line);","lastModifiedDate":"2024-09-17","isFullCredit":false},{"lineNumber":66,"author":{"gitId":"KaiYin99"},"content":"                System.out.println(\"\\tOK, I\u0027ve marked this task as not done yet!\\n\\t[\" + taskList[index-1].getStatusIcon() + \"] \" + taskList[index-1].getDescription());","lastModifiedDate":"2024-09-17","isFullCredit":false},{"lineNumber":67,"author":{"gitId":"KaiYin99"},"content":"                System.out.println(\"\\t\" + line);","lastModifiedDate":"2024-09-17","isFullCredit":false},{"lineNumber":68,"author":{"gitId":"KaiYin99"},"content":"            }","lastModifiedDate":"2024-09-17","isFullCredit":false},{"lineNumber":69,"author":{"gitId":"KaiYin99"},"content":"        }","lastModifiedDate":"2024-09-17","isFullCredit":false},{"lineNumber":70,"author":{"gitId":"KaiYin99"},"content":"    }","lastModifiedDate":"2024-09-17","isFullCredit":false},{"lineNumber":71,"author":{"gitId":"KaiYin99"},"content":"    public static void main(String[] args) {","lastModifiedDate":"2024-09-13","isFullCredit":false},{"lineNumber":72,"author":{"gitId":"KaiYin99"},"content":"        greetings();","lastModifiedDate":"2024-09-13","isFullCredit":false},{"lineNumber":73,"author":{"gitId":"KaiYin99"},"content":"        while (!input.equalsIgnoreCase(\"bye\")) {","lastModifiedDate":"2024-09-14","isFullCredit":false},{"lineNumber":74,"author":{"gitId":"KaiYin99"},"content":"            Scanner in \u003d new Scanner(System.in);","lastModifiedDate":"2024-09-14","isFullCredit":false},{"lineNumber":75,"author":{"gitId":"KaiYin99"},"content":"            input \u003d in.nextLine();","lastModifiedDate":"2024-09-14","isFullCredit":false},{"lineNumber":76,"author":{"gitId":"KaiYin99"},"content":"            String task \u003dinput.split(\" \")[0];","lastModifiedDate":"2024-09-30","isFullCredit":false},{"lineNumber":77,"author":{"gitId":"KaiYin99"},"content":"            int number;","lastModifiedDate":"2024-09-30","isFullCredit":false},{"lineNumber":78,"author":{"gitId":"KaiYin99"},"content":"            String action,timeline,from,to\u003d\"\";","lastModifiedDate":"2024-09-30","isFullCredit":false},{"lineNumber":79,"author":{"gitId":"KaiYin99"},"content":"            if(task.equalsIgnoreCase(\"list\")) {","lastModifiedDate":"2024-09-30","isFullCredit":false},{"lineNumber":80,"author":{"gitId":"KaiYin99"},"content":"                printItems();","lastModifiedDate":"2024-09-14","isFullCredit":false},{"lineNumber":81,"author":{"gitId":"KaiYin99"},"content":"            } else if (task.equalsIgnoreCase(\"mark\")) {","lastModifiedDate":"2024-09-30","isFullCredit":false},{"lineNumber":82,"author":{"gitId":"KaiYin99"},"content":"                markTask(task, Integer.parseInt(input.split(\" \")[1]));","lastModifiedDate":"2024-09-30","isFullCredit":false},{"lineNumber":83,"author":{"gitId":"KaiYin99"},"content":"            } else if (task.equalsIgnoreCase(\"unmark\")) {","lastModifiedDate":"2024-09-30","isFullCredit":false},{"lineNumber":84,"author":{"gitId":"KaiYin99"},"content":"                markTask(task, Integer.parseInt(input.split(\" \")[1]));","lastModifiedDate":"2024-09-30","isFullCredit":false},{"lineNumber":85,"author":{"gitId":"KaiYin99"},"content":"            } else if(task.equalsIgnoreCase(\"todo\")){","lastModifiedDate":"2024-09-30","isFullCredit":false},{"lineNumber":86,"author":{"gitId":"KaiYin99"},"content":"                action\u003dinput.substring(input.indexOf(\" \")+1);","lastModifiedDate":"2024-09-30","isFullCredit":false},{"lineNumber":87,"author":{"gitId":"KaiYin99"},"content":"                Todo todo\u003dnew Todo (action,\u0027T\u0027);","lastModifiedDate":"2024-09-30","isFullCredit":false},{"lineNumber":88,"author":{"gitId":"KaiYin99"},"content":"                addList(todo);","lastModifiedDate":"2024-09-30","isFullCredit":false},{"lineNumber":89,"author":{"gitId":"KaiYin99"},"content":"                echo(\u0027T\u0027);","lastModifiedDate":"2024-09-30","isFullCredit":false},{"lineNumber":90,"author":{"gitId":"KaiYin99"},"content":"            }else if (task.equalsIgnoreCase(\"deadline\")){","lastModifiedDate":"2024-09-30","isFullCredit":false},{"lineNumber":91,"author":{"gitId":"KaiYin99"},"content":"                action\u003dinput.substring(input.indexOf(\" \")+1,input.indexOf(\"/\"));","lastModifiedDate":"2024-09-30","isFullCredit":false},{"lineNumber":92,"author":{"gitId":"KaiYin99"},"content":"                timeline\u003dinput.substring(input.indexOf(\"/by\")+3);","lastModifiedDate":"2024-09-30","isFullCredit":false},{"lineNumber":93,"author":{"gitId":"KaiYin99"},"content":"                Deadline deadline\u003dnew Deadline(action,\u0027D\u0027,timeline);","lastModifiedDate":"2024-09-30","isFullCredit":false},{"lineNumber":94,"author":{"gitId":"KaiYin99"},"content":"                addList(deadline);","lastModifiedDate":"2024-09-30","isFullCredit":false},{"lineNumber":95,"author":{"gitId":"KaiYin99"},"content":"                echo(\u0027D\u0027);","lastModifiedDate":"2024-09-30","isFullCredit":false},{"lineNumber":96,"author":{"gitId":"KaiYin99"},"content":"            }","lastModifiedDate":"2024-09-30","isFullCredit":false},{"lineNumber":97,"author":{"gitId":"KaiYin99"},"content":"            else if (task.equalsIgnoreCase(\"event\")) {","lastModifiedDate":"2024-09-30","isFullCredit":false},{"lineNumber":98,"author":{"gitId":"KaiYin99"},"content":"                action\u003dinput.substring(input.indexOf(\" \")+1,input.indexOf(\"/\"));","lastModifiedDate":"2024-09-30","isFullCredit":false},{"lineNumber":99,"author":{"gitId":"KaiYin99"},"content":"                from\u003dinput.substring(input.indexOf(\"/from\")+5,input.indexOf(\"/to\"));","lastModifiedDate":"2024-09-30","isFullCredit":false},{"lineNumber":100,"author":{"gitId":"KaiYin99"},"content":"                to\u003dinput.substring(input.indexOf(\"/to\")+3);","lastModifiedDate":"2024-09-30","isFullCredit":false},{"lineNumber":101,"author":{"gitId":"KaiYin99"},"content":"                Event event\u003dnew Event(action,\u0027E\u0027,from,to);","lastModifiedDate":"2024-09-30","isFullCredit":false},{"lineNumber":102,"author":{"gitId":"KaiYin99"},"content":"                addList(event);","lastModifiedDate":"2024-09-30","isFullCredit":false},{"lineNumber":103,"author":{"gitId":"KaiYin99"},"content":"                echo(\u0027E\u0027);","lastModifiedDate":"2024-09-30","isFullCredit":false},{"lineNumber":104,"author":{"gitId":"KaiYin99"},"content":"            }","lastModifiedDate":"2024-09-14","isFullCredit":false},{"lineNumber":105,"author":{"gitId":"KaiYin99"},"content":"","lastModifiedDate":"2024-09-14","isFullCredit":false},{"lineNumber":106,"author":{"gitId":"KaiYin99"},"content":"","lastModifiedDate":"2024-09-30","isFullCredit":false},{"lineNumber":107,"author":{"gitId":"KaiYin99"},"content":"        }","lastModifiedDate":"2024-09-14","isFullCredit":false},{"lineNumber":108,"author":{"gitId":"KaiYin99"},"content":"        exit();","lastModifiedDate":"2024-09-13","isFullCredit":false},{"lineNumber":109,"author":{"gitId":"KaiYin99"},"content":"    }","lastModifiedDate":"2024-09-13","isFullCredit":false},{"lineNumber":110,"author":{"gitId":"KaiYin99"},"content":"}","lastModifiedDate":"2024-09-13","isFullCredit":false}],"authorContributionMap":{"KaiYin99":110}},{"path":"src/main/java/Task.java","fileType":"java","lines":[{"lineNumber":1,"author":{"gitId":"KaiYin99"},"content":"public class Task {","lastModifiedDate":"2024-09-17","isFullCredit":false},{"lineNumber":2,"author":{"gitId":"KaiYin99"},"content":"    protected String description;","lastModifiedDate":"2024-09-17","isFullCredit":false},{"lineNumber":3,"author":{"gitId":"KaiYin99"},"content":"    protected boolean isDone;","lastModifiedDate":"2024-09-17","isFullCredit":false},{"lineNumber":4,"author":{"gitId":"KaiYin99"},"content":"    protected char symbol;","lastModifiedDate":"2024-09-30","isFullCredit":false},{"lineNumber":5,"author":{"gitId":"KaiYin99"},"content":"","lastModifiedDate":"2024-09-17","isFullCredit":false},{"lineNumber":6,"author":{"gitId":"KaiYin99"},"content":"    public Task(String description,char symbol) {","lastModifiedDate":"2024-09-30","isFullCredit":false},{"lineNumber":7,"author":{"gitId":"KaiYin99"},"content":"        this.description \u003d description;","lastModifiedDate":"2024-09-17","isFullCredit":false},{"lineNumber":8,"author":{"gitId":"KaiYin99"},"content":"        this.symbol \u003d symbol;","lastModifiedDate":"2024-09-30","isFullCredit":false},{"lineNumber":9,"author":{"gitId":"KaiYin99"},"content":"        this.isDone \u003d false;","lastModifiedDate":"2024-09-17","isFullCredit":false},{"lineNumber":10,"author":{"gitId":"KaiYin99"},"content":"    }","lastModifiedDate":"2024-09-17","isFullCredit":false},{"lineNumber":11,"author":{"gitId":"KaiYin99"},"content":"","lastModifiedDate":"2024-09-17","isFullCredit":false},{"lineNumber":12,"author":{"gitId":"KaiYin99"},"content":"    public String getStatusIcon() {","lastModifiedDate":"2024-09-17","isFullCredit":false},{"lineNumber":13,"author":{"gitId":"KaiYin99"},"content":"        return (isDone ? \"X\" : \" \"); // mark done task with X","lastModifiedDate":"2024-09-17","isFullCredit":false},{"lineNumber":14,"author":{"gitId":"KaiYin99"},"content":"    }","lastModifiedDate":"2024-09-17","isFullCredit":false},{"lineNumber":15,"author":{"gitId":"KaiYin99"},"content":"","lastModifiedDate":"2024-09-17","isFullCredit":false},{"lineNumber":16,"author":{"gitId":"KaiYin99"},"content":"    public void markAsDone() {","lastModifiedDate":"2024-09-17","isFullCredit":false},{"lineNumber":17,"author":{"gitId":"KaiYin99"},"content":"        isDone \u003d true;","lastModifiedDate":"2024-09-17","isFullCredit":false},{"lineNumber":18,"author":{"gitId":"KaiYin99"},"content":"    }","lastModifiedDate":"2024-09-17","isFullCredit":false},{"lineNumber":19,"author":{"gitId":"KaiYin99"},"content":"    public void markAsUnDone(){","lastModifiedDate":"2024-09-17","isFullCredit":false},{"lineNumber":20,"author":{"gitId":"KaiYin99"},"content":"        isDone \u003d false;","lastModifiedDate":"2024-09-17","isFullCredit":false},{"lineNumber":21,"author":{"gitId":"KaiYin99"},"content":"    }","lastModifiedDate":"2024-09-17","isFullCredit":false},{"lineNumber":22,"author":{"gitId":"KaiYin99"},"content":"    public String getDescription() {","lastModifiedDate":"2024-09-17","isFullCredit":false},{"lineNumber":23,"author":{"gitId":"KaiYin99"},"content":"        return description;","lastModifiedDate":"2024-09-17","isFullCredit":false},{"lineNumber":24,"author":{"gitId":"KaiYin99"},"content":"    }","lastModifiedDate":"2024-09-17","isFullCredit":false},{"lineNumber":25,"author":{"gitId":"KaiYin99"},"content":"    public char getSymbol() {return symbol;}","lastModifiedDate":"2024-09-30","isFullCredit":false},{"lineNumber":26,"author":{"gitId":"KaiYin99"},"content":"    public void setSymbol(char symbol) {this.symbol \u003d symbol;}","lastModifiedDate":"2024-09-30","isFullCredit":false},{"lineNumber":27,"author":{"gitId":"KaiYin99"},"content":"    public boolean isDone() {","lastModifiedDate":"2024-09-17","isFullCredit":false},{"lineNumber":28,"author":{"gitId":"KaiYin99"},"content":"        return isDone;","lastModifiedDate":"2024-09-17","isFullCredit":false},{"lineNumber":29,"author":{"gitId":"KaiYin99"},"content":"    }","lastModifiedDate":"2024-09-17","isFullCredit":false},{"lineNumber":30,"author":{"gitId":"KaiYin99"},"content":"    public void setDescription(String description) {","lastModifiedDate":"2024-09-17","isFullCredit":false},{"lineNumber":31,"author":{"gitId":"KaiYin99"},"content":"        this.description \u003d description;","lastModifiedDate":"2024-09-17","isFullCredit":false},{"lineNumber":32,"author":{"gitId":"KaiYin99"},"content":"    }","lastModifiedDate":"2024-09-17","isFullCredit":false},{"lineNumber":33,"author":{"gitId":"KaiYin99"},"content":"","lastModifiedDate":"2024-09-17","isFullCredit":false},{"lineNumber":34,"author":{"gitId":"KaiYin99"},"content":"}","lastModifiedDate":"2024-09-17","isFullCredit":false}],"authorContributionMap":{"KaiYin99":34}},{"path":"src/main/java/Todo.java","fileType":"java","lines":[{"lineNumber":1,"author":{"gitId":"KaiYin99"},"content":"public class Todo extends Task {","lastModifiedDate":"2024-09-30","isFullCredit":false},{"lineNumber":2,"author":{"gitId":"KaiYin99"},"content":"","lastModifiedDate":"2024-09-30","isFullCredit":false},{"lineNumber":3,"author":{"gitId":"KaiYin99"},"content":"    public Todo(String description, char symbol){","lastModifiedDate":"2024-09-30","isFullCredit":false},{"lineNumber":4,"author":{"gitId":"KaiYin99"},"content":"        super(description, symbol);","lastModifiedDate":"2024-09-30","isFullCredit":false},{"lineNumber":5,"author":{"gitId":"KaiYin99"},"content":"    }","lastModifiedDate":"2024-09-30","isFullCredit":false},{"lineNumber":6,"author":{"gitId":"KaiYin99"},"content":"","lastModifiedDate":"2024-09-30","isFullCredit":false},{"lineNumber":7,"author":{"gitId":"KaiYin99"},"content":"}","lastModifiedDate":"2024-09-30","isFullCredit":false}],"authorContributionMap":{"KaiYin99":7}}]
