{"authorDailyContributionsMap":{"KaiYin99":[{"date":"2024-09-13","commitResults":[{"hash":"6e534e20500f156a4395f1b7e0af0b0b61dab3c4","isMergeCommit":false,"messageTitle":"Commit changes for Level 0 - Rename, Greet, Exit","messageBody":"","tags":["Level-0"],"fileTypesAndContributionMap":{"java":{"insertions":15,"deletions":10}}}]},{"date":"2024-09-14","commitResults":[{"hash":"cdc1b8fb08f01429d028d94e891a3e845f661a55","isMergeCommit":false,"messageTitle":"Commit for Level-1 Echo","messageBody":"","tags":["Level-1"],"fileTypesAndContributionMap":{"java":{"insertions":24,"deletions":6}}},{"hash":"f88f31f2f1e015a84376df2980b670e24448aa27","isMergeCommit":false,"messageTitle":"Commit Level 2.Add,List","messageBody":"","fileTypesAndContributionMap":{"java":{"insertions":28,"deletions":4}}},{"hash":"e5e36ec98ae9fe8d1fb695eb629ac3910814bd6b","isMergeCommit":false,"messageTitle":"Update conditional check for Level 2. Add, List","messageBody":"","tags":["Level-2"],"fileTypesAndContributionMap":{"java":{"insertions":2,"deletions":5}}}]},{"date":"2024-09-17","commitResults":[{"hash":"88dc129e7d7fa7653a28cd3467f58db3c3ae83cf","isMergeCommit":false,"messageTitle":"commit Level 3 -Mark As Done","messageBody":"","tags":["Level-3"],"fileTypesAndContributionMap":{"java":{"insertions":72,"deletions":9}}}]},{"date":"2024-09-30","commitResults":[{"hash":"d8dbd8e4a54f1507b6802ae59bda2e4a9249c0f7","isMergeCommit":false,"messageTitle":"Level-4: ToDo, Event, Deadline","messageBody":"","tags":["Level-4"],"fileTypesAndContributionMap":{"java":{"insertions":94,"deletions":17}}}]},{"date":"2024-10-07","commitResults":[{"hash":"abb88dfacd0673348ce94ac2609eb2ceb4ec2986","isMergeCommit":false,"messageTitle":"commit for Level-5-Error Handling","messageBody":"","tags":["Level-5"],"fileTypesAndContributionMap":{"java":{"insertions":81,"deletions":65}}}]},{"date":"2024-10-14","commitResults":[{"hash":"15fb06d4d117bcedf6b674dee124374c3487320d","isMergeCommit":false,"messageTitle":"Commit for Level-6.Delete and implementation of ArrayList","messageBody":"","tags":["Level-6"],"fileTypesAndContributionMap":{"java":{"insertions":53,"deletions":18}}}]},{"date":"2024-11-02","commitResults":[{"hash":"9b65deb74035ac734dc2b9bb9625d713dd91f17d","isMergeCommit":false,"messageTitle":"Commit for Level-7 Save","messageBody":"","tags":["Level-7"],"fileTypesAndContributionMap":{"txt":{"insertions":7,"deletions":0},"java":{"insertions":119,"deletions":45}}}]},{"date":"2024-11-03","commitResults":[{"hash":"ed92986f6f9d44d028abf623e84475b80a6d6400","isMergeCommit":false,"messageTitle":"Week 8- [A-MoreOOP]","messageBody":"","tags":["A-MoreOOP"],"fileTypesAndContributionMap":{"java":{"insertions":427,"deletions":61}}},{"hash":"87fd5f5abd128b7250de4cd98d89c50fc506b5c2","isMergeCommit":false,"messageTitle":"Level-8 Dates and Time Store deadline dates as a java.time.LocalDate. Accept dates in a format such as yyyy-mm-dd format (e.g., 2019-10-15) and print in a different format such as MMM dd yyyy e.g., (Oct 15 2019)","messageBody":"","tags":["Level-8"],"fileTypesAndContributionMap":{"java":{"insertions":23,"deletions":47}}},{"hash":"cab5f5fb7569d8ff39f852bdae2212cf081626d6","isMergeCommit":false,"messageTitle":"Commit duke.txt file","messageBody":"","fileTypesAndContributionMap":{"txt":{"insertions":8,"deletions":7}}}]}]},"authorFileTypeContributionMap":{"KaiYin99":{"java":661,"md":0,"fxml":0,"sh":0,"bat":0,"gradle":0,"txt":8}},"authorContributionVariance":{"KaiYin99":4639.0835},"authorDisplayNameMap":{"KaiYin99":"KOK .. YIN"}}
