{"authorDailyContributionsMap":{"KaiYin99":[{"date":"2024-09-13","commitResults":[{"hash":"6e534e20500f156a4395f1b7e0af0b0b61dab3c4","isMergeCommit":false,"messageTitle":"Commit changes for Level 0 - Rename, Greet, Exit","messageBody":"","tags":["Level-0"],"fileTypesAndContributionMap":{"java":{"insertions":15,"deletions":10}}}]},{"date":"2024-09-14","commitResults":[{"hash":"cdc1b8fb08f01429d028d94e891a3e845f661a55","isMergeCommit":false,"messageTitle":"Commit for Level-1 Echo","messageBody":"","tags":["Level-1"],"fileTypesAndContributionMap":{"java":{"insertions":24,"deletions":6}}},{"hash":"f88f31f2f1e015a84376df2980b670e24448aa27","isMergeCommit":false,"messageTitle":"Commit Level 2.Add,List","messageBody":"","fileTypesAndContributionMap":{"java":{"insertions":28,"deletions":4}}},{"hash":"e5e36ec98ae9fe8d1fb695eb629ac3910814bd6b","isMergeCommit":false,"messageTitle":"Update conditional check for Level 2. Add, List","messageBody":"","tags":["Level-2"],"fileTypesAndContributionMap":{"java":{"insertions":2,"deletions":5}}}]},{"date":"2024-09-17","commitResults":[{"hash":"88dc129e7d7fa7653a28cd3467f58db3c3ae83cf","isMergeCommit":false,"messageTitle":"commit Level 3 -Mark As Done","messageBody":"","tags":["Level-3"],"fileTypesAndContributionMap":{"java":{"insertions":72,"deletions":9}}}]},{"date":"2024-09-30","commitResults":[{"hash":"d8dbd8e4a54f1507b6802ae59bda2e4a9249c0f7","isMergeCommit":false,"messageTitle":"Level-4: ToDo, Event, Deadline","messageBody":"","tags":["Level-4"],"fileTypesAndContributionMap":{"java":{"insertions":94,"deletions":17}}}]},{"date":"2024-10-07","commitResults":[{"hash":"abb88dfacd0673348ce94ac2609eb2ceb4ec2986","isMergeCommit":false,"messageTitle":"commit for Level-5-Error Handling","messageBody":"","tags":["Level-5"],"fileTypesAndContributionMap":{"java":{"insertions":81,"deletions":65}}}]}]},"authorFileTypeContributionMap":{"KaiYin99":{"java":210,"md":0,"fxml":0,"sh":0,"bat":0,"gradle":0,"txt":0}},"authorContributionVariance":{"KaiYin99":742.27893},"authorDisplayNameMap":{"KaiYin99":"KOK .. YIN"}}
