[{"path":"src/main/java/Javaro.java","fileType":"java","lines":[{"lineNumber":1,"author":{"gitId":"ameliadevs"},"content":"import java.util.Arrays;","lastModifiedDate":"2024-08-31","isFullCredit":false},{"lineNumber":2,"author":{"gitId":"ameliadevs"},"content":"import java.util.Scanner;","lastModifiedDate":"2024-08-31","isFullCredit":false},{"lineNumber":3,"author":{"gitId":"ameliadevs"},"content":"","lastModifiedDate":"2024-08-31","isFullCredit":false},{"lineNumber":4,"author":{"gitId":"ameliadevs"},"content":"public class Javaro {","lastModifiedDate":"2024-08-31","isFullCredit":false},{"lineNumber":5,"author":{"gitId":"ameliadevs"},"content":"    ","lastModifiedDate":"2024-08-31","isFullCredit":false},{"lineNumber":6,"author":{"gitId":"ameliadevs"},"content":"    public static void space(boolean isLine) {","lastModifiedDate":"2024-08-31","isFullCredit":false},{"lineNumber":7,"author":{"gitId":"ameliadevs"},"content":"        String space \u003d \"    \";","lastModifiedDate":"2024-08-31","isFullCredit":false},{"lineNumber":8,"author":{"gitId":"ameliadevs"},"content":"","lastModifiedDate":"2024-08-31","isFullCredit":false},{"lineNumber":9,"author":{"gitId":"ameliadevs"},"content":"        // If space is to come before a horizontal line, use \"    \"","lastModifiedDate":"2024-08-31","isFullCredit":false},{"lineNumber":10,"author":{"gitId":"ameliadevs"},"content":"        if (isLine) {","lastModifiedDate":"2024-08-31","isFullCredit":false},{"lineNumber":11,"author":{"gitId":"ameliadevs"},"content":"            System.out.print(space);","lastModifiedDate":"2024-08-31","isFullCredit":false},{"lineNumber":12,"author":{"gitId":"ameliadevs"},"content":"        ","lastModifiedDate":"2024-08-31","isFullCredit":false},{"lineNumber":13,"author":{"gitId":"ameliadevs"},"content":"        // If space is to come before a line of text, use \"     \"","lastModifiedDate":"2024-08-31","isFullCredit":false},{"lineNumber":14,"author":{"gitId":"ameliadevs"},"content":"        } else {","lastModifiedDate":"2024-08-31","isFullCredit":false},{"lineNumber":15,"author":{"gitId":"ameliadevs"},"content":"            System.out.print(space + \" \");","lastModifiedDate":"2024-08-31","isFullCredit":false},{"lineNumber":16,"author":{"gitId":"ameliadevs"},"content":"        }","lastModifiedDate":"2024-08-31","isFullCredit":false},{"lineNumber":17,"author":{"gitId":"ameliadevs"},"content":"    }","lastModifiedDate":"2024-08-31","isFullCredit":false},{"lineNumber":18,"author":{"gitId":"ameliadevs"},"content":"","lastModifiedDate":"2024-08-31","isFullCredit":false},{"lineNumber":19,"author":{"gitId":"ameliadevs"},"content":"    // This function prints a horizontal line","lastModifiedDate":"2024-08-31","isFullCredit":false},{"lineNumber":20,"author":{"gitId":"ameliadevs"},"content":"    public static void printLine() {","lastModifiedDate":"2024-08-31","isFullCredit":false},{"lineNumber":21,"author":{"gitId":"ameliadevs"},"content":"        space(true);","lastModifiedDate":"2024-08-31","isFullCredit":false},{"lineNumber":22,"author":{"gitId":"ameliadevs"},"content":"        String line \u003d \"____________________________________________________________\";","lastModifiedDate":"2024-08-31","isFullCredit":false},{"lineNumber":23,"author":{"gitId":"ameliadevs"},"content":"        System.out.println(line);","lastModifiedDate":"2024-08-31","isFullCredit":false},{"lineNumber":24,"author":{"gitId":"ameliadevs"},"content":"    }","lastModifiedDate":"2024-08-31","isFullCredit":false},{"lineNumber":25,"author":{"gitId":"ameliadevs"},"content":"","lastModifiedDate":"2024-08-31","isFullCredit":false},{"lineNumber":26,"author":{"gitId":"ameliadevs"},"content":"    // Chatbot greets the user","lastModifiedDate":"2024-08-31","isFullCredit":false},{"lineNumber":27,"author":{"gitId":"ameliadevs"},"content":"    public static void greet() {","lastModifiedDate":"2024-08-31","isFullCredit":false},{"lineNumber":28,"author":{"gitId":"ameliadevs"},"content":"        printLine();","lastModifiedDate":"2024-08-31","isFullCredit":false},{"lineNumber":29,"author":{"gitId":"ameliadevs"},"content":"        String chatbotName \u003d \"Javaro\";","lastModifiedDate":"2024-08-31","isFullCredit":false},{"lineNumber":30,"author":{"gitId":"ameliadevs"},"content":"        ","lastModifiedDate":"2024-08-31","isFullCredit":false},{"lineNumber":31,"author":{"gitId":"ameliadevs"},"content":"        space(false);","lastModifiedDate":"2024-08-31","isFullCredit":false},{"lineNumber":32,"author":{"gitId":"ameliadevs"},"content":"        System.out.println(\"Hello, I\u0027m \" + chatbotName + \".\");","lastModifiedDate":"2024-08-31","isFullCredit":false},{"lineNumber":33,"author":{"gitId":"ameliadevs"},"content":"        ","lastModifiedDate":"2024-08-31","isFullCredit":false},{"lineNumber":34,"author":{"gitId":"ameliadevs"},"content":"        space(false);","lastModifiedDate":"2024-08-31","isFullCredit":false},{"lineNumber":35,"author":{"gitId":"ameliadevs"},"content":"        System.out.println(\"What can I do for you?\");","lastModifiedDate":"2024-08-31","isFullCredit":false},{"lineNumber":36,"author":{"gitId":"ameliadevs"},"content":"        printLine();","lastModifiedDate":"2024-08-31","isFullCredit":false},{"lineNumber":37,"author":{"gitId":"ameliadevs"},"content":"    }","lastModifiedDate":"2024-08-31","isFullCredit":false},{"lineNumber":38,"author":{"gitId":"ameliadevs"},"content":"","lastModifiedDate":"2024-08-31","isFullCredit":false},{"lineNumber":39,"author":{"gitId":"ameliadevs"},"content":"    // Chatbot exits","lastModifiedDate":"2024-08-31","isFullCredit":false},{"lineNumber":40,"author":{"gitId":"ameliadevs"},"content":"    public static void exit() {","lastModifiedDate":"2024-08-31","isFullCredit":false},{"lineNumber":41,"author":{"gitId":"ameliadevs"},"content":"        printLine();","lastModifiedDate":"2024-08-31","isFullCredit":false},{"lineNumber":42,"author":{"gitId":"ameliadevs"},"content":"        ","lastModifiedDate":"2024-08-31","isFullCredit":false},{"lineNumber":43,"author":{"gitId":"ameliadevs"},"content":"        space(false);","lastModifiedDate":"2024-08-31","isFullCredit":false},{"lineNumber":44,"author":{"gitId":"ameliadevs"},"content":"        System.out.println(\"Bye. Hope to see you again soon!\");","lastModifiedDate":"2024-08-31","isFullCredit":false},{"lineNumber":45,"author":{"gitId":"ameliadevs"},"content":"        printLine();","lastModifiedDate":"2024-08-31","isFullCredit":false},{"lineNumber":46,"author":{"gitId":"ameliadevs"},"content":"    }","lastModifiedDate":"2024-08-31","isFullCredit":false},{"lineNumber":47,"author":{"gitId":"ameliadevs"},"content":"","lastModifiedDate":"2024-08-31","isFullCredit":false},{"lineNumber":48,"author":{"gitId":"ameliadevs"},"content":"    // int length \u003d list.length;","lastModifiedDate":"2024-08-31","isFullCredit":false},{"lineNumber":49,"author":{"gitId":"ameliadevs"},"content":"    // String[] result \u003d new String[length + 1];","lastModifiedDate":"2024-08-31","isFullCredit":false},{"lineNumber":50,"author":{"gitId":"ameliadevs"},"content":"    // for (int i \u003d 0; i \u003c length; i++) {","lastModifiedDate":"2024-08-31","isFullCredit":false},{"lineNumber":51,"author":{"gitId":"ameliadevs"},"content":"    //     result[i] \u003d list[i];","lastModifiedDate":"2024-08-31","isFullCredit":false},{"lineNumber":52,"author":{"gitId":"ameliadevs"},"content":"    // }","lastModifiedDate":"2024-08-31","isFullCredit":false},{"lineNumber":53,"author":{"gitId":"ameliadevs"},"content":"    // result[length] \u003d email;","lastModifiedDate":"2024-08-31","isFullCredit":false},{"lineNumber":54,"author":{"gitId":"ameliadevs"},"content":"    // return result;","lastModifiedDate":"2024-08-31","isFullCredit":false},{"lineNumber":55,"author":{"gitId":"ameliadevs"},"content":"","lastModifiedDate":"2024-08-31","isFullCredit":false},{"lineNumber":56,"author":{"gitId":"ameliadevs"},"content":"","lastModifiedDate":"2024-08-31","isFullCredit":false},{"lineNumber":57,"author":{"gitId":"ameliadevs"},"content":"    // double[] newOverseas \u003d Arrays.copyOf(overseas, overseas.length + 1);","lastModifiedDate":"2024-08-31","isFullCredit":false},{"lineNumber":58,"author":{"gitId":"ameliadevs"},"content":"    // // System.out.println(\"this is new overseas \");","lastModifiedDate":"2024-08-31","isFullCredit":false},{"lineNumber":59,"author":{"gitId":"ameliadevs"},"content":"    // // System.out.println(Arrays.toString(newOverseas));","lastModifiedDate":"2024-08-31","isFullCredit":false},{"lineNumber":60,"author":{"gitId":"ameliadevs"},"content":"    ","lastModifiedDate":"2024-08-31","isFullCredit":false},{"lineNumber":61,"author":{"gitId":"ameliadevs"},"content":"    // newOverseas[overseas.length] \u003d expense;","lastModifiedDate":"2024-08-31","isFullCredit":false},{"lineNumber":62,"author":{"gitId":"ameliadevs"},"content":"    // // System.out.println(\"this is new overseas after adding expense \");","lastModifiedDate":"2024-08-31","isFullCredit":false},{"lineNumber":63,"author":{"gitId":"ameliadevs"},"content":"    // // System.out.println(Arrays.toString(newOverseas));","lastModifiedDate":"2024-08-31","isFullCredit":false},{"lineNumber":64,"author":{"gitId":"ameliadevs"},"content":"    ","lastModifiedDate":"2024-08-31","isFullCredit":false},{"lineNumber":65,"author":{"gitId":"ameliadevs"},"content":"    // return newOverseas;","lastModifiedDate":"2024-08-31","isFullCredit":false},{"lineNumber":66,"author":{"gitId":"ameliadevs"},"content":"","lastModifiedDate":"2024-08-31","isFullCredit":false},{"lineNumber":67,"author":{"gitId":"ameliadevs"},"content":"","lastModifiedDate":"2024-08-31","isFullCredit":false},{"lineNumber":68,"author":{"gitId":"ameliadevs"},"content":"    // 1st element has index 0. Length 1","lastModifiedDate":"2024-08-31","isFullCredit":false},{"lineNumber":69,"author":{"gitId":"ameliadevs"},"content":"    public static String[] addToList(String[] list, String item) {","lastModifiedDate":"2024-08-31","isFullCredit":false},{"lineNumber":70,"author":{"gitId":"ameliadevs"},"content":"        int listLength \u003d list.length;","lastModifiedDate":"2024-08-31","isFullCredit":false},{"lineNumber":71,"author":{"gitId":"ameliadevs"},"content":"        String[] newList \u003d Arrays.copyOf(list, listLength + 1);","lastModifiedDate":"2024-08-31","isFullCredit":false},{"lineNumber":72,"author":{"gitId":"ameliadevs"},"content":"        newList[listLength] \u003d item;","lastModifiedDate":"2024-08-31","isFullCredit":false},{"lineNumber":73,"author":{"gitId":"ameliadevs"},"content":"        return newList;","lastModifiedDate":"2024-08-31","isFullCredit":false},{"lineNumber":74,"author":{"gitId":"ameliadevs"},"content":"    }","lastModifiedDate":"2024-08-31","isFullCredit":false},{"lineNumber":75,"author":{"gitId":"ameliadevs"},"content":"","lastModifiedDate":"2024-08-31","isFullCredit":false},{"lineNumber":76,"author":{"gitId":"ameliadevs"},"content":"    public static void printAddMessage(String item) {","lastModifiedDate":"2024-08-31","isFullCredit":false},{"lineNumber":77,"author":{"gitId":"ameliadevs"},"content":"        printLine();","lastModifiedDate":"2024-08-31","isFullCredit":false},{"lineNumber":78,"author":{"gitId":"ameliadevs"},"content":"        space(false);","lastModifiedDate":"2024-08-31","isFullCredit":false},{"lineNumber":79,"author":{"gitId":"ameliadevs"},"content":"        System.out.println(\"added: \" + item);","lastModifiedDate":"2024-08-31","isFullCredit":false},{"lineNumber":80,"author":{"gitId":"ameliadevs"},"content":"        printLine();","lastModifiedDate":"2024-08-31","isFullCredit":false},{"lineNumber":81,"author":{"gitId":"ameliadevs"},"content":"    }","lastModifiedDate":"2024-08-31","isFullCredit":false},{"lineNumber":82,"author":{"gitId":"ameliadevs"},"content":"","lastModifiedDate":"2024-08-31","isFullCredit":false},{"lineNumber":83,"author":{"gitId":"ameliadevs"},"content":"    public static void printList(String[] list) {","lastModifiedDate":"2024-08-31","isFullCredit":false},{"lineNumber":84,"author":{"gitId":"ameliadevs"},"content":"        // System.out.println(Arrays.toString(list));","lastModifiedDate":"2024-08-31","isFullCredit":false},{"lineNumber":85,"author":{"gitId":"ameliadevs"},"content":"","lastModifiedDate":"2024-08-31","isFullCredit":false},{"lineNumber":86,"author":{"gitId":"ameliadevs"},"content":"        printLine();","lastModifiedDate":"2024-08-31","isFullCredit":false},{"lineNumber":87,"author":{"gitId":"ameliadevs"},"content":"        for (int i \u003d 0; i \u003c list.length; i++) {","lastModifiedDate":"2024-08-31","isFullCredit":false},{"lineNumber":88,"author":{"gitId":"ameliadevs"},"content":"            String index \u003d Integer.toString(i + 1);","lastModifiedDate":"2024-08-31","isFullCredit":false},{"lineNumber":89,"author":{"gitId":"ameliadevs"},"content":"            String line \u003d index + \". \" + list[i];","lastModifiedDate":"2024-08-31","isFullCredit":false},{"lineNumber":90,"author":{"gitId":"ameliadevs"},"content":"            space(false);","lastModifiedDate":"2024-08-31","isFullCredit":false},{"lineNumber":91,"author":{"gitId":"ameliadevs"},"content":"            System.out.println(line);","lastModifiedDate":"2024-08-31","isFullCredit":false},{"lineNumber":92,"author":{"gitId":"ameliadevs"},"content":"        }","lastModifiedDate":"2024-08-31","isFullCredit":false},{"lineNumber":93,"author":{"gitId":"ameliadevs"},"content":"        printLine();","lastModifiedDate":"2024-08-31","isFullCredit":false},{"lineNumber":94,"author":{"gitId":"ameliadevs"},"content":"    }","lastModifiedDate":"2024-08-31","isFullCredit":false},{"lineNumber":95,"author":{"gitId":"ameliadevs"},"content":"","lastModifiedDate":"2024-08-31","isFullCredit":false},{"lineNumber":96,"author":{"gitId":"ameliadevs"},"content":"    // This function echos commands entered by the user, and exits when the user types the command bye.","lastModifiedDate":"2024-08-31","isFullCredit":false},{"lineNumber":97,"author":{"gitId":"ameliadevs"},"content":"    public static void echo() {","lastModifiedDate":"2024-08-31","isFullCredit":false},{"lineNumber":98,"author":{"gitId":"ameliadevs"},"content":"        Scanner in \u003d new Scanner(System.in);","lastModifiedDate":"2024-08-31","isFullCredit":false},{"lineNumber":99,"author":{"gitId":"ameliadevs"},"content":"        String input \u003d in.nextLine();","lastModifiedDate":"2024-08-31","isFullCredit":false},{"lineNumber":100,"author":{"gitId":"ameliadevs"},"content":"","lastModifiedDate":"2024-08-31","isFullCredit":false},{"lineNumber":101,"author":{"gitId":"ameliadevs"},"content":"        // Assume there will be no more than 100 tasks.","lastModifiedDate":"2024-08-31","isFullCredit":false},{"lineNumber":102,"author":{"gitId":"ameliadevs"},"content":"        String[] list \u003d new String[0];","lastModifiedDate":"2024-08-31","isFullCredit":false},{"lineNumber":103,"author":{"gitId":"ameliadevs"},"content":"","lastModifiedDate":"2024-08-31","isFullCredit":false},{"lineNumber":104,"author":{"gitId":"ameliadevs"},"content":"        while (input.equals(\"bye\") \u003d\u003d false) {","lastModifiedDate":"2024-08-31","isFullCredit":false},{"lineNumber":105,"author":{"gitId":"ameliadevs"},"content":"            ","lastModifiedDate":"2024-08-31","isFullCredit":false},{"lineNumber":106,"author":{"gitId":"ameliadevs"},"content":"            if (input.equals(\"list\")) {","lastModifiedDate":"2024-08-31","isFullCredit":false},{"lineNumber":107,"author":{"gitId":"ameliadevs"},"content":"                printList(list);","lastModifiedDate":"2024-08-31","isFullCredit":false},{"lineNumber":108,"author":{"gitId":"ameliadevs"},"content":"","lastModifiedDate":"2024-08-31","isFullCredit":false},{"lineNumber":109,"author":{"gitId":"ameliadevs"},"content":"            } else {","lastModifiedDate":"2024-08-31","isFullCredit":false},{"lineNumber":110,"author":{"gitId":"ameliadevs"},"content":"                list \u003d addToList(list, input);","lastModifiedDate":"2024-08-31","isFullCredit":false},{"lineNumber":111,"author":{"gitId":"ameliadevs"},"content":"                printAddMessage(input);","lastModifiedDate":"2024-08-31","isFullCredit":false},{"lineNumber":112,"author":{"gitId":"ameliadevs"},"content":"","lastModifiedDate":"2024-08-31","isFullCredit":false},{"lineNumber":113,"author":{"gitId":"ameliadevs"},"content":"            }","lastModifiedDate":"2024-08-31","isFullCredit":false},{"lineNumber":114,"author":{"gitId":"ameliadevs"},"content":"","lastModifiedDate":"2024-08-31","isFullCredit":false},{"lineNumber":115,"author":{"gitId":"ameliadevs"},"content":"            // Ask the user for the next input","lastModifiedDate":"2024-08-31","isFullCredit":false},{"lineNumber":116,"author":{"gitId":"ameliadevs"},"content":"            input \u003d in.nextLine();","lastModifiedDate":"2024-08-31","isFullCredit":false},{"lineNumber":117,"author":{"gitId":"ameliadevs"},"content":"        }","lastModifiedDate":"2024-08-31","isFullCredit":false},{"lineNumber":118,"author":{"gitId":"ameliadevs"},"content":"    }","lastModifiedDate":"2024-08-31","isFullCredit":false},{"lineNumber":119,"author":{"gitId":"ameliadevs"},"content":"","lastModifiedDate":"2024-08-31","isFullCredit":false},{"lineNumber":120,"author":{"gitId":"ameliadevs"},"content":"    public static void main(String[] args) {","lastModifiedDate":"2024-08-31","isFullCredit":false},{"lineNumber":121,"author":{"gitId":"ameliadevs"},"content":"        greet();","lastModifiedDate":"2024-08-31","isFullCredit":false},{"lineNumber":122,"author":{"gitId":"ameliadevs"},"content":"        echo();","lastModifiedDate":"2024-08-31","isFullCredit":false},{"lineNumber":123,"author":{"gitId":"ameliadevs"},"content":"        exit();","lastModifiedDate":"2024-08-31","isFullCredit":false},{"lineNumber":124,"author":{"gitId":"ameliadevs"},"content":"    }","lastModifiedDate":"2024-08-31","isFullCredit":false},{"lineNumber":125,"author":{"gitId":"ameliadevs"},"content":"}","lastModifiedDate":"2024-08-31","isFullCredit":false}],"authorContributionMap":{"ameliadevs":125}}]
