{"authorDailyContributionsMap":{"ameliadevs":[{"date":"2024-08-31","commitResults":[{"hash":"5bed703d4c016c0a8d59302e07366440c022bfd7","isMergeCommit":false,"messageTitle":"Add Level 0","messageBody":"","tags":["Level-0"],"fileTypesAndContributionMap":{"java":{"insertions":14,"deletions":10}}},{"hash":"9707aa54169e61efd7da99ee960e66d52e6ed7fa","isMergeCommit":false,"messageTitle":"Add indentations and echo feature","messageBody":"","tags":["Level-1"],"fileTypesAndContributionMap":{"java":{"insertions":56,"deletions":4}}},{"hash":"5e34b91036806b7716c7753961df04dfe36a7bd5","isMergeCommit":false,"messageTitle":"Add the ability to store whatever text entered by the user and display them back to the user when requested","messageBody":"","tags":["Level-2"],"fileTypesAndContributionMap":{"java":{"insertions":64,"deletions":5}}}]},{"date":"2024-09-13","commitResults":[{"hash":"b0e4d717aa379cff2e46e0887ba25f54b64dc288","isMergeCommit":false,"messageTitle":"Add the ability to mark tasks as done and change the status back to not done","messageBody":"","fileTypesAndContributionMap":{"java":{"insertions":237,"deletions":23}}},{"hash":"ab67caeb429562f0f018c5cd8b1973dd4a720d61","isMergeCommit":false,"messageTitle":"Format spaces","messageBody":"","fileTypesAndContributionMap":{"java":{"insertions":12,"deletions":2}}}]},{"date":"2024-09-14","commitResults":[{"hash":"2708d82341ee89ff1a1a80b654cc0f6bf5e57e55","isMergeCommit":false,"messageTitle":"Clean up code","messageBody":"","fileTypesAndContributionMap":{"java":{"insertions":35,"deletions":181}}},{"hash":"0e62e6136576d9067cd55bf0e30b8b3173c5e5db","isMergeCommit":false,"messageTitle":"Use a class to represent tasks","messageBody":"","tags":["Level-3"],"fileTypesAndContributionMap":{"java":{"insertions":104,"deletions":10}}},{"hash":"26b7bdd819e7569bb8c0d2e2c4f700fd10d18ff2","isMergeCommit":false,"messageTitle":"Clean up code","messageBody":"","fileTypesAndContributionMap":{"txt":{"insertions":14,"deletions":0},"java":{"insertions":4,"deletions":59},"sh":{"insertions":1,"deletions":1}}},{"hash":"5af3e50bf360a664f874a03ec869f6ea9342e43d","isMergeCommit":false,"messageTitle":"Clean up code","messageBody":"","fileTypesAndContributionMap":{"java":{"insertions":4,"deletions":59}}},{"hash":"6babae373ebd454ac6fb7e63a7dd055c4692d1de","isMergeCommit":false,"messageTitle":"Add semi-automated testing using the I/O redirection technique","messageBody":"","tags":["A-TextUiTesting"],"fileTypesAndContributionMap":{"txt":{"insertions":14,"deletions":0},"sh":{"insertions":1,"deletions":1}}},{"hash":"43b8cab0a50b050ed999a544bbea6e68e567b030","isMergeCommit":true,"messageTitle":"Resolve merge conflict","messageBody":"","fileTypesAndContributionMap":{}}]},{"date":"2024-09-16","commitResults":[{"hash":"99838b9d4633edff5e9a52b0028f10f6ca05cc05","isMergeCommit":false,"messageTitle":"Use Inheritance to support multiple task types","messageBody":"","fileTypesAndContributionMap":{"java":{"insertions":51,"deletions":0}}},{"hash":"fa9acf31bf859f7b8d5d8a5ef98a0a616633b535","isMergeCommit":false,"messageTitle":"Add support for tracking three types of tasks: ToDos, Events, Deadlines","messageBody":"","fileTypesAndContributionMap":{"java":{"insertions":196,"deletions":29}}}]},{"date":"2024-09-25","commitResults":[{"hash":"ab6d210266b5815068137f41b7a773a0a4a8140e","isMergeCommit":false,"messageTitle":"Abstract repetitive code in extracting description/date/time of tasks","messageBody":"","fileTypesAndContributionMap":{"txt":{"insertions":10,"deletions":7},"java":{"insertions":155,"deletions":93}}},{"hash":"8ad004a476da3ada0f17ffe0510da75a01d66571","isMergeCommit":false,"messageTitle":"Clean up code. Make Task abstract.","messageBody":"","tags":["Level-4"],"fileTypesAndContributionMap":{"java":{"insertions":18,"deletions":90}}}]},{"date":"2024-09-27","commitResults":[{"hash":"a765b9d74f45be575b7d36046c99cfd0b9119a33","isMergeCommit":false,"messageTitle":"Error Handling Basic: Empty task description and invalid command","messageBody":"","fileTypesAndContributionMap":{"java":{"insertions":177,"deletions":40}}}]},{"date":"2024-10-13","commitResults":[{"hash":"e8495b46411dbb752b55a7c2032bfd02c92ae52a","isMergeCommit":false,"messageTitle":"Error Handling: Task description and date/time","messageBody":"","fileTypesAndContributionMap":{"java":{"insertions":451,"deletions":136}}}]},{"date":"2024-10-14","commitResults":[{"hash":"f11c1b89f72000e657550324090e5e822597de74","isMergeCommit":false,"messageTitle":"Clean up code. Add exception for empty task list","messageBody":"","tags":["Level-5"],"fileTypesAndContributionMap":{"txt":{"insertions":9,"deletions":0},"java":{"insertions":71,"deletions":409}}},{"hash":"8b6866af3cc9c656028300f62eefacaa59fe0570","isMergeCommit":false,"messageTitle":"A-Collections: Use ArrayList\u003cTask\u003e to store tasks and ArrayList\u003cString\u003e to store messageList","messageBody":"","fileTypesAndContributionMap":{"java":{"insertions":67,"deletions":39}}},{"hash":"b7d014f09ed244c618c36a1f8ec929f6953a8a62","isMergeCommit":false,"messageTitle":"Add support for deleting tasks from the list","messageBody":"","fileTypesAndContributionMap":{"java":{"insertions":42,"deletions":0}}},{"hash":"f1ff68d9aec1cd65f27c65faffed669834482ea6","isMergeCommit":false,"messageTitle":"Updated text-ui-test for deleting tasks. A-Enums: Changed command keywords to enum","messageBody":"","tags":["Level-6"],"fileTypesAndContributionMap":{"txt":{"insertions":4,"deletions":0},"java":{"insertions":102,"deletions":37}}},{"hash":"18db6c25818f83231a53a65fe9810c719e21cc7b","isMergeCommit":false,"messageTitle":"Clean up code. Updated text-ui-test","messageBody":"","fileTypesAndContributionMap":{"java":{"insertions":2,"deletions":55}}}]},{"date":"2024-10-25","commitResults":[{"hash":"ce8f446e96e22ac01085e12264d622e173888d3d","isMergeCommit":false,"messageTitle":"Handle missing data folder/file on start","messageBody":"","fileTypesAndContributionMap":{"java":{"insertions":116,"deletions":3}}},{"hash":"b1af6bd4c04654dc2b75501a041163ef753d18f9","isMergeCommit":false,"messageTitle":"Modify main method","messageBody":"","fileTypesAndContributionMap":{"java":{"insertions":2,"deletions":10}}}]},{"date":"2024-10-28","commitResults":[{"hash":"f91443b7504b139396ce8522da3ed0b95b8ecdf1","isMergeCommit":false,"messageTitle":"Implement save feature and basic error handling for inexistent/corrupted data file","messageBody":"","fileTypesAndContributionMap":{"java":{"insertions":838,"deletions":133}}},{"hash":"1da6add13587950e6e012ca119ee4373773f7738","isMergeCommit":false,"messageTitle":"Update text-ui-test","messageBody":"","fileTypesAndContributionMap":{"java":{"insertions":4,"deletions":4}}},{"hash":"e6a4d49c713e87f704c809b3c65845826d667481","isMergeCommit":false,"messageTitle":"Fix missing to information when adding Event. Write deleted event to tasks.txt. Update input commands","messageBody":"","fileTypesAndContributionMap":{"txt":{"insertions":19,"deletions":23},"java":{"insertions":76,"deletions":29}}}]}]},"authorFileTypeContributionMap":{"ameliadevs":{"java":1503,"md":0,"fxml":0,"sh":1,"bat":0,"gradle":0,"txt":26}},"authorContributionVariance":{"ameliadevs":34281.39},"authorDisplayNameMap":{"ameliadevs":"AMEL..YING"}}
