{"authorDailyContributionsMap":{"ameliadevs":[{"date":"2024-08-31","commitResults":[{"hash":"5bed703d4c016c0a8d59302e07366440c022bfd7","isMergeCommit":false,"messageTitle":"Add Level 0","messageBody":"","tags":["Level-0"],"fileTypesAndContributionMap":{"java":{"insertions":14,"deletions":10}}},{"hash":"9707aa54169e61efd7da99ee960e66d52e6ed7fa","isMergeCommit":false,"messageTitle":"Add indentations and echo feature","messageBody":"","tags":["Level-1"],"fileTypesAndContributionMap":{"java":{"insertions":56,"deletions":4}}},{"hash":"5e34b91036806b7716c7753961df04dfe36a7bd5","isMergeCommit":false,"messageTitle":"Add the ability to store whatever text entered by the user and display them back to the user when requested","messageBody":"","tags":["Level-2"],"fileTypesAndContributionMap":{"java":{"insertions":64,"deletions":5}}}]},{"date":"2024-09-13","commitResults":[{"hash":"b0e4d717aa379cff2e46e0887ba25f54b64dc288","isMergeCommit":false,"messageTitle":"Add the ability to mark tasks as done and change the status back to not done","messageBody":"","fileTypesAndContributionMap":{"java":{"insertions":237,"deletions":23}}},{"hash":"ab67caeb429562f0f018c5cd8b1973dd4a720d61","isMergeCommit":false,"messageTitle":"Format spaces","messageBody":"","fileTypesAndContributionMap":{"java":{"insertions":12,"deletions":2}}}]},{"date":"2024-09-14","commitResults":[{"hash":"2708d82341ee89ff1a1a80b654cc0f6bf5e57e55","isMergeCommit":false,"messageTitle":"Clean up code","messageBody":"","fileTypesAndContributionMap":{"java":{"insertions":35,"deletions":181}}},{"hash":"0e62e6136576d9067cd55bf0e30b8b3173c5e5db","isMergeCommit":false,"messageTitle":"Use a class to represent tasks","messageBody":"","tags":["Level-3"],"fileTypesAndContributionMap":{"java":{"insertions":104,"deletions":10}}},{"hash":"26b7bdd819e7569bb8c0d2e2c4f700fd10d18ff2","isMergeCommit":false,"messageTitle":"Clean up code","messageBody":"","fileTypesAndContributionMap":{"txt":{"insertions":14,"deletions":0},"java":{"insertions":4,"deletions":59},"sh":{"insertions":1,"deletions":1}}},{"hash":"5af3e50bf360a664f874a03ec869f6ea9342e43d","isMergeCommit":false,"messageTitle":"Clean up code","messageBody":"","fileTypesAndContributionMap":{"java":{"insertions":4,"deletions":59}}},{"hash":"6babae373ebd454ac6fb7e63a7dd055c4692d1de","isMergeCommit":false,"messageTitle":"Add semi-automated testing using the I/O redirection technique","messageBody":"","tags":["A-TextUiTesting"],"fileTypesAndContributionMap":{"txt":{"insertions":14,"deletions":0},"sh":{"insertions":1,"deletions":1}}},{"hash":"43b8cab0a50b050ed999a544bbea6e68e567b030","isMergeCommit":true,"messageTitle":"Resolve merge conflict","messageBody":"","fileTypesAndContributionMap":{}}]},{"date":"2024-09-16","commitResults":[{"hash":"99838b9d4633edff5e9a52b0028f10f6ca05cc05","isMergeCommit":false,"messageTitle":"Use Inheritance to support multiple task types","messageBody":"","fileTypesAndContributionMap":{"java":{"insertions":51,"deletions":0}}},{"hash":"fa9acf31bf859f7b8d5d8a5ef98a0a616633b535","isMergeCommit":false,"messageTitle":"Add support for tracking three types of tasks: ToDos, Events, Deadlines","messageBody":"","fileTypesAndContributionMap":{"java":{"insertions":196,"deletions":29}}}]},{"date":"2024-09-25","commitResults":[{"hash":"ab6d210266b5815068137f41b7a773a0a4a8140e","isMergeCommit":false,"messageTitle":"Abstract repetitive code in extracting description/date/time of tasks","messageBody":"","fileTypesAndContributionMap":{"txt":{"insertions":10,"deletions":7},"java":{"insertions":155,"deletions":93}}},{"hash":"8ad004a476da3ada0f17ffe0510da75a01d66571","isMergeCommit":false,"messageTitle":"Clean up code. Make Task abstract.","messageBody":"","tags":["Level-4"],"fileTypesAndContributionMap":{"java":{"insertions":18,"deletions":90}}}]},{"date":"2024-09-27","commitResults":[{"hash":"a765b9d74f45be575b7d36046c99cfd0b9119a33","isMergeCommit":false,"messageTitle":"Error Handling Basic: Empty task description and invalid command","messageBody":"","fileTypesAndContributionMap":{"java":{"insertions":177,"deletions":40}}}]},{"date":"2024-10-13","commitResults":[{"hash":"e8495b46411dbb752b55a7c2032bfd02c92ae52a","isMergeCommit":false,"messageTitle":"Error Handling: Task description and date/time","messageBody":"","fileTypesAndContributionMap":{"java":{"insertions":451,"deletions":136}}}]},{"date":"2024-10-14","commitResults":[{"hash":"f11c1b89f72000e657550324090e5e822597de74","isMergeCommit":false,"messageTitle":"Clean up code. Add exception for empty task list","messageBody":"","tags":["Level-5"],"fileTypesAndContributionMap":{"txt":{"insertions":9,"deletions":0},"java":{"insertions":71,"deletions":409}}},{"hash":"8b6866af3cc9c656028300f62eefacaa59fe0570","isMergeCommit":false,"messageTitle":"A-Collections: Use ArrayList\u003cTask\u003e to store tasks and ArrayList\u003cString\u003e to store messageList","messageBody":"","fileTypesAndContributionMap":{"java":{"insertions":67,"deletions":39}}},{"hash":"b7d014f09ed244c618c36a1f8ec929f6953a8a62","isMergeCommit":false,"messageTitle":"Add support for deleting tasks from the list","messageBody":"","fileTypesAndContributionMap":{"java":{"insertions":42,"deletions":0}}},{"hash":"f1ff68d9aec1cd65f27c65faffed669834482ea6","isMergeCommit":false,"messageTitle":"Updated text-ui-test for deleting tasks. A-Enums: Changed command keywords to enum","messageBody":"","tags":["Level-6"],"fileTypesAndContributionMap":{"txt":{"insertions":4,"deletions":0},"java":{"insertions":102,"deletions":37}}},{"hash":"18db6c25818f83231a53a65fe9810c719e21cc7b","isMergeCommit":false,"messageTitle":"Clean up code. Updated text-ui-test","messageBody":"","fileTypesAndContributionMap":{"java":{"insertions":2,"deletions":55}}}]},{"date":"2024-10-25","commitResults":[{"hash":"ce8f446e96e22ac01085e12264d622e173888d3d","isMergeCommit":false,"messageTitle":"Handle missing data folder/file on start","messageBody":"","fileTypesAndContributionMap":{"java":{"insertions":116,"deletions":3}}},{"hash":"b1af6bd4c04654dc2b75501a041163ef753d18f9","isMergeCommit":false,"messageTitle":"Modify main method","messageBody":"","fileTypesAndContributionMap":{"java":{"insertions":2,"deletions":10}}}]},{"date":"2024-10-28","commitResults":[{"hash":"f91443b7504b139396ce8522da3ed0b95b8ecdf1","isMergeCommit":false,"messageTitle":"Implement save feature and basic error handling for inexistent/corrupted data file","messageBody":"","fileTypesAndContributionMap":{"java":{"insertions":838,"deletions":133}}},{"hash":"1da6add13587950e6e012ca119ee4373773f7738","isMergeCommit":false,"messageTitle":"Update text-ui-test","messageBody":"","tags":["Level-7"],"fileTypesAndContributionMap":{"java":{"insertions":4,"deletions":4}}},{"hash":"e6a4d49c713e87f704c809b3c65845826d667481","isMergeCommit":false,"messageTitle":"Fix missing to information when adding Event. Write deleted event to tasks.txt. Update input commands","messageBody":"","fileTypesAndContributionMap":{"txt":{"insertions":19,"deletions":23},"java":{"insertions":76,"deletions":29}}},{"hash":"52a41e22b282c64445255262b3676914755cd5c9","isMergeCommit":false,"messageTitle":"Basic extraction of user interactions into Ui class","messageBody":"","fileTypesAndContributionMap":{"java":{"insertions":150,"deletions":742}}}]},{"date":"2024-10-30","commitResults":[{"hash":"5253583e49dbde9eeddf788af94a82bce95e0fe3","isMergeCommit":false,"messageTitle":"Refactor bye command into respective classes","messageBody":"","fileTypesAndContributionMap":{"java":{"insertions":127,"deletions":12}}}]},{"date":"2024-10-31","commitResults":[{"hash":"1e0a44e84c203840b11bcaa8299d7edadf167cab","isMergeCommit":false,"messageTitle":"Refactor list command to respective classes","messageBody":"","fileTypesAndContributionMap":{"java":{"insertions":342,"deletions":24}}},{"hash":"a880e8aad09520400c6d5ca248189164da16ac62","isMergeCommit":false,"messageTitle":"Refactor mark command into respective classes. Rectify minor bug in list","messageBody":"","fileTypesAndContributionMap":{"java":{"insertions":273,"deletions":62}}},{"hash":"104c4442133e09e4dc5e82fcb4745885c70ce072","isMergeCommit":false,"messageTitle":"Refactor unmark command into respective classes","messageBody":"","fileTypesAndContributionMap":{"java":{"insertions":78,"deletions":94}}},{"hash":"fe5bab6b73cfe79af67d258135c3277be8fdc8cc","isMergeCommit":false,"messageTitle":"Refactor delete task into respective classes","messageBody":"","fileTypesAndContributionMap":{"java":{"insertions":76,"deletions":5}}},{"hash":"fcaf16cf1708ff6d13ac46820d9e05c832c3bcdb","isMergeCommit":false,"messageTitle":"Refactor add todo task to respective classes. Recify displaying of error message.","messageBody":"","fileTypesAndContributionMap":{"java":{"insertions":146,"deletions":35}}},{"hash":"7ede5d106a4ef973550b9db21d26a58572c78cf9","isMergeCommit":false,"messageTitle":"Refactor add deadline task into respective classes","messageBody":"","fileTypesAndContributionMap":{"java":{"insertions":75,"deletions":15}}},{"hash":"1209357a3a04dbf4138d77ed6624a30d6a4d5bf1","isMergeCommit":false,"messageTitle":"Refactor add event task into respective classes","messageBody":"","fileTypesAndContributionMap":{"java":{"insertions":76,"deletions":1}}},{"hash":"b8c7f45eab9f0ea2dbf4d55ea140e15871804e03","isMergeCommit":false,"messageTitle":"Modify exception messages","messageBody":"","fileTypesAndContributionMap":{"java":{"insertions":44,"deletions":22}}}]},{"date":"2024-11-01","commitResults":[{"hash":"2f05ad4c3611cf9caf9a702c14b1b3c1d4a5ba02","isMergeCommit":false,"messageTitle":"Modify exception messages","messageBody":"","fileTypesAndContributionMap":{"java":{"insertions":505,"deletions":610}}},{"hash":"71e8ce936f536d2c71b467a0c2a988716a0b103e","isMergeCommit":false,"messageTitle":"Modify Javaro exception handling","messageBody":"","tags":["A-MoreOOP"],"fileTypesAndContributionMap":{"java":{"insertions":6,"deletions":8}}},{"hash":"f815f15af0ac8fba96414f5298af968678ee4563","isMergeCommit":false,"messageTitle":"Organize the classes into suitable Java packages","messageBody":"","tags":["A-Packages"],"fileTypesAndContributionMap":{"java":{"insertions":148,"deletions":53}}},{"hash":"a5bd8952f3eb0f21270e38c16b6037e2c3042969","isMergeCommit":false,"messageTitle":"Update automate testing scripts","messageBody":"","fileTypesAndContributionMap":{"txt":{"insertions":17,"deletions":1},"java":{"insertions":2,"deletions":1},"sh":{"insertions":9,"deletions":2}}}]},{"date":"2024-11-03","commitResults":[{"hash":"e3d1a7880b06785bdf775f5b877dfb1221dfa2ff","isMergeCommit":false,"messageTitle":"Basic implementation of using LocalDateTime for deadline and event tasks","messageBody":"","fileTypesAndContributionMap":{"java":{"insertions":280,"deletions":45}}}]},{"date":"2024-11-04","commitResults":[{"hash":"f8ca2343ca0ea73fd21ecd86ba954280a19c94de","isMergeCommit":false,"messageTitle":"Fix exception for DateTime feature","messageBody":"","fileTypesAndContributionMap":{"java":{"insertions":115,"deletions":50}}},{"hash":"d6a3335586211416b541d7dbd844daf0141321b1","isMergeCommit":false,"messageTitle":"Add a command to print deadlines/events occurring on a specific date","messageBody":"","tags":["Level-8"],"fileTypesAndContributionMap":{"java":{"insertions":90,"deletions":2}}},{"hash":"5208f00839e347e39a24405b08584b7233cb5718","isMergeCommit":false,"messageTitle":"Add JavaDoc comments to commands package","messageBody":"","fileTypesAndContributionMap":{"java":{"insertions":262,"deletions":86}}},{"hash":"67a3567f2ff758421f2255f0cb34ee433ac9b5fe","isMergeCommit":false,"messageTitle":"Add JavaDoc comments to the common package","messageBody":"","fileTypesAndContributionMap":{"java":{"insertions":26,"deletions":9}}}]},{"date":"2024-11-05","commitResults":[{"hash":"9aa3c19fc0f0e1ed655cf6790f4e939ae82aa9bd","isMergeCommit":false,"messageTitle":"Add JavaDoc comments to Exception package","messageBody":"","fileTypesAndContributionMap":{"java":{"insertions":101,"deletions":23}}}]},{"date":"2024-11-07","commitResults":[{"hash":"d503f8063797ca38b543a5a8c6f66018bfaf8ad6","isMergeCommit":false,"messageTitle":"Add JavaDoc comments to parser package","messageBody":"","fileTypesAndContributionMap":{"java":{"insertions":145,"deletions":31}}}]},{"date":"2024-11-08","commitResults":[{"hash":"c2847b2cece0b6d955d9577f54e876619870ae68","isMergeCommit":false,"messageTitle":"Add JavaDoc comments to storage package","messageBody":"","fileTypesAndContributionMap":{"java":{"insertions":84,"deletions":16}}},{"hash":"afdf96d1cd3b2b6d10dbd03029abbe31cbf52ad0","isMergeCommit":false,"messageTitle":"Add JavaDoc for task package","messageBody":"","fileTypesAndContributionMap":{"java":{"insertions":263,"deletions":24}}},{"hash":"bbb56159c3cc94a1ed78e1998d97fb27a5ebf8c0","isMergeCommit":false,"messageTitle":"Add JavaDocs for ui package","messageBody":"","fileTypesAndContributionMap":{"java":{"insertions":104,"deletions":20}}},{"hash":"6d90af654b6227c0c0c873f5468c18142308d92b","isMergeCommit":false,"messageTitle":"Remove TaskException","messageBody":"","fileTypesAndContributionMap":{"java":{"insertions":0,"deletions":47}}},{"hash":"5d79ffccffece9c7c08c63cef949cc42ab76cc99","isMergeCommit":false,"messageTitle":"Add JavaDocs for Javaro","messageBody":"","fileTypesAndContributionMap":{"java":{"insertions":46,"deletions":6}}},{"hash":"179e4334d8fd6151b791227b23d0f0fde9be7e95","isMergeCommit":false,"messageTitle":"Update JavaDocs","messageBody":"","fileTypesAndContributionMap":{"java":{"insertions":135,"deletions":49}}},{"hash":"2c04eecb6a749b839bbe1f96f3d9d9f25b849898","isMergeCommit":false,"messageTitle":"Refactor common logic in adding new task and created a new package for add task command","messageBody":"","fileTypesAndContributionMap":{"java":{"insertions":254,"deletions":4}}},{"hash":"a73483b0c0d3479f208dad85cc25bfef10ecfa33","isMergeCommit":false,"messageTitle":"Move *Command classes to add package","messageBody":"","fileTypesAndContributionMap":{"java":{"insertions":0,"deletions":200}}},{"hash":"c09f612443e04801dee71ee14fa68fbaff99f075","isMergeCommit":false,"messageTitle":"Refactor common string literals into a common Constants class","messageBody":"","fileTypesAndContributionMap":{"java":{"insertions":194,"deletions":109}}},{"hash":"68c46888d0f054394a3bef819ef1c9049430e761","isMergeCommit":false,"messageTitle":"Fix missing space in MarkCommand","messageBody":"","tags":["A-JavaDoc"],"fileTypesAndContributionMap":{"java":{"insertions":1,"deletions":1}}},{"hash":"591e7797e15ec0e9df28622bee5396a008b8e83e","isMergeCommit":true,"messageTitle":"Merge branch \u0027add-gradle-support\u0027","messageBody":"","fileTypesAndContributionMap":{}}]},{"date":"2024-11-09","commitResults":[{"hash":"662a0a9a9e5f8c555e4614499a3e232b9d598572","isMergeCommit":false,"messageTitle":"Remove unused files","messageBody":"","fileTypesAndContributionMap":{"java":{"insertions":0,"deletions":277}}},{"hash":"e5b03f8df2061c2ea1dd2c2bc32f8371ecda3724","isMergeCommit":false,"messageTitle":"Set up gradle to build and run Javaro using gradle","messageBody":"","fileTypesAndContributionMap":{"gradle":{"insertions":1,"deletions":1}}}]},{"date":"2024-11-10","commitResults":[{"hash":"53789d1cb65133bae0fe8a389984dcc1d2bcd171","isMergeCommit":false,"messageTitle":"Add JUnit tests for commands","messageBody":"","fileTypesAndContributionMap":{"java":{"insertions":586,"deletions":1}}},{"hash":"7a9c67cf4e825c4352edac02324bd12c7b0f11a4","isMergeCommit":false,"messageTitle":"Add JUnit tests for parser","messageBody":"","fileTypesAndContributionMap":{"java":{"insertions":271,"deletions":0}}},{"hash":"8be10ce34220adbb2e584340b5b2ca7a13df2d0a","isMergeCommit":false,"messageTitle":"Add JUnit tests for storage","messageBody":"","fileTypesAndContributionMap":{"java":{"insertions":366,"deletions":12}}},{"hash":"9fea09c70877873126baac302097338ab184186f","isMergeCommit":false,"messageTitle":"Add utility class for JUnit tests","messageBody":"","fileTypesAndContributionMap":{"java":{"insertions":43,"deletions":0}}},{"hash":"c158f85de0539d5de91f83796a9f5eb122626cfa","isMergeCommit":false,"messageTitle":"Add JUnit tests for Ui class","messageBody":"","fileTypesAndContributionMap":{"java":{"insertions":76,"deletions":0}}},{"hash":"cfebea84157369e7d45eb2fbe633ddc06671b8de","isMergeCommit":false,"messageTitle":"Add JUnit tests for tasks","messageBody":"","fileTypesAndContributionMap":{"java":{"insertions":579,"deletions":1}}},{"hash":"f7ee53770040b0f61c697184492bd404fddb0d0b","isMergeCommit":false,"messageTitle":"Clean up JUnit test cases","messageBody":"","tags":["A-JUnit"],"fileTypesAndContributionMap":{"java":{"insertions":3,"deletions":328}}},{"hash":"6375b70e0d6f281a7d6b50417aef2d2af1f7940b","isMergeCommit":true,"messageTitle":"Merge remote-tracking branch \u0027upstream/tweak-readme\u0027","messageBody":"","fileTypesAndContributionMap":{}},{"hash":"0423e75902095cd51f650e1f8f48649469cf8792","isMergeCommit":true,"messageTitle":"Merge remote-tracking branch \u0027upstream/add-details-to-readme\u0027","messageBody":"","fileTypesAndContributionMap":{}},{"hash":"2392ff03f9e8ba5dc3f1ec1fbdff465223d4cb6d","isMergeCommit":false,"messageTitle":"Add support for managing tasks that takes a fixed amount of time but does not have a fixed start/end time","messageBody":"","fileTypesAndContributionMap":{"java":{"insertions":119,"deletions":1}}},{"hash":"009b09d614492ff7b9272b8e0c36a9e6b10a68b8","isMergeCommit":false,"messageTitle":"Update constructors in tasks","messageBody":"","fileTypesAndContributionMap":{"java":{"insertions":9,"deletions":6}}},{"hash":"0c4640c49ddc2f0c7fc8f01c303ed93c6a76b912","isMergeCommit":false,"messageTitle":"Fix reading fixed duration tasks from tasks file","messageBody":"","fileTypesAndContributionMap":{"java":{"insertions":39,"deletions":13}}},{"hash":"94a4647783b6f4d36f935925886a24cec37f88ae","isMergeCommit":false,"messageTitle":"Add support for finding a task by searching for a keyword in the task description","messageBody":"","tags":["Level-9"],"fileTypesAndContributionMap":{"java":{"insertions":119,"deletions":0}}},{"hash":"04f33ff46ec85f979377a1f2b6ea841382104b76","isMergeCommit":false,"messageTitle":"Update text-ui-test and add data/","messageBody":"","fileTypesAndContributionMap":{"txt":{"insertions":21,"deletions":3}}},{"hash":"342dc7c7c9e1066b5e96a021c301904690bc1964","isMergeCommit":false,"messageTitle":"Update text-ui-test and add data/","messageBody":"","fileTypesAndContributionMap":{"txt":{"insertions":0,"deletions":0}}}]},{"date":"2024-11-11","commitResults":[{"hash":"91ebf02b1309717b6036ee9faf61d735743d7888","isMergeCommit":false,"messageTitle":"Modify code in commands package to comply with coding standard","messageBody":"","fileTypesAndContributionMap":{"java":{"insertions":190,"deletions":208}}},{"hash":"67dce660a3bbd1e0b00f5063e8876bf0990ae595","isMergeCommit":false,"messageTitle":"Modify code in common package to comply with coding standard","messageBody":"","fileTypesAndContributionMap":{"java":{"insertions":30,"deletions":19}}},{"hash":"a66dad12892cb184f0f052c49c263df614f533d8","isMergeCommit":false,"messageTitle":"Modify code in exception package to comply with coding standard","messageBody":"","fileTypesAndContributionMap":{"java":{"insertions":56,"deletions":49}}},{"hash":"765f3c57f7b7c01433af3c418500f561aaba782d","isMergeCommit":false,"messageTitle":"Modify code in parser package to comply with coding standard","messageBody":"","fileTypesAndContributionMap":{"java":{"insertions":172,"deletions":204}}},{"hash":"f462c51f84997bdca7295d7767024a5e8f157081","isMergeCommit":false,"messageTitle":"Modify code in storage package to comply with coding standard","messageBody":"","fileTypesAndContributionMap":{"java":{"insertions":106,"deletions":94}}},{"hash":"9598c91027142a8795e4a391be7a39cf6254c57c","isMergeCommit":false,"messageTitle":"Modify code in task package to comply with coding standard","messageBody":"","fileTypesAndContributionMap":{"java":{"insertions":158,"deletions":122}}},{"hash":"12e7a039968640913f44438608861757b66067d3","isMergeCommit":false,"messageTitle":"Modify code in ui package to comply with coding standard","messageBody":"","fileTypesAndContributionMap":{"java":{"insertions":29,"deletions":40}}},{"hash":"680e933e2aeb51630ff1f66d580be6bf5f309f88","isMergeCommit":false,"messageTitle":"Modify Javaro to comply with coding standard","messageBody":"","fileTypesAndContributionMap":{"java":{"insertions":11,"deletions":12}}},{"hash":"d376e213b0d9957c16ff38d01d79f00de116ba31","isMergeCommit":false,"messageTitle":"Modify test methods to comply with coding standards","messageBody":"","fileTypesAndContributionMap":{"java":{"insertions":145,"deletions":106}}},{"hash":"83d42ea6873f34326c64e07924c503c386bf2430","isMergeCommit":false,"messageTitle":"Update text-ui-test","messageBody":"","tags":["A-CodingStandard"],"fileTypesAndContributionMap":{"txt":{"insertions":7,"deletions":0}}},{"hash":"6d86f3847f7422609bc96274ead36c55f45ef013","isMergeCommit":false,"messageTitle":"IntelliJ Inspect Code","messageBody":"","fileTypesAndContributionMap":{"java":{"insertions":789,"deletions":789}}},{"hash":"8993d66406fe805d30929625ece3e84f8d0fd58d","isMergeCommit":false,"messageTitle":"IntelliJ Inspect Code for JUnit tests","messageBody":"","fileTypesAndContributionMap":{"java":{"insertions":109,"deletions":153}}},{"hash":"a99d7e5f4d5d449b6e60f65cc2d1fd605ec5c67d","isMergeCommit":false,"messageTitle":"Improve code quality","messageBody":"","fileTypesAndContributionMap":{"java":{"insertions":113,"deletions":127}}}]},{"date":"2024-11-12","commitResults":[{"hash":"fe3669b4f9638e2ab5b36190c2f89632696f2969","isMergeCommit":false,"messageTitle":"Basic implementation of View Schedule. Improvement of Show command to make it more like a schedule","messageBody":"","fileTypesAndContributionMap":{"txt":{"insertions":3,"deletions":7},"java":{"insertions":66,"deletions":20}}},{"hash":"19d47123cb4114fb65517804fe67b512463efca3","isMergeCommit":false,"messageTitle":"Abstract method to get scheduled tasks","messageBody":"","tags":["B-ViewSchedules"],"fileTypesAndContributionMap":{"java":{"insertions":51,"deletions":5}}},{"hash":"285a26d39a4b2b4d3925c381edd09100d5a89808","isMergeCommit":true,"messageTitle":"Merge branch \u0027B-ViewSchedules\u0027 into A-CodeQuality","messageBody":"","fileTypesAndContributionMap":{}},{"hash":"69b6ff711b02f9d8cc5b8b1c9f79484a564c0e47","isMergeCommit":false,"messageTitle":"Remove magic number in Task class","messageBody":"","fileTypesAndContributionMap":{"java":{"insertions":2,"deletions":2}}},{"hash":"dad14a3c3d849c5865874da0444d72834c5999da","isMergeCommit":false,"messageTitle":"Removed unused imports","messageBody":"","fileTypesAndContributionMap":{"java":{"insertions":1,"deletions":2}}},{"hash":"cca9a08efee5863ed9d65dcbea9f38d530bca1ca","isMergeCommit":false,"messageTitle":"Refactor getScheduledTasks to make the method shorter","messageBody":"","fileTypesAndContributionMap":{"java":{"insertions":14,"deletions":17}}},{"hash":"16ecf6f635dbe7dc0bd4f3d0e39fb8ca29d3b499","isMergeCommit":false,"messageTitle":"Refactor decodeTaskFromString method in TaskListDecoder. Fix indentation in Parser. Update tasks file","messageBody":"","fileTypesAndContributionMap":{"txt":{"insertions":0,"deletions":3},"java":{"insertions":41,"deletions":24}}},{"hash":"675fb1aae4bee7fa971422db63b18c15b95b6b45","isMergeCommit":false,"messageTitle":"Refactor common logic in commands","messageBody":"","fileTypesAndContributionMap":{"java":{"insertions":121,"deletions":195}}},{"hash":"c877cdf488e2b720ecd54e590176b0405559c0f8","isMergeCommit":false,"messageTitle":"Improve code quality for commands","messageBody":"","fileTypesAndContributionMap":{"java":{"insertions":30,"deletions":27}}},{"hash":"ce53a343a83c2a717b8885aa9f95fa55786a1d47","isMergeCommit":false,"messageTitle":"Update common","messageBody":"","fileTypesAndContributionMap":{"java":{"insertions":14,"deletions":1}}},{"hash":"57b9f36e3af45604ca6e9e5dfa560e029e0c998c","isMergeCommit":false,"messageTitle":"Update exception","messageBody":"","fileTypesAndContributionMap":{"java":{"insertions":0,"deletions":2}}},{"hash":"1d100dbcd209bdd1e3cafba2450e6984d7bba724","isMergeCommit":false,"messageTitle":"Improve code quality for parser","messageBody":"","fileTypesAndContributionMap":{"java":{"insertions":33,"deletions":28}}},{"hash":"beaee27e66c7c243ff7df6018598f6f9a6977161","isMergeCommit":false,"messageTitle":"Improve code quality for storage","messageBody":"","fileTypesAndContributionMap":{"java":{"insertions":11,"deletions":14}}},{"hash":"51e99e405a2b2d0ccb6b9aee9730a58f39b5a3b2","isMergeCommit":false,"messageTitle":"Improve code quality for task","messageBody":"","fileTypesAndContributionMap":{"java":{"insertions":95,"deletions":63}}},{"hash":"b7076f8c9171154a460161c2358becd7fe411144","isMergeCommit":false,"messageTitle":"Improve code quality for ui","messageBody":"","fileTypesAndContributionMap":{"java":{"insertions":19,"deletions":33}}},{"hash":"481699d9c657b749fd32fdecebda322ded51da65","isMergeCommit":false,"messageTitle":"Fix JUnit tests from code refactoring","messageBody":"","fileTypesAndContributionMap":{"java":{"insertions":18,"deletions":19}}},{"hash":"1be30ce401662d1d06e939fc94948c1f450683e1","isMergeCommit":false,"messageTitle":"Update text-ui-test","messageBody":"","fileTypesAndContributionMap":{"txt":{"insertions":26,"deletions":7},"java":{"insertions":55,"deletions":31}}},{"hash":"ebe9c3911c0530fe7a8f6ef52359d22d829c8d75","isMergeCommit":false,"messageTitle":"Remove unused code when executing the command that displays task list","messageBody":"","tags":["A-CodeQuality"],"fileTypesAndContributionMap":{"java":{"insertions":2,"deletions":42}}}]},{"date":"2024-11-14","commitResults":[{"hash":"1debcca1af9c9b654c5d11413f50798724da034f","isMergeCommit":false,"messageTitle":"Basic implementation of archive command. Removed unused methods. Changed access modifiers","messageBody":"","fileTypesAndContributionMap":{"txt":{"insertions":1,"deletions":1},"java":{"insertions":237,"deletions":98}}},{"hash":"df6c0467c62a1714d4aa90297ebfb9aa9b643e4c","isMergeCommit":false,"messageTitle":"Improve code quality. Update text-ui-test","messageBody":"","tags":["C-Archive"],"fileTypesAndContributionMap":{"txt":{"insertions":3,"deletions":1},"java":{"insertions":118,"deletions":34}}},{"hash":"1a0b8bd8dd25bfa866fcb631d17c4b444ef8d3a6","isMergeCommit":false,"messageTitle":"Fixed bug in cleanUp in StorageTest","messageBody":"","fileTypesAndContributionMap":{"java":{"insertions":18,"deletions":4}}},{"hash":"42d6b83237f71fdbb1ce58fb2b73277dc8ff13e5","isMergeCommit":false,"messageTitle":"Getting started with JavaFX","messageBody":"","fileTypesAndContributionMap":{"gradle":{"insertions":16,"deletions":1},"fxml":{"insertions":44,"deletions":0},"java":{"insertions":30,"deletions":0}}},{"hash":"ad152a465b405e3c4c6e882e1db4f4c229b79b33","isMergeCommit":false,"messageTitle":"Create GUI for Javaro","messageBody":"","fileTypesAndContributionMap":{"fxml":{"insertions":0,"deletions":0},"java":{"insertions":90,"deletions":3}}},{"hash":"b1819a868dd86f71c9b9d5aadcda72835c0fc888","isMergeCommit":false,"messageTitle":"Interacting with the user","messageBody":"","fileTypesAndContributionMap":{"txt":{"insertions":0,"deletions":0},"java":{"insertions":62,"deletions":4}}},{"hash":"bbf97538dae7a1017a579cf20077e946740191ca","isMergeCommit":false,"messageTitle":"Using FXML","messageBody":"","fileTypesAndContributionMap":{"fxml":{"insertions":39,"deletions":17},"java":{"insertions":113,"deletions":76}}}]},{"date":"2024-11-15","commitResults":[{"hash":"6ecc7cc64724939604c0956beb48e67fa1acab31","isMergeCommit":false,"messageTitle":"Display welcome message on startup","messageBody":"","fileTypesAndContributionMap":{"fxml":{"insertions":17,"deletions":39},"java":{"insertions":102,"deletions":78}}},{"hash":"f598269363116dd15f9eaa65c9597195317b814c","isMergeCommit":false,"messageTitle":"Display bye message","messageBody":"","fileTypesAndContributionMap":{"java":{"insertions":48,"deletions":108}}},{"hash":"d212578ca05f7fc3aede5644f737e3645845aaf9","isMergeCommit":false,"messageTitle":"Integrate Ui","messageBody":"","fileTypesAndContributionMap":{"txt":{"insertions":2,"deletions":0},"java":{"insertions":55,"deletions":79}}},{"hash":"e7ac7d8acf2a7f42ead2e1e8b02242917cbd7557","isMergeCommit":false,"messageTitle":"Update goodbye","messageBody":"","fileTypesAndContributionMap":{"java":{"insertions":8,"deletions":14}}},{"hash":"3540e7dfe1491b43cd58a911b68ba2859f3870d1","isMergeCommit":false,"messageTitle":"Tweak GUI","messageBody":"","tags":["Level-10"],"fileTypesAndContributionMap":{"txt":{"insertions":7,"deletions":4},"java":{"insertions":60,"deletions":19}}},{"hash":"3a210a834d19b69415e4cb444c06d9e208201b03","isMergeCommit":false,"messageTitle":"Add assertions for commands","messageBody":"","fileTypesAndContributionMap":{"java":{"insertions":57,"deletions":1}}},{"hash":"fd1cbd98f7821c9540c7e8341aa0814b3097d78e","isMergeCommit":false,"messageTitle":"Add assertions for javaro","messageBody":"","fileTypesAndContributionMap":{"java":{"insertions":1,"deletions":8}}},{"hash":"d034c11c25b31d4f8876d38eb0ac91d5c65e83a1","isMergeCommit":false,"messageTitle":"Add assertions for parser","messageBody":"","fileTypesAndContributionMap":{"java":{"insertions":50,"deletions":0}}},{"hash":"be6d27e3148bd1605a930bf6a9e699ee866322fd","isMergeCommit":false,"messageTitle":"Add assertions for storage","messageBody":"","fileTypesAndContributionMap":{"java":{"insertions":31,"deletions":4}}},{"hash":"8887831a194c4fa076a4380e17c5567d9841516e","isMergeCommit":false,"messageTitle":"Add assertions for task","messageBody":"","fileTypesAndContributionMap":{"java":{"insertions":44,"deletions":3}}},{"hash":"543719aa38a8a0a58da73854aff692b4a11b94ff","isMergeCommit":false,"messageTitle":"Add assertions for ui","messageBody":"","fileTypesAndContributionMap":{"java":{"insertions":5,"deletions":1}}}]},{"date":"2024-11-17","commitResults":[{"hash":"f5f0b63a3f85adb406e0667003c97023c3ce61ac","isMergeCommit":false,"messageTitle":"Add assertions","messageBody":"","fileTypesAndContributionMap":{"gradle":{"insertions":1,"deletions":0},"fxml":{"insertions":2,"deletions":0},"java":{"insertions":203,"deletions":85}}},{"hash":"c04f2ccc67613a845c75008767881047ef550e61","isMergeCommit":false,"messageTitle":"Update JUnit tests","messageBody":"","fileTypesAndContributionMap":{"java":{"insertions":42,"deletions":37}}},{"hash":"1c9d2217021ad43e443dabbbe5ca977187711a1d","isMergeCommit":false,"messageTitle":"Add support for jar","messageBody":"","tags":["A-Assertions"],"fileTypesAndContributionMap":{"gradle":{"insertions":9,"deletions":1},"txt":{"insertions":1,"deletions":3},"java":{"insertions":20,"deletions":4}}},{"hash":"8936ce03ea51e310ea00f46393e9a1228b0a2320","isMergeCommit":false,"messageTitle":"Clean up code","messageBody":"","fileTypesAndContributionMap":{"txt":{"insertions":0,"deletions":1},"java":{"insertions":30,"deletions":239}}}]},{"date":"2024-11-19","commitResults":[{"hash":"fb47da44200cc691582eb4621d76722b941f37d3","isMergeCommit":false,"messageTitle":"Add Code Reuse Declaration","messageBody":"","tags":["v0.1","A-Jar"],"fileTypesAndContributionMap":{"java":{"insertions":159,"deletions":307}}}]}]},"authorFileTypeContributionMap":{"ameliadevs":{"java":5231,"md":1,"fxml":46,"sh":9,"bat":0,"gradle":24,"txt":83}},"authorContributionVariance":{"ameliadevs":329357.3},"authorDisplayNameMap":{"ameliadevs":"AMEL..YING"}}
