{"authorDailyContributionsMap":{"ameliadevs":[{"date":"2024-08-31","commitResults":[{"hash":"5bed703d4c016c0a8d59302e07366440c022bfd7","isMergeCommit":false,"messageTitle":"Add Level 0","messageBody":"","tags":["Level-0"],"fileTypesAndContributionMap":{"java":{"insertions":14,"deletions":10}}},{"hash":"9707aa54169e61efd7da99ee960e66d52e6ed7fa","isMergeCommit":false,"messageTitle":"Add indentations and echo feature","messageBody":"","tags":["Level-1"],"fileTypesAndContributionMap":{"java":{"insertions":56,"deletions":4}}},{"hash":"5e34b91036806b7716c7753961df04dfe36a7bd5","isMergeCommit":false,"messageTitle":"Add the ability to store whatever text entered by the user and display them back to the user when requested","messageBody":"","tags":["Level-2"],"fileTypesAndContributionMap":{"java":{"insertions":64,"deletions":5}}}]}]},"authorFileTypeContributionMap":{"ameliadevs":{"java":125,"md":0,"fxml":0,"sh":0,"bat":0,"gradle":0,"txt":0}},"authorContributionVariance":{"ameliadevs":1111.9276},"authorDisplayNameMap":{"ameliadevs":"AMEL..YING"}}
