{"authorDailyContributionsMap":{"ameliadevs":[{"date":"2024-08-31","commitResults":[{"hash":"5bed703d4c016c0a8d59302e07366440c022bfd7","isMergeCommit":false,"messageTitle":"Add Level 0","messageBody":"","tags":["Level-0"],"fileTypesAndContributionMap":{"java":{"insertions":14,"deletions":10}}},{"hash":"9707aa54169e61efd7da99ee960e66d52e6ed7fa","isMergeCommit":false,"messageTitle":"Add indentations and echo feature","messageBody":"","tags":["Level-1"],"fileTypesAndContributionMap":{"java":{"insertions":56,"deletions":4}}},{"hash":"5e34b91036806b7716c7753961df04dfe36a7bd5","isMergeCommit":false,"messageTitle":"Add the ability to store whatever text entered by the user and display them back to the user when requested","messageBody":"","tags":["Level-2"],"fileTypesAndContributionMap":{"java":{"insertions":64,"deletions":5}}}]},{"date":"2024-09-13","commitResults":[{"hash":"b0e4d717aa379cff2e46e0887ba25f54b64dc288","isMergeCommit":false,"messageTitle":"Add the ability to mark tasks as done and change the status back to not done","messageBody":"","fileTypesAndContributionMap":{"java":{"insertions":237,"deletions":23}}},{"hash":"ab67caeb429562f0f018c5cd8b1973dd4a720d61","isMergeCommit":false,"messageTitle":"Format spaces","messageBody":"","fileTypesAndContributionMap":{"java":{"insertions":12,"deletions":2}}}]},{"date":"2024-09-14","commitResults":[{"hash":"2708d82341ee89ff1a1a80b654cc0f6bf5e57e55","isMergeCommit":false,"messageTitle":"Clean up code","messageBody":"","fileTypesAndContributionMap":{"java":{"insertions":35,"deletions":181}}},{"hash":"0e62e6136576d9067cd55bf0e30b8b3173c5e5db","isMergeCommit":false,"messageTitle":"Use a class to represent tasks","messageBody":"","tags":["Level-3"],"fileTypesAndContributionMap":{"java":{"insertions":104,"deletions":10}}},{"hash":"26b7bdd819e7569bb8c0d2e2c4f700fd10d18ff2","isMergeCommit":false,"messageTitle":"Clean up code","messageBody":"","fileTypesAndContributionMap":{"txt":{"insertions":14,"deletions":0},"java":{"insertions":4,"deletions":59},"sh":{"insertions":1,"deletions":1}}},{"hash":"5af3e50bf360a664f874a03ec869f6ea9342e43d","isMergeCommit":false,"messageTitle":"Clean up code","messageBody":"","fileTypesAndContributionMap":{"java":{"insertions":4,"deletions":59}}},{"hash":"6babae373ebd454ac6fb7e63a7dd055c4692d1de","isMergeCommit":false,"messageTitle":"Add semi-automated testing using the I/O redirection technique","messageBody":"","tags":["A-TextUiTesting"],"fileTypesAndContributionMap":{"txt":{"insertions":14,"deletions":0},"sh":{"insertions":1,"deletions":1}}},{"hash":"43b8cab0a50b050ed999a544bbea6e68e567b030","isMergeCommit":true,"messageTitle":"Resolve merge conflict","messageBody":"","fileTypesAndContributionMap":{}}]},{"date":"2024-09-16","commitResults":[{"hash":"99838b9d4633edff5e9a52b0028f10f6ca05cc05","isMergeCommit":false,"messageTitle":"Use Inheritance to support multiple task types","messageBody":"","fileTypesAndContributionMap":{"java":{"insertions":51,"deletions":0}}},{"hash":"fa9acf31bf859f7b8d5d8a5ef98a0a616633b535","isMergeCommit":false,"messageTitle":"Add support for tracking three types of tasks: ToDos, Events, Deadlines","messageBody":"","fileTypesAndContributionMap":{"java":{"insertions":196,"deletions":29}}}]},{"date":"2024-09-25","commitResults":[{"hash":"ab6d210266b5815068137f41b7a773a0a4a8140e","isMergeCommit":false,"messageTitle":"Abstract repetitive code in extracting description/date/time of tasks","messageBody":"","fileTypesAndContributionMap":{"txt":{"insertions":10,"deletions":7},"java":{"insertions":155,"deletions":93}}},{"hash":"8ad004a476da3ada0f17ffe0510da75a01d66571","isMergeCommit":false,"messageTitle":"Clean up code. Make Task abstract.","messageBody":"","tags":["Level-4"],"fileTypesAndContributionMap":{"java":{"insertions":18,"deletions":90}}}]},{"date":"2024-09-27","commitResults":[{"hash":"a765b9d74f45be575b7d36046c99cfd0b9119a33","isMergeCommit":false,"messageTitle":"Error Handling Basic: Empty task description and invalid command","messageBody":"","fileTypesAndContributionMap":{"java":{"insertions":177,"deletions":40}}}]},{"date":"2024-10-13","commitResults":[{"hash":"e8495b46411dbb752b55a7c2032bfd02c92ae52a","isMergeCommit":false,"messageTitle":"Error Handling: Task description and date/time","messageBody":"","fileTypesAndContributionMap":{"java":{"insertions":451,"deletions":136}}}]},{"date":"2024-10-14","commitResults":[{"hash":"f11c1b89f72000e657550324090e5e822597de74","isMergeCommit":false,"messageTitle":"Clean up code. Add exception for empty task list","messageBody":"","tags":["Level-5"],"fileTypesAndContributionMap":{"txt":{"insertions":9,"deletions":0},"java":{"insertions":71,"deletions":409}}}]}]},"authorFileTypeContributionMap":{"ameliadevs":{"java":564,"md":0,"fxml":0,"sh":1,"bat":0,"gradle":0,"txt":26}},"authorContributionVariance":{"ameliadevs":16487.111},"authorDisplayNameMap":{"ameliadevs":"AMEL..YING"}}
