[{"path":"src/main/java/Deadline.java","fileType":"java","lines":[{"lineNumber":1,"author":{"gitId":"brittobabu"},"content":"public class Deadline extends Task{","lastModifiedDate":"2024-09-12","isFullCredit":false},{"lineNumber":2,"author":{"gitId":"brittobabu"},"content":"    private String doneBy;","lastModifiedDate":"2024-09-12","isFullCredit":false},{"lineNumber":3,"author":{"gitId":"brittobabu"},"content":"","lastModifiedDate":"2024-09-12","isFullCredit":false},{"lineNumber":4,"author":{"gitId":"brittobabu"},"content":"    public Deadline(String task, String doneBy) {","lastModifiedDate":"2024-09-12","isFullCredit":false},{"lineNumber":5,"author":{"gitId":"brittobabu"},"content":"        super(task);","lastModifiedDate":"2024-09-12","isFullCredit":false},{"lineNumber":6,"author":{"gitId":"brittobabu"},"content":"        this.doneBy \u003d doneBy;","lastModifiedDate":"2024-09-12","isFullCredit":false},{"lineNumber":7,"author":{"gitId":"brittobabu"},"content":"    }","lastModifiedDate":"2024-09-12","isFullCredit":false},{"lineNumber":8,"author":{"gitId":"brittobabu"},"content":"","lastModifiedDate":"2024-09-12","isFullCredit":false},{"lineNumber":9,"author":{"gitId":"brittobabu"},"content":"    @Override","lastModifiedDate":"2024-09-12","isFullCredit":false},{"lineNumber":10,"author":{"gitId":"brittobabu"},"content":"    public String printTask() {","lastModifiedDate":"2024-09-12","isFullCredit":false},{"lineNumber":11,"author":{"gitId":"brittobabu"},"content":"        return \"[D] \" + super.printTask() + \" (by: \" + doneBy + \")\";","lastModifiedDate":"2024-09-12","isFullCredit":false},{"lineNumber":12,"author":{"gitId":"brittobabu"},"content":"    }","lastModifiedDate":"2024-09-12","isFullCredit":false},{"lineNumber":13,"author":{"gitId":"brittobabu"},"content":"}","lastModifiedDate":"2024-09-12","isFullCredit":false}],"authorContributionMap":{"brittobabu":13}},{"path":"src/main/java/Event.java","fileType":"java","lines":[{"lineNumber":1,"author":{"gitId":"brittobabu"},"content":"public class Event extends Task{","lastModifiedDate":"2024-09-12","isFullCredit":false},{"lineNumber":2,"author":{"gitId":"brittobabu"},"content":"    private String startAt;","lastModifiedDate":"2024-09-12","isFullCredit":false},{"lineNumber":3,"author":{"gitId":"brittobabu"},"content":"    private String endBy;","lastModifiedDate":"2024-09-12","isFullCredit":false},{"lineNumber":4,"author":{"gitId":"brittobabu"},"content":"","lastModifiedDate":"2024-09-12","isFullCredit":false},{"lineNumber":5,"author":{"gitId":"brittobabu"},"content":"    public Event(String task, String time){","lastModifiedDate":"2024-09-12","isFullCredit":false},{"lineNumber":6,"author":{"gitId":"brittobabu"},"content":"        super(task);","lastModifiedDate":"2024-09-12","isFullCredit":false},{"lineNumber":7,"author":{"gitId":"brittobabu"},"content":"        String[] timeSplit \u003d time.split(\" /to \");","lastModifiedDate":"2024-09-12","isFullCredit":false},{"lineNumber":8,"author":{"gitId":"brittobabu"},"content":"        startAt \u003d timeSplit[0];","lastModifiedDate":"2024-09-12","isFullCredit":false},{"lineNumber":9,"author":{"gitId":"brittobabu"},"content":"        endBy \u003d timeSplit[1];","lastModifiedDate":"2024-09-12","isFullCredit":false},{"lineNumber":10,"author":{"gitId":"brittobabu"},"content":"    }","lastModifiedDate":"2024-09-12","isFullCredit":false},{"lineNumber":11,"author":{"gitId":"brittobabu"},"content":"","lastModifiedDate":"2024-09-12","isFullCredit":false},{"lineNumber":12,"author":{"gitId":"brittobabu"},"content":"    @Override","lastModifiedDate":"2024-09-12","isFullCredit":false},{"lineNumber":13,"author":{"gitId":"brittobabu"},"content":"    public String printTask() {","lastModifiedDate":"2024-09-12","isFullCredit":false},{"lineNumber":14,"author":{"gitId":"brittobabu"},"content":"        return \"[E] \" + super.printTask() + \" (from: \" + startAt + \" to: \" + endBy + \" )\";","lastModifiedDate":"2024-09-12","isFullCredit":false},{"lineNumber":15,"author":{"gitId":"brittobabu"},"content":"    }","lastModifiedDate":"2024-09-12","isFullCredit":false},{"lineNumber":16,"author":{"gitId":"brittobabu"},"content":"}","lastModifiedDate":"2024-09-12","isFullCredit":false}],"authorContributionMap":{"brittobabu":16}},{"path":"src/main/java/Stark.java","fileType":"java","lines":[{"lineNumber":1,"author":{"gitId":"brittobabu"},"content":"import java.text.ParseException;","lastModifiedDate":"2024-09-27","isFullCredit":false},{"lineNumber":2,"author":{"gitId":"brittobabu"},"content":"import java.util.Scanner;","lastModifiedDate":"2024-08-30","isFullCredit":false},{"lineNumber":3,"author":{"gitId":"brittobabu"},"content":"","lastModifiedDate":"2024-08-30","isFullCredit":false},{"lineNumber":4,"author":{"gitId":"brittobabu"},"content":"public class Stark {","lastModifiedDate":"2024-08-30","isFullCredit":false},{"lineNumber":5,"author":{"gitId":"brittobabu"},"content":"","lastModifiedDate":"2024-08-30","isFullCredit":false},{"lineNumber":6,"author":{"gitId":"brittobabu"},"content":"","lastModifiedDate":"2024-08-30","isFullCredit":false},{"lineNumber":7,"author":{"gitId":"brittobabu"},"content":"    public static void lineBreak(){","lastModifiedDate":"2024-09-06","isFullCredit":false},{"lineNumber":8,"author":{"gitId":"brittobabu"},"content":"        System.out.println(\"------------------------------------------------------\");","lastModifiedDate":"2024-08-30","isFullCredit":false},{"lineNumber":9,"author":{"gitId":"brittobabu"},"content":"    }","lastModifiedDate":"2024-08-30","isFullCredit":false},{"lineNumber":10,"author":{"gitId":"brittobabu"},"content":"","lastModifiedDate":"2024-08-30","isFullCredit":false},{"lineNumber":11,"author":{"gitId":"brittobabu"},"content":"    public static void welcomeMsg(){","lastModifiedDate":"2024-08-30","isFullCredit":false},{"lineNumber":12,"author":{"gitId":"brittobabu"},"content":"        lineBreak();","lastModifiedDate":"2024-09-06","isFullCredit":false},{"lineNumber":13,"author":{"gitId":"brittobabu"},"content":"        System.out.println(\"Hello! I\u0027m Stark \\n\" +","lastModifiedDate":"2024-08-30","isFullCredit":false},{"lineNumber":14,"author":{"gitId":"brittobabu"},"content":"                           \"What can I do for you?\");","lastModifiedDate":"2024-08-30","isFullCredit":false},{"lineNumber":15,"author":{"gitId":"brittobabu"},"content":"        lineBreak();","lastModifiedDate":"2024-09-06","isFullCredit":false},{"lineNumber":16,"author":{"gitId":"brittobabu"},"content":"    }","lastModifiedDate":"2024-08-30","isFullCredit":false},{"lineNumber":17,"author":{"gitId":"brittobabu"},"content":"","lastModifiedDate":"2024-08-30","isFullCredit":false},{"lineNumber":18,"author":{"gitId":"brittobabu"},"content":"    public static void byeMsg(){","lastModifiedDate":"2024-08-30","isFullCredit":false},{"lineNumber":19,"author":{"gitId":"brittobabu"},"content":"        System.out.println(\"Bye. Hope to see you again soon!\");","lastModifiedDate":"2024-08-30","isFullCredit":false},{"lineNumber":20,"author":{"gitId":"brittobabu"},"content":"        lineBreak();","lastModifiedDate":"2024-09-06","isFullCredit":false},{"lineNumber":21,"author":{"gitId":"brittobabu"},"content":"    }","lastModifiedDate":"2024-08-30","isFullCredit":false},{"lineNumber":22,"author":{"gitId":"brittobabu"},"content":"","lastModifiedDate":"2024-08-30","isFullCredit":false},{"lineNumber":23,"author":{"gitId":"brittobabu"},"content":"","lastModifiedDate":"2024-08-30","isFullCredit":false},{"lineNumber":24,"author":{"gitId":"-"},"content":"    public static void main(String[] args) {","lastModifiedDate":"2019-07-29","isFullCredit":false},{"lineNumber":25,"author":{"gitId":"brittobabu"},"content":"        welcomeMsg();","lastModifiedDate":"2024-08-30","isFullCredit":false},{"lineNumber":26,"author":{"gitId":"brittobabu"},"content":"","lastModifiedDate":"2024-09-06","isFullCredit":false},{"lineNumber":27,"author":{"gitId":"brittobabu"},"content":"        TaskList taskList \u003d new TaskList();","lastModifiedDate":"2024-09-06","isFullCredit":false},{"lineNumber":28,"author":{"gitId":"brittobabu"},"content":"        Scanner inputQuery \u003d new Scanner(System.in);","lastModifiedDate":"2024-08-30","isFullCredit":false},{"lineNumber":29,"author":{"gitId":"brittobabu"},"content":"","lastModifiedDate":"2024-09-06","isFullCredit":false},{"lineNumber":30,"author":{"gitId":"brittobabu"},"content":"","lastModifiedDate":"2024-09-06","isFullCredit":false},{"lineNumber":31,"author":{"gitId":"brittobabu"},"content":"        while(true){","lastModifiedDate":"2024-09-27","isFullCredit":false},{"lineNumber":32,"author":{"gitId":"brittobabu"},"content":"            String query \u003d inputQuery.nextLine().trim();","lastModifiedDate":"2024-09-27","isFullCredit":false},{"lineNumber":33,"author":{"gitId":"brittobabu"},"content":"            lineBreak();","lastModifiedDate":"2024-09-06","isFullCredit":false},{"lineNumber":34,"author":{"gitId":"brittobabu"},"content":"            try {","lastModifiedDate":"2024-09-27","isFullCredit":false},{"lineNumber":35,"author":{"gitId":"brittobabu"},"content":"","lastModifiedDate":"2024-10-17","isFullCredit":false},{"lineNumber":36,"author":{"gitId":"brittobabu"},"content":"                String[] queryTokens \u003d Tokenize.tokenize(query); // for checking the input are valid","lastModifiedDate":"2024-10-17","isFullCredit":false},{"lineNumber":37,"author":{"gitId":"brittobabu"},"content":"","lastModifiedDate":"2024-10-17","isFullCredit":false},{"lineNumber":38,"author":{"gitId":"brittobabu"},"content":"                if (queryTokens[0].equalsIgnoreCase(\"bye\")) {","lastModifiedDate":"2024-09-27","isFullCredit":false},{"lineNumber":39,"author":{"gitId":"brittobabu"},"content":"                    break;","lastModifiedDate":"2024-09-27","isFullCredit":false},{"lineNumber":40,"author":{"gitId":"brittobabu"},"content":"                } else if (queryTokens[0].equalsIgnoreCase(\"list\")) {","lastModifiedDate":"2024-09-27","isFullCredit":false},{"lineNumber":41,"author":{"gitId":"brittobabu"},"content":"                    taskList.printAllTasks();","lastModifiedDate":"2024-09-06","isFullCredit":false},{"lineNumber":42,"author":{"gitId":"brittobabu"},"content":"                } else if (queryTokens[0].equalsIgnoreCase(\"mark\")","lastModifiedDate":"2024-09-27","isFullCredit":false},{"lineNumber":43,"author":{"gitId":"brittobabu"},"content":"                        || queryTokens[0].equalsIgnoreCase(\"unmark\")","lastModifiedDate":"2024-10-17","isFullCredit":false},{"lineNumber":44,"author":{"gitId":"brittobabu"},"content":"                        || queryTokens[0].equalsIgnoreCase(\"delete\")) {","lastModifiedDate":"2024-10-17","isFullCredit":false},{"lineNumber":45,"author":{"gitId":"brittobabu"},"content":"                    taskList.statusChange(queryTokens[0], Integer.parseInt(queryTokens[1]));","lastModifiedDate":"2024-09-27","isFullCredit":false},{"lineNumber":46,"author":{"gitId":"brittobabu"},"content":"                }else {","lastModifiedDate":"2024-09-27","isFullCredit":false},{"lineNumber":47,"author":{"gitId":"brittobabu"},"content":"                    taskList.addTask(queryTokens[0], String.join(\" \", query));","lastModifiedDate":"2024-09-27","isFullCredit":false},{"lineNumber":48,"author":{"gitId":"brittobabu"},"content":"                }","lastModifiedDate":"2024-09-06","isFullCredit":false},{"lineNumber":49,"author":{"gitId":"brittobabu"},"content":"            } catch (StarkException.InvalidDescriptionException |","lastModifiedDate":"2024-10-17","isFullCredit":false},{"lineNumber":50,"author":{"gitId":"brittobabu"},"content":"                     StarkException.InvalidTaskException |","lastModifiedDate":"2024-10-17","isFullCredit":false},{"lineNumber":51,"author":{"gitId":"brittobabu"},"content":"                     StarkException.InvalidCommandException |","lastModifiedDate":"2024-10-17","isFullCredit":false},{"lineNumber":52,"author":{"gitId":"brittobabu"},"content":"                     StarkException.InvalidIndexException e){","lastModifiedDate":"2024-10-17","isFullCredit":false},{"lineNumber":53,"author":{"gitId":"brittobabu"},"content":"","lastModifiedDate":"2024-10-17","isFullCredit":false},{"lineNumber":54,"author":{"gitId":"brittobabu"},"content":"                System.out.println(e.getMessage());","lastModifiedDate":"2024-09-27","isFullCredit":false},{"lineNumber":55,"author":{"gitId":"brittobabu"},"content":"            }","lastModifiedDate":"2024-09-06","isFullCredit":false},{"lineNumber":56,"author":{"gitId":"brittobabu"},"content":"            lineBreak();","lastModifiedDate":"2024-09-06","isFullCredit":false},{"lineNumber":57,"author":{"gitId":"brittobabu"},"content":"        }","lastModifiedDate":"2024-08-30","isFullCredit":false},{"lineNumber":58,"author":{"gitId":"brittobabu"},"content":"        byeMsg();","lastModifiedDate":"2024-09-06","isFullCredit":false},{"lineNumber":59,"author":{"gitId":"brittobabu"},"content":"","lastModifiedDate":"2024-09-06","isFullCredit":false},{"lineNumber":60,"author":{"gitId":"-"},"content":"    }","lastModifiedDate":"2019-07-29","isFullCredit":false},{"lineNumber":61,"author":{"gitId":"brittobabu"},"content":"","lastModifiedDate":"2024-08-30","isFullCredit":false},{"lineNumber":62,"author":{"gitId":"-"},"content":"}","lastModifiedDate":"2019-07-29","isFullCredit":false}],"authorContributionMap":{"brittobabu":59,"-":3}},{"path":"src/main/java/StarkException.java","fileType":"java","lines":[{"lineNumber":1,"author":{"gitId":"brittobabu"},"content":"public class StarkException {","lastModifiedDate":"2024-10-17","isFullCredit":false},{"lineNumber":2,"author":{"gitId":"brittobabu"},"content":"","lastModifiedDate":"2024-10-17","isFullCredit":false},{"lineNumber":3,"author":{"gitId":"brittobabu"},"content":"    public static class InvalidDescriptionException extends IllegalArgumentException {","lastModifiedDate":"2024-10-17","isFullCredit":false},{"lineNumber":4,"author":{"gitId":"brittobabu"},"content":"        public InvalidDescriptionException(String message) {","lastModifiedDate":"2024-10-17","isFullCredit":false},{"lineNumber":5,"author":{"gitId":"brittobabu"},"content":"            super(message);","lastModifiedDate":"2024-10-17","isFullCredit":false},{"lineNumber":6,"author":{"gitId":"brittobabu"},"content":"        }","lastModifiedDate":"2024-10-17","isFullCredit":false},{"lineNumber":7,"author":{"gitId":"brittobabu"},"content":"    }","lastModifiedDate":"2024-10-17","isFullCredit":false},{"lineNumber":8,"author":{"gitId":"brittobabu"},"content":"","lastModifiedDate":"2024-10-17","isFullCredit":false},{"lineNumber":9,"author":{"gitId":"brittobabu"},"content":"    public static class InvalidTaskException extends NumberFormatException {","lastModifiedDate":"2024-10-17","isFullCredit":false},{"lineNumber":10,"author":{"gitId":"brittobabu"},"content":"        public InvalidTaskException(String message) {","lastModifiedDate":"2024-10-17","isFullCredit":false},{"lineNumber":11,"author":{"gitId":"brittobabu"},"content":"            super(message);","lastModifiedDate":"2024-10-17","isFullCredit":false},{"lineNumber":12,"author":{"gitId":"brittobabu"},"content":"        }","lastModifiedDate":"2024-10-17","isFullCredit":false},{"lineNumber":13,"author":{"gitId":"brittobabu"},"content":"    }","lastModifiedDate":"2024-10-17","isFullCredit":false},{"lineNumber":14,"author":{"gitId":"brittobabu"},"content":"    public static class InvalidCommandException extends IllegalArgumentException {","lastModifiedDate":"2024-10-17","isFullCredit":false},{"lineNumber":15,"author":{"gitId":"brittobabu"},"content":"        public InvalidCommandException(String message) {","lastModifiedDate":"2024-10-17","isFullCredit":false},{"lineNumber":16,"author":{"gitId":"brittobabu"},"content":"            super(message);","lastModifiedDate":"2024-10-17","isFullCredit":false},{"lineNumber":17,"author":{"gitId":"brittobabu"},"content":"        }","lastModifiedDate":"2024-10-17","isFullCredit":false},{"lineNumber":18,"author":{"gitId":"brittobabu"},"content":"    }","lastModifiedDate":"2024-10-17","isFullCredit":false},{"lineNumber":19,"author":{"gitId":"brittobabu"},"content":"","lastModifiedDate":"2024-10-17","isFullCredit":false},{"lineNumber":20,"author":{"gitId":"brittobabu"},"content":"    public static class InvalidIndexException extends IndexOutOfBoundsException {","lastModifiedDate":"2024-10-17","isFullCredit":false},{"lineNumber":21,"author":{"gitId":"brittobabu"},"content":"        public InvalidIndexException(String message) {","lastModifiedDate":"2024-10-17","isFullCredit":false},{"lineNumber":22,"author":{"gitId":"brittobabu"},"content":"            super(message);","lastModifiedDate":"2024-10-17","isFullCredit":false},{"lineNumber":23,"author":{"gitId":"brittobabu"},"content":"        }","lastModifiedDate":"2024-10-17","isFullCredit":false},{"lineNumber":24,"author":{"gitId":"brittobabu"},"content":"    }","lastModifiedDate":"2024-10-17","isFullCredit":false},{"lineNumber":25,"author":{"gitId":"brittobabu"},"content":"}","lastModifiedDate":"2024-10-17","isFullCredit":false}],"authorContributionMap":{"brittobabu":25}},{"path":"src/main/java/Task.java","fileType":"java","lines":[{"lineNumber":1,"author":{"gitId":"brittobabu"},"content":"public class Task {","lastModifiedDate":"2024-09-06","isFullCredit":false},{"lineNumber":2,"author":{"gitId":"brittobabu"},"content":"    private final String description;","lastModifiedDate":"2024-10-17","isFullCredit":false},{"lineNumber":3,"author":{"gitId":"brittobabu"},"content":"    private String status \u003d \" \";","lastModifiedDate":"2024-09-06","isFullCredit":false},{"lineNumber":4,"author":{"gitId":"brittobabu"},"content":"","lastModifiedDate":"2024-09-06","isFullCredit":false},{"lineNumber":5,"author":{"gitId":"brittobabu"},"content":"    public Task(String description) {","lastModifiedDate":"2024-09-06","isFullCredit":false},{"lineNumber":6,"author":{"gitId":"brittobabu"},"content":"        this.description \u003d description;","lastModifiedDate":"2024-09-06","isFullCredit":false},{"lineNumber":7,"author":{"gitId":"brittobabu"},"content":"    }","lastModifiedDate":"2024-09-06","isFullCredit":false},{"lineNumber":8,"author":{"gitId":"brittobabu"},"content":"","lastModifiedDate":"2024-09-06","isFullCredit":false},{"lineNumber":9,"author":{"gitId":"brittobabu"},"content":"    public String getDescription() {","lastModifiedDate":"2024-09-06","isFullCredit":false},{"lineNumber":10,"author":{"gitId":"brittobabu"},"content":"        return description;","lastModifiedDate":"2024-09-06","isFullCredit":false},{"lineNumber":11,"author":{"gitId":"brittobabu"},"content":"    }","lastModifiedDate":"2024-09-06","isFullCredit":false},{"lineNumber":12,"author":{"gitId":"brittobabu"},"content":"    public void setStatus(String status) {","lastModifiedDate":"2024-09-06","isFullCredit":false},{"lineNumber":13,"author":{"gitId":"brittobabu"},"content":"        if (status.equalsIgnoreCase(\"mark\")) {","lastModifiedDate":"2024-09-06","isFullCredit":false},{"lineNumber":14,"author":{"gitId":"brittobabu"},"content":"            this.status \u003d \"X\";","lastModifiedDate":"2024-09-06","isFullCredit":false},{"lineNumber":15,"author":{"gitId":"brittobabu"},"content":"        }else if(status.equalsIgnoreCase(\"unmark\")){","lastModifiedDate":"2024-09-06","isFullCredit":false},{"lineNumber":16,"author":{"gitId":"brittobabu"},"content":"            this.status \u003d \" \";","lastModifiedDate":"2024-09-06","isFullCredit":false},{"lineNumber":17,"author":{"gitId":"brittobabu"},"content":"        }","lastModifiedDate":"2024-09-06","isFullCredit":false},{"lineNumber":18,"author":{"gitId":"brittobabu"},"content":"    }","lastModifiedDate":"2024-09-06","isFullCredit":false},{"lineNumber":19,"author":{"gitId":"brittobabu"},"content":"    public String getStatus() {","lastModifiedDate":"2024-09-06","isFullCredit":false},{"lineNumber":20,"author":{"gitId":"brittobabu"},"content":"        return status;","lastModifiedDate":"2024-09-06","isFullCredit":false},{"lineNumber":21,"author":{"gitId":"brittobabu"},"content":"    }","lastModifiedDate":"2024-09-06","isFullCredit":false},{"lineNumber":22,"author":{"gitId":"brittobabu"},"content":"","lastModifiedDate":"2024-09-06","isFullCredit":false},{"lineNumber":23,"author":{"gitId":"brittobabu"},"content":"    public String printTask() {","lastModifiedDate":"2024-09-06","isFullCredit":false},{"lineNumber":24,"author":{"gitId":"brittobabu"},"content":"        return \"[\" + status + \"] \" + description;","lastModifiedDate":"2024-09-06","isFullCredit":false},{"lineNumber":25,"author":{"gitId":"brittobabu"},"content":"    }","lastModifiedDate":"2024-09-06","isFullCredit":false},{"lineNumber":26,"author":{"gitId":"brittobabu"},"content":"}","lastModifiedDate":"2024-09-06","isFullCredit":false}],"authorContributionMap":{"brittobabu":26}},{"path":"src/main/java/TaskList.java","fileType":"java","lines":[{"lineNumber":1,"author":{"gitId":"brittobabu"},"content":"import java.util.ArrayList;","lastModifiedDate":"2024-09-06","isFullCredit":false},{"lineNumber":2,"author":{"gitId":"brittobabu"},"content":"","lastModifiedDate":"2024-09-06","isFullCredit":false},{"lineNumber":3,"author":{"gitId":"brittobabu"},"content":"public class TaskList {","lastModifiedDate":"2024-09-06","isFullCredit":false},{"lineNumber":4,"author":{"gitId":"brittobabu"},"content":"    private ArrayList\u003cTask\u003e tasks \u003d new ArrayList\u003cTask\u003e();","lastModifiedDate":"2024-09-06","isFullCredit":false},{"lineNumber":5,"author":{"gitId":"brittobabu"},"content":"    private int totalTasks \u003d 0;","lastModifiedDate":"2024-09-12","isFullCredit":false},{"lineNumber":6,"author":{"gitId":"brittobabu"},"content":"    public TaskList() {","lastModifiedDate":"2024-09-06","isFullCredit":false},{"lineNumber":7,"author":{"gitId":"brittobabu"},"content":"    }","lastModifiedDate":"2024-09-06","isFullCredit":false},{"lineNumber":8,"author":{"gitId":"brittobabu"},"content":"","lastModifiedDate":"2024-09-12","isFullCredit":false},{"lineNumber":9,"author":{"gitId":"brittobabu"},"content":"    public void addTask(String type, String task) {","lastModifiedDate":"2024-09-12","isFullCredit":false},{"lineNumber":10,"author":{"gitId":"brittobabu"},"content":"        task \u003d task.replace(type +\" \",\"\");       //remove the type of new task from input","lastModifiedDate":"2024-09-12","isFullCredit":false},{"lineNumber":11,"author":{"gitId":"brittobabu"},"content":"","lastModifiedDate":"2024-09-12","isFullCredit":false},{"lineNumber":12,"author":{"gitId":"brittobabu"},"content":"        if(type.equalsIgnoreCase(\"Todo\")){","lastModifiedDate":"2024-09-12","isFullCredit":false},{"lineNumber":13,"author":{"gitId":"brittobabu"},"content":"            tasks.add(new Todo(task));","lastModifiedDate":"2024-09-12","isFullCredit":false},{"lineNumber":14,"author":{"gitId":"brittobabu"},"content":"            totalTasks++;","lastModifiedDate":"2024-09-27","isFullCredit":false},{"lineNumber":15,"author":{"gitId":"brittobabu"},"content":"        }else if(type.equalsIgnoreCase(\"Deadline\")){","lastModifiedDate":"2024-09-12","isFullCredit":false},{"lineNumber":16,"author":{"gitId":"brittobabu"},"content":"            String[] str \u003d task.split(\" /by \");","lastModifiedDate":"2024-09-12","isFullCredit":false},{"lineNumber":17,"author":{"gitId":"brittobabu"},"content":"            tasks.add(new Deadline(str[0],str[1]));","lastModifiedDate":"2024-09-12","isFullCredit":false},{"lineNumber":18,"author":{"gitId":"brittobabu"},"content":"            totalTasks++;","lastModifiedDate":"2024-09-27","isFullCredit":false},{"lineNumber":19,"author":{"gitId":"brittobabu"},"content":"        }else if (type.equalsIgnoreCase(\"Event\")){","lastModifiedDate":"2024-09-12","isFullCredit":false},{"lineNumber":20,"author":{"gitId":"brittobabu"},"content":"            String[] str \u003d task.split(\" /from \");","lastModifiedDate":"2024-09-12","isFullCredit":false},{"lineNumber":21,"author":{"gitId":"brittobabu"},"content":"            tasks.add(new Event(str[0],str[1]));","lastModifiedDate":"2024-09-12","isFullCredit":false},{"lineNumber":22,"author":{"gitId":"brittobabu"},"content":"            totalTasks++;","lastModifiedDate":"2024-09-27","isFullCredit":false},{"lineNumber":23,"author":{"gitId":"brittobabu"},"content":"        }","lastModifiedDate":"2024-09-12","isFullCredit":false},{"lineNumber":24,"author":{"gitId":"brittobabu"},"content":"        System.out.println(\"Got it. I\u0027ve added this task:\\n  \" + tasks.get(totalTasks-1).printTask());","lastModifiedDate":"2024-09-12","isFullCredit":false},{"lineNumber":25,"author":{"gitId":"brittobabu"},"content":"        System.out.println(\"Now you have \" + totalTasks + \" tasks in the list.\");","lastModifiedDate":"2024-09-12","isFullCredit":false},{"lineNumber":26,"author":{"gitId":"brittobabu"},"content":"","lastModifiedDate":"2024-09-12","isFullCredit":false},{"lineNumber":27,"author":{"gitId":"brittobabu"},"content":"    }","lastModifiedDate":"2024-09-06","isFullCredit":false},{"lineNumber":28,"author":{"gitId":"brittobabu"},"content":"","lastModifiedDate":"2024-09-12","isFullCredit":false},{"lineNumber":29,"author":{"gitId":"brittobabu"},"content":"    public void printAllTasks() {","lastModifiedDate":"2024-09-06","isFullCredit":false},{"lineNumber":30,"author":{"gitId":"brittobabu"},"content":"        int counter \u003d 0;","lastModifiedDate":"2024-09-06","isFullCredit":false},{"lineNumber":31,"author":{"gitId":"brittobabu"},"content":"        for(Task task : tasks){","lastModifiedDate":"2024-09-06","isFullCredit":false},{"lineNumber":32,"author":{"gitId":"brittobabu"},"content":"            counter++;","lastModifiedDate":"2024-09-06","isFullCredit":false},{"lineNumber":33,"author":{"gitId":"brittobabu"},"content":"            System.out.println(counter + \". \" + task.printTask());","lastModifiedDate":"2024-09-06","isFullCredit":false},{"lineNumber":34,"author":{"gitId":"brittobabu"},"content":"        }","lastModifiedDate":"2024-09-06","isFullCredit":false},{"lineNumber":35,"author":{"gitId":"brittobabu"},"content":"    }","lastModifiedDate":"2024-09-06","isFullCredit":false},{"lineNumber":36,"author":{"gitId":"brittobabu"},"content":"","lastModifiedDate":"2024-09-06","isFullCredit":false},{"lineNumber":37,"author":{"gitId":"brittobabu"},"content":"    public void statusChange(String done, int number) {","lastModifiedDate":"2024-09-06","isFullCredit":false},{"lineNumber":38,"author":{"gitId":"brittobabu"},"content":"        if(tasks.size() \u003e\u003d number \u0026\u0026 number \u003e 0) {","lastModifiedDate":"2024-09-27","isFullCredit":false},{"lineNumber":39,"author":{"gitId":"brittobabu"},"content":"            Task requiredTask \u003d tasks.get(number - 1);","lastModifiedDate":"2024-09-06","isFullCredit":false},{"lineNumber":40,"author":{"gitId":"brittobabu"},"content":"","lastModifiedDate":"2024-10-17","isFullCredit":false},{"lineNumber":41,"author":{"gitId":"brittobabu"},"content":"            if (done.equalsIgnoreCase(\"mark\")) {","lastModifiedDate":"2024-09-06","isFullCredit":false},{"lineNumber":42,"author":{"gitId":"brittobabu"},"content":"                requiredTask.setStatus(done);","lastModifiedDate":"2024-10-17","isFullCredit":false},{"lineNumber":43,"author":{"gitId":"brittobabu"},"content":"                System.out.println(\"Nice! I\u0027ve marked this task as done:\" + System.lineSeparator()","lastModifiedDate":"2024-10-17","isFullCredit":false},{"lineNumber":44,"author":{"gitId":"brittobabu"},"content":"                                    + \"  \" + requiredTask.printTask());","lastModifiedDate":"2024-10-17","isFullCredit":false},{"lineNumber":45,"author":{"gitId":"brittobabu"},"content":"","lastModifiedDate":"2024-10-17","isFullCredit":false},{"lineNumber":46,"author":{"gitId":"brittobabu"},"content":"            } else if (done.equalsIgnoreCase(\"unmark\")) {","lastModifiedDate":"2024-09-06","isFullCredit":false},{"lineNumber":47,"author":{"gitId":"brittobabu"},"content":"                requiredTask.setStatus(done);","lastModifiedDate":"2024-10-17","isFullCredit":false},{"lineNumber":48,"author":{"gitId":"brittobabu"},"content":"                System.out.println(\"OK, I\u0027ve marked this task as not done yet:\"+ System.lineSeparator()","lastModifiedDate":"2024-10-17","isFullCredit":false},{"lineNumber":49,"author":{"gitId":"brittobabu"},"content":"                                    + \"  \" + requiredTask.printTask());","lastModifiedDate":"2024-10-17","isFullCredit":false},{"lineNumber":50,"author":{"gitId":"brittobabu"},"content":"","lastModifiedDate":"2024-10-17","isFullCredit":false},{"lineNumber":51,"author":{"gitId":"brittobabu"},"content":"            } else if (done.equalsIgnoreCase(\"delete\")) {","lastModifiedDate":"2024-10-17","isFullCredit":false},{"lineNumber":52,"author":{"gitId":"brittobabu"},"content":"                tasks.remove(number - 1);","lastModifiedDate":"2024-10-17","isFullCredit":false},{"lineNumber":53,"author":{"gitId":"brittobabu"},"content":"                totalTasks--;","lastModifiedDate":"2024-10-17","isFullCredit":false},{"lineNumber":54,"author":{"gitId":"brittobabu"},"content":"                System.out.println(\"Noted. I\u0027ve removed this task:\" + System.lineSeparator()","lastModifiedDate":"2024-10-17","isFullCredit":false},{"lineNumber":55,"author":{"gitId":"brittobabu"},"content":"                        + \"  \" + requiredTask.printTask() + System.lineSeparator()","lastModifiedDate":"2024-10-17","isFullCredit":false},{"lineNumber":56,"author":{"gitId":"brittobabu"},"content":"                        + \"Now you have \"+ totalTasks +\" tasks in the list\");","lastModifiedDate":"2024-10-17","isFullCredit":false},{"lineNumber":57,"author":{"gitId":"brittobabu"},"content":"            }","lastModifiedDate":"2024-09-06","isFullCredit":false},{"lineNumber":58,"author":{"gitId":"brittobabu"},"content":"        }else{","lastModifiedDate":"2024-09-06","isFullCredit":false},{"lineNumber":59,"author":{"gitId":"brittobabu"},"content":"            if(tasks.isEmpty()){","lastModifiedDate":"2024-09-27","isFullCredit":false},{"lineNumber":60,"author":{"gitId":"brittobabu"},"content":"                throw new StarkException.InvalidIndexException(\"OOPS! Task list is empty!\"+","lastModifiedDate":"2024-10-17","isFullCredit":false},{"lineNumber":61,"author":{"gitId":"brittobabu"},"content":"                                                     System.lineSeparator() + \" \\t\\t please add tasks\");","lastModifiedDate":"2024-10-17","isFullCredit":false},{"lineNumber":62,"author":{"gitId":"brittobabu"},"content":"            }else {","lastModifiedDate":"2024-09-27","isFullCredit":false},{"lineNumber":63,"author":{"gitId":"brittobabu"},"content":"                throw new StarkException.InvalidIndexException(\"OOPS! input task number is invalid \" +","lastModifiedDate":"2024-10-17","isFullCredit":false},{"lineNumber":64,"author":{"gitId":"brittobabu"},"content":"                                                     System.lineSeparator() +\" Valid range is 1 to \" + totalTasks);","lastModifiedDate":"2024-10-17","isFullCredit":false},{"lineNumber":65,"author":{"gitId":"brittobabu"},"content":"            }","lastModifiedDate":"2024-09-27","isFullCredit":false},{"lineNumber":66,"author":{"gitId":"brittobabu"},"content":"        }","lastModifiedDate":"2024-09-06","isFullCredit":false},{"lineNumber":67,"author":{"gitId":"brittobabu"},"content":"    }","lastModifiedDate":"2024-09-06","isFullCredit":false},{"lineNumber":68,"author":{"gitId":"brittobabu"},"content":"","lastModifiedDate":"2024-09-06","isFullCredit":false},{"lineNumber":69,"author":{"gitId":"brittobabu"},"content":"","lastModifiedDate":"2024-09-06","isFullCredit":false},{"lineNumber":70,"author":{"gitId":"brittobabu"},"content":"","lastModifiedDate":"2024-10-17","isFullCredit":false},{"lineNumber":71,"author":{"gitId":"brittobabu"},"content":"}","lastModifiedDate":"2024-09-06","isFullCredit":false}],"authorContributionMap":{"brittobabu":71}},{"path":"src/main/java/Todo.java","fileType":"java","lines":[{"lineNumber":1,"author":{"gitId":"brittobabu"},"content":"public class Todo extends Task{","lastModifiedDate":"2024-09-12","isFullCredit":false},{"lineNumber":2,"author":{"gitId":"brittobabu"},"content":"    public Todo(String description){","lastModifiedDate":"2024-09-12","isFullCredit":false},{"lineNumber":3,"author":{"gitId":"brittobabu"},"content":"        super(description);","lastModifiedDate":"2024-09-12","isFullCredit":false},{"lineNumber":4,"author":{"gitId":"brittobabu"},"content":"    }","lastModifiedDate":"2024-09-12","isFullCredit":false},{"lineNumber":5,"author":{"gitId":"brittobabu"},"content":"","lastModifiedDate":"2024-09-12","isFullCredit":false},{"lineNumber":6,"author":{"gitId":"brittobabu"},"content":"    @Override","lastModifiedDate":"2024-09-12","isFullCredit":false},{"lineNumber":7,"author":{"gitId":"brittobabu"},"content":"    public String printTask(){","lastModifiedDate":"2024-09-12","isFullCredit":false},{"lineNumber":8,"author":{"gitId":"brittobabu"},"content":"        return \"[T] \" + super.printTask();","lastModifiedDate":"2024-09-12","isFullCredit":false},{"lineNumber":9,"author":{"gitId":"brittobabu"},"content":"    }","lastModifiedDate":"2024-09-12","isFullCredit":false},{"lineNumber":10,"author":{"gitId":"brittobabu"},"content":"}","lastModifiedDate":"2024-09-12","isFullCredit":false}],"authorContributionMap":{"brittobabu":10}},{"path":"src/main/java/Tokenize.java","fileType":"java","lines":[{"lineNumber":1,"author":{"gitId":"brittobabu"},"content":"import java.util.Arrays;","lastModifiedDate":"2024-09-27","isFullCredit":false},{"lineNumber":2,"author":{"gitId":"brittobabu"},"content":"","lastModifiedDate":"2024-09-27","isFullCredit":false},{"lineNumber":3,"author":{"gitId":"brittobabu"},"content":"public class Tokenize {","lastModifiedDate":"2024-09-27","isFullCredit":false},{"lineNumber":4,"author":{"gitId":"brittobabu"},"content":"","lastModifiedDate":"2024-09-27","isFullCredit":false},{"lineNumber":5,"author":{"gitId":"brittobabu"},"content":"   public static String[] tokenize(String input) throws StarkException.InvalidDescriptionException,","lastModifiedDate":"2024-10-17","isFullCredit":false},{"lineNumber":6,"author":{"gitId":"brittobabu"},"content":"                                                        StarkException.InvalidTaskException,","lastModifiedDate":"2024-10-17","isFullCredit":false},{"lineNumber":7,"author":{"gitId":"brittobabu"},"content":"                                                        StarkException.InvalidCommandException {","lastModifiedDate":"2024-10-17","isFullCredit":false},{"lineNumber":8,"author":{"gitId":"brittobabu"},"content":"","lastModifiedDate":"2024-10-17","isFullCredit":false},{"lineNumber":9,"author":{"gitId":"brittobabu"},"content":"       String[] tokens \u003d input.split(\" \");","lastModifiedDate":"2024-09-27","isFullCredit":false},{"lineNumber":10,"author":{"gitId":"brittobabu"},"content":"","lastModifiedDate":"2024-09-27","isFullCredit":false},{"lineNumber":11,"author":{"gitId":"brittobabu"},"content":"       if (tokens.length \u003d\u003d 1) {","lastModifiedDate":"2024-09-27","isFullCredit":false},{"lineNumber":12,"author":{"gitId":"brittobabu"},"content":"           if (tokens[0].equalsIgnoreCase(\"todo\")","lastModifiedDate":"2024-09-27","isFullCredit":false},{"lineNumber":13,"author":{"gitId":"brittobabu"},"content":"                || tokens[0].equalsIgnoreCase(\"Deadline\")","lastModifiedDate":"2024-09-27","isFullCredit":false},{"lineNumber":14,"author":{"gitId":"brittobabu"},"content":"                || tokens[0].equalsIgnoreCase(\"Deadline\")) {","lastModifiedDate":"2024-09-27","isFullCredit":false},{"lineNumber":15,"author":{"gitId":"brittobabu"},"content":"              throw new StarkException.InvalidDescriptionException(\" OOPS!!! \\\"\" + tokens[0].toUpperCase() + \"\\\" description cannot be empty\");","lastModifiedDate":"2024-10-17","isFullCredit":false},{"lineNumber":16,"author":{"gitId":"brittobabu"},"content":"           }else if(tokens[0].equalsIgnoreCase(\"mark\") || tokens[0].equalsIgnoreCase(\"unmark\")","lastModifiedDate":"2024-10-17","isFullCredit":false},{"lineNumber":17,"author":{"gitId":"brittobabu"},"content":"                   || tokens[0].equalsIgnoreCase(\"delete\")){","lastModifiedDate":"2024-10-17","isFullCredit":false},{"lineNumber":18,"author":{"gitId":"brittobabu"},"content":"               throw new StarkException.InvalidTaskException(\" OOPS!!! \\\"\" + tokens[0].toUpperCase() + \"\\\" should include task number\");","lastModifiedDate":"2024-10-17","isFullCredit":false},{"lineNumber":19,"author":{"gitId":"brittobabu"},"content":"           }else if( !(tokens[0].equalsIgnoreCase(\"bye\")","lastModifiedDate":"2024-09-27","isFullCredit":false},{"lineNumber":20,"author":{"gitId":"brittobabu"},"content":"                    || tokens[0].equalsIgnoreCase(\"list\"))) {","lastModifiedDate":"2024-09-27","isFullCredit":false},{"lineNumber":21,"author":{"gitId":"brittobabu"},"content":"              throw new StarkException.InvalidCommandException(\" OOPS!!! ( \\\"\" + tokens[0].toUpperCase() + \"\\\" is not valid query or input )\");","lastModifiedDate":"2024-10-17","isFullCredit":false},{"lineNumber":22,"author":{"gitId":"brittobabu"},"content":"          }","lastModifiedDate":"2024-09-27","isFullCredit":false},{"lineNumber":23,"author":{"gitId":"brittobabu"},"content":"       }else{","lastModifiedDate":"2024-09-27","isFullCredit":false},{"lineNumber":24,"author":{"gitId":"brittobabu"},"content":"           if(tokens[0].equalsIgnoreCase(\"bye\")","lastModifiedDate":"2024-09-27","isFullCredit":false},{"lineNumber":25,"author":{"gitId":"brittobabu"},"content":"           || tokens[0].equalsIgnoreCase(\"list\")) {","lastModifiedDate":"2024-09-27","isFullCredit":false},{"lineNumber":26,"author":{"gitId":"brittobabu"},"content":"               throw new StarkException.InvalidDescriptionException(\" OOPS!!! ( extra description with \\\"\" + tokens[0].toUpperCase() + \"\\\" is not accepted )\");","lastModifiedDate":"2024-10-17","isFullCredit":false},{"lineNumber":27,"author":{"gitId":"brittobabu"},"content":"","lastModifiedDate":"2024-10-17","isFullCredit":false},{"lineNumber":28,"author":{"gitId":"brittobabu"},"content":"           } else if (tokens[0].equalsIgnoreCase(\"deadline\")){","lastModifiedDate":"2024-10-17","isFullCredit":false},{"lineNumber":29,"author":{"gitId":"brittobabu"},"content":"                    if (!(Arrays.asList(tokens).contains(\"/by\"))) {","lastModifiedDate":"2024-10-17","isFullCredit":false},{"lineNumber":30,"author":{"gitId":"brittobabu"},"content":"                        throw new StarkException.InvalidDescriptionException(\" OOPS!!! \\\"DEADLINE\\\" tasks need to be done before a specific date/time \" +","lastModifiedDate":"2024-10-17","isFullCredit":false},{"lineNumber":31,"author":{"gitId":"brittobabu"},"content":"                                                                            System.lineSeparator() +\"\\t\\t \\\"eg: deadline return book /by Sunday\\\" \");","lastModifiedDate":"2024-10-17","isFullCredit":false},{"lineNumber":32,"author":{"gitId":"brittobabu"},"content":"                    }","lastModifiedDate":"2024-10-17","isFullCredit":false},{"lineNumber":33,"author":{"gitId":"brittobabu"},"content":"           }else if (tokens[0].equalsIgnoreCase(\"event\")){","lastModifiedDate":"2024-10-17","isFullCredit":false},{"lineNumber":34,"author":{"gitId":"brittobabu"},"content":"               if (!((Arrays.asList(tokens).contains(\"/from\"))","lastModifiedDate":"2024-10-17","isFullCredit":false},{"lineNumber":35,"author":{"gitId":"brittobabu"},"content":"                       \u0026\u0026 (Arrays.asList(tokens).contains(\"/to\")))) {","lastModifiedDate":"2024-09-27","isFullCredit":false},{"lineNumber":36,"author":{"gitId":"brittobabu"},"content":"                   throw new StarkException.InvalidDescriptionException(\" OOPS!!! \\\"EVENT\\\" tasks need to start and ends at a specific date/time \" +","lastModifiedDate":"2024-10-17","isFullCredit":false},{"lineNumber":37,"author":{"gitId":"brittobabu"},"content":"                                                                        System.lineSeparator() + \"\\t\\t \\\"eg: event project meeting /from Mon 2pm /to 4pm\\\" \");","lastModifiedDate":"2024-10-17","isFullCredit":false},{"lineNumber":38,"author":{"gitId":"brittobabu"},"content":"               }","lastModifiedDate":"2024-10-17","isFullCredit":false},{"lineNumber":39,"author":{"gitId":"brittobabu"},"content":"           }else if (tokens[0].equalsIgnoreCase(\"mark\") || tokens[0].equalsIgnoreCase(\"unmark\")","lastModifiedDate":"2024-10-17","isFullCredit":false},{"lineNumber":40,"author":{"gitId":"brittobabu"},"content":"                    || tokens[0].equalsIgnoreCase(\"delete\")){","lastModifiedDate":"2024-10-17","isFullCredit":false},{"lineNumber":41,"author":{"gitId":"brittobabu"},"content":"               String query \u003d tokens[0].toLowerCase();","lastModifiedDate":"2024-10-17","isFullCredit":false},{"lineNumber":42,"author":{"gitId":"brittobabu"},"content":"               if(tokens.length \u003e 2){","lastModifiedDate":"2024-09-27","isFullCredit":false},{"lineNumber":43,"author":{"gitId":"brittobabu"},"content":"                   throw new StarkException.InvalidCommandException(\" OOPS!!! ( \\\"\" + tokens[0].toUpperCase() + \"\\\" is not valid query or input\" +","lastModifiedDate":"2024-10-17","isFullCredit":false},{"lineNumber":44,"author":{"gitId":"brittobabu"},"content":"                                                                        System.lineSeparator()+ \"\\t\\t \\\"eg: \"+query+\" 2\\\" )\");","lastModifiedDate":"2024-10-17","isFullCredit":false},{"lineNumber":45,"author":{"gitId":"brittobabu"},"content":"               }else {","lastModifiedDate":"2024-09-27","isFullCredit":false},{"lineNumber":46,"author":{"gitId":"brittobabu"},"content":"                   try{","lastModifiedDate":"2024-09-27","isFullCredit":false},{"lineNumber":47,"author":{"gitId":"brittobabu"},"content":"                       int val \u003d Integer.parseInt(tokens[1]);","lastModifiedDate":"2024-09-27","isFullCredit":false},{"lineNumber":48,"author":{"gitId":"brittobabu"},"content":"                   }catch (NumberFormatException e){","lastModifiedDate":"2024-09-27","isFullCredit":false},{"lineNumber":49,"author":{"gitId":"brittobabu"},"content":"                       throw new StarkException.InvalidTaskException(\" OOPS!!! ( \\\"\" + tokens[0].toUpperCase() + \"\\\" didnt have valid task id\" +","lastModifiedDate":"2024-10-17","isFullCredit":false},{"lineNumber":50,"author":{"gitId":"brittobabu"},"content":"                                                                        System.lineSeparator()+\"\\t\\t \\\"eg: \"+query+\" 2\\\" )\");","lastModifiedDate":"2024-10-17","isFullCredit":false},{"lineNumber":51,"author":{"gitId":"brittobabu"},"content":"                   }","lastModifiedDate":"2024-09-27","isFullCredit":false},{"lineNumber":52,"author":{"gitId":"brittobabu"},"content":"","lastModifiedDate":"2024-09-27","isFullCredit":false},{"lineNumber":53,"author":{"gitId":"brittobabu"},"content":"               }","lastModifiedDate":"2024-09-27","isFullCredit":false},{"lineNumber":54,"author":{"gitId":"brittobabu"},"content":"           }else if (!tokens[0].equalsIgnoreCase(\"todo\")) {","lastModifiedDate":"2024-10-17","isFullCredit":false},{"lineNumber":55,"author":{"gitId":"brittobabu"},"content":"               //all other type of input throw exception","lastModifiedDate":"2024-10-17","isFullCredit":false},{"lineNumber":56,"author":{"gitId":"brittobabu"},"content":"               throw new StarkException.InvalidCommandException(\" OOPS!!! above query is not valid. Please try again...\");","lastModifiedDate":"2024-10-17","isFullCredit":false},{"lineNumber":57,"author":{"gitId":"brittobabu"},"content":"","lastModifiedDate":"2024-10-17","isFullCredit":false},{"lineNumber":58,"author":{"gitId":"brittobabu"},"content":"           }","lastModifiedDate":"2024-09-27","isFullCredit":false},{"lineNumber":59,"author":{"gitId":"brittobabu"},"content":"       }","lastModifiedDate":"2024-09-27","isFullCredit":false},{"lineNumber":60,"author":{"gitId":"brittobabu"},"content":"","lastModifiedDate":"2024-10-17","isFullCredit":false},{"lineNumber":61,"author":{"gitId":"brittobabu"},"content":"       return tokens;","lastModifiedDate":"2024-10-17","isFullCredit":false},{"lineNumber":62,"author":{"gitId":"brittobabu"},"content":"   }","lastModifiedDate":"2024-09-27","isFullCredit":false},{"lineNumber":63,"author":{"gitId":"brittobabu"},"content":"}","lastModifiedDate":"2024-09-27","isFullCredit":false}],"authorContributionMap":{"brittobabu":63}},{"path":"text-ui-test/input.txt","fileType":"txt","lines":[{"lineNumber":1,"author":{"gitId":"brittobabu"},"content":"todo borrow book","lastModifiedDate":"2024-09-12","isFullCredit":false},{"lineNumber":2,"author":{"gitId":"brittobabu"},"content":"deadline return book /by Sunday","lastModifiedDate":"2024-09-12","isFullCredit":false},{"lineNumber":3,"author":{"gitId":"brittobabu"},"content":"event project meeting /from Mon 2pm /to 4pm","lastModifiedDate":"2024-09-12","isFullCredit":false},{"lineNumber":4,"author":{"gitId":"brittobabu"},"content":"list","lastModifiedDate":"2024-09-06","isFullCredit":false},{"lineNumber":5,"author":{"gitId":"brittobabu"},"content":"mark 3","lastModifiedDate":"2024-09-06","isFullCredit":false},{"lineNumber":6,"author":{"gitId":"brittobabu"},"content":"todo play football","lastModifiedDate":"2024-09-12","isFullCredit":false},{"lineNumber":7,"author":{"gitId":"brittobabu"},"content":"mark 2","lastModifiedDate":"2024-09-12","isFullCredit":false},{"lineNumber":8,"author":{"gitId":"brittobabu"},"content":"list","lastModifiedDate":"2024-09-12","isFullCredit":false},{"lineNumber":9,"author":{"gitId":"brittobabu"},"content":"unmark 3","lastModifiedDate":"2024-09-12","isFullCredit":false},{"lineNumber":10,"author":{"gitId":"brittobabu"},"content":"list","lastModifiedDate":"2024-09-06","isFullCredit":false},{"lineNumber":11,"author":{"gitId":"brittobabu"},"content":"bye","lastModifiedDate":"2024-09-06","isFullCredit":false}],"authorContributionMap":{"brittobabu":11}},{"path":"text-ui-test/runtest.sh","fileType":"sh","lines":[{"lineNumber":1,"author":{"gitId":"-"},"content":"#!/usr/bin/env bash","lastModifiedDate":"2020-05-25","isFullCredit":false},{"lineNumber":2,"author":{"gitId":"-"},"content":"","lastModifiedDate":"2020-05-25","isFullCredit":false},{"lineNumber":3,"author":{"gitId":"-"},"content":"# create bin directory if it doesn\u0027t exist","lastModifiedDate":"2020-05-25","isFullCredit":false},{"lineNumber":4,"author":{"gitId":"-"},"content":"if [ ! -d \"../bin\" ]","lastModifiedDate":"2020-05-25","isFullCredit":false},{"lineNumber":5,"author":{"gitId":"-"},"content":"then","lastModifiedDate":"2020-05-25","isFullCredit":false},{"lineNumber":6,"author":{"gitId":"-"},"content":"    mkdir ../bin","lastModifiedDate":"2020-05-25","isFullCredit":false},{"lineNumber":7,"author":{"gitId":"-"},"content":"fi","lastModifiedDate":"2020-05-25","isFullCredit":false},{"lineNumber":8,"author":{"gitId":"-"},"content":"","lastModifiedDate":"2020-05-25","isFullCredit":false},{"lineNumber":9,"author":{"gitId":"-"},"content":"# delete output from previous run","lastModifiedDate":"2020-05-25","isFullCredit":false},{"lineNumber":10,"author":{"gitId":"-"},"content":"if [ -e \"./ACTUAL.TXT\" ]","lastModifiedDate":"2020-05-25","isFullCredit":false},{"lineNumber":11,"author":{"gitId":"-"},"content":"then","lastModifiedDate":"2020-05-25","isFullCredit":false},{"lineNumber":12,"author":{"gitId":"-"},"content":"    rm ACTUAL.TXT","lastModifiedDate":"2020-05-25","isFullCredit":false},{"lineNumber":13,"author":{"gitId":"-"},"content":"fi","lastModifiedDate":"2020-05-25","isFullCredit":false},{"lineNumber":14,"author":{"gitId":"-"},"content":"","lastModifiedDate":"2020-05-25","isFullCredit":false},{"lineNumber":15,"author":{"gitId":"-"},"content":"# compile the code into the bin folder, terminates if error occurred","lastModifiedDate":"2020-05-25","isFullCredit":false},{"lineNumber":16,"author":{"gitId":"-"},"content":"if ! javac -cp ../src/main/java -Xlint:none -d ../bin ../src/main/java/*.java","lastModifiedDate":"2020-08-25","isFullCredit":false},{"lineNumber":17,"author":{"gitId":"-"},"content":"then","lastModifiedDate":"2020-05-25","isFullCredit":false},{"lineNumber":18,"author":{"gitId":"-"},"content":"    echo \"********** BUILD FAILURE **********\"","lastModifiedDate":"2020-05-25","isFullCredit":false},{"lineNumber":19,"author":{"gitId":"-"},"content":"    exit 1","lastModifiedDate":"2020-05-25","isFullCredit":false},{"lineNumber":20,"author":{"gitId":"-"},"content":"fi","lastModifiedDate":"2020-05-25","isFullCredit":false},{"lineNumber":21,"author":{"gitId":"-"},"content":"","lastModifiedDate":"2020-05-25","isFullCredit":false},{"lineNumber":22,"author":{"gitId":"-"},"content":"# run the program, feed commands from input.txt file and redirect the output to the ACTUAL.TXT","lastModifiedDate":"2020-05-25","isFullCredit":false},{"lineNumber":23,"author":{"gitId":"brittobabu"},"content":"java -classpath ../bin Stark \u003c input.txt \u003e ACTUAL.TXT","lastModifiedDate":"2024-09-06","isFullCredit":false},{"lineNumber":24,"author":{"gitId":"-"},"content":"","lastModifiedDate":"2020-05-25","isFullCredit":false},{"lineNumber":25,"author":{"gitId":"-"},"content":"# convert to UNIX format","lastModifiedDate":"2020-05-25","isFullCredit":false},{"lineNumber":26,"author":{"gitId":"-"},"content":"cp EXPECTED.TXT EXPECTED-UNIX.TXT","lastModifiedDate":"2020-05-25","isFullCredit":false},{"lineNumber":27,"author":{"gitId":"-"},"content":"dos2unix ACTUAL.TXT EXPECTED-UNIX.TXT","lastModifiedDate":"2020-05-25","isFullCredit":false},{"lineNumber":28,"author":{"gitId":"-"},"content":"","lastModifiedDate":"2020-05-25","isFullCredit":false},{"lineNumber":29,"author":{"gitId":"-"},"content":"# compare the output to the expected output","lastModifiedDate":"2020-05-25","isFullCredit":false},{"lineNumber":30,"author":{"gitId":"-"},"content":"diff ACTUAL.TXT EXPECTED-UNIX.TXT","lastModifiedDate":"2020-05-25","isFullCredit":false},{"lineNumber":31,"author":{"gitId":"-"},"content":"if [ $? -eq 0 ]","lastModifiedDate":"2020-05-25","isFullCredit":false},{"lineNumber":32,"author":{"gitId":"-"},"content":"then","lastModifiedDate":"2020-05-25","isFullCredit":false},{"lineNumber":33,"author":{"gitId":"-"},"content":"    echo \"Test result: PASSED\"","lastModifiedDate":"2020-05-25","isFullCredit":false},{"lineNumber":34,"author":{"gitId":"-"},"content":"    exit 0","lastModifiedDate":"2020-05-25","isFullCredit":false},{"lineNumber":35,"author":{"gitId":"-"},"content":"else","lastModifiedDate":"2020-05-25","isFullCredit":false},{"lineNumber":36,"author":{"gitId":"-"},"content":"    echo \"Test result: FAILED\"","lastModifiedDate":"2020-05-25","isFullCredit":false},{"lineNumber":37,"author":{"gitId":"-"},"content":"    exit 1","lastModifiedDate":"2020-05-25","isFullCredit":false},{"lineNumber":38,"author":{"gitId":"-"},"content":"fi","lastModifiedDate":"2020-05-25","isFullCredit":false}],"authorContributionMap":{"brittobabu":1,"-":37}}]
