{"authorDailyContributionsMap":{"brittobabu":[{"date":"2024-08-29","commitResults":[{"hash":"5cd7f063ce57b1cf8f0e04cf65ba848bdfd7a371","isMergeCommit":false,"messageTitle":"Rename","messageBody":"","fileTypesAndContributionMap":{"java":{"insertions":0,"deletions":0}}}]},{"date":"2024-08-30","commitResults":[{"hash":"fec244de3a80f54251687eb3c3f1d56a8813161b","isMergeCommit":false,"messageTitle":"Completed Level 2 task","messageBody":"","tags":["Level-2"],"fileTypesAndContributionMap":{"java":{"insertions":60,"deletions":7}}}]},{"date":"2024-09-06","commitResults":[{"hash":"1a7a8d35452eacb2bb983446be243df2ba39c653","isMergeCommit":false,"messageTitle":"added Task class for single task and TaskList class for tracking all the tasks","messageBody":"","fileTypesAndContributionMap":{"java":{"insertions":89,"deletions":32}}},{"hash":"f3380c1be1dbe0982a68e97c4421ee9bf8858019","isMergeCommit":false,"messageTitle":"Fixed the line break bug","messageBody":"","fileTypesAndContributionMap":{"java":{"insertions":13,"deletions":9}}},{"hash":"7f809c2d268a450d5caa6ae15b6dbdd6f1db80a2","isMergeCommit":false,"messageTitle":"Added the input/output redirection technique to semi-automate the testing of chatBot","messageBody":"","tags":["Level-3"],"fileTypesAndContributionMap":{"txt":{"insertions":9,"deletions":0},"sh":{"insertions":1,"deletions":1}}}]},{"date":"2024-09-12","commitResults":[{"hash":"add1d3ce623892bb1df1942cd5341e32f3c239bb","isMergeCommit":false,"messageTitle":"Added todo class and related functions","messageBody":"","fileTypesAndContributionMap":{"java":{"insertions":23,"deletions":4}}},{"hash":"a0a0cbdc4f906ebcd4557013c46d5fcaaa38e2c3","isMergeCommit":false,"messageTitle":"Added deadline class and deadline print function","messageBody":"","fileTypesAndContributionMap":{"java":{"insertions":21,"deletions":2}}},{"hash":"5c28189035a8ba4e9af79edf7cbee02e12141189","isMergeCommit":false,"messageTitle":"Added event class","messageBody":"","fileTypesAndContributionMap":{"java":{"insertions":19,"deletions":0}}},{"hash":"4715ce69f46215b3238cb872efe43a6dd2f18024","isMergeCommit":false,"messageTitle":"updated text-ui testing input","messageBody":"","tags":["Level-4"],"fileTypesAndContributionMap":{"txt":{"insertions":7,"deletions":5},"java":{"insertions":1,"deletions":1}}}]},{"date":"2024-09-27","commitResults":[{"hash":"61c50aa18571fa3c28077f80dc488416b116b606","isMergeCommit":false,"messageTitle":"Added tokenize class to check the inputs and added few exception handler","messageBody":"","fileTypesAndContributionMap":{"java":{"insertions":55,"deletions":28}}},{"hash":"67f1629f751fa6cbe47fa7a3486f4fa67ad7738c","isMergeCommit":false,"messageTitle":"added exception for mark/unmark task and indexOutOfBound","messageBody":"","tags":["Level-5"],"fileTypesAndContributionMap":{"java":{"insertions":27,"deletions":14}}}]},{"date":"2024-10-17","commitResults":[{"hash":"0dfe0797b3f476708ce600da8cee6341ee1d172d","isMergeCommit":false,"messageTitle":"Added Exception class","messageBody":"","fileTypesAndContributionMap":{"java":{"insertions":57,"deletions":17}}},{"hash":"f1f480f3276805b235f24e8ade317aca1c0ce195","isMergeCommit":false,"messageTitle":"Added delete feature","messageBody":"","tags":["Level-6"],"fileTypesAndContributionMap":{"java":{"insertions":40,"deletions":15}}}]},{"date":"2024-10-23","commitResults":[{"hash":"332edfe226b22385a5327fececcd6f436e0ca287","isMergeCommit":false,"messageTitle":"Added class to write task to text file","messageBody":"","fileTypesAndContributionMap":{"txt":{"insertions":4,"deletions":0},"java":{"insertions":96,"deletions":15}}},{"hash":"10581c6b90becb09d786b2d8632fac169b060bcb","isMergeCommit":false,"messageTitle":"Created packages","messageBody":"","fileTypesAndContributionMap":{"java":{"insertions":49,"deletions":14}}}]},{"date":"2024-10-24","commitResults":[{"hash":"6d0c8756787c47f0b61e3509492a5d38b8060d8b","isMergeCommit":false,"messageTitle":"Added class to read task from file","messageBody":"","fileTypesAndContributionMap":{"txt":{"insertions":2,"deletions":4},"java":{"insertions":170,"deletions":57}}},{"hash":"b57a1862e651c3c42f883b032807feef1eb3b4e6","isMergeCommit":false,"messageTitle":"added class for parse the tasks from file and save to tasklist","messageBody":"","fileTypesAndContributionMap":{"txt":{"insertions":3,"deletions":0},"java":{"insertions":24,"deletions":21}}}]},{"date":"2024-10-27","commitResults":[{"hash":"a66749b2d1df38b35e8235eb9de0401f505b4daf","isMergeCommit":false,"messageTitle":"added ui class for read and to parse the user inputs","messageBody":"","tags":["Level-7"],"fileTypesAndContributionMap":{"txt":{"insertions":7,"deletions":4},"java":{"insertions":133,"deletions":84}}}]},{"date":"2024-11-02","commitResults":[{"hash":"9e3a318d0dc3f5ace53627346b110735da9afe63","isMergeCommit":false,"messageTitle":"renamed pakages","messageBody":"","fileTypesAndContributionMap":{"txt":{"insertions":0,"deletions":1},"java":{"insertions":36,"deletions":30}}}]},{"date":"2024-11-03","commitResults":[{"hash":"a87a884959b53e4ca7b6cb2e5e0fe83fa7b63f86","isMergeCommit":false,"messageTitle":"added class to parse date and time","messageBody":"","fileTypesAndContributionMap":{"java":{"insertions":89,"deletions":16}}},{"hash":"c7bf456fa0caf38f67e21882597dd0bd193a64f0","isMergeCommit":false,"messageTitle":"updated the deadline class for date-time(yyyy-mm-dd hhmm) format","messageBody":"","fileTypesAndContributionMap":{"txt":{"insertions":5,"deletions":7},"java":{"insertions":16,"deletions":9}}},{"hash":"79759ba821c39a69145c3d4536aac3253294d05b","isMergeCommit":false,"messageTitle":"update event class to handle date-time format","messageBody":"","fileTypesAndContributionMap":{"txt":{"insertions":1,"deletions":1},"java":{"insertions":14,"deletions":5}}},{"hash":"5793395468679f410331dbb3c46ead70fcac964d","isMergeCommit":false,"messageTitle":"added javadoc comments for classes in taskmanager","messageBody":"","fileTypesAndContributionMap":{"txt":{"insertions":2,"deletions":1},"java":{"insertions":150,"deletions":15}}},{"hash":"74db0e3ec15bdc4cf4fbdf52837c5eb2771a9d3b","isMergeCommit":true,"messageTitle":"Merge branch \u0027tweak-readme\u0027 into branch-Level-8","messageBody":"","fileTypesAndContributionMap":{}},{"hash":"4617c5c89706a0b8ae26389e7248bbaf72035aec","isMergeCommit":true,"messageTitle":"Merge branch \u0027add-gradle-support\u0027  into branch-Level-8","messageBody":"","fileTypesAndContributionMap":{}},{"hash":"747917e5317cb4eddfbdb69dd4a805031b703059","isMergeCommit":false,"messageTitle":"test code","messageBody":"","fileTypesAndContributionMap":{"txt":{"insertions":2,"deletions":2}}},{"hash":"3fadc2312cdde19b414fb98c7d0b94119b1590d2","isMergeCommit":false,"messageTitle":"merge to master","messageBody":"","fileTypesAndContributionMap":{"txt":{"insertions":7,"deletions":7},"java":{"insertions":194,"deletions":20},"sh":{"insertions":0,"deletions":0},"md":{"insertions":1,"deletions":0}}},{"hash":"426b98808d705ed33e19e428914208385483af0b","isMergeCommit":false,"messageTitle":"add to master","messageBody":"","fileTypesAndContributionMap":{"gradle":{"insertions":41,"deletions":0},"java":{"insertions":50,"deletions":0}}},{"hash":"b165e8a16d615d9bc3198539b0452bb01d6bdb18","isMergeCommit":true,"messageTitle":"Merge branch \u0027branch-Level-8\u0027","messageBody":"","fileTypesAndContributionMap":{}},{"hash":"f1cc91a888ad64ae511a1be08b3c6b6d5d590427","isMergeCommit":false,"messageTitle":"Added JUnit test cases for TaskList and DateTimeParser classes","messageBody":"","fileTypesAndContributionMap":{"txt":{"insertions":0,"deletions":10},"java":{"insertions":77,"deletions":2}}}]},{"date":"2024-11-08","commitResults":[{"hash":"7b432c2474f4f4b5657e35c649c83d5091463ca1","isMergeCommit":false,"messageTitle":"added gradle","messageBody":"","tags":["A-Gradle"],"fileTypesAndContributionMap":{"gradle":{"insertions":1,"deletions":1},"txt":{"insertions":3,"deletions":1}}},{"hash":"d672495d1c31a5654fc3fc5a212cbc09bf55ecfb","isMergeCommit":false,"messageTitle":"added unit test for tokenise class","messageBody":"","tags":["A-JUnit"],"fileTypesAndContributionMap":{"java":{"insertions":54,"deletions":3}}},{"hash":"86659e41b89bd1d244f12060fd8e230386f5308e","isMergeCommit":true,"messageTitle":"Merge branch \u0027branch-unitTesting\u0027","messageBody":"","tags":["Level-8"],"fileTypesAndContributionMap":{}},{"hash":"fccf7d12302594d4a7b2456c1e510252e5623949","isMergeCommit":false,"messageTitle":"added javadoc for InputParser and Tokenize class","messageBody":"","fileTypesAndContributionMap":{"java":{"insertions":100,"deletions":66}}}]},{"date":"2024-11-10","commitResults":[{"hash":"b4f85fe090d9528ffa1705cc14b4a249870f8652","isMergeCommit":false,"messageTitle":"file location edited","messageBody":"","fileTypesAndContributionMap":{"txt":{"insertions":0,"deletions":1},"java":{"insertions":5,"deletions":5}}},{"hash":"5fef709d8d79aeea7824dbd79caf74378df799e4","isMergeCommit":false,"messageTitle":"Add find feature","messageBody":"","fileTypesAndContributionMap":{"txt":{"insertions":4,"deletions":12},"java":{"insertions":118,"deletions":73},"bat":{"insertions":1,"deletions":1},"sh":{"insertions":1,"deletions":1}}},{"hash":"8d15e23f069c0d5d92a26d55cb78852d7ebfea7f","isMergeCommit":false,"messageTitle":"fixed typo","messageBody":"","fileTypesAndContributionMap":{"txt":{"insertions":3,"deletions":0},"java":{"insertions":1,"deletions":1}}},{"hash":"aaa763bd703152dff61049d6d72c3b112b65d8fc","isMergeCommit":true,"messageTitle":"Merge updated branch \u0027master\u0027 into branch-level-9","messageBody":"","fileTypesAndContributionMap":{}}]},{"date":"2024-11-14","commitResults":[{"hash":"585c0e9681e86864aa7fdd35bf7ce21a928d57a4","isMergeCommit":false,"messageTitle":"add individual feature 1  : B-TentativeScheduling","messageBody":"","fileTypesAndContributionMap":{"txt":{"insertions":2,"deletions":2},"java":{"insertions":213,"deletions":4}}}]},{"date":"2024-11-15","commitResults":[{"hash":"b44c9fc01953db0bdb0b00d62e872c13003332a1","isMergeCommit":false,"messageTitle":"Refactor code","messageBody":"","fileTypesAndContributionMap":{"txt":{"insertions":0,"deletions":1},"java":{"insertions":29,"deletions":32}}},{"hash":"4c5f9233b2fdd00b9d56f630281c2ef6e78e401c","isMergeCommit":true,"messageTitle":"Merge branch \u0027branch-level-9\u0027 to master","messageBody":"","tags":["Level-9"],"fileTypesAndContributionMap":{}}]}]},"authorFileTypeContributionMap":{"brittobabu":{"java":1206,"md":1,"fxml":0,"sh":2,"bat":1,"gradle":1,"txt":12}},"authorContributionVariance":{"brittobabu":8990.655},"authorDisplayNameMap":{"brittobabu":"BRIT..BABU"}}
