{"authorDailyContributionsMap":{"brittobabu":[{"date":"2024-08-29","commitResults":[{"hash":"5cd7f063ce57b1cf8f0e04cf65ba848bdfd7a371","isMergeCommit":false,"messageTitle":"Rename","messageBody":"","fileTypesAndContributionMap":{"java":{"insertions":0,"deletions":0}}}]},{"date":"2024-08-30","commitResults":[{"hash":"fec244de3a80f54251687eb3c3f1d56a8813161b","isMergeCommit":false,"messageTitle":"Completed Level 2 task","messageBody":"","tags":["Level-2"],"fileTypesAndContributionMap":{"java":{"insertions":60,"deletions":7}}}]},{"date":"2024-09-06","commitResults":[{"hash":"1a7a8d35452eacb2bb983446be243df2ba39c653","isMergeCommit":false,"messageTitle":"added Task class for single task and TaskList class for tracking all the tasks","messageBody":"","fileTypesAndContributionMap":{"java":{"insertions":89,"deletions":32}}},{"hash":"f3380c1be1dbe0982a68e97c4421ee9bf8858019","isMergeCommit":false,"messageTitle":"Fixed the line break bug","messageBody":"","fileTypesAndContributionMap":{"java":{"insertions":13,"deletions":9}}},{"hash":"7f809c2d268a450d5caa6ae15b6dbdd6f1db80a2","isMergeCommit":false,"messageTitle":"Added the input/output redirection technique to semi-automate the testing of chatBot","messageBody":"","tags":["Level-3"],"fileTypesAndContributionMap":{"txt":{"insertions":9,"deletions":0},"sh":{"insertions":1,"deletions":1}}}]}]},"authorFileTypeContributionMap":{"brittobabu":{"java":121,"md":0,"fxml":0,"sh":1,"bat":0,"gradle":0,"txt":9}},"authorContributionVariance":{"brittobabu":1012.5577},"authorDisplayNameMap":{"brittobabu":"BRIT..BABU"}}
