{"authorDailyContributionsMap":{"brittobabu":[{"date":"2024-08-29","commitResults":[{"hash":"5cd7f063ce57b1cf8f0e04cf65ba848bdfd7a371","isMergeCommit":false,"messageTitle":"Rename","messageBody":"","fileTypesAndContributionMap":{"java":{"insertions":0,"deletions":0}}}]},{"date":"2024-08-30","commitResults":[{"hash":"fec244de3a80f54251687eb3c3f1d56a8813161b","isMergeCommit":false,"messageTitle":"Completed Level 2 task","messageBody":"","tags":["Level-2"],"fileTypesAndContributionMap":{"java":{"insertions":60,"deletions":7}}}]},{"date":"2024-09-06","commitResults":[{"hash":"1a7a8d35452eacb2bb983446be243df2ba39c653","isMergeCommit":false,"messageTitle":"added Task class for single task and TaskList class for tracking all the tasks","messageBody":"","fileTypesAndContributionMap":{"java":{"insertions":89,"deletions":32}}},{"hash":"f3380c1be1dbe0982a68e97c4421ee9bf8858019","isMergeCommit":false,"messageTitle":"Fixed the line break bug","messageBody":"","fileTypesAndContributionMap":{"java":{"insertions":13,"deletions":9}}},{"hash":"7f809c2d268a450d5caa6ae15b6dbdd6f1db80a2","isMergeCommit":false,"messageTitle":"Added the input/output redirection technique to semi-automate the testing of chatBot","messageBody":"","tags":["Level-3"],"fileTypesAndContributionMap":{"txt":{"insertions":9,"deletions":0},"sh":{"insertions":1,"deletions":1}}}]},{"date":"2024-09-12","commitResults":[{"hash":"add1d3ce623892bb1df1942cd5341e32f3c239bb","isMergeCommit":false,"messageTitle":"Added todo class and related functions","messageBody":"","fileTypesAndContributionMap":{"java":{"insertions":23,"deletions":4}}},{"hash":"a0a0cbdc4f906ebcd4557013c46d5fcaaa38e2c3","isMergeCommit":false,"messageTitle":"Added deadline class and deadline print function","messageBody":"","fileTypesAndContributionMap":{"java":{"insertions":21,"deletions":2}}},{"hash":"5c28189035a8ba4e9af79edf7cbee02e12141189","isMergeCommit":false,"messageTitle":"Added event class","messageBody":"","fileTypesAndContributionMap":{"java":{"insertions":19,"deletions":0}}},{"hash":"4715ce69f46215b3238cb872efe43a6dd2f18024","isMergeCommit":false,"messageTitle":"updated text-ui testing input","messageBody":"","tags":["Level-4"],"fileTypesAndContributionMap":{"txt":{"insertions":7,"deletions":5},"java":{"insertions":1,"deletions":1}}}]},{"date":"2024-09-27","commitResults":[{"hash":"61c50aa18571fa3c28077f80dc488416b116b606","isMergeCommit":false,"messageTitle":"Added tokenize class to check the inputs and added few exception handler","messageBody":"","fileTypesAndContributionMap":{"java":{"insertions":55,"deletions":28}}},{"hash":"67f1629f751fa6cbe47fa7a3486f4fa67ad7738c","isMergeCommit":false,"messageTitle":"added exception for mark/unmark task and indexOutOfBound","messageBody":"","tags":["Level-5"],"fileTypesAndContributionMap":{"java":{"insertions":27,"deletions":14}}}]}]},"authorFileTypeContributionMap":{"brittobabu":{"java":218,"md":0,"fxml":0,"sh":1,"bat":0,"gradle":0,"txt":11}},"authorContributionVariance":{"brittobabu":990.90344},"authorDisplayNameMap":{"brittobabu":"BRIT..BABU"}}
