{"repoSenseVersion":"03dd38d625","reportGeneratedTime":"Wed, 23 Oct 2024 07:42:05 UTC+08:00","reportGenerationTime":" 3.06 second(s)","zoneId":"UTC+08:00","reportTitle":"TIC2002 iP Code Dashboard","repos":[{"location":{"location":"https://github.com/ChiaAmeline/duke.git","repoName":"duke","organization":"ChiaAmeline","domainName":"github"},"branch":"master","displayName":"ChiaAmeline/duke[master]","outputFolderName":"ChiaAmeline_duke_master"},{"location":{"location":"https://github.com/JarrelBin/duke.git","repoName":"duke","organization":"JarrelBin","domainName":"github"},"branch":"master","displayName":"JarrelBin/duke[master]","outputFolderName":"JarrelBin_duke_master"},{"location":{"location":"https://github.com/e0895780/duke.git","repoName":"duke","organization":"e0895780","domainName":"github"},"branch":"master","displayName":"e0895780/duke[master]","outputFolderName":"e0895780_duke_master"},{"location":{"location":"https://github.com/ZHIQIANG-00/duke.git","repoName":"duke","organization":"ZHIQIANG-00","domainName":"github"},"branch":"master","displayName":"ZHIQIANG-00/duke[master]","outputFolderName":"ZHIQIANG-00_duke_master"},{"location":{"location":"https://github.com/spoispoi/duke.git","repoName":"duke","organization":"spoispoi","domainName":"github"},"branch":"master","displayName":"spoispoi/duke[master]","outputFolderName":"spoispoi_duke_master"},{"location":{"location":"https://github.com/akhilarun187/duke.git","repoName":"duke","organization":"akhilarun187","domainName":"github"},"branch":"master","displayName":"akhilarun187/duke[master]","outputFolderName":"akhilarun187_duke_master"},{"location":{"location":"https://github.com/bbtht/duke.git","repoName":"duke","organization":"bbtht","domainName":"github"},"branch":"master","displayName":"bbtht/duke[master]","outputFolderName":"bbtht_duke_master"},{"location":{"location":"https://github.com/dancepop/duke.git","repoName":"duke","organization":"dancepop","domainName":"github"},"branch":"master","displayName":"dancepop/duke[master]","outputFolderName":"dancepop_duke_master"},{"location":{"location":"https://github.com/jianjunruan/duke.git","repoName":"duke","organization":"jianjunruan","domainName":"github"},"branch":"master","displayName":"jianjunruan/duke[master]","outputFolderName":"jianjunruan_duke_master"},{"location":{"location":"https://github.com/brittobabu/duke.git","repoName":"duke","organization":"brittobabu","domainName":"github"},"branch":"master","displayName":"brittobabu/duke[master]","outputFolderName":"brittobabu_duke_master"},{"location":{"location":"https://github.com/darrenchew123/duke.git","repoName":"duke","organization":"darrenchew123","domainName":"github"},"branch":"master","displayName":"darrenchew123/duke[master]","outputFolderName":"darrenchew123_duke_master"},{"location":{"location":"https://github.com/JosephLim98/duke.git","repoName":"duke","organization":"JosephLim98","domainName":"github"},"branch":"master","displayName":"JosephLim98/duke[master]","outputFolderName":"JosephLim98_duke_master"},{"location":{"location":"https://github.com/bw-95/duke.git","repoName":"duke","organization":"bw-95","domainName":"github"},"branch":"master","displayName":"bw-95/duke[master]","outputFolderName":"bw-95_duke_master"},{"location":{"location":"https://github.com/Wen037/duke.git","repoName":"duke","organization":"Wen037","domainName":"github"},"branch":"master","displayName":"Wen037/duke[master]","outputFolderName":"Wen037_duke_master"},{"location":{"location":"https://github.com/kaili98/duke.git","repoName":"duke","organization":"kaili98","domainName":"github"},"branch":"master","displayName":"kaili98/duke[master]","outputFolderName":"kaili98_duke_master"},{"location":{"location":"https://github.com/KaiYin99/duke.git","repoName":"duke","organization":"KaiYin99","domainName":"github"},"branch":"master","displayName":"KaiYin99/duke[master]","outputFolderName":"KaiYin99_duke_master"},{"location":{"location":"https://github.com/waikhincheong/duke.git","repoName":"duke","organization":"waikhincheong","domainName":"github"},"branch":"master","displayName":"waikhincheong/duke[master]","outputFolderName":"waikhincheong_duke_master"},{"location":{"location":"https://github.com/ameliadevs/duke.git","repoName":"duke","organization":"ameliadevs","domainName":"github"},"branch":"master","displayName":"ameliadevs/duke[master]","outputFolderName":"ameliadevs_duke_master"},{"location":{"location":"https://github.com/lihuihan/duke.git","repoName":"duke","organization":"lihuihan","domainName":"github"},"branch":"master","displayName":"lihuihan/duke[master]","outputFolderName":"lihuihan_duke_master"}],"errorSet":[],"sinceDate":"2024-08-12","untilDate":"2024-10-23","isSinceDateProvided":true,"isUntilDateProvided":false,"supportedDomainUrlMap":{"NOT_RECOGNIZED":{"BRANCH":"","REPO_URL":"UNSUPPORTED","BASE_URL":"UNSUPPORTED","HISTORY_PATH":"","COMMIT_PATH":"","BLAME_PATH":""},"github":{"BRANCH":"tree/$BRANCH","REPO_URL":"https://github.com/$ORGANIZATION/$REPO_NAME/","BASE_URL":"https://github.com/","HISTORY_PATH":"commits/$BRANCH/$FILE_PATH","COMMIT_PATH":"commit/$COMMIT_HASH","BLAME_PATH":"blame/$BRANCH/$FILE_PATH"}},"isAuthorshipAnalyzed":false,"blurbs":{"urlBlurbMap":{}}}
