[{"path":"src/data/KLBot.txt","fileType":"txt","lines":[{"lineNumber":1,"author":{"gitId":"kaili98"},"content":"T | 1 | Buy groceries","lastModifiedDate":"2024-11-17","isFullCredit":false},{"lineNumber":2,"author":{"gitId":"kaili98"},"content":"D | 0 | return book | 2023-10-15","lastModifiedDate":"2024-11-17","isFullCredit":false},{"lineNumber":3,"author":{"gitId":"kaili98"},"content":"E | 0 | project meeting | 2023-10-15T14:00 | 2023-10-15T16:00","lastModifiedDate":"2024-11-17","isFullCredit":false}],"authorContributionMap":{"kaili98":3}},{"path":"src/main/java/KLBot/KLBotException.java","fileType":"java","lines":[{"lineNumber":1,"author":{"gitId":"kaili98"},"content":"package KLBot;","lastModifiedDate":"2024-11-17","isFullCredit":false},{"lineNumber":2,"author":{"gitId":"kaili98"},"content":"","lastModifiedDate":"2024-11-17","isFullCredit":false},{"lineNumber":3,"author":{"gitId":"kaili98"},"content":"public class KLBotException extends Exception{","lastModifiedDate":"2024-11-16","isFullCredit":false},{"lineNumber":4,"author":{"gitId":"kaili98"},"content":"    public KLBotException(String message){","lastModifiedDate":"2024-11-16","isFullCredit":false},{"lineNumber":5,"author":{"gitId":"kaili98"},"content":"        super(message);","lastModifiedDate":"2024-11-16","isFullCredit":false},{"lineNumber":6,"author":{"gitId":"kaili98"},"content":"    }","lastModifiedDate":"2024-11-16","isFullCredit":false},{"lineNumber":7,"author":{"gitId":"kaili98"},"content":"}","lastModifiedDate":"2024-11-16","isFullCredit":false}],"authorContributionMap":{"kaili98":7}},{"path":"src/main/java/KLBot/KLbot.java","fileType":"java","lines":[{"lineNumber":1,"author":{"gitId":"kaili98"},"content":"package KLBot;","lastModifiedDate":"2024-11-17","isFullCredit":false},{"lineNumber":2,"author":{"gitId":"kaili98"},"content":"","lastModifiedDate":"2024-11-17","isFullCredit":false},{"lineNumber":3,"author":{"gitId":"kaili98"},"content":"import KLBot.Parser.Parser;","lastModifiedDate":"2024-11-17","isFullCredit":false},{"lineNumber":4,"author":{"gitId":"kaili98"},"content":"import KLBot.Storage.Storage;","lastModifiedDate":"2024-11-17","isFullCredit":false},{"lineNumber":5,"author":{"gitId":"kaili98"},"content":"import KLBot.TaskList.Task;","lastModifiedDate":"2024-11-17","isFullCredit":false},{"lineNumber":6,"author":{"gitId":"kaili98"},"content":"import KLBot.TaskList.TaskList;","lastModifiedDate":"2024-11-17","isFullCredit":false},{"lineNumber":7,"author":{"gitId":"kaili98"},"content":"import KLBot.Ui.Ui;","lastModifiedDate":"2024-11-17","isFullCredit":false},{"lineNumber":8,"author":{"gitId":"kaili98"},"content":"","lastModifiedDate":"2024-11-17","isFullCredit":false},{"lineNumber":9,"author":{"gitId":"kaili98"},"content":"import java.util.ArrayList;","lastModifiedDate":"2024-11-17","isFullCredit":false},{"lineNumber":10,"author":{"gitId":"kaili98"},"content":"import java.util.Scanner;","lastModifiedDate":"2024-11-17","isFullCredit":false},{"lineNumber":11,"author":{"gitId":"kaili98"},"content":"","lastModifiedDate":"2024-11-17","isFullCredit":false},{"lineNumber":12,"author":{"gitId":"kaili98"},"content":"public class KLbot {","lastModifiedDate":"2024-11-17","isFullCredit":false},{"lineNumber":13,"author":{"gitId":"kaili98"},"content":"","lastModifiedDate":"2024-11-17","isFullCredit":false},{"lineNumber":14,"author":{"gitId":"kaili98"},"content":"    private static final Scanner in \u003d new Scanner(System.in);","lastModifiedDate":"2024-11-17","isFullCredit":false},{"lineNumber":15,"author":{"gitId":"kaili98"},"content":"    private static final Ui ui \u003d new Ui();","lastModifiedDate":"2024-11-17","isFullCredit":false},{"lineNumber":16,"author":{"gitId":"kaili98"},"content":"    private static final Storage storage \u003d new Storage(\"data/KLBot.txt\");","lastModifiedDate":"2024-11-17","isFullCredit":false},{"lineNumber":17,"author":{"gitId":"kaili98"},"content":"    private static final Parser parser \u003d new Parser();","lastModifiedDate":"2024-11-17","isFullCredit":false},{"lineNumber":18,"author":{"gitId":"kaili98"},"content":"    private static final TaskList taskList \u003d new TaskList();","lastModifiedDate":"2024-11-17","isFullCredit":false},{"lineNumber":19,"author":{"gitId":"kaili98"},"content":"","lastModifiedDate":"2024-11-17","isFullCredit":false},{"lineNumber":20,"author":{"gitId":"kaili98"},"content":"    public static void main(String[] args) throws KLBotException {","lastModifiedDate":"2024-11-17","isFullCredit":false},{"lineNumber":21,"author":{"gitId":"kaili98"},"content":"        ui.greetUser();","lastModifiedDate":"2024-11-17","isFullCredit":false},{"lineNumber":22,"author":{"gitId":"kaili98"},"content":"        loadTasksFromFile();","lastModifiedDate":"2024-11-17","isFullCredit":false},{"lineNumber":23,"author":{"gitId":"kaili98"},"content":"        botLoop();","lastModifiedDate":"2024-11-17","isFullCredit":false},{"lineNumber":24,"author":{"gitId":"kaili98"},"content":"        saveTasksToFile();","lastModifiedDate":"2024-11-17","isFullCredit":false},{"lineNumber":25,"author":{"gitId":"kaili98"},"content":"        ui.sayGoodbye();","lastModifiedDate":"2024-11-17","isFullCredit":false},{"lineNumber":26,"author":{"gitId":"kaili98"},"content":"        in.close();","lastModifiedDate":"2024-11-17","isFullCredit":false},{"lineNumber":27,"author":{"gitId":"kaili98"},"content":"    }","lastModifiedDate":"2024-11-17","isFullCredit":false},{"lineNumber":28,"author":{"gitId":"kaili98"},"content":"","lastModifiedDate":"2024-11-17","isFullCredit":false},{"lineNumber":29,"author":{"gitId":"kaili98"},"content":"    private static void botLoop() throws KLBotException {","lastModifiedDate":"2024-11-17","isFullCredit":false},{"lineNumber":30,"author":{"gitId":"kaili98"},"content":"        while (true) {","lastModifiedDate":"2024-11-17","isFullCredit":false},{"lineNumber":31,"author":{"gitId":"kaili98"},"content":"            String userInput \u003d in.nextLine();","lastModifiedDate":"2024-11-17","isFullCredit":false},{"lineNumber":32,"author":{"gitId":"kaili98"},"content":"            if (parser.isExit(userInput)) break;","lastModifiedDate":"2024-11-17","isFullCredit":false},{"lineNumber":33,"author":{"gitId":"kaili98"},"content":"            try {","lastModifiedDate":"2024-11-17","isFullCredit":false},{"lineNumber":34,"author":{"gitId":"kaili98"},"content":"                if (userInput.toLowerCase().startsWith(\"mark\") || userInput.toLowerCase().startsWith(\"unmark\")) {","lastModifiedDate":"2024-11-17","isFullCredit":false},{"lineNumber":35,"author":{"gitId":"kaili98"},"content":"                    handleTaskAction(userInput);","lastModifiedDate":"2024-11-17","isFullCredit":false},{"lineNumber":36,"author":{"gitId":"kaili98"},"content":"                } else if (userInput.toLowerCase().startsWith(\"todo\") || userInput.toLowerCase().startsWith(\"deadline\") || userInput.toLowerCase().startsWith(\"event\")) {","lastModifiedDate":"2024-11-17","isFullCredit":false},{"lineNumber":37,"author":{"gitId":"kaili98"},"content":"                    addTask(userInput);","lastModifiedDate":"2024-11-17","isFullCredit":false},{"lineNumber":38,"author":{"gitId":"kaili98"},"content":"                } else if (parser.isShowList(userInput)) {","lastModifiedDate":"2024-11-17","isFullCredit":false},{"lineNumber":39,"author":{"gitId":"kaili98"},"content":"                    ui.showTaskList(taskList);","lastModifiedDate":"2024-11-17","isFullCredit":false},{"lineNumber":40,"author":{"gitId":"kaili98"},"content":"                } else if (userInput.toLowerCase().startsWith(\"delete\")) {","lastModifiedDate":"2024-11-17","isFullCredit":false},{"lineNumber":41,"author":{"gitId":"kaili98"},"content":"                    deleteTask(userInput);","lastModifiedDate":"2024-11-17","isFullCredit":false},{"lineNumber":42,"author":{"gitId":"kaili98"},"content":"                } else {","lastModifiedDate":"2024-11-17","isFullCredit":false},{"lineNumber":43,"author":{"gitId":"kaili98"},"content":"                    throw new KLBotException(\"I didn\u0027t quite catch that. Could you try again?\");","lastModifiedDate":"2024-11-17","isFullCredit":false},{"lineNumber":44,"author":{"gitId":"kaili98"},"content":"                }","lastModifiedDate":"2024-11-17","isFullCredit":false},{"lineNumber":45,"author":{"gitId":"kaili98"},"content":"            } catch (KLBotException e) {","lastModifiedDate":"2024-11-17","isFullCredit":false},{"lineNumber":46,"author":{"gitId":"kaili98"},"content":"                ui.showError(e.getMessage());","lastModifiedDate":"2024-11-17","isFullCredit":false},{"lineNumber":47,"author":{"gitId":"kaili98"},"content":"            }","lastModifiedDate":"2024-11-17","isFullCredit":false},{"lineNumber":48,"author":{"gitId":"kaili98"},"content":"        }","lastModifiedDate":"2024-11-17","isFullCredit":false},{"lineNumber":49,"author":{"gitId":"kaili98"},"content":"    }","lastModifiedDate":"2024-11-17","isFullCredit":false},{"lineNumber":50,"author":{"gitId":"kaili98"},"content":"","lastModifiedDate":"2024-11-17","isFullCredit":false},{"lineNumber":51,"author":{"gitId":"kaili98"},"content":"    private static void handleTaskAction(String userInput) throws KLBotException {","lastModifiedDate":"2024-11-17","isFullCredit":false},{"lineNumber":52,"author":{"gitId":"kaili98"},"content":"        int taskIndex \u003d Integer.parseInt(userInput.split(\" \")[1]) - 1;","lastModifiedDate":"2024-11-17","isFullCredit":false},{"lineNumber":53,"author":{"gitId":"kaili98"},"content":"        if (taskIndex \u003e\u003d 0 \u0026\u0026 taskIndex \u003c taskList.size()) {","lastModifiedDate":"2024-11-17","isFullCredit":false},{"lineNumber":54,"author":{"gitId":"kaili98"},"content":"            Task task \u003d taskList.getTask(taskIndex);","lastModifiedDate":"2024-11-17","isFullCredit":false},{"lineNumber":55,"author":{"gitId":"kaili98"},"content":"            if (userInput.toLowerCase().startsWith(\"mark\")) {","lastModifiedDate":"2024-11-17","isFullCredit":false},{"lineNumber":56,"author":{"gitId":"kaili98"},"content":"                task.markAsCompleted();","lastModifiedDate":"2024-11-17","isFullCredit":false},{"lineNumber":57,"author":{"gitId":"kaili98"},"content":"                ui.showTaskMarked();","lastModifiedDate":"2024-11-17","isFullCredit":false},{"lineNumber":58,"author":{"gitId":"kaili98"},"content":"            } else {","lastModifiedDate":"2024-11-17","isFullCredit":false},{"lineNumber":59,"author":{"gitId":"kaili98"},"content":"                task.markAsIncomplete();","lastModifiedDate":"2024-11-17","isFullCredit":false},{"lineNumber":60,"author":{"gitId":"kaili98"},"content":"                ui.showTaskUnmarked();","lastModifiedDate":"2024-11-17","isFullCredit":false},{"lineNumber":61,"author":{"gitId":"kaili98"},"content":"            }","lastModifiedDate":"2024-11-17","isFullCredit":false},{"lineNumber":62,"author":{"gitId":"kaili98"},"content":"            System.out.println(task);","lastModifiedDate":"2024-11-17","isFullCredit":false},{"lineNumber":63,"author":{"gitId":"kaili98"},"content":"            ui.printLine();","lastModifiedDate":"2024-11-17","isFullCredit":false},{"lineNumber":64,"author":{"gitId":"kaili98"},"content":"            saveTasksToFile();","lastModifiedDate":"2024-11-17","isFullCredit":false},{"lineNumber":65,"author":{"gitId":"kaili98"},"content":"        }","lastModifiedDate":"2024-11-17","isFullCredit":false},{"lineNumber":66,"author":{"gitId":"kaili98"},"content":"    }","lastModifiedDate":"2024-11-17","isFullCredit":false},{"lineNumber":67,"author":{"gitId":"kaili98"},"content":"","lastModifiedDate":"2024-11-17","isFullCredit":false},{"lineNumber":68,"author":{"gitId":"kaili98"},"content":"    private static void addTask(String userInput) throws KLBotException {","lastModifiedDate":"2024-11-17","isFullCredit":false},{"lineNumber":69,"author":{"gitId":"kaili98"},"content":"        Task task \u003d parser.createTask(userInput);","lastModifiedDate":"2024-11-17","isFullCredit":false},{"lineNumber":70,"author":{"gitId":"kaili98"},"content":"        if (task !\u003d null) {","lastModifiedDate":"2024-11-17","isFullCredit":false},{"lineNumber":71,"author":{"gitId":"kaili98"},"content":"            taskList.addTask(task);","lastModifiedDate":"2024-11-17","isFullCredit":false},{"lineNumber":72,"author":{"gitId":"kaili98"},"content":"            ui.showTaskAdded(task.getDescription());","lastModifiedDate":"2024-11-17","isFullCredit":false},{"lineNumber":73,"author":{"gitId":"kaili98"},"content":"            saveTasksToFile();","lastModifiedDate":"2024-11-17","isFullCredit":false},{"lineNumber":74,"author":{"gitId":"kaili98"},"content":"        }","lastModifiedDate":"2024-11-17","isFullCredit":false},{"lineNumber":75,"author":{"gitId":"kaili98"},"content":"    }","lastModifiedDate":"2024-11-17","isFullCredit":false},{"lineNumber":76,"author":{"gitId":"kaili98"},"content":"","lastModifiedDate":"2024-11-17","isFullCredit":false},{"lineNumber":77,"author":{"gitId":"kaili98"},"content":"    private static void deleteTask(String userInput) throws KLBotException {","lastModifiedDate":"2024-11-17","isFullCredit":false},{"lineNumber":78,"author":{"gitId":"kaili98"},"content":"        int taskIndex \u003d Integer.parseInt(userInput.split(\" \")[1]) - 1;","lastModifiedDate":"2024-11-17","isFullCredit":false},{"lineNumber":79,"author":{"gitId":"kaili98"},"content":"        if (taskIndex \u003e\u003d 0 \u0026\u0026 taskIndex \u003c taskList.size()) {","lastModifiedDate":"2024-11-17","isFullCredit":false},{"lineNumber":80,"author":{"gitId":"kaili98"},"content":"            Task task \u003d taskList.getTask(taskIndex);","lastModifiedDate":"2024-11-17","isFullCredit":false},{"lineNumber":81,"author":{"gitId":"kaili98"},"content":"            taskList.removeTask(taskIndex);","lastModifiedDate":"2024-11-17","isFullCredit":false},{"lineNumber":82,"author":{"gitId":"kaili98"},"content":"            ui.showTaskRemoved(task.getDescription());","lastModifiedDate":"2024-11-17","isFullCredit":false},{"lineNumber":83,"author":{"gitId":"kaili98"},"content":"            saveTasksToFile();","lastModifiedDate":"2024-11-17","isFullCredit":false},{"lineNumber":84,"author":{"gitId":"kaili98"},"content":"        }","lastModifiedDate":"2024-11-17","isFullCredit":false},{"lineNumber":85,"author":{"gitId":"kaili98"},"content":"    }","lastModifiedDate":"2024-11-17","isFullCredit":false},{"lineNumber":86,"author":{"gitId":"kaili98"},"content":"","lastModifiedDate":"2024-11-17","isFullCredit":false},{"lineNumber":87,"author":{"gitId":"kaili98"},"content":"    private static void loadTasksFromFile() {","lastModifiedDate":"2024-11-17","isFullCredit":false},{"lineNumber":88,"author":{"gitId":"kaili98"},"content":"        ArrayList\u003cTask\u003e loadedTasks \u003d storage.loadTasksFromFile();","lastModifiedDate":"2024-11-17","isFullCredit":false},{"lineNumber":89,"author":{"gitId":"kaili98"},"content":"        taskList.addTasks(loadedTasks);","lastModifiedDate":"2024-11-17","isFullCredit":false},{"lineNumber":90,"author":{"gitId":"kaili98"},"content":"    }","lastModifiedDate":"2024-11-17","isFullCredit":false},{"lineNumber":91,"author":{"gitId":"kaili98"},"content":"","lastModifiedDate":"2024-11-17","isFullCredit":false},{"lineNumber":92,"author":{"gitId":"kaili98"},"content":"    private static void saveTasksToFile() {","lastModifiedDate":"2024-11-17","isFullCredit":false},{"lineNumber":93,"author":{"gitId":"kaili98"},"content":"        storage.saveTasksToFile(taskList);","lastModifiedDate":"2024-11-17","isFullCredit":false},{"lineNumber":94,"author":{"gitId":"kaili98"},"content":"    }","lastModifiedDate":"2024-11-17","isFullCredit":false},{"lineNumber":95,"author":{"gitId":"kaili98"},"content":"}","lastModifiedDate":"2024-11-17","isFullCredit":false}],"authorContributionMap":{"kaili98":95}},{"path":"src/main/java/KLBot/Parser/Parser.java","fileType":"java","lines":[{"lineNumber":1,"author":{"gitId":"kaili98"},"content":"package KLBot.Parser;","lastModifiedDate":"2024-11-17","isFullCredit":false},{"lineNumber":2,"author":{"gitId":"kaili98"},"content":"","lastModifiedDate":"2024-11-17","isFullCredit":false},{"lineNumber":3,"author":{"gitId":"kaili98"},"content":"import KLBot.KLBotException;","lastModifiedDate":"2024-11-17","isFullCredit":false},{"lineNumber":4,"author":{"gitId":"kaili98"},"content":"import KLBot.TaskList.Deadline;","lastModifiedDate":"2024-11-17","isFullCredit":false},{"lineNumber":5,"author":{"gitId":"kaili98"},"content":"import KLBot.TaskList.Event;","lastModifiedDate":"2024-11-17","isFullCredit":false},{"lineNumber":6,"author":{"gitId":"kaili98"},"content":"import KLBot.TaskList.Task;","lastModifiedDate":"2024-11-17","isFullCredit":false},{"lineNumber":7,"author":{"gitId":"kaili98"},"content":"import KLBot.TaskList.ToDo;","lastModifiedDate":"2024-11-17","isFullCredit":false},{"lineNumber":8,"author":{"gitId":"kaili98"},"content":"","lastModifiedDate":"2024-11-17","isFullCredit":false},{"lineNumber":9,"author":{"gitId":"kaili98"},"content":"public class Parser {","lastModifiedDate":"2024-11-17","isFullCredit":false},{"lineNumber":10,"author":{"gitId":"kaili98"},"content":"    private static String errorTask;","lastModifiedDate":"2024-11-17","isFullCredit":false},{"lineNumber":11,"author":{"gitId":"kaili98"},"content":"","lastModifiedDate":"2024-11-17","isFullCredit":false},{"lineNumber":12,"author":{"gitId":"kaili98"},"content":"    public boolean isExit(String userInput) {","lastModifiedDate":"2024-11-17","isFullCredit":false},{"lineNumber":13,"author":{"gitId":"kaili98"},"content":"        return \"bye\".equalsIgnoreCase(userInput);","lastModifiedDate":"2024-11-17","isFullCredit":false},{"lineNumber":14,"author":{"gitId":"kaili98"},"content":"    }","lastModifiedDate":"2024-11-17","isFullCredit":false},{"lineNumber":15,"author":{"gitId":"kaili98"},"content":"","lastModifiedDate":"2024-11-17","isFullCredit":false},{"lineNumber":16,"author":{"gitId":"kaili98"},"content":"    public boolean isShowList(String userInput) {","lastModifiedDate":"2024-11-17","isFullCredit":false},{"lineNumber":17,"author":{"gitId":"kaili98"},"content":"        return \"list\".equalsIgnoreCase(userInput);","lastModifiedDate":"2024-11-17","isFullCredit":false},{"lineNumber":18,"author":{"gitId":"kaili98"},"content":"    }","lastModifiedDate":"2024-11-17","isFullCredit":false},{"lineNumber":19,"author":{"gitId":"kaili98"},"content":"","lastModifiedDate":"2024-11-17","isFullCredit":false},{"lineNumber":20,"author":{"gitId":"kaili98"},"content":"    public Task createTask(String userInput) throws KLBotException {","lastModifiedDate":"2024-11-17","isFullCredit":false},{"lineNumber":21,"author":{"gitId":"kaili98"},"content":"        try {","lastModifiedDate":"2024-11-17","isFullCredit":false},{"lineNumber":22,"author":{"gitId":"kaili98"},"content":"            if (!hasDescription(userInput)) {","lastModifiedDate":"2024-11-17","isFullCredit":false},{"lineNumber":23,"author":{"gitId":"kaili98"},"content":"                throw new KLBotException(errorTask);","lastModifiedDate":"2024-11-17","isFullCredit":false},{"lineNumber":24,"author":{"gitId":"kaili98"},"content":"            }","lastModifiedDate":"2024-11-17","isFullCredit":false},{"lineNumber":25,"author":{"gitId":"kaili98"},"content":"            if (userInput.startsWith(\"todo\")) {","lastModifiedDate":"2024-11-17","isFullCredit":false},{"lineNumber":26,"author":{"gitId":"kaili98"},"content":"                return new ToDo(userInput.replace(\"todo \", \"\").trim());","lastModifiedDate":"2024-11-17","isFullCredit":false},{"lineNumber":27,"author":{"gitId":"kaili98"},"content":"            } else if (userInput.startsWith(\"deadline\")) {","lastModifiedDate":"2024-11-17","isFullCredit":false},{"lineNumber":28,"author":{"gitId":"kaili98"},"content":"                String[] parts \u003d userInput.replace(\"deadline \", \"\").split(\"/by\", 2);","lastModifiedDate":"2024-11-17","isFullCredit":false},{"lineNumber":29,"author":{"gitId":"kaili98"},"content":"                if (parts.length \u003c 2) return null;","lastModifiedDate":"2024-11-17","isFullCredit":false},{"lineNumber":30,"author":{"gitId":"kaili98"},"content":"                return new Deadline(parts[0].trim(), parts[1].trim());","lastModifiedDate":"2024-11-17","isFullCredit":false},{"lineNumber":31,"author":{"gitId":"kaili98"},"content":"            } else if (userInput.startsWith(\"event\")) {","lastModifiedDate":"2024-11-17","isFullCredit":false},{"lineNumber":32,"author":{"gitId":"kaili98"},"content":"                String[] parts \u003d userInput.replace(\"event \", \"\").split(\"/\", 3);","lastModifiedDate":"2024-11-17","isFullCredit":false},{"lineNumber":33,"author":{"gitId":"kaili98"},"content":"                if (parts.length \u003c 3) return null;","lastModifiedDate":"2024-11-17","isFullCredit":false},{"lineNumber":34,"author":{"gitId":"kaili98"},"content":"                return new Event(parts[0].trim(), parts[1].replace(\"from \", \"\").trim(), parts[2].replace(\"to \", \"\").trim());","lastModifiedDate":"2024-11-17","isFullCredit":false},{"lineNumber":35,"author":{"gitId":"kaili98"},"content":"            }","lastModifiedDate":"2024-11-17","isFullCredit":false},{"lineNumber":36,"author":{"gitId":"kaili98"},"content":"        } catch (KLBotException e) {","lastModifiedDate":"2024-11-17","isFullCredit":false},{"lineNumber":37,"author":{"gitId":"kaili98"},"content":"            System.out.println(e.getMessage());","lastModifiedDate":"2024-11-17","isFullCredit":false},{"lineNumber":38,"author":{"gitId":"kaili98"},"content":"        }","lastModifiedDate":"2024-11-17","isFullCredit":false},{"lineNumber":39,"author":{"gitId":"kaili98"},"content":"        return null;","lastModifiedDate":"2024-11-17","isFullCredit":false},{"lineNumber":40,"author":{"gitId":"kaili98"},"content":"    }","lastModifiedDate":"2024-11-17","isFullCredit":false},{"lineNumber":41,"author":{"gitId":"kaili98"},"content":"","lastModifiedDate":"2024-11-17","isFullCredit":false},{"lineNumber":42,"author":{"gitId":"kaili98"},"content":"    private static boolean hasDescription(String userInput) {","lastModifiedDate":"2024-11-17","isFullCredit":false},{"lineNumber":43,"author":{"gitId":"kaili98"},"content":"        if (userInput.toLowerCase().startsWith(\"todo\")) {","lastModifiedDate":"2024-11-17","isFullCredit":false},{"lineNumber":44,"author":{"gitId":"kaili98"},"content":"            String[] todoDescription \u003d userInput.split(\" \");","lastModifiedDate":"2024-11-17","isFullCredit":false},{"lineNumber":45,"author":{"gitId":"kaili98"},"content":"            if (todoDescription.length \u003c\u003d 1) {","lastModifiedDate":"2024-11-17","isFullCredit":false},{"lineNumber":46,"author":{"gitId":"kaili98"},"content":"                errorTask \u003d \"Oops! It seems there’s a small issue with your To Do task description. Please make sure it follows the format: \u0027todo borrow book\u0027. 😊\";","lastModifiedDate":"2024-11-17","isFullCredit":false},{"lineNumber":47,"author":{"gitId":"kaili98"},"content":"                return false;","lastModifiedDate":"2024-11-17","isFullCredit":false},{"lineNumber":48,"author":{"gitId":"kaili98"},"content":"            }","lastModifiedDate":"2024-11-17","isFullCredit":false},{"lineNumber":49,"author":{"gitId":"kaili98"},"content":"            return true;","lastModifiedDate":"2024-11-17","isFullCredit":false},{"lineNumber":50,"author":{"gitId":"kaili98"},"content":"        }","lastModifiedDate":"2024-11-17","isFullCredit":false},{"lineNumber":51,"author":{"gitId":"kaili98"},"content":"        if (userInput.toLowerCase().startsWith(\"deadline\")) {","lastModifiedDate":"2024-11-17","isFullCredit":false},{"lineNumber":52,"author":{"gitId":"kaili98"},"content":"            String[] deadlineDescription \u003d userInput.split(\" /by \");","lastModifiedDate":"2024-11-17","isFullCredit":false},{"lineNumber":53,"author":{"gitId":"kaili98"},"content":"            if (deadlineDescription.length !\u003d 2) {","lastModifiedDate":"2024-11-17","isFullCredit":false},{"lineNumber":54,"author":{"gitId":"kaili98"},"content":"                errorTask \u003d \"Oh no! There’s a little hiccup with your Deadline task description. Please follow this format: \u0027deadline return book /by Sunday\u0027. 📝\";","lastModifiedDate":"2024-11-17","isFullCredit":false},{"lineNumber":55,"author":{"gitId":"kaili98"},"content":"                return false;","lastModifiedDate":"2024-11-17","isFullCredit":false},{"lineNumber":56,"author":{"gitId":"kaili98"},"content":"            }","lastModifiedDate":"2024-11-17","isFullCredit":false},{"lineNumber":57,"author":{"gitId":"kaili98"},"content":"            return true;","lastModifiedDate":"2024-11-17","isFullCredit":false},{"lineNumber":58,"author":{"gitId":"kaili98"},"content":"        }","lastModifiedDate":"2024-11-17","isFullCredit":false},{"lineNumber":59,"author":{"gitId":"kaili98"},"content":"        if (userInput.toLowerCase().startsWith(\"event\")) {","lastModifiedDate":"2024-11-17","isFullCredit":false},{"lineNumber":60,"author":{"gitId":"kaili98"},"content":"            String[] eventDescription \u003d userInput.split(\" /from | /to \");","lastModifiedDate":"2024-11-17","isFullCredit":false},{"lineNumber":61,"author":{"gitId":"kaili98"},"content":"            if (eventDescription.length !\u003d 3) {","lastModifiedDate":"2024-11-17","isFullCredit":false},{"lineNumber":62,"author":{"gitId":"kaili98"},"content":"                errorTask \u003d \"Oops! There’s a problem with your Event task description. Please follow this format: \u0027event project meeting /from Mon 2pm /to 4pm\u0027. 🎉\";","lastModifiedDate":"2024-11-17","isFullCredit":false},{"lineNumber":63,"author":{"gitId":"kaili98"},"content":"                return false;","lastModifiedDate":"2024-11-17","isFullCredit":false},{"lineNumber":64,"author":{"gitId":"kaili98"},"content":"            }","lastModifiedDate":"2024-11-17","isFullCredit":false},{"lineNumber":65,"author":{"gitId":"kaili98"},"content":"            return true;","lastModifiedDate":"2024-11-17","isFullCredit":false},{"lineNumber":66,"author":{"gitId":"kaili98"},"content":"        }","lastModifiedDate":"2024-11-17","isFullCredit":false},{"lineNumber":67,"author":{"gitId":"kaili98"},"content":"        return false;","lastModifiedDate":"2024-11-17","isFullCredit":false},{"lineNumber":68,"author":{"gitId":"kaili98"},"content":"    }","lastModifiedDate":"2024-11-17","isFullCredit":false},{"lineNumber":69,"author":{"gitId":"kaili98"},"content":"}","lastModifiedDate":"2024-11-17","isFullCredit":false},{"lineNumber":70,"author":{"gitId":"kaili98"},"content":"","lastModifiedDate":"2024-11-17","isFullCredit":false}],"authorContributionMap":{"kaili98":70}},{"path":"src/main/java/KLBot/Storage/Storage.java","fileType":"java","lines":[{"lineNumber":1,"author":{"gitId":"kaili98"},"content":"package KLBot.Storage;","lastModifiedDate":"2024-11-17","isFullCredit":false},{"lineNumber":2,"author":{"gitId":"kaili98"},"content":"","lastModifiedDate":"2024-11-17","isFullCredit":false},{"lineNumber":3,"author":{"gitId":"kaili98"},"content":"import KLBot.TaskList.Task;","lastModifiedDate":"2024-11-17","isFullCredit":false},{"lineNumber":4,"author":{"gitId":"kaili98"},"content":"import KLBot.TaskList.TaskList;","lastModifiedDate":"2024-11-17","isFullCredit":false},{"lineNumber":5,"author":{"gitId":"kaili98"},"content":"import KLBot.Ui.Ui;","lastModifiedDate":"2024-11-17","isFullCredit":false},{"lineNumber":6,"author":{"gitId":"kaili98"},"content":"import java.io.*;","lastModifiedDate":"2024-11-17","isFullCredit":false},{"lineNumber":7,"author":{"gitId":"kaili98"},"content":"import java.util.ArrayList;","lastModifiedDate":"2024-11-17","isFullCredit":false},{"lineNumber":8,"author":{"gitId":"kaili98"},"content":"import java.util.Scanner;","lastModifiedDate":"2024-11-17","isFullCredit":false},{"lineNumber":9,"author":{"gitId":"kaili98"},"content":"","lastModifiedDate":"2024-11-17","isFullCredit":false},{"lineNumber":10,"author":{"gitId":"kaili98"},"content":"public class Storage {","lastModifiedDate":"2024-11-17","isFullCredit":false},{"lineNumber":11,"author":{"gitId":"kaili98"},"content":"    private String filePath;","lastModifiedDate":"2024-11-17","isFullCredit":false},{"lineNumber":12,"author":{"gitId":"kaili98"},"content":"    private static final Ui ui \u003d new Ui();","lastModifiedDate":"2024-11-17","isFullCredit":false},{"lineNumber":13,"author":{"gitId":"kaili98"},"content":"    public Storage(String filePath) {","lastModifiedDate":"2024-11-17","isFullCredit":false},{"lineNumber":14,"author":{"gitId":"kaili98"},"content":"        this.filePath \u003d filePath;","lastModifiedDate":"2024-11-17","isFullCredit":false},{"lineNumber":15,"author":{"gitId":"kaili98"},"content":"    }","lastModifiedDate":"2024-11-17","isFullCredit":false},{"lineNumber":16,"author":{"gitId":"kaili98"},"content":"","lastModifiedDate":"2024-11-17","isFullCredit":false},{"lineNumber":17,"author":{"gitId":"kaili98"},"content":"    public void saveTasksToFile(TaskList taskList) {","lastModifiedDate":"2024-11-17","isFullCredit":false},{"lineNumber":18,"author":{"gitId":"kaili98"},"content":"        try (FileWriter writer \u003d new FileWriter(filePath)) {","lastModifiedDate":"2024-11-17","isFullCredit":false},{"lineNumber":19,"author":{"gitId":"kaili98"},"content":"            for (int i \u003d 0; i \u003c taskList.size(); i++) {","lastModifiedDate":"2024-11-17","isFullCredit":false},{"lineNumber":20,"author":{"gitId":"kaili98"},"content":"                writer.write(taskList.getTask(i).toFileFormat()+ \"\\n\");","lastModifiedDate":"2024-11-17","isFullCredit":false},{"lineNumber":21,"author":{"gitId":"kaili98"},"content":"            }","lastModifiedDate":"2024-11-17","isFullCredit":false},{"lineNumber":22,"author":{"gitId":"kaili98"},"content":"            System.out.println(\"Everything is saved! Your tasks are safe and sound. 😊\");","lastModifiedDate":"2024-11-17","isFullCredit":false},{"lineNumber":23,"author":{"gitId":"kaili98"},"content":"        } catch (IOException e) {","lastModifiedDate":"2024-11-17","isFullCredit":false},{"lineNumber":24,"author":{"gitId":"kaili98"},"content":"            System.out.println(\"Oops! Something went wrong while saving tasks to file. Please try again! 😟\");","lastModifiedDate":"2024-11-17","isFullCredit":false},{"lineNumber":25,"author":{"gitId":"kaili98"},"content":"        }","lastModifiedDate":"2024-11-17","isFullCredit":false},{"lineNumber":26,"author":{"gitId":"kaili98"},"content":"    }","lastModifiedDate":"2024-11-17","isFullCredit":false},{"lineNumber":27,"author":{"gitId":"kaili98"},"content":"","lastModifiedDate":"2024-11-17","isFullCredit":false},{"lineNumber":28,"author":{"gitId":"kaili98"},"content":"    public ArrayList\u003cTask\u003e loadTasksFromFile() {","lastModifiedDate":"2024-11-17","isFullCredit":false},{"lineNumber":29,"author":{"gitId":"kaili98"},"content":"        File file \u003d new File(filePath);","lastModifiedDate":"2024-11-17","isFullCredit":false},{"lineNumber":30,"author":{"gitId":"kaili98"},"content":"        ArrayList\u003cTask\u003e taskList \u003d new ArrayList\u003c\u003e();","lastModifiedDate":"2024-11-17","isFullCredit":false},{"lineNumber":31,"author":{"gitId":"kaili98"},"content":"","lastModifiedDate":"2024-11-17","isFullCredit":false},{"lineNumber":32,"author":{"gitId":"kaili98"},"content":"        if (file.exists()) {","lastModifiedDate":"2024-11-17","isFullCredit":false},{"lineNumber":33,"author":{"gitId":"kaili98"},"content":"            try (Scanner fileScanner \u003d new Scanner(file)) {","lastModifiedDate":"2024-11-17","isFullCredit":false},{"lineNumber":34,"author":{"gitId":"kaili98"},"content":"                while (fileScanner.hasNextLine()) {","lastModifiedDate":"2024-11-17","isFullCredit":false},{"lineNumber":35,"author":{"gitId":"kaili98"},"content":"                    String line \u003d fileScanner.nextLine();","lastModifiedDate":"2024-11-17","isFullCredit":false},{"lineNumber":36,"author":{"gitId":"kaili98"},"content":"                    Task task \u003d Task.fromFileFormat(line);","lastModifiedDate":"2024-11-17","isFullCredit":false},{"lineNumber":37,"author":{"gitId":"kaili98"},"content":"                    if (task !\u003d null) {","lastModifiedDate":"2024-11-17","isFullCredit":false},{"lineNumber":38,"author":{"gitId":"kaili98"},"content":"                        taskList.add(task);","lastModifiedDate":"2024-11-17","isFullCredit":false},{"lineNumber":39,"author":{"gitId":"kaili98"},"content":"                    }","lastModifiedDate":"2024-11-17","isFullCredit":false},{"lineNumber":40,"author":{"gitId":"kaili98"},"content":"                }","lastModifiedDate":"2024-11-17","isFullCredit":false},{"lineNumber":41,"author":{"gitId":"kaili98"},"content":"                if (!taskList.isEmpty()) {","lastModifiedDate":"2024-11-17","isFullCredit":false},{"lineNumber":42,"author":{"gitId":"kaili98"},"content":"                    System.out.println(\"Yay! I found some tasks you’ve saved earlier:\");","lastModifiedDate":"2024-11-17","isFullCredit":false},{"lineNumber":43,"author":{"gitId":"kaili98"},"content":"                    for (int i \u003d 0; i \u003c taskList.size(); i++) {","lastModifiedDate":"2024-11-17","isFullCredit":false},{"lineNumber":44,"author":{"gitId":"kaili98"},"content":"                        System.out.println(\"\\t\" + (i + 1) + \".\" + taskList.get(i));","lastModifiedDate":"2024-11-17","isFullCredit":false},{"lineNumber":45,"author":{"gitId":"kaili98"},"content":"                    }","lastModifiedDate":"2024-11-17","isFullCredit":false},{"lineNumber":46,"author":{"gitId":"kaili98"},"content":"                    ui.printLine();","lastModifiedDate":"2024-11-17","isFullCredit":false},{"lineNumber":47,"author":{"gitId":"kaili98"},"content":"                }","lastModifiedDate":"2024-11-17","isFullCredit":false},{"lineNumber":48,"author":{"gitId":"kaili98"},"content":"            }catch (FileNotFoundException e) {","lastModifiedDate":"2024-11-17","isFullCredit":false},{"lineNumber":49,"author":{"gitId":"kaili98"},"content":"                System.out.println(\"Uh-oh, I couldn’t find your saved tasks. Maybe you don’t have any yet? 😊\");","lastModifiedDate":"2024-11-17","isFullCredit":false},{"lineNumber":50,"author":{"gitId":"kaili98"},"content":"            }","lastModifiedDate":"2024-11-17","isFullCredit":false},{"lineNumber":51,"author":{"gitId":"kaili98"},"content":"        }else {","lastModifiedDate":"2024-11-17","isFullCredit":false},{"lineNumber":52,"author":{"gitId":"kaili98"},"content":"            System.out.println(\"File not found at \" + file.getAbsolutePath());","lastModifiedDate":"2024-11-17","isFullCredit":false},{"lineNumber":53,"author":{"gitId":"kaili98"},"content":"        }","lastModifiedDate":"2024-11-17","isFullCredit":false},{"lineNumber":54,"author":{"gitId":"kaili98"},"content":"","lastModifiedDate":"2024-11-17","isFullCredit":false},{"lineNumber":55,"author":{"gitId":"kaili98"},"content":"        return taskList;","lastModifiedDate":"2024-11-17","isFullCredit":false},{"lineNumber":56,"author":{"gitId":"kaili98"},"content":"    }","lastModifiedDate":"2024-11-17","isFullCredit":false},{"lineNumber":57,"author":{"gitId":"kaili98"},"content":"}","lastModifiedDate":"2024-11-17","isFullCredit":false}],"authorContributionMap":{"kaili98":57}},{"path":"src/main/java/KLBot/TaskList/Deadline.java","fileType":"java","lines":[{"lineNumber":1,"author":{"gitId":"kaili98"},"content":"package KLBot.TaskList;","lastModifiedDate":"2024-11-17","isFullCredit":false},{"lineNumber":2,"author":{"gitId":"kaili98"},"content":"import java.time.LocalDate;","lastModifiedDate":"2024-11-17","isFullCredit":false},{"lineNumber":3,"author":{"gitId":"kaili98"},"content":"import java.time.format.DateTimeFormatter;","lastModifiedDate":"2024-11-17","isFullCredit":false},{"lineNumber":4,"author":{"gitId":"kaili98"},"content":"","lastModifiedDate":"2024-11-17","isFullCredit":false},{"lineNumber":5,"author":{"gitId":"kaili98"},"content":"public class Deadline extends Task {","lastModifiedDate":"2024-11-17","isFullCredit":false},{"lineNumber":6,"author":{"gitId":"kaili98"},"content":"    protected LocalDate deadlineDate;","lastModifiedDate":"2024-11-17","isFullCredit":false},{"lineNumber":7,"author":{"gitId":"kaili98"},"content":"    DateTimeFormatter formatter \u003d DateTimeFormatter.ofPattern(\"MMM dd yyyy\");","lastModifiedDate":"2024-11-17","isFullCredit":false},{"lineNumber":8,"author":{"gitId":"kaili98"},"content":"    protected String deadlineDesc;","lastModifiedDate":"2024-11-17","isFullCredit":false},{"lineNumber":9,"author":{"gitId":"kaili98"},"content":"","lastModifiedDate":"2024-11-16","isFullCredit":false},{"lineNumber":10,"author":{"gitId":"kaili98"},"content":"    public Deadline(String description, String deadlineDate) {","lastModifiedDate":"2024-11-16","isFullCredit":false},{"lineNumber":11,"author":{"gitId":"kaili98"},"content":"        super(description);","lastModifiedDate":"2024-11-16","isFullCredit":false},{"lineNumber":12,"author":{"gitId":"kaili98"},"content":"        this.deadlineDesc\u003ddescription;","lastModifiedDate":"2024-11-17","isFullCredit":false},{"lineNumber":13,"author":{"gitId":"kaili98"},"content":"        this.deadlineDate \u003d LocalDate.parse(deadlineDate);","lastModifiedDate":"2024-11-17","isFullCredit":false},{"lineNumber":14,"author":{"gitId":"kaili98"},"content":"    }","lastModifiedDate":"2024-11-16","isFullCredit":false},{"lineNumber":15,"author":{"gitId":"kaili98"},"content":"","lastModifiedDate":"2024-11-16","isFullCredit":false},{"lineNumber":16,"author":{"gitId":"kaili98"},"content":"    @Override","lastModifiedDate":"2024-11-17","isFullCredit":false},{"lineNumber":17,"author":{"gitId":"kaili98"},"content":"    public String getDescription() {","lastModifiedDate":"2024-11-17","isFullCredit":false},{"lineNumber":18,"author":{"gitId":"kaili98"},"content":"        return deadlineDesc + \" (by: \" + deadlineDate.format(formatter) + \")\";","lastModifiedDate":"2024-11-17","isFullCredit":false},{"lineNumber":19,"author":{"gitId":"kaili98"},"content":"    }","lastModifiedDate":"2024-11-17","isFullCredit":false},{"lineNumber":20,"author":{"gitId":"kaili98"},"content":"","lastModifiedDate":"2024-11-17","isFullCredit":false},{"lineNumber":21,"author":{"gitId":"kaili98"},"content":"    @Override","lastModifiedDate":"2024-11-17","isFullCredit":false},{"lineNumber":22,"author":{"gitId":"kaili98"},"content":"    public String getType() {","lastModifiedDate":"2024-11-17","isFullCredit":false},{"lineNumber":23,"author":{"gitId":"kaili98"},"content":"        return \"D\";","lastModifiedDate":"2024-11-17","isFullCredit":false},{"lineNumber":24,"author":{"gitId":"kaili98"},"content":"    }","lastModifiedDate":"2024-11-17","isFullCredit":false},{"lineNumber":25,"author":{"gitId":"kaili98"},"content":"","lastModifiedDate":"2024-11-17","isFullCredit":false},{"lineNumber":26,"author":{"gitId":"kaili98"},"content":"    @Override","lastModifiedDate":"2024-11-16","isFullCredit":false},{"lineNumber":27,"author":{"gitId":"kaili98"},"content":"    public String toString() {","lastModifiedDate":"2024-11-16","isFullCredit":false},{"lineNumber":28,"author":{"gitId":"kaili98"},"content":"        return \"[D]\" + super.toString() + \" (by: \" + deadlineDate.format(formatter) + \")\";","lastModifiedDate":"2024-11-17","isFullCredit":false},{"lineNumber":29,"author":{"gitId":"kaili98"},"content":"    }","lastModifiedDate":"2024-11-16","isFullCredit":false},{"lineNumber":30,"author":{"gitId":"kaili98"},"content":"","lastModifiedDate":"2024-11-17","isFullCredit":false},{"lineNumber":31,"author":{"gitId":"kaili98"},"content":"    @Override","lastModifiedDate":"2024-11-17","isFullCredit":false},{"lineNumber":32,"author":{"gitId":"kaili98"},"content":"    public String toFileFormat() {","lastModifiedDate":"2024-11-17","isFullCredit":false},{"lineNumber":33,"author":{"gitId":"kaili98"},"content":"        return \"D | \" + (completed ? \"1\" : \"0\") + \" | \" + listDescription + \" | \" + deadlineDate.toString();","lastModifiedDate":"2024-11-17","isFullCredit":false},{"lineNumber":34,"author":{"gitId":"kaili98"},"content":"    }","lastModifiedDate":"2024-11-17","isFullCredit":false},{"lineNumber":35,"author":{"gitId":"kaili98"},"content":"}","lastModifiedDate":"2024-11-16","isFullCredit":false}],"authorContributionMap":{"kaili98":35}},{"path":"src/main/java/KLBot/TaskList/Event.java","fileType":"java","lines":[{"lineNumber":1,"author":{"gitId":"kaili98"},"content":"package KLBot.TaskList;","lastModifiedDate":"2024-11-17","isFullCredit":false},{"lineNumber":2,"author":{"gitId":"kaili98"},"content":"import java.time.LocalDateTime;","lastModifiedDate":"2024-11-17","isFullCredit":false},{"lineNumber":3,"author":{"gitId":"kaili98"},"content":"import java.time.format.DateTimeFormatter;","lastModifiedDate":"2024-11-17","isFullCredit":false},{"lineNumber":4,"author":{"gitId":"kaili98"},"content":"","lastModifiedDate":"2024-11-17","isFullCredit":false},{"lineNumber":5,"author":{"gitId":"kaili98"},"content":"public class Event extends Task {","lastModifiedDate":"2024-11-17","isFullCredit":false},{"lineNumber":6,"author":{"gitId":"kaili98"},"content":"","lastModifiedDate":"2024-11-16","isFullCredit":false},{"lineNumber":7,"author":{"gitId":"kaili98"},"content":"    protected LocalDateTime fromDateTime;","lastModifiedDate":"2024-11-17","isFullCredit":false},{"lineNumber":8,"author":{"gitId":"kaili98"},"content":"    protected LocalDateTime toDateTime;","lastModifiedDate":"2024-11-17","isFullCredit":false},{"lineNumber":9,"author":{"gitId":"kaili98"},"content":"    protected String eventDesc;","lastModifiedDate":"2024-11-17","isFullCredit":false},{"lineNumber":10,"author":{"gitId":"kaili98"},"content":"    DateTimeFormatter formatter;","lastModifiedDate":"2024-11-17","isFullCredit":false},{"lineNumber":11,"author":{"gitId":"kaili98"},"content":"    public Event(String description, String fromDateTime, String toDateTime) {","lastModifiedDate":"2024-11-16","isFullCredit":false},{"lineNumber":12,"author":{"gitId":"kaili98"},"content":"        super(description);","lastModifiedDate":"2024-11-16","isFullCredit":false},{"lineNumber":13,"author":{"gitId":"kaili98"},"content":"        this.eventDesc\u003ddescription;","lastModifiedDate":"2024-11-17","isFullCredit":false},{"lineNumber":14,"author":{"gitId":"kaili98"},"content":"","lastModifiedDate":"2024-11-17","isFullCredit":false},{"lineNumber":15,"author":{"gitId":"kaili98"},"content":"        if(fromDateTime.contains(\"T\")||toDateTime.contains(\"T\")){","lastModifiedDate":"2024-11-17","isFullCredit":false},{"lineNumber":16,"author":{"gitId":"kaili98"},"content":"            formatter \u003d DateTimeFormatter.ofPattern(\"yyyy-MM-dd\u0027T\u0027HH:mm\");","lastModifiedDate":"2024-11-17","isFullCredit":false},{"lineNumber":17,"author":{"gitId":"kaili98"},"content":"        }else{","lastModifiedDate":"2024-11-17","isFullCredit":false},{"lineNumber":18,"author":{"gitId":"kaili98"},"content":"            formatter \u003d DateTimeFormatter.ofPattern(\"yyyy-MM-dd HH:mm\");","lastModifiedDate":"2024-11-17","isFullCredit":false},{"lineNumber":19,"author":{"gitId":"kaili98"},"content":"        }","lastModifiedDate":"2024-11-16","isFullCredit":false},{"lineNumber":20,"author":{"gitId":"kaili98"},"content":"","lastModifiedDate":"2024-11-16","isFullCredit":false},{"lineNumber":21,"author":{"gitId":"kaili98"},"content":"        this.fromDateTime \u003d LocalDateTime.parse(fromDateTime, formatter);","lastModifiedDate":"2024-11-17","isFullCredit":false},{"lineNumber":22,"author":{"gitId":"kaili98"},"content":"        this.toDateTime \u003d LocalDateTime.parse(toDateTime, formatter);","lastModifiedDate":"2024-11-17","isFullCredit":false},{"lineNumber":23,"author":{"gitId":"kaili98"},"content":"    }","lastModifiedDate":"2024-11-17","isFullCredit":false},{"lineNumber":24,"author":{"gitId":"kaili98"},"content":"","lastModifiedDate":"2024-11-17","isFullCredit":false},{"lineNumber":25,"author":{"gitId":"kaili98"},"content":"    @Override","lastModifiedDate":"2024-11-17","isFullCredit":false},{"lineNumber":26,"author":{"gitId":"kaili98"},"content":"    public String getDescription() {","lastModifiedDate":"2024-11-17","isFullCredit":false},{"lineNumber":27,"author":{"gitId":"kaili98"},"content":"        formatter \u003d DateTimeFormatter.ofPattern(\"MMM dd yyyy HH:mm\");","lastModifiedDate":"2024-11-17","isFullCredit":false},{"lineNumber":28,"author":{"gitId":"kaili98"},"content":"        return eventDesc +  \" (from: \" + fromDateTime.format(formatter) + \" to: \" + toDateTime.format(formatter) + \")\";","lastModifiedDate":"2024-11-17","isFullCredit":false},{"lineNumber":29,"author":{"gitId":"kaili98"},"content":"    }","lastModifiedDate":"2024-11-17","isFullCredit":false},{"lineNumber":30,"author":{"gitId":"kaili98"},"content":"","lastModifiedDate":"2024-11-17","isFullCredit":false},{"lineNumber":31,"author":{"gitId":"kaili98"},"content":"    @Override","lastModifiedDate":"2024-11-17","isFullCredit":false},{"lineNumber":32,"author":{"gitId":"kaili98"},"content":"    public String getType() {","lastModifiedDate":"2024-11-17","isFullCredit":false},{"lineNumber":33,"author":{"gitId":"kaili98"},"content":"        return \"E\";","lastModifiedDate":"2024-11-17","isFullCredit":false},{"lineNumber":34,"author":{"gitId":"kaili98"},"content":"    }","lastModifiedDate":"2024-11-17","isFullCredit":false},{"lineNumber":35,"author":{"gitId":"kaili98"},"content":"","lastModifiedDate":"2024-11-17","isFullCredit":false},{"lineNumber":36,"author":{"gitId":"kaili98"},"content":"    @Override","lastModifiedDate":"2024-11-16","isFullCredit":false},{"lineNumber":37,"author":{"gitId":"kaili98"},"content":"    public String toString() {","lastModifiedDate":"2024-11-16","isFullCredit":false},{"lineNumber":38,"author":{"gitId":"kaili98"},"content":"        formatter \u003d DateTimeFormatter.ofPattern(\"MMM dd yyyy HH:mm\");","lastModifiedDate":"2024-11-17","isFullCredit":false},{"lineNumber":39,"author":{"gitId":"kaili98"},"content":"        return \"[E]\" + super.toString() + \" (from: \" + fromDateTime.format(formatter) + \" to: \" + toDateTime.format(formatter) + \")\";","lastModifiedDate":"2024-11-17","isFullCredit":false},{"lineNumber":40,"author":{"gitId":"kaili98"},"content":"    }","lastModifiedDate":"2024-11-16","isFullCredit":false},{"lineNumber":41,"author":{"gitId":"kaili98"},"content":"","lastModifiedDate":"2024-11-17","isFullCredit":false},{"lineNumber":42,"author":{"gitId":"kaili98"},"content":"    @Override","lastModifiedDate":"2024-11-17","isFullCredit":false},{"lineNumber":43,"author":{"gitId":"kaili98"},"content":"    public String toFileFormat() {","lastModifiedDate":"2024-11-17","isFullCredit":false},{"lineNumber":44,"author":{"gitId":"kaili98"},"content":"        return \"E | \" + (completed ? \"1\" : \"0\") + \" | \" + listDescription + \" | \" + fromDateTime.toString() + \" | \" + toDateTime.toString();","lastModifiedDate":"2024-11-17","isFullCredit":false},{"lineNumber":45,"author":{"gitId":"kaili98"},"content":"    }","lastModifiedDate":"2024-11-17","isFullCredit":false},{"lineNumber":46,"author":{"gitId":"kaili98"},"content":"}","lastModifiedDate":"2024-11-16","isFullCredit":false}],"authorContributionMap":{"kaili98":46}},{"path":"src/main/java/KLBot/TaskList/Task.java","fileType":"java","lines":[{"lineNumber":1,"author":{"gitId":"kaili98"},"content":"package KLBot.TaskList;","lastModifiedDate":"2024-11-17","isFullCredit":false},{"lineNumber":2,"author":{"gitId":"kaili98"},"content":"","lastModifiedDate":"2024-11-17","isFullCredit":false},{"lineNumber":3,"author":{"gitId":"kaili98"},"content":"public class Task {","lastModifiedDate":"2024-11-17","isFullCredit":false},{"lineNumber":4,"author":{"gitId":"kaili98"},"content":"    protected boolean completed;","lastModifiedDate":"2024-11-10","isFullCredit":false},{"lineNumber":5,"author":{"gitId":"kaili98"},"content":"    protected String listDescription;","lastModifiedDate":"2024-11-10","isFullCredit":false},{"lineNumber":6,"author":{"gitId":"kaili98"},"content":"","lastModifiedDate":"2024-11-16","isFullCredit":false},{"lineNumber":7,"author":{"gitId":"kaili98"},"content":"    public Task(String listDescription) {","lastModifiedDate":"2024-11-17","isFullCredit":false},{"lineNumber":8,"author":{"gitId":"kaili98"},"content":"        this.listDescription \u003d listDescription;","lastModifiedDate":"2024-11-10","isFullCredit":false},{"lineNumber":9,"author":{"gitId":"kaili98"},"content":"        this.completed \u003d false;","lastModifiedDate":"2024-11-10","isFullCredit":false},{"lineNumber":10,"author":{"gitId":"kaili98"},"content":"    }","lastModifiedDate":"2024-11-10","isFullCredit":false},{"lineNumber":11,"author":{"gitId":"kaili98"},"content":"","lastModifiedDate":"2024-11-17","isFullCredit":false},{"lineNumber":12,"author":{"gitId":"kaili98"},"content":"    public void markAsCompleted() {","lastModifiedDate":"2024-11-10","isFullCredit":false},{"lineNumber":13,"author":{"gitId":"kaili98"},"content":"        completed \u003d true;","lastModifiedDate":"2024-11-10","isFullCredit":false},{"lineNumber":14,"author":{"gitId":"kaili98"},"content":"    }","lastModifiedDate":"2024-11-10","isFullCredit":false},{"lineNumber":15,"author":{"gitId":"kaili98"},"content":"","lastModifiedDate":"2024-11-10","isFullCredit":false},{"lineNumber":16,"author":{"gitId":"kaili98"},"content":"    public void markAsIncomplete() {","lastModifiedDate":"2024-11-10","isFullCredit":false},{"lineNumber":17,"author":{"gitId":"kaili98"},"content":"        completed \u003d false;","lastModifiedDate":"2024-11-10","isFullCredit":false},{"lineNumber":18,"author":{"gitId":"kaili98"},"content":"    }","lastModifiedDate":"2024-11-10","isFullCredit":false},{"lineNumber":19,"author":{"gitId":"kaili98"},"content":"","lastModifiedDate":"2024-11-10","isFullCredit":false},{"lineNumber":20,"author":{"gitId":"kaili98"},"content":"    public String getDescription() {","lastModifiedDate":"2024-11-17","isFullCredit":false},{"lineNumber":21,"author":{"gitId":"kaili98"},"content":"        return listDescription;","lastModifiedDate":"2024-11-17","isFullCredit":false},{"lineNumber":22,"author":{"gitId":"kaili98"},"content":"    }","lastModifiedDate":"2024-11-17","isFullCredit":false},{"lineNumber":23,"author":{"gitId":"kaili98"},"content":"","lastModifiedDate":"2024-11-17","isFullCredit":false},{"lineNumber":24,"author":{"gitId":"kaili98"},"content":"    public String getStatusIcon() {","lastModifiedDate":"2024-11-17","isFullCredit":false},{"lineNumber":25,"author":{"gitId":"kaili98"},"content":"        return (completed ? \"X\" : \" \");","lastModifiedDate":"2024-11-17","isFullCredit":false},{"lineNumber":26,"author":{"gitId":"kaili98"},"content":"    }","lastModifiedDate":"2024-11-17","isFullCredit":false},{"lineNumber":27,"author":{"gitId":"kaili98"},"content":"","lastModifiedDate":"2024-11-17","isFullCredit":false},{"lineNumber":28,"author":{"gitId":"kaili98"},"content":"    public String getType() {","lastModifiedDate":"2024-11-17","isFullCredit":false},{"lineNumber":29,"author":{"gitId":"kaili98"},"content":"        return \"\";","lastModifiedDate":"2024-11-17","isFullCredit":false},{"lineNumber":30,"author":{"gitId":"kaili98"},"content":"    }","lastModifiedDate":"2024-11-17","isFullCredit":false},{"lineNumber":31,"author":{"gitId":"kaili98"},"content":"","lastModifiedDate":"2024-11-17","isFullCredit":false},{"lineNumber":32,"author":{"gitId":"kaili98"},"content":"    @Override","lastModifiedDate":"2024-11-10","isFullCredit":false},{"lineNumber":33,"author":{"gitId":"kaili98"},"content":"    public String toString() {","lastModifiedDate":"2024-11-10","isFullCredit":false},{"lineNumber":34,"author":{"gitId":"kaili98"},"content":"        return \"[\" + (completed ? \"X\" : \" \") + \"] \" + listDescription;","lastModifiedDate":"2024-11-10","isFullCredit":false},{"lineNumber":35,"author":{"gitId":"kaili98"},"content":"    }","lastModifiedDate":"2024-11-10","isFullCredit":false},{"lineNumber":36,"author":{"gitId":"kaili98"},"content":"","lastModifiedDate":"2024-11-17","isFullCredit":false},{"lineNumber":37,"author":{"gitId":"kaili98"},"content":"    public String toFileFormat() {","lastModifiedDate":"2024-11-17","isFullCredit":false},{"lineNumber":38,"author":{"gitId":"kaili98"},"content":"        return \" | \" + (completed ? \"1\" : \"0\") + \" | \" + listDescription;","lastModifiedDate":"2024-11-17","isFullCredit":false},{"lineNumber":39,"author":{"gitId":"kaili98"},"content":"    }","lastModifiedDate":"2024-11-17","isFullCredit":false},{"lineNumber":40,"author":{"gitId":"kaili98"},"content":"","lastModifiedDate":"2024-11-17","isFullCredit":false},{"lineNumber":41,"author":{"gitId":"kaili98"},"content":"    public static Task fromFileFormat(String taskData) {","lastModifiedDate":"2024-11-17","isFullCredit":false},{"lineNumber":42,"author":{"gitId":"kaili98"},"content":"        String[] parts \u003d taskData.split(\" \\\\| \");","lastModifiedDate":"2024-11-17","isFullCredit":false},{"lineNumber":43,"author":{"gitId":"kaili98"},"content":"","lastModifiedDate":"2024-11-17","isFullCredit":false},{"lineNumber":44,"author":{"gitId":"kaili98"},"content":"        if (parts.length \u003e\u003d 3) {","lastModifiedDate":"2024-11-17","isFullCredit":false},{"lineNumber":45,"author":{"gitId":"kaili98"},"content":"            if (parts[0].equals(\"T\")) {","lastModifiedDate":"2024-11-17","isFullCredit":false},{"lineNumber":46,"author":{"gitId":"kaili98"},"content":"                ToDo task \u003d new ToDo(parts[2].trim());","lastModifiedDate":"2024-11-17","isFullCredit":false},{"lineNumber":47,"author":{"gitId":"kaili98"},"content":"                if (parts[1].equals(\"1\")) {","lastModifiedDate":"2024-11-17","isFullCredit":false},{"lineNumber":48,"author":{"gitId":"kaili98"},"content":"                    task.markAsCompleted();","lastModifiedDate":"2024-11-17","isFullCredit":false},{"lineNumber":49,"author":{"gitId":"kaili98"},"content":"                }","lastModifiedDate":"2024-11-17","isFullCredit":false},{"lineNumber":50,"author":{"gitId":"kaili98"},"content":"                return task;","lastModifiedDate":"2024-11-17","isFullCredit":false},{"lineNumber":51,"author":{"gitId":"kaili98"},"content":"            } else if (parts[0].equals(\"D\")) {","lastModifiedDate":"2024-11-17","isFullCredit":false},{"lineNumber":52,"author":{"gitId":"kaili98"},"content":"                if (parts.length \u003d\u003d 4) {","lastModifiedDate":"2024-11-17","isFullCredit":false},{"lineNumber":53,"author":{"gitId":"kaili98"},"content":"                    Deadline task \u003d new Deadline(parts[2].trim(), parts[3].trim());","lastModifiedDate":"2024-11-17","isFullCredit":false},{"lineNumber":54,"author":{"gitId":"kaili98"},"content":"                    if (parts[1].equals(\"1\")) {","lastModifiedDate":"2024-11-17","isFullCredit":false},{"lineNumber":55,"author":{"gitId":"kaili98"},"content":"                        task.markAsCompleted();","lastModifiedDate":"2024-11-17","isFullCredit":false},{"lineNumber":56,"author":{"gitId":"kaili98"},"content":"                    }","lastModifiedDate":"2024-11-17","isFullCredit":false},{"lineNumber":57,"author":{"gitId":"kaili98"},"content":"                    return task;","lastModifiedDate":"2024-11-17","isFullCredit":false},{"lineNumber":58,"author":{"gitId":"kaili98"},"content":"                }","lastModifiedDate":"2024-11-17","isFullCredit":false},{"lineNumber":59,"author":{"gitId":"kaili98"},"content":"            } else if (parts[0].equals(\"E\")) {","lastModifiedDate":"2024-11-17","isFullCredit":false},{"lineNumber":60,"author":{"gitId":"kaili98"},"content":"                if (parts.length \u003d\u003d 5) {","lastModifiedDate":"2024-11-17","isFullCredit":false},{"lineNumber":61,"author":{"gitId":"kaili98"},"content":"                    Event task \u003d new Event(parts[2].trim(), parts[3].trim(), parts[4].trim());","lastModifiedDate":"2024-11-17","isFullCredit":false},{"lineNumber":62,"author":{"gitId":"kaili98"},"content":"                    if (parts[1].equals(\"1\")) {","lastModifiedDate":"2024-11-17","isFullCredit":false},{"lineNumber":63,"author":{"gitId":"kaili98"},"content":"                        task.markAsCompleted();","lastModifiedDate":"2024-11-17","isFullCredit":false},{"lineNumber":64,"author":{"gitId":"kaili98"},"content":"                    }","lastModifiedDate":"2024-11-17","isFullCredit":false},{"lineNumber":65,"author":{"gitId":"kaili98"},"content":"                    return task;","lastModifiedDate":"2024-11-17","isFullCredit":false},{"lineNumber":66,"author":{"gitId":"kaili98"},"content":"                }","lastModifiedDate":"2024-11-17","isFullCredit":false},{"lineNumber":67,"author":{"gitId":"kaili98"},"content":"            }","lastModifiedDate":"2024-11-17","isFullCredit":false},{"lineNumber":68,"author":{"gitId":"kaili98"},"content":"        }","lastModifiedDate":"2024-11-17","isFullCredit":false},{"lineNumber":69,"author":{"gitId":"kaili98"},"content":"","lastModifiedDate":"2024-11-17","isFullCredit":false},{"lineNumber":70,"author":{"gitId":"kaili98"},"content":"        return null;","lastModifiedDate":"2024-11-17","isFullCredit":false},{"lineNumber":71,"author":{"gitId":"kaili98"},"content":"    }","lastModifiedDate":"2024-11-17","isFullCredit":false},{"lineNumber":72,"author":{"gitId":"kaili98"},"content":"}","lastModifiedDate":"2024-11-10","isFullCredit":false}],"authorContributionMap":{"kaili98":72}},{"path":"src/main/java/KLBot/TaskList/TaskList.java","fileType":"java","lines":[{"lineNumber":1,"author":{"gitId":"kaili98"},"content":"package KLBot.TaskList;","lastModifiedDate":"2024-11-17","isFullCredit":false},{"lineNumber":2,"author":{"gitId":"kaili98"},"content":"","lastModifiedDate":"2024-11-17","isFullCredit":false},{"lineNumber":3,"author":{"gitId":"kaili98"},"content":"import KLBot.TaskList.Task;","lastModifiedDate":"2024-11-17","isFullCredit":false},{"lineNumber":4,"author":{"gitId":"kaili98"},"content":"","lastModifiedDate":"2024-11-17","isFullCredit":false},{"lineNumber":5,"author":{"gitId":"kaili98"},"content":"import java.util.ArrayList;","lastModifiedDate":"2024-11-17","isFullCredit":false},{"lineNumber":6,"author":{"gitId":"kaili98"},"content":"","lastModifiedDate":"2024-11-17","isFullCredit":false},{"lineNumber":7,"author":{"gitId":"kaili98"},"content":"public class TaskList {","lastModifiedDate":"2024-11-17","isFullCredit":false},{"lineNumber":8,"author":{"gitId":"kaili98"},"content":"    private ArrayList\u003cTask\u003e tasks;","lastModifiedDate":"2024-11-17","isFullCredit":false},{"lineNumber":9,"author":{"gitId":"kaili98"},"content":"","lastModifiedDate":"2024-11-17","isFullCredit":false},{"lineNumber":10,"author":{"gitId":"kaili98"},"content":"    public TaskList() {","lastModifiedDate":"2024-11-17","isFullCredit":false},{"lineNumber":11,"author":{"gitId":"kaili98"},"content":"        this.tasks \u003d new ArrayList\u003c\u003e();","lastModifiedDate":"2024-11-17","isFullCredit":false},{"lineNumber":12,"author":{"gitId":"kaili98"},"content":"    }","lastModifiedDate":"2024-11-17","isFullCredit":false},{"lineNumber":13,"author":{"gitId":"kaili98"},"content":"","lastModifiedDate":"2024-11-17","isFullCredit":false},{"lineNumber":14,"author":{"gitId":"kaili98"},"content":"    public void addTask(Task task) {","lastModifiedDate":"2024-11-17","isFullCredit":false},{"lineNumber":15,"author":{"gitId":"kaili98"},"content":"        tasks.add(task);","lastModifiedDate":"2024-11-17","isFullCredit":false},{"lineNumber":16,"author":{"gitId":"kaili98"},"content":"    }","lastModifiedDate":"2024-11-17","isFullCredit":false},{"lineNumber":17,"author":{"gitId":"kaili98"},"content":"","lastModifiedDate":"2024-11-17","isFullCredit":false},{"lineNumber":18,"author":{"gitId":"kaili98"},"content":"    public void addTasks(ArrayList\u003cTask\u003e tasks) {","lastModifiedDate":"2024-11-17","isFullCredit":false},{"lineNumber":19,"author":{"gitId":"kaili98"},"content":"        this.tasks.addAll(tasks);","lastModifiedDate":"2024-11-17","isFullCredit":false},{"lineNumber":20,"author":{"gitId":"kaili98"},"content":"    }","lastModifiedDate":"2024-11-17","isFullCredit":false},{"lineNumber":21,"author":{"gitId":"kaili98"},"content":"","lastModifiedDate":"2024-11-17","isFullCredit":false},{"lineNumber":22,"author":{"gitId":"kaili98"},"content":"    public void removeTask(int index) {","lastModifiedDate":"2024-11-17","isFullCredit":false},{"lineNumber":23,"author":{"gitId":"kaili98"},"content":"        tasks.remove(index);","lastModifiedDate":"2024-11-17","isFullCredit":false},{"lineNumber":24,"author":{"gitId":"kaili98"},"content":"    }","lastModifiedDate":"2024-11-17","isFullCredit":false},{"lineNumber":25,"author":{"gitId":"kaili98"},"content":"","lastModifiedDate":"2024-11-17","isFullCredit":false},{"lineNumber":26,"author":{"gitId":"kaili98"},"content":"    public Task getTask(int index) {","lastModifiedDate":"2024-11-17","isFullCredit":false},{"lineNumber":27,"author":{"gitId":"kaili98"},"content":"        return tasks.get(index);","lastModifiedDate":"2024-11-17","isFullCredit":false},{"lineNumber":28,"author":{"gitId":"kaili98"},"content":"    }","lastModifiedDate":"2024-11-17","isFullCredit":false},{"lineNumber":29,"author":{"gitId":"kaili98"},"content":"","lastModifiedDate":"2024-11-17","isFullCredit":false},{"lineNumber":30,"author":{"gitId":"kaili98"},"content":"    public int size() {","lastModifiedDate":"2024-11-17","isFullCredit":false},{"lineNumber":31,"author":{"gitId":"kaili98"},"content":"        return tasks.size();","lastModifiedDate":"2024-11-17","isFullCredit":false},{"lineNumber":32,"author":{"gitId":"kaili98"},"content":"    }","lastModifiedDate":"2024-11-17","isFullCredit":false},{"lineNumber":33,"author":{"gitId":"kaili98"},"content":"","lastModifiedDate":"2024-11-17","isFullCredit":false},{"lineNumber":34,"author":{"gitId":"kaili98"},"content":"    public boolean isEmpty() {","lastModifiedDate":"2024-11-17","isFullCredit":false},{"lineNumber":35,"author":{"gitId":"kaili98"},"content":"        return tasks.isEmpty();","lastModifiedDate":"2024-11-17","isFullCredit":false},{"lineNumber":36,"author":{"gitId":"kaili98"},"content":"    }","lastModifiedDate":"2024-11-17","isFullCredit":false},{"lineNumber":37,"author":{"gitId":"kaili98"},"content":"}","lastModifiedDate":"2024-11-17","isFullCredit":false}],"authorContributionMap":{"kaili98":37}},{"path":"src/main/java/KLBot/TaskList/ToDo.java","fileType":"java","lines":[{"lineNumber":1,"author":{"gitId":"kaili98"},"content":"package KLBot.TaskList;","lastModifiedDate":"2024-11-17","isFullCredit":false},{"lineNumber":2,"author":{"gitId":"kaili98"},"content":"","lastModifiedDate":"2024-11-17","isFullCredit":false},{"lineNumber":3,"author":{"gitId":"kaili98"},"content":"public class ToDo extends Task {","lastModifiedDate":"2024-11-17","isFullCredit":false},{"lineNumber":4,"author":{"gitId":"kaili98"},"content":"","lastModifiedDate":"2024-11-16","isFullCredit":false},{"lineNumber":5,"author":{"gitId":"kaili98"},"content":"    public ToDo(String description) {","lastModifiedDate":"2024-11-16","isFullCredit":false},{"lineNumber":6,"author":{"gitId":"kaili98"},"content":"        super(description);","lastModifiedDate":"2024-11-16","isFullCredit":false},{"lineNumber":7,"author":{"gitId":"kaili98"},"content":"    }","lastModifiedDate":"2024-11-16","isFullCredit":false},{"lineNumber":8,"author":{"gitId":"kaili98"},"content":"","lastModifiedDate":"2024-11-16","isFullCredit":false},{"lineNumber":9,"author":{"gitId":"kaili98"},"content":"    @Override","lastModifiedDate":"2024-11-16","isFullCredit":false},{"lineNumber":10,"author":{"gitId":"kaili98"},"content":"    public String getType() {","lastModifiedDate":"2024-11-17","isFullCredit":false},{"lineNumber":11,"author":{"gitId":"kaili98"},"content":"        return \"T\";","lastModifiedDate":"2024-11-17","isFullCredit":false},{"lineNumber":12,"author":{"gitId":"kaili98"},"content":"    }","lastModifiedDate":"2024-11-17","isFullCredit":false},{"lineNumber":13,"author":{"gitId":"kaili98"},"content":"","lastModifiedDate":"2024-11-16","isFullCredit":false},{"lineNumber":14,"author":{"gitId":"kaili98"},"content":"    @Override","lastModifiedDate":"2024-11-17","isFullCredit":false},{"lineNumber":15,"author":{"gitId":"kaili98"},"content":"    public String toString() {","lastModifiedDate":"2024-11-17","isFullCredit":false},{"lineNumber":16,"author":{"gitId":"kaili98"},"content":"        return \"[T]\" + super.toString();","lastModifiedDate":"2024-11-16","isFullCredit":false},{"lineNumber":17,"author":{"gitId":"kaili98"},"content":"    }","lastModifiedDate":"2024-11-16","isFullCredit":false},{"lineNumber":18,"author":{"gitId":"kaili98"},"content":"","lastModifiedDate":"2024-11-17","isFullCredit":false},{"lineNumber":19,"author":{"gitId":"kaili98"},"content":"    @Override","lastModifiedDate":"2024-11-17","isFullCredit":false},{"lineNumber":20,"author":{"gitId":"kaili98"},"content":"    public String toFileFormat() {","lastModifiedDate":"2024-11-17","isFullCredit":false},{"lineNumber":21,"author":{"gitId":"kaili98"},"content":"        return \"T | \" + (completed ? \"1\" : \"0\") + \" | \" + listDescription;","lastModifiedDate":"2024-11-17","isFullCredit":false},{"lineNumber":22,"author":{"gitId":"kaili98"},"content":"    }","lastModifiedDate":"2024-11-17","isFullCredit":false},{"lineNumber":23,"author":{"gitId":"kaili98"},"content":"}","lastModifiedDate":"2024-11-16","isFullCredit":false}],"authorContributionMap":{"kaili98":23}},{"path":"src/main/java/KLBot/Ui/Ui.java","fileType":"java","lines":[{"lineNumber":1,"author":{"gitId":"kaili98"},"content":"package KLBot.Ui;","lastModifiedDate":"2024-11-17","isFullCredit":false},{"lineNumber":2,"author":{"gitId":"kaili98"},"content":"","lastModifiedDate":"2024-11-17","isFullCredit":false},{"lineNumber":3,"author":{"gitId":"kaili98"},"content":"import KLBot.TaskList.TaskList;","lastModifiedDate":"2024-11-17","isFullCredit":false},{"lineNumber":4,"author":{"gitId":"kaili98"},"content":"","lastModifiedDate":"2024-11-17","isFullCredit":false},{"lineNumber":5,"author":{"gitId":"kaili98"},"content":"public class Ui {","lastModifiedDate":"2024-11-17","isFullCredit":false},{"lineNumber":6,"author":{"gitId":"kaili98"},"content":"","lastModifiedDate":"2024-11-17","isFullCredit":false},{"lineNumber":7,"author":{"gitId":"kaili98"},"content":"    private static final String botName \u003d \"KLbot\";","lastModifiedDate":"2024-11-17","isFullCredit":false},{"lineNumber":8,"author":{"gitId":"kaili98"},"content":"","lastModifiedDate":"2024-11-17","isFullCredit":false},{"lineNumber":9,"author":{"gitId":"kaili98"},"content":"    public void greetUser() {","lastModifiedDate":"2024-11-17","isFullCredit":false},{"lineNumber":10,"author":{"gitId":"kaili98"},"content":"        printLine();","lastModifiedDate":"2024-11-17","isFullCredit":false},{"lineNumber":11,"author":{"gitId":"kaili98"},"content":"        System.out.println(\"Hey there! I\u0027m \" + botName + \", your cheerful helper buddy! 😊\");","lastModifiedDate":"2024-11-17","isFullCredit":false},{"lineNumber":12,"author":{"gitId":"kaili98"},"content":"        System.out.println(\"Here\u0027s a quick guide to help you get started: 🎉\");","lastModifiedDate":"2024-11-17","isFullCredit":false},{"lineNumber":13,"author":{"gitId":"kaili98"},"content":"        System.out.println(\"\\t✅ To mark a task as completed or undo it, just type \u0027mark\u0027 or \u0027unmark\u0027 followed by the task number. For example: \u0027mark 1\u0027\");","lastModifiedDate":"2024-11-17","isFullCredit":false},{"lineNumber":14,"author":{"gitId":"kaili98"},"content":"        System.out.println(\"\\t📚 To add a ToDo task, type \u0027todo\u0027 followed by your task description. For example: \u0027todo borrow a book\u0027\");","lastModifiedDate":"2024-11-17","isFullCredit":false},{"lineNumber":15,"author":{"gitId":"kaili98"},"content":"        System.out.println(\"\\t📅 To add an Event task, type \u0027event\u0027 followed by the event details and date/time. For example: \u0027event project meeting /from Mon 2pm /to 4pm\u0027\");","lastModifiedDate":"2024-11-17","isFullCredit":false},{"lineNumber":16,"author":{"gitId":"kaili98"},"content":"        System.out.println(\"\\t⏰ To add a Deadline task, type \u0027deadline\u0027 followed by your task description and the deadline date. For example: \u0027deadline return book /by Sunday\u0027\");","lastModifiedDate":"2024-11-17","isFullCredit":false},{"lineNumber":17,"author":{"gitId":"kaili98"},"content":"","lastModifiedDate":"2024-11-17","isFullCredit":false},{"lineNumber":18,"author":{"gitId":"kaili98"},"content":"        System.out.println(\"What can I do for you today? (Type \u0027bye\u0027 when you\u0027re ready to say goodbye! 😢)\");","lastModifiedDate":"2024-11-17","isFullCredit":false},{"lineNumber":19,"author":{"gitId":"kaili98"},"content":"        printLine();","lastModifiedDate":"2024-11-17","isFullCredit":false},{"lineNumber":20,"author":{"gitId":"kaili98"},"content":"    }","lastModifiedDate":"2024-11-17","isFullCredit":false},{"lineNumber":21,"author":{"gitId":"kaili98"},"content":"","lastModifiedDate":"2024-11-17","isFullCredit":false},{"lineNumber":22,"author":{"gitId":"kaili98"},"content":"    public void sayGoodbye() {","lastModifiedDate":"2024-11-17","isFullCredit":false},{"lineNumber":23,"author":{"gitId":"kaili98"},"content":"        printLine();","lastModifiedDate":"2024-11-17","isFullCredit":false},{"lineNumber":24,"author":{"gitId":"kaili98"},"content":"        System.out.println(\"Aww, you\u0027re leaving? It was so nice chatting with you! Take care and see you soon! 💖\");","lastModifiedDate":"2024-11-17","isFullCredit":false},{"lineNumber":25,"author":{"gitId":"kaili98"},"content":"        printLine();","lastModifiedDate":"2024-11-17","isFullCredit":false},{"lineNumber":26,"author":{"gitId":"kaili98"},"content":"    }","lastModifiedDate":"2024-11-17","isFullCredit":false},{"lineNumber":27,"author":{"gitId":"kaili98"},"content":"","lastModifiedDate":"2024-11-17","isFullCredit":false},{"lineNumber":28,"author":{"gitId":"kaili98"},"content":"    public void showTaskList(TaskList taskList) {","lastModifiedDate":"2024-11-17","isFullCredit":false},{"lineNumber":29,"author":{"gitId":"kaili98"},"content":"        if (taskList.isEmpty()) {","lastModifiedDate":"2024-11-17","isFullCredit":false},{"lineNumber":30,"author":{"gitId":"kaili98"},"content":"            System.out.println(\"It looks like your task list is empty! No worries, just add some tasks and I\u0027ll be happy to help you manage them! 😊\");","lastModifiedDate":"2024-11-17","isFullCredit":false},{"lineNumber":31,"author":{"gitId":"kaili98"},"content":"            return;","lastModifiedDate":"2024-11-17","isFullCredit":false},{"lineNumber":32,"author":{"gitId":"kaili98"},"content":"        }","lastModifiedDate":"2024-11-17","isFullCredit":false},{"lineNumber":33,"author":{"gitId":"kaili98"},"content":"","lastModifiedDate":"2024-11-17","isFullCredit":false},{"lineNumber":34,"author":{"gitId":"kaili98"},"content":"        printLine();","lastModifiedDate":"2024-11-17","isFullCredit":false},{"lineNumber":35,"author":{"gitId":"kaili98"},"content":"        for (int i \u003d 0; i \u003c taskList.size(); i++) {","lastModifiedDate":"2024-11-17","isFullCredit":false},{"lineNumber":36,"author":{"gitId":"kaili98"},"content":"            System.out.println(\"\\t\" + (i + 1) + \".\" + taskList.getTask(i));","lastModifiedDate":"2024-11-17","isFullCredit":false},{"lineNumber":37,"author":{"gitId":"kaili98"},"content":"        }","lastModifiedDate":"2024-11-17","isFullCredit":false},{"lineNumber":38,"author":{"gitId":"kaili98"},"content":"        printLine();","lastModifiedDate":"2024-11-17","isFullCredit":false},{"lineNumber":39,"author":{"gitId":"kaili98"},"content":"    }","lastModifiedDate":"2024-11-17","isFullCredit":false},{"lineNumber":40,"author":{"gitId":"kaili98"},"content":"","lastModifiedDate":"2024-11-17","isFullCredit":false},{"lineNumber":41,"author":{"gitId":"kaili98"},"content":"    public void showError(String message) {","lastModifiedDate":"2024-11-17","isFullCredit":false},{"lineNumber":42,"author":{"gitId":"kaili98"},"content":"        System.out.println(message);","lastModifiedDate":"2024-11-17","isFullCredit":false},{"lineNumber":43,"author":{"gitId":"kaili98"},"content":"    }","lastModifiedDate":"2024-11-17","isFullCredit":false},{"lineNumber":44,"author":{"gitId":"kaili98"},"content":"","lastModifiedDate":"2024-11-17","isFullCredit":false},{"lineNumber":45,"author":{"gitId":"kaili98"},"content":"    public void showTaskAdded(String taskDescription) {","lastModifiedDate":"2024-11-17","isFullCredit":false},{"lineNumber":46,"author":{"gitId":"kaili98"},"content":"        System.out.println(\"Got it! I\u0027ve added this task to your list: \" + taskDescription);","lastModifiedDate":"2024-11-17","isFullCredit":false},{"lineNumber":47,"author":{"gitId":"kaili98"},"content":"    }","lastModifiedDate":"2024-11-17","isFullCredit":false},{"lineNumber":48,"author":{"gitId":"kaili98"},"content":"","lastModifiedDate":"2024-11-17","isFullCredit":false},{"lineNumber":49,"author":{"gitId":"kaili98"},"content":"    public void showTaskRemoved(String taskDescription) {","lastModifiedDate":"2024-11-17","isFullCredit":false},{"lineNumber":50,"author":{"gitId":"kaili98"},"content":"        System.out.println(\"Alrighty! I’ve successfully removed this task: \" + taskDescription);","lastModifiedDate":"2024-11-17","isFullCredit":false},{"lineNumber":51,"author":{"gitId":"kaili98"},"content":"    }","lastModifiedDate":"2024-11-17","isFullCredit":false},{"lineNumber":52,"author":{"gitId":"kaili98"},"content":"","lastModifiedDate":"2024-11-17","isFullCredit":false},{"lineNumber":53,"author":{"gitId":"kaili98"},"content":"    public void showTaskMarked() {","lastModifiedDate":"2024-11-17","isFullCredit":false},{"lineNumber":54,"author":{"gitId":"kaili98"},"content":"        System.out.println(\"Yay! You\u0027ve successfully marked this task as done! 🎉\");","lastModifiedDate":"2024-11-17","isFullCredit":false},{"lineNumber":55,"author":{"gitId":"kaili98"},"content":"    }","lastModifiedDate":"2024-11-17","isFullCredit":false},{"lineNumber":56,"author":{"gitId":"kaili98"},"content":"","lastModifiedDate":"2024-11-17","isFullCredit":false},{"lineNumber":57,"author":{"gitId":"kaili98"},"content":"    public void showTaskUnmarked() {","lastModifiedDate":"2024-11-17","isFullCredit":false},{"lineNumber":58,"author":{"gitId":"kaili98"},"content":"        System.out.println(\"Alright, I\u0027ve marked this task as not done yet. You\u0027re doing great! 💪\");","lastModifiedDate":"2024-11-17","isFullCredit":false},{"lineNumber":59,"author":{"gitId":"kaili98"},"content":"    }","lastModifiedDate":"2024-11-17","isFullCredit":false},{"lineNumber":60,"author":{"gitId":"kaili98"},"content":"","lastModifiedDate":"2024-11-17","isFullCredit":false},{"lineNumber":61,"author":{"gitId":"kaili98"},"content":"    public void printLine() {","lastModifiedDate":"2024-11-17","isFullCredit":false},{"lineNumber":62,"author":{"gitId":"kaili98"},"content":"        System.out.println(\"____________________________________________________________\");","lastModifiedDate":"2024-11-17","isFullCredit":false},{"lineNumber":63,"author":{"gitId":"kaili98"},"content":"    }","lastModifiedDate":"2024-11-17","isFullCredit":false},{"lineNumber":64,"author":{"gitId":"kaili98"},"content":"}","lastModifiedDate":"2024-11-17","isFullCredit":false},{"lineNumber":65,"author":{"gitId":"kaili98"},"content":"","lastModifiedDate":"2024-11-17","isFullCredit":false}],"authorContributionMap":{"kaili98":65}},{"path":"text-ui-test/runtest.bat","fileType":"bat","lines":[{"lineNumber":1,"author":{"gitId":"-"},"content":"@ECHO OFF","lastModifiedDate":"2020-05-25","isFullCredit":false},{"lineNumber":2,"author":{"gitId":"-"},"content":"","lastModifiedDate":"2020-05-25","isFullCredit":false},{"lineNumber":3,"author":{"gitId":"-"},"content":"REM create bin directory if it doesn\u0027t exist","lastModifiedDate":"2020-05-25","isFullCredit":false},{"lineNumber":4,"author":{"gitId":"-"},"content":"if not exist ..\\bin mkdir ..\\bin","lastModifiedDate":"2020-05-25","isFullCredit":false},{"lineNumber":5,"author":{"gitId":"-"},"content":"","lastModifiedDate":"2020-05-25","isFullCredit":false},{"lineNumber":6,"author":{"gitId":"-"},"content":"REM delete output from previous run","lastModifiedDate":"2020-05-25","isFullCredit":false},{"lineNumber":7,"author":{"gitId":"-"},"content":"if exist ACTUAL.TXT del ACTUAL.TXT","lastModifiedDate":"2020-08-25","isFullCredit":false},{"lineNumber":8,"author":{"gitId":"-"},"content":"","lastModifiedDate":"2020-05-25","isFullCredit":false},{"lineNumber":9,"author":{"gitId":"-"},"content":"REM compile the code into the bin folder","lastModifiedDate":"2020-05-25","isFullCredit":false},{"lineNumber":10,"author":{"gitId":"kaili98"},"content":"javac  -cp ..\\src\\main\\java -Xlint:none -d ..\\bin ..\\src\\main\\java\\KLbot.java","lastModifiedDate":"2024-11-10","isFullCredit":false},{"lineNumber":11,"author":{"gitId":"kaili98"},"content":"","lastModifiedDate":"2024-11-10","isFullCredit":false},{"lineNumber":12,"author":{"gitId":"-"},"content":"IF ERRORLEVEL 1 (","lastModifiedDate":"2020-05-25","isFullCredit":false},{"lineNumber":13,"author":{"gitId":"-"},"content":"    echo ********** BUILD FAILURE **********","lastModifiedDate":"2020-05-25","isFullCredit":false},{"lineNumber":14,"author":{"gitId":"-"},"content":"    exit /b 1","lastModifiedDate":"2020-05-25","isFullCredit":false},{"lineNumber":15,"author":{"gitId":"-"},"content":")","lastModifiedDate":"2020-05-25","isFullCredit":false},{"lineNumber":16,"author":{"gitId":"-"},"content":"REM no error here, errorlevel \u003d\u003d 0","lastModifiedDate":"2020-05-25","isFullCredit":false},{"lineNumber":17,"author":{"gitId":"-"},"content":"","lastModifiedDate":"2020-05-25","isFullCredit":false},{"lineNumber":18,"author":{"gitId":"-"},"content":"REM run the program, feed commands from input.txt file and redirect the output to the ACTUAL.TXT","lastModifiedDate":"2020-05-25","isFullCredit":false},{"lineNumber":19,"author":{"gitId":"kaili98"},"content":"java -classpath ..\\bin KLbot \u003c input.txt \u003e ACTUAL.TXT","lastModifiedDate":"2024-11-10","isFullCredit":false},{"lineNumber":20,"author":{"gitId":"-"},"content":"","lastModifiedDate":"2020-05-25","isFullCredit":false},{"lineNumber":21,"author":{"gitId":"-"},"content":"REM compare the output to the expected output","lastModifiedDate":"2020-05-25","isFullCredit":false},{"lineNumber":22,"author":{"gitId":"-"},"content":"FC ACTUAL.TXT EXPECTED.TXT","lastModifiedDate":"2020-05-25","isFullCredit":false}],"authorContributionMap":{"kaili98":3,"-":19}}]
