[{"path":"src/main/java/KLbot.java","fileType":"java","lines":[{"lineNumber":1,"author":{"gitId":"kaili98"},"content":"import java.util.Scanner;","lastModifiedDate":"2024-11-07","isFullCredit":false},{"lineNumber":2,"author":{"gitId":"kaili98"},"content":"","lastModifiedDate":"2024-11-07","isFullCredit":false},{"lineNumber":3,"author":{"gitId":"kaili98"},"content":"public class KLbot {","lastModifiedDate":"2024-11-07","isFullCredit":false},{"lineNumber":4,"author":{"gitId":"kaili98"},"content":"    public static void main(String[] args) {","lastModifiedDate":"2024-11-07","isFullCredit":false},{"lineNumber":5,"author":{"gitId":"kaili98"},"content":"        String botName \u003d \"KLbot\";","lastModifiedDate":"2024-11-07","isFullCredit":false},{"lineNumber":6,"author":{"gitId":"kaili98"},"content":"        Scanner in \u003d new Scanner(System.in);","lastModifiedDate":"2024-11-07","isFullCredit":false},{"lineNumber":7,"author":{"gitId":"kaili98"},"content":"","lastModifiedDate":"2024-11-07","isFullCredit":false},{"lineNumber":8,"author":{"gitId":"kaili98"},"content":"        printLine();","lastModifiedDate":"2024-11-07","isFullCredit":false},{"lineNumber":9,"author":{"gitId":"kaili98"},"content":"        System.out.println(\" Hey there! I\u0027m \" + botName + \", your cheerful helper buddy! \\uD83D\\uDE0A\");","lastModifiedDate":"2024-11-07","isFullCredit":false},{"lineNumber":10,"author":{"gitId":"kaili98"},"content":"        System.out.println(\" What can I do for you today? (Type \u0027bye\u0027 when you\u0027re ready to go!)\");","lastModifiedDate":"2024-11-07","isFullCredit":false},{"lineNumber":11,"author":{"gitId":"kaili98"},"content":"        printLine();","lastModifiedDate":"2024-11-07","isFullCredit":false},{"lineNumber":12,"author":{"gitId":"kaili98"},"content":"","lastModifiedDate":"2024-11-07","isFullCredit":false},{"lineNumber":13,"author":{"gitId":"kaili98"},"content":"        while (true) {","lastModifiedDate":"2024-11-07","isFullCredit":false},{"lineNumber":14,"author":{"gitId":"kaili98"},"content":"            String userInput \u003d in.nextLine();","lastModifiedDate":"2024-11-07","isFullCredit":false},{"lineNumber":15,"author":{"gitId":"kaili98"},"content":"            String userExit\u003d\"bye\";","lastModifiedDate":"2024-11-07","isFullCredit":false},{"lineNumber":16,"author":{"gitId":"kaili98"},"content":"            if (userInput.equalsIgnoreCase(userExit)) {","lastModifiedDate":"2024-11-07","isFullCredit":false},{"lineNumber":17,"author":{"gitId":"kaili98"},"content":"                break;","lastModifiedDate":"2024-11-07","isFullCredit":false},{"lineNumber":18,"author":{"gitId":"kaili98"},"content":"            }","lastModifiedDate":"2024-11-07","isFullCredit":false},{"lineNumber":19,"author":{"gitId":"kaili98"},"content":"            printLine();","lastModifiedDate":"2024-11-07","isFullCredit":false},{"lineNumber":20,"author":{"gitId":"kaili98"},"content":"            System.out.println(\"Got it! You said: \\\"\" + userInput + \"\\\" \\uD83D\\uDE0A\");","lastModifiedDate":"2024-11-07","isFullCredit":false},{"lineNumber":21,"author":{"gitId":"kaili98"},"content":"            System.out.println(\"Is there anything else I can help you with? Just let me know!\");","lastModifiedDate":"2024-11-07","isFullCredit":false},{"lineNumber":22,"author":{"gitId":"kaili98"},"content":"            printLine();","lastModifiedDate":"2024-11-07","isFullCredit":false},{"lineNumber":23,"author":{"gitId":"kaili98"},"content":"        }","lastModifiedDate":"2024-11-07","isFullCredit":false},{"lineNumber":24,"author":{"gitId":"kaili98"},"content":"","lastModifiedDate":"2024-11-07","isFullCredit":false},{"lineNumber":25,"author":{"gitId":"kaili98"},"content":"        printLine();","lastModifiedDate":"2024-11-07","isFullCredit":false},{"lineNumber":26,"author":{"gitId":"kaili98"},"content":"        System.out.println(\"Aww, you\u0027re leaving? It was so nice chatting with you! Take care and see you soon! \\uD83D\\uDC96\");","lastModifiedDate":"2024-11-07","isFullCredit":false},{"lineNumber":27,"author":{"gitId":"kaili98"},"content":"        printLine();","lastModifiedDate":"2024-11-07","isFullCredit":false},{"lineNumber":28,"author":{"gitId":"kaili98"},"content":"","lastModifiedDate":"2024-11-07","isFullCredit":false},{"lineNumber":29,"author":{"gitId":"kaili98"},"content":"        in.close();","lastModifiedDate":"2024-11-07","isFullCredit":false},{"lineNumber":30,"author":{"gitId":"kaili98"},"content":"    }","lastModifiedDate":"2024-11-07","isFullCredit":false},{"lineNumber":31,"author":{"gitId":"kaili98"},"content":"","lastModifiedDate":"2024-11-07","isFullCredit":false},{"lineNumber":32,"author":{"gitId":"kaili98"},"content":"    public static void printLine() {","lastModifiedDate":"2024-11-07","isFullCredit":false},{"lineNumber":33,"author":{"gitId":"kaili98"},"content":"        System.out.println(\"____________________________________________________________\");","lastModifiedDate":"2024-11-07","isFullCredit":false},{"lineNumber":34,"author":{"gitId":"kaili98"},"content":"    }","lastModifiedDate":"2024-11-07","isFullCredit":false},{"lineNumber":35,"author":{"gitId":"kaili98"},"content":"}","lastModifiedDate":"2024-11-07","isFullCredit":false}],"authorContributionMap":{"kaili98":35}}]
