[{"path":"src/main/java/KLbot.java","fileType":"java","lines":[{"lineNumber":1,"author":{"gitId":"kaili98"},"content":"import java.util.Scanner;","lastModifiedDate":"2024-11-07","isFullCredit":false},{"lineNumber":2,"author":{"gitId":"kaili98"},"content":"","lastModifiedDate":"2024-11-07","isFullCredit":false},{"lineNumber":3,"author":{"gitId":"kaili98"},"content":"public class KLbot {","lastModifiedDate":"2024-11-07","isFullCredit":false},{"lineNumber":4,"author":{"gitId":"kaili98"},"content":"    private static final String botName \u003d \"KLbot\";","lastModifiedDate":"2024-11-08","isFullCredit":false},{"lineNumber":5,"author":{"gitId":"kaili98"},"content":"    private static final Scanner in \u003d new Scanner(System.in);","lastModifiedDate":"2024-11-08","isFullCredit":false},{"lineNumber":6,"author":{"gitId":"kaili98"},"content":"    private static String[] userList \u003d new String[100];","lastModifiedDate":"2024-11-08","isFullCredit":false},{"lineNumber":7,"author":{"gitId":"kaili98"},"content":"    private static int listCounter \u003d 0;","lastModifiedDate":"2024-11-08","isFullCredit":false},{"lineNumber":8,"author":{"gitId":"kaili98"},"content":"","lastModifiedDate":"2024-11-08","isFullCredit":false},{"lineNumber":9,"author":{"gitId":"kaili98"},"content":"    public static void main(String[] args) {","lastModifiedDate":"2024-11-07","isFullCredit":false},{"lineNumber":10,"author":{"gitId":"kaili98"},"content":"        greetUser();","lastModifiedDate":"2024-11-08","isFullCredit":false},{"lineNumber":11,"author":{"gitId":"kaili98"},"content":"        botLoop();","lastModifiedDate":"2024-11-08","isFullCredit":false},{"lineNumber":12,"author":{"gitId":"kaili98"},"content":"        sayGoodbye();","lastModifiedDate":"2024-11-08","isFullCredit":false},{"lineNumber":13,"author":{"gitId":"kaili98"},"content":"        in.close();","lastModifiedDate":"2024-11-08","isFullCredit":false},{"lineNumber":14,"author":{"gitId":"kaili98"},"content":"    }","lastModifiedDate":"2024-11-08","isFullCredit":false},{"lineNumber":15,"author":{"gitId":"kaili98"},"content":"","lastModifiedDate":"2024-11-07","isFullCredit":false},{"lineNumber":16,"author":{"gitId":"kaili98"},"content":"    private static void greetUser() {","lastModifiedDate":"2024-11-08","isFullCredit":false},{"lineNumber":17,"author":{"gitId":"kaili98"},"content":"        printLine();","lastModifiedDate":"2024-11-07","isFullCredit":false},{"lineNumber":18,"author":{"gitId":"kaili98"},"content":"        System.out.println(\" Hey there! I\u0027m \" + botName + \", your cheerful helper buddy! \\uD83D\\uDE0A\");","lastModifiedDate":"2024-11-07","isFullCredit":false},{"lineNumber":19,"author":{"gitId":"kaili98"},"content":"        System.out.println(\" What can I do for you today? (Type \u0027bye\u0027 when you\u0027re ready to go!)\");","lastModifiedDate":"2024-11-07","isFullCredit":false},{"lineNumber":20,"author":{"gitId":"kaili98"},"content":"        printLine();","lastModifiedDate":"2024-11-07","isFullCredit":false},{"lineNumber":21,"author":{"gitId":"kaili98"},"content":"    }","lastModifiedDate":"2024-11-08","isFullCredit":false},{"lineNumber":22,"author":{"gitId":"kaili98"},"content":"","lastModifiedDate":"2024-11-07","isFullCredit":false},{"lineNumber":23,"author":{"gitId":"kaili98"},"content":"    private static void botLoop() {","lastModifiedDate":"2024-11-08","isFullCredit":false},{"lineNumber":24,"author":{"gitId":"kaili98"},"content":"        while (true) {","lastModifiedDate":"2024-11-07","isFullCredit":false},{"lineNumber":25,"author":{"gitId":"kaili98"},"content":"            String userInput \u003d in.nextLine();","lastModifiedDate":"2024-11-07","isFullCredit":false},{"lineNumber":26,"author":{"gitId":"kaili98"},"content":"            if (isExit(userInput)) {","lastModifiedDate":"2024-11-08","isFullCredit":false},{"lineNumber":27,"author":{"gitId":"kaili98"},"content":"                break;","lastModifiedDate":"2024-11-07","isFullCredit":false},{"lineNumber":28,"author":{"gitId":"kaili98"},"content":"            }else if(isShowList(userInput)){","lastModifiedDate":"2024-11-08","isFullCredit":false},{"lineNumber":29,"author":{"gitId":"kaili98"},"content":"                printList();","lastModifiedDate":"2024-11-08","isFullCredit":false},{"lineNumber":30,"author":{"gitId":"kaili98"},"content":"            }else{","lastModifiedDate":"2024-11-08","isFullCredit":false},{"lineNumber":31,"author":{"gitId":"kaili98"},"content":"                respondToUser(userInput);","lastModifiedDate":"2024-11-08","isFullCredit":false},{"lineNumber":32,"author":{"gitId":"kaili98"},"content":"            }","lastModifiedDate":"2024-11-08","isFullCredit":false},{"lineNumber":33,"author":{"gitId":"kaili98"},"content":"        }","lastModifiedDate":"2024-11-08","isFullCredit":false},{"lineNumber":34,"author":{"gitId":"kaili98"},"content":"    }","lastModifiedDate":"2024-11-08","isFullCredit":false},{"lineNumber":35,"author":{"gitId":"kaili98"},"content":"","lastModifiedDate":"2024-11-08","isFullCredit":false},{"lineNumber":36,"author":{"gitId":"kaili98"},"content":"    private static boolean isExit(String userInput) {","lastModifiedDate":"2024-11-08","isFullCredit":false},{"lineNumber":37,"author":{"gitId":"kaili98"},"content":"        String userExit\u003d\"bye\";","lastModifiedDate":"2024-11-08","isFullCredit":false},{"lineNumber":38,"author":{"gitId":"kaili98"},"content":"        return userInput.equalsIgnoreCase(userExit);","lastModifiedDate":"2024-11-08","isFullCredit":false},{"lineNumber":39,"author":{"gitId":"kaili98"},"content":"    }","lastModifiedDate":"2024-11-08","isFullCredit":false},{"lineNumber":40,"author":{"gitId":"kaili98"},"content":"","lastModifiedDate":"2024-11-08","isFullCredit":false},{"lineNumber":41,"author":{"gitId":"kaili98"},"content":"    private static boolean isShowList(String userInput) {","lastModifiedDate":"2024-11-08","isFullCredit":false},{"lineNumber":42,"author":{"gitId":"kaili98"},"content":"        String showList\u003d\"list\";","lastModifiedDate":"2024-11-08","isFullCredit":false},{"lineNumber":43,"author":{"gitId":"kaili98"},"content":"        return userInput.equalsIgnoreCase(showList);","lastModifiedDate":"2024-11-08","isFullCredit":false},{"lineNumber":44,"author":{"gitId":"kaili98"},"content":"    }","lastModifiedDate":"2024-11-07","isFullCredit":false},{"lineNumber":45,"author":{"gitId":"kaili98"},"content":"","lastModifiedDate":"2024-11-08","isFullCredit":false},{"lineNumber":46,"author":{"gitId":"kaili98"},"content":"    private static void respondToUser(String userInput) {","lastModifiedDate":"2024-11-08","isFullCredit":false},{"lineNumber":47,"author":{"gitId":"kaili98"},"content":"        printLine();","lastModifiedDate":"2024-11-07","isFullCredit":false},{"lineNumber":48,"author":{"gitId":"kaili98"},"content":"        System.out.println(\"Got it! I’ve added  \\\"\" + userInput + \"\\\" to the list!\\uD83D\\uDE0A\");","lastModifiedDate":"2024-11-08","isFullCredit":false},{"lineNumber":49,"author":{"gitId":"kaili98"},"content":"        System.out.println(\"Is there anything else I can help you with? Just let me know!\");","lastModifiedDate":"2024-11-07","isFullCredit":false},{"lineNumber":50,"author":{"gitId":"kaili98"},"content":"        printLine();","lastModifiedDate":"2024-11-07","isFullCredit":false},{"lineNumber":51,"author":{"gitId":"kaili98"},"content":"        userList[listCounter]\u003duserInput;","lastModifiedDate":"2024-11-08","isFullCredit":false},{"lineNumber":52,"author":{"gitId":"kaili98"},"content":"        listCounter++;","lastModifiedDate":"2024-11-08","isFullCredit":false},{"lineNumber":53,"author":{"gitId":"kaili98"},"content":"    }","lastModifiedDate":"2024-11-07","isFullCredit":false},{"lineNumber":54,"author":{"gitId":"kaili98"},"content":"","lastModifiedDate":"2024-11-07","isFullCredit":false},{"lineNumber":55,"author":{"gitId":"kaili98"},"content":"    public static void printList(){","lastModifiedDate":"2024-11-08","isFullCredit":false},{"lineNumber":56,"author":{"gitId":"kaili98"},"content":"        printLine();","lastModifiedDate":"2024-11-07","isFullCredit":false},{"lineNumber":57,"author":{"gitId":"kaili98"},"content":"","lastModifiedDate":"2024-11-08","isFullCredit":false},{"lineNumber":58,"author":{"gitId":"kaili98"},"content":"        for(int i \u003d 0; i \u003c listCounter; i++){","lastModifiedDate":"2024-11-08","isFullCredit":false},{"lineNumber":59,"author":{"gitId":"kaili98"},"content":"            int listNum\u003di+1;","lastModifiedDate":"2024-11-08","isFullCredit":false},{"lineNumber":60,"author":{"gitId":"kaili98"},"content":"            System.out.println(\"\\t\"+listNum+\".\" + userList[i]);","lastModifiedDate":"2024-11-08","isFullCredit":false},{"lineNumber":61,"author":{"gitId":"kaili98"},"content":"        }","lastModifiedDate":"2024-11-08","isFullCredit":false},{"lineNumber":62,"author":{"gitId":"kaili98"},"content":"","lastModifiedDate":"2024-11-08","isFullCredit":false},{"lineNumber":63,"author":{"gitId":"kaili98"},"content":"        printLine();","lastModifiedDate":"2024-11-07","isFullCredit":false},{"lineNumber":64,"author":{"gitId":"kaili98"},"content":"    }","lastModifiedDate":"2024-11-08","isFullCredit":false},{"lineNumber":65,"author":{"gitId":"kaili98"},"content":"","lastModifiedDate":"2024-11-07","isFullCredit":false},{"lineNumber":66,"author":{"gitId":"kaili98"},"content":"    private static void sayGoodbye() {","lastModifiedDate":"2024-11-08","isFullCredit":false},{"lineNumber":67,"author":{"gitId":"kaili98"},"content":"        printLine();","lastModifiedDate":"2024-11-08","isFullCredit":false},{"lineNumber":68,"author":{"gitId":"kaili98"},"content":"        System.out.println(\"Aww, you\u0027re leaving? It was so nice chatting with you! Take care and see you soon! \\uD83D\\uDC96\");","lastModifiedDate":"2024-11-08","isFullCredit":false},{"lineNumber":69,"author":{"gitId":"kaili98"},"content":"        printLine();","lastModifiedDate":"2024-11-08","isFullCredit":false},{"lineNumber":70,"author":{"gitId":"kaili98"},"content":"    }","lastModifiedDate":"2024-11-07","isFullCredit":false},{"lineNumber":71,"author":{"gitId":"kaili98"},"content":"","lastModifiedDate":"2024-11-07","isFullCredit":false},{"lineNumber":72,"author":{"gitId":"kaili98"},"content":"    private static void printLine() {","lastModifiedDate":"2024-11-08","isFullCredit":false},{"lineNumber":73,"author":{"gitId":"kaili98"},"content":"        System.out.println(\"____________________________________________________________\");","lastModifiedDate":"2024-11-07","isFullCredit":false},{"lineNumber":74,"author":{"gitId":"kaili98"},"content":"    }","lastModifiedDate":"2024-11-07","isFullCredit":false},{"lineNumber":75,"author":{"gitId":"kaili98"},"content":"}","lastModifiedDate":"2024-11-07","isFullCredit":false}],"authorContributionMap":{"kaili98":75}}]
