[{"path":"src/main/java/KLbot.java","fileType":"java","lines":[{"lineNumber":1,"author":{"gitId":"kaili98"},"content":"import java.util.Scanner;","lastModifiedDate":"2024-11-07","isFullCredit":false},{"lineNumber":2,"author":{"gitId":"kaili98"},"content":"","lastModifiedDate":"2024-11-07","isFullCredit":false},{"lineNumber":3,"author":{"gitId":"kaili98"},"content":"public class KLbot {","lastModifiedDate":"2024-11-07","isFullCredit":false},{"lineNumber":4,"author":{"gitId":"kaili98"},"content":"    private static final String botName \u003d \"KLbot\";","lastModifiedDate":"2024-11-08","isFullCredit":false},{"lineNumber":5,"author":{"gitId":"kaili98"},"content":"    private static final Scanner in \u003d new Scanner(System.in);","lastModifiedDate":"2024-11-08","isFullCredit":false},{"lineNumber":6,"author":{"gitId":"kaili98"},"content":"    private static TaskList[] userList \u003d new TaskList[100];","lastModifiedDate":"2024-11-10","isFullCredit":false},{"lineNumber":7,"author":{"gitId":"kaili98"},"content":"    private static int listCounter \u003d 0;","lastModifiedDate":"2024-11-08","isFullCredit":false},{"lineNumber":8,"author":{"gitId":"kaili98"},"content":"","lastModifiedDate":"2024-11-08","isFullCredit":false},{"lineNumber":9,"author":{"gitId":"kaili98"},"content":"    public static void main(String[] args) {","lastModifiedDate":"2024-11-07","isFullCredit":false},{"lineNumber":10,"author":{"gitId":"kaili98"},"content":"        greetUser();","lastModifiedDate":"2024-11-08","isFullCredit":false},{"lineNumber":11,"author":{"gitId":"kaili98"},"content":"        botLoop();","lastModifiedDate":"2024-11-08","isFullCredit":false},{"lineNumber":12,"author":{"gitId":"kaili98"},"content":"        sayGoodbye();","lastModifiedDate":"2024-11-08","isFullCredit":false},{"lineNumber":13,"author":{"gitId":"kaili98"},"content":"        in.close();","lastModifiedDate":"2024-11-08","isFullCredit":false},{"lineNumber":14,"author":{"gitId":"kaili98"},"content":"    }","lastModifiedDate":"2024-11-08","isFullCredit":false},{"lineNumber":15,"author":{"gitId":"kaili98"},"content":"","lastModifiedDate":"2024-11-07","isFullCredit":false},{"lineNumber":16,"author":{"gitId":"kaili98"},"content":"    private static void greetUser() {","lastModifiedDate":"2024-11-08","isFullCredit":false},{"lineNumber":17,"author":{"gitId":"kaili98"},"content":"        printLine();","lastModifiedDate":"2024-11-07","isFullCredit":false},{"lineNumber":18,"author":{"gitId":"kaili98"},"content":"        System.out.println(\" Hey there! I\u0027m \" + botName + \", your cheerful helper buddy! \\uD83D\\uDE0A\");","lastModifiedDate":"2024-11-07","isFullCredit":false},{"lineNumber":19,"author":{"gitId":"kaili98"},"content":"        System.out.println(\" To mark a task as complete or undo it, just type \u0027mark\u0027 or \u0027unmark\u0027 followed by the task number. For example: \u0027mark 1\u0027\");","lastModifiedDate":"2024-11-10","isFullCredit":false},{"lineNumber":20,"author":{"gitId":"kaili98"},"content":"        System.out.println(\" What can I do for you today? (Type \u0027bye\u0027 when you\u0027re ready to go!)\");","lastModifiedDate":"2024-11-07","isFullCredit":false},{"lineNumber":21,"author":{"gitId":"kaili98"},"content":"        printLine();","lastModifiedDate":"2024-11-07","isFullCredit":false},{"lineNumber":22,"author":{"gitId":"kaili98"},"content":"    }","lastModifiedDate":"2024-11-08","isFullCredit":false},{"lineNumber":23,"author":{"gitId":"kaili98"},"content":"","lastModifiedDate":"2024-11-07","isFullCredit":false},{"lineNumber":24,"author":{"gitId":"kaili98"},"content":"    private static void botLoop() {","lastModifiedDate":"2024-11-08","isFullCredit":false},{"lineNumber":25,"author":{"gitId":"kaili98"},"content":"        while (true) {","lastModifiedDate":"2024-11-07","isFullCredit":false},{"lineNumber":26,"author":{"gitId":"kaili98"},"content":"            String userInput \u003d in.nextLine();","lastModifiedDate":"2024-11-07","isFullCredit":false},{"lineNumber":27,"author":{"gitId":"kaili98"},"content":"            if (isExit(userInput)) {","lastModifiedDate":"2024-11-08","isFullCredit":false},{"lineNumber":28,"author":{"gitId":"kaili98"},"content":"                break;","lastModifiedDate":"2024-11-07","isFullCredit":false},{"lineNumber":29,"author":{"gitId":"kaili98"},"content":"            } else if (userInput.startsWith(\"mark\")) {","lastModifiedDate":"2024-11-10","isFullCredit":false},{"lineNumber":30,"author":{"gitId":"kaili98"},"content":"                int taskIndex \u003d parseTaskIndex(userInput);","lastModifiedDate":"2024-11-10","isFullCredit":false},{"lineNumber":31,"author":{"gitId":"kaili98"},"content":"                markTaskAsCompleted(taskIndex);","lastModifiedDate":"2024-11-10","isFullCredit":false},{"lineNumber":32,"author":{"gitId":"kaili98"},"content":"            } else if (userInput.startsWith(\"unmark\")) {","lastModifiedDate":"2024-11-10","isFullCredit":false},{"lineNumber":33,"author":{"gitId":"kaili98"},"content":"                int taskIndex \u003d parseTaskIndex(userInput);","lastModifiedDate":"2024-11-10","isFullCredit":false},{"lineNumber":34,"author":{"gitId":"kaili98"},"content":"                markTaskAsIncomplete(taskIndex);","lastModifiedDate":"2024-11-10","isFullCredit":false},{"lineNumber":35,"author":{"gitId":"kaili98"},"content":"            } else if (isShowList(userInput)) {","lastModifiedDate":"2024-11-08","isFullCredit":false},{"lineNumber":36,"author":{"gitId":"kaili98"},"content":"                displayTaskList();","lastModifiedDate":"2024-11-10","isFullCredit":false},{"lineNumber":37,"author":{"gitId":"kaili98"},"content":"            } else {","lastModifiedDate":"2024-11-08","isFullCredit":false},{"lineNumber":38,"author":{"gitId":"kaili98"},"content":"                addTask(userInput);","lastModifiedDate":"2024-11-10","isFullCredit":false},{"lineNumber":39,"author":{"gitId":"kaili98"},"content":"            }","lastModifiedDate":"2024-11-08","isFullCredit":false},{"lineNumber":40,"author":{"gitId":"kaili98"},"content":"        }","lastModifiedDate":"2024-11-08","isFullCredit":false},{"lineNumber":41,"author":{"gitId":"kaili98"},"content":"    }","lastModifiedDate":"2024-11-08","isFullCredit":false},{"lineNumber":42,"author":{"gitId":"kaili98"},"content":"","lastModifiedDate":"2024-11-08","isFullCredit":false},{"lineNumber":43,"author":{"gitId":"kaili98"},"content":"    private static boolean isExit(String userInput) {","lastModifiedDate":"2024-11-08","isFullCredit":false},{"lineNumber":44,"author":{"gitId":"kaili98"},"content":"        String userExit \u003d \"bye\";","lastModifiedDate":"2024-11-08","isFullCredit":false},{"lineNumber":45,"author":{"gitId":"kaili98"},"content":"        return userInput.equalsIgnoreCase(userExit);","lastModifiedDate":"2024-11-08","isFullCredit":false},{"lineNumber":46,"author":{"gitId":"kaili98"},"content":"    }","lastModifiedDate":"2024-11-08","isFullCredit":false},{"lineNumber":47,"author":{"gitId":"kaili98"},"content":"","lastModifiedDate":"2024-11-08","isFullCredit":false},{"lineNumber":48,"author":{"gitId":"kaili98"},"content":"    private static boolean isShowList(String userInput) {","lastModifiedDate":"2024-11-08","isFullCredit":false},{"lineNumber":49,"author":{"gitId":"kaili98"},"content":"        String showList \u003d \"list\";","lastModifiedDate":"2024-11-08","isFullCredit":false},{"lineNumber":50,"author":{"gitId":"kaili98"},"content":"        return userInput.equalsIgnoreCase(showList);","lastModifiedDate":"2024-11-08","isFullCredit":false},{"lineNumber":51,"author":{"gitId":"kaili98"},"content":"    }","lastModifiedDate":"2024-11-07","isFullCredit":false},{"lineNumber":52,"author":{"gitId":"kaili98"},"content":"","lastModifiedDate":"2024-11-08","isFullCredit":false},{"lineNumber":53,"author":{"gitId":"kaili98"},"content":"    private static int parseTaskIndex(String userInput) {","lastModifiedDate":"2024-11-10","isFullCredit":false},{"lineNumber":54,"author":{"gitId":"kaili98"},"content":"        try {","lastModifiedDate":"2024-11-10","isFullCredit":false},{"lineNumber":55,"author":{"gitId":"kaili98"},"content":"            return Integer.parseInt(userInput.split(\" \")[1]) - 1;","lastModifiedDate":"2024-11-10","isFullCredit":false},{"lineNumber":56,"author":{"gitId":"kaili98"},"content":"        } catch (ArrayIndexOutOfBoundsException e) {","lastModifiedDate":"2024-11-10","isFullCredit":false},{"lineNumber":57,"author":{"gitId":"kaili98"},"content":"            System.out.println(\"Invalid task number. Please try again.\");","lastModifiedDate":"2024-11-10","isFullCredit":false},{"lineNumber":58,"author":{"gitId":"kaili98"},"content":"            return -1;","lastModifiedDate":"2024-11-10","isFullCredit":false},{"lineNumber":59,"author":{"gitId":"kaili98"},"content":"        }","lastModifiedDate":"2024-11-10","isFullCredit":false},{"lineNumber":60,"author":{"gitId":"kaili98"},"content":"    }","lastModifiedDate":"2024-11-10","isFullCredit":false},{"lineNumber":61,"author":{"gitId":"kaili98"},"content":"","lastModifiedDate":"2024-11-10","isFullCredit":false},{"lineNumber":62,"author":{"gitId":"kaili98"},"content":"    private static void markTaskAsCompleted(int taskIndex) {","lastModifiedDate":"2024-11-10","isFullCredit":false},{"lineNumber":63,"author":{"gitId":"kaili98"},"content":"        if (taskIndexIsValid(taskIndex)) {","lastModifiedDate":"2024-11-10","isFullCredit":false},{"lineNumber":64,"author":{"gitId":"kaili98"},"content":"            userList[taskIndex].markAsCompleted();","lastModifiedDate":"2024-11-10","isFullCredit":false},{"lineNumber":65,"author":{"gitId":"kaili98"},"content":"            printLine();","lastModifiedDate":"2024-11-10","isFullCredit":false},{"lineNumber":66,"author":{"gitId":"kaili98"},"content":"            System.out.println(\"Nice! I\u0027ve marked this task as done:\");","lastModifiedDate":"2024-11-10","isFullCredit":false},{"lineNumber":67,"author":{"gitId":"kaili98"},"content":"            System.out.println(userList[taskIndex]);","lastModifiedDate":"2024-11-10","isFullCredit":false},{"lineNumber":68,"author":{"gitId":"kaili98"},"content":"            printLine();","lastModifiedDate":"2024-11-10","isFullCredit":false},{"lineNumber":69,"author":{"gitId":"kaili98"},"content":"        }","lastModifiedDate":"2024-11-10","isFullCredit":false},{"lineNumber":70,"author":{"gitId":"kaili98"},"content":"    }","lastModifiedDate":"2024-11-10","isFullCredit":false},{"lineNumber":71,"author":{"gitId":"kaili98"},"content":"","lastModifiedDate":"2024-11-10","isFullCredit":false},{"lineNumber":72,"author":{"gitId":"kaili98"},"content":"    private static void markTaskAsIncomplete(int taskIndex) {","lastModifiedDate":"2024-11-10","isFullCredit":false},{"lineNumber":73,"author":{"gitId":"kaili98"},"content":"        if (taskIndexIsValid(taskIndex)) {","lastModifiedDate":"2024-11-10","isFullCredit":false},{"lineNumber":74,"author":{"gitId":"kaili98"},"content":"            userList[taskIndex].markAsIncomplete();","lastModifiedDate":"2024-11-10","isFullCredit":false},{"lineNumber":75,"author":{"gitId":"kaili98"},"content":"            printLine();","lastModifiedDate":"2024-11-10","isFullCredit":false},{"lineNumber":76,"author":{"gitId":"kaili98"},"content":"            System.out.println(\"OK, I\u0027ve marked this task as not done yet:\");","lastModifiedDate":"2024-11-10","isFullCredit":false},{"lineNumber":77,"author":{"gitId":"kaili98"},"content":"            System.out.println(userList[taskIndex]);","lastModifiedDate":"2024-11-10","isFullCredit":false},{"lineNumber":78,"author":{"gitId":"kaili98"},"content":"            printLine();","lastModifiedDate":"2024-11-10","isFullCredit":false},{"lineNumber":79,"author":{"gitId":"kaili98"},"content":"        }","lastModifiedDate":"2024-11-10","isFullCredit":false},{"lineNumber":80,"author":{"gitId":"kaili98"},"content":"    }","lastModifiedDate":"2024-11-10","isFullCredit":false},{"lineNumber":81,"author":{"gitId":"kaili98"},"content":"","lastModifiedDate":"2024-11-10","isFullCredit":false},{"lineNumber":82,"author":{"gitId":"kaili98"},"content":"    private static boolean taskIndexIsValid(int taskIndex) {","lastModifiedDate":"2024-11-10","isFullCredit":false},{"lineNumber":83,"author":{"gitId":"kaili98"},"content":"        if (taskIndex \u003d\u003d -1) return false;","lastModifiedDate":"2024-11-10","isFullCredit":false},{"lineNumber":84,"author":{"gitId":"kaili98"},"content":"        if (listCounter \u003d\u003d 0) {","lastModifiedDate":"2024-11-10","isFullCredit":false},{"lineNumber":85,"author":{"gitId":"kaili98"},"content":"            System.out.println(\"It looks like your task list is empty right now. Please add some tasks, and I\u0027ll be happy to help you mark or unmark them!\");","lastModifiedDate":"2024-11-10","isFullCredit":false},{"lineNumber":86,"author":{"gitId":"kaili98"},"content":"            return false;","lastModifiedDate":"2024-11-10","isFullCredit":false},{"lineNumber":87,"author":{"gitId":"kaili98"},"content":"        }","lastModifiedDate":"2024-11-10","isFullCredit":false},{"lineNumber":88,"author":{"gitId":"kaili98"},"content":"        if (taskIndex \u003c 0 || taskIndex \u003e\u003d listCounter) {","lastModifiedDate":"2024-11-10","isFullCredit":false},{"lineNumber":89,"author":{"gitId":"kaili98"},"content":"            System.out.println(\"Task number out of range. Please enter a valid task number.\");","lastModifiedDate":"2024-11-10","isFullCredit":false},{"lineNumber":90,"author":{"gitId":"kaili98"},"content":"            return false;","lastModifiedDate":"2024-11-10","isFullCredit":false},{"lineNumber":91,"author":{"gitId":"kaili98"},"content":"        }","lastModifiedDate":"2024-11-10","isFullCredit":false},{"lineNumber":92,"author":{"gitId":"kaili98"},"content":"        return true;","lastModifiedDate":"2024-11-10","isFullCredit":false},{"lineNumber":93,"author":{"gitId":"kaili98"},"content":"    }","lastModifiedDate":"2024-11-10","isFullCredit":false},{"lineNumber":94,"author":{"gitId":"kaili98"},"content":"","lastModifiedDate":"2024-11-10","isFullCredit":false},{"lineNumber":95,"author":{"gitId":"kaili98"},"content":"    private static void addTask(String userInput) {","lastModifiedDate":"2024-11-10","isFullCredit":false},{"lineNumber":96,"author":{"gitId":"kaili98"},"content":"        if (userInput.isBlank()) {","lastModifiedDate":"2024-11-10","isFullCredit":false},{"lineNumber":97,"author":{"gitId":"kaili98"},"content":"            System.out.println(\"Oops! It looks like you didn’t enter anything. Please type something to continue.\");","lastModifiedDate":"2024-11-10","isFullCredit":false},{"lineNumber":98,"author":{"gitId":"kaili98"},"content":"        } else if (listCounter \u003c userList.length) {","lastModifiedDate":"2024-11-10","isFullCredit":false},{"lineNumber":99,"author":{"gitId":"kaili98"},"content":"            printLine();","lastModifiedDate":"2024-11-07","isFullCredit":false},{"lineNumber":100,"author":{"gitId":"kaili98"},"content":"            System.out.println(\"Got it! I’ve added  \\\"\" + userInput + \"\\\" to the list!\\uD83D\\uDE0A\");","lastModifiedDate":"2024-11-08","isFullCredit":false},{"lineNumber":101,"author":{"gitId":"kaili98"},"content":"            System.out.println(\"Is there anything else I can help you with? Just let me know!\");","lastModifiedDate":"2024-11-07","isFullCredit":false},{"lineNumber":102,"author":{"gitId":"kaili98"},"content":"            printLine();","lastModifiedDate":"2024-11-07","isFullCredit":false},{"lineNumber":103,"author":{"gitId":"kaili98"},"content":"            userList[listCounter] \u003d new TaskList(userInput);","lastModifiedDate":"2024-11-10","isFullCredit":false},{"lineNumber":104,"author":{"gitId":"kaili98"},"content":"            listCounter++;","lastModifiedDate":"2024-11-08","isFullCredit":false},{"lineNumber":105,"author":{"gitId":"kaili98"},"content":"        } else {","lastModifiedDate":"2024-11-10","isFullCredit":false},{"lineNumber":106,"author":{"gitId":"kaili98"},"content":"            System.out.println(\"Task list is full! Cannot add more tasks.\");","lastModifiedDate":"2024-11-10","isFullCredit":false},{"lineNumber":107,"author":{"gitId":"kaili98"},"content":"        }","lastModifiedDate":"2024-11-10","isFullCredit":false},{"lineNumber":108,"author":{"gitId":"kaili98"},"content":"    }","lastModifiedDate":"2024-11-07","isFullCredit":false},{"lineNumber":109,"author":{"gitId":"kaili98"},"content":"","lastModifiedDate":"2024-11-07","isFullCredit":false},{"lineNumber":110,"author":{"gitId":"kaili98"},"content":"    public static void displayTaskList() {","lastModifiedDate":"2024-11-10","isFullCredit":false},{"lineNumber":111,"author":{"gitId":"kaili98"},"content":"        printLine();","lastModifiedDate":"2024-11-07","isFullCredit":false},{"lineNumber":112,"author":{"gitId":"kaili98"},"content":"","lastModifiedDate":"2024-11-08","isFullCredit":false},{"lineNumber":113,"author":{"gitId":"kaili98"},"content":"        for (int i \u003d 0; i \u003c listCounter; i++) {","lastModifiedDate":"2024-11-08","isFullCredit":false},{"lineNumber":114,"author":{"gitId":"kaili98"},"content":"            int listNum \u003d i + 1;","lastModifiedDate":"2024-11-08","isFullCredit":false},{"lineNumber":115,"author":{"gitId":"kaili98"},"content":"            System.out.println(\"\\t\" + listNum + \".\" + userList[i]);","lastModifiedDate":"2024-11-08","isFullCredit":false},{"lineNumber":116,"author":{"gitId":"kaili98"},"content":"        }","lastModifiedDate":"2024-11-08","isFullCredit":false},{"lineNumber":117,"author":{"gitId":"kaili98"},"content":"","lastModifiedDate":"2024-11-08","isFullCredit":false},{"lineNumber":118,"author":{"gitId":"kaili98"},"content":"        printLine();","lastModifiedDate":"2024-11-07","isFullCredit":false},{"lineNumber":119,"author":{"gitId":"kaili98"},"content":"    }","lastModifiedDate":"2024-11-08","isFullCredit":false},{"lineNumber":120,"author":{"gitId":"kaili98"},"content":"","lastModifiedDate":"2024-11-07","isFullCredit":false},{"lineNumber":121,"author":{"gitId":"kaili98"},"content":"    private static void sayGoodbye() {","lastModifiedDate":"2024-11-08","isFullCredit":false},{"lineNumber":122,"author":{"gitId":"kaili98"},"content":"        printLine();","lastModifiedDate":"2024-11-08","isFullCredit":false},{"lineNumber":123,"author":{"gitId":"kaili98"},"content":"        System.out.println(\"Aww, you\u0027re leaving? It was so nice chatting with you! Take care and see you soon! \\uD83D\\uDC96\");","lastModifiedDate":"2024-11-08","isFullCredit":false},{"lineNumber":124,"author":{"gitId":"kaili98"},"content":"        printLine();","lastModifiedDate":"2024-11-08","isFullCredit":false},{"lineNumber":125,"author":{"gitId":"kaili98"},"content":"    }","lastModifiedDate":"2024-11-07","isFullCredit":false},{"lineNumber":126,"author":{"gitId":"kaili98"},"content":"","lastModifiedDate":"2024-11-07","isFullCredit":false},{"lineNumber":127,"author":{"gitId":"kaili98"},"content":"    private static void printLine() {","lastModifiedDate":"2024-11-08","isFullCredit":false},{"lineNumber":128,"author":{"gitId":"kaili98"},"content":"        System.out.println(\"____________________________________________________________\");","lastModifiedDate":"2024-11-07","isFullCredit":false},{"lineNumber":129,"author":{"gitId":"kaili98"},"content":"    }","lastModifiedDate":"2024-11-07","isFullCredit":false},{"lineNumber":130,"author":{"gitId":"kaili98"},"content":"}","lastModifiedDate":"2024-11-07","isFullCredit":false}],"authorContributionMap":{"kaili98":130}},{"path":"src/main/java/TaskList.java","fileType":"java","lines":[{"lineNumber":1,"author":{"gitId":"kaili98"},"content":"public class TaskList {","lastModifiedDate":"2024-11-10","isFullCredit":false},{"lineNumber":2,"author":{"gitId":"kaili98"},"content":"    protected boolean completed;","lastModifiedDate":"2024-11-10","isFullCredit":false},{"lineNumber":3,"author":{"gitId":"kaili98"},"content":"    protected String listDescription;","lastModifiedDate":"2024-11-10","isFullCredit":false},{"lineNumber":4,"author":{"gitId":"kaili98"},"content":"    public TaskList(String listDescription) {","lastModifiedDate":"2024-11-10","isFullCredit":false},{"lineNumber":5,"author":{"gitId":"kaili98"},"content":"        this.listDescription \u003d listDescription;","lastModifiedDate":"2024-11-10","isFullCredit":false},{"lineNumber":6,"author":{"gitId":"kaili98"},"content":"        this.completed \u003d false;","lastModifiedDate":"2024-11-10","isFullCredit":false},{"lineNumber":7,"author":{"gitId":"kaili98"},"content":"    }","lastModifiedDate":"2024-11-10","isFullCredit":false},{"lineNumber":8,"author":{"gitId":"kaili98"},"content":"    public void markAsCompleted() {","lastModifiedDate":"2024-11-10","isFullCredit":false},{"lineNumber":9,"author":{"gitId":"kaili98"},"content":"        completed \u003d true;","lastModifiedDate":"2024-11-10","isFullCredit":false},{"lineNumber":10,"author":{"gitId":"kaili98"},"content":"    }","lastModifiedDate":"2024-11-10","isFullCredit":false},{"lineNumber":11,"author":{"gitId":"kaili98"},"content":"","lastModifiedDate":"2024-11-10","isFullCredit":false},{"lineNumber":12,"author":{"gitId":"kaili98"},"content":"    public void markAsIncomplete() {","lastModifiedDate":"2024-11-10","isFullCredit":false},{"lineNumber":13,"author":{"gitId":"kaili98"},"content":"        completed \u003d false;","lastModifiedDate":"2024-11-10","isFullCredit":false},{"lineNumber":14,"author":{"gitId":"kaili98"},"content":"    }","lastModifiedDate":"2024-11-10","isFullCredit":false},{"lineNumber":15,"author":{"gitId":"kaili98"},"content":"","lastModifiedDate":"2024-11-10","isFullCredit":false},{"lineNumber":16,"author":{"gitId":"kaili98"},"content":"    @Override","lastModifiedDate":"2024-11-10","isFullCredit":false},{"lineNumber":17,"author":{"gitId":"kaili98"},"content":"    public String toString() {","lastModifiedDate":"2024-11-10","isFullCredit":false},{"lineNumber":18,"author":{"gitId":"kaili98"},"content":"        return \"[\" + (completed ? \"X\" : \" \") + \"] \" + listDescription;","lastModifiedDate":"2024-11-10","isFullCredit":false},{"lineNumber":19,"author":{"gitId":"kaili98"},"content":"    }","lastModifiedDate":"2024-11-10","isFullCredit":false},{"lineNumber":20,"author":{"gitId":"kaili98"},"content":"}","lastModifiedDate":"2024-11-10","isFullCredit":false}],"authorContributionMap":{"kaili98":20}},{"path":"text-ui-test/runtest.bat","fileType":"bat","lines":[{"lineNumber":1,"author":{"gitId":"-"},"content":"@ECHO OFF","lastModifiedDate":"2020-05-25","isFullCredit":false},{"lineNumber":2,"author":{"gitId":"-"},"content":"","lastModifiedDate":"2020-05-25","isFullCredit":false},{"lineNumber":3,"author":{"gitId":"-"},"content":"REM create bin directory if it doesn\u0027t exist","lastModifiedDate":"2020-05-25","isFullCredit":false},{"lineNumber":4,"author":{"gitId":"-"},"content":"if not exist ..\\bin mkdir ..\\bin","lastModifiedDate":"2020-05-25","isFullCredit":false},{"lineNumber":5,"author":{"gitId":"-"},"content":"","lastModifiedDate":"2020-05-25","isFullCredit":false},{"lineNumber":6,"author":{"gitId":"-"},"content":"REM delete output from previous run","lastModifiedDate":"2020-05-25","isFullCredit":false},{"lineNumber":7,"author":{"gitId":"-"},"content":"if exist ACTUAL.TXT del ACTUAL.TXT","lastModifiedDate":"2020-08-25","isFullCredit":false},{"lineNumber":8,"author":{"gitId":"-"},"content":"","lastModifiedDate":"2020-05-25","isFullCredit":false},{"lineNumber":9,"author":{"gitId":"-"},"content":"REM compile the code into the bin folder","lastModifiedDate":"2020-05-25","isFullCredit":false},{"lineNumber":10,"author":{"gitId":"kaili98"},"content":"javac  -cp ..\\src\\main\\java -Xlint:none -d ..\\bin ..\\src\\main\\java\\KLbot.java","lastModifiedDate":"2024-11-10","isFullCredit":false},{"lineNumber":11,"author":{"gitId":"kaili98"},"content":"","lastModifiedDate":"2024-11-10","isFullCredit":false},{"lineNumber":12,"author":{"gitId":"-"},"content":"IF ERRORLEVEL 1 (","lastModifiedDate":"2020-05-25","isFullCredit":false},{"lineNumber":13,"author":{"gitId":"-"},"content":"    echo ********** BUILD FAILURE **********","lastModifiedDate":"2020-05-25","isFullCredit":false},{"lineNumber":14,"author":{"gitId":"-"},"content":"    exit /b 1","lastModifiedDate":"2020-05-25","isFullCredit":false},{"lineNumber":15,"author":{"gitId":"-"},"content":")","lastModifiedDate":"2020-05-25","isFullCredit":false},{"lineNumber":16,"author":{"gitId":"-"},"content":"REM no error here, errorlevel \u003d\u003d 0","lastModifiedDate":"2020-05-25","isFullCredit":false},{"lineNumber":17,"author":{"gitId":"-"},"content":"","lastModifiedDate":"2020-05-25","isFullCredit":false},{"lineNumber":18,"author":{"gitId":"-"},"content":"REM run the program, feed commands from input.txt file and redirect the output to the ACTUAL.TXT","lastModifiedDate":"2020-05-25","isFullCredit":false},{"lineNumber":19,"author":{"gitId":"kaili98"},"content":"java -classpath ..\\bin KLbot \u003c input.txt \u003e ACTUAL.TXT","lastModifiedDate":"2024-11-10","isFullCredit":false},{"lineNumber":20,"author":{"gitId":"-"},"content":"","lastModifiedDate":"2020-05-25","isFullCredit":false},{"lineNumber":21,"author":{"gitId":"-"},"content":"REM compare the output to the expected output","lastModifiedDate":"2020-05-25","isFullCredit":false},{"lineNumber":22,"author":{"gitId":"-"},"content":"FC ACTUAL.TXT EXPECTED.TXT","lastModifiedDate":"2020-05-25","isFullCredit":false}],"authorContributionMap":{"kaili98":3,"-":19}}]
