{"authorDailyContributionsMap":{"kaili98":[{"date":"2024-11-07","commitResults":[{"hash":"0201b90c5ac7f8e83d72c4f7256dd2f80ff9cd09","isMergeCommit":false,"messageTitle":"Level 0: Rename, Greet, Exit","messageBody":"","fileTypesAndContributionMap":{"java":{"insertions":18,"deletions":10}}},{"hash":"a7c86ac2ee0b8f0303c24094b0653ab4a1c1a286","isMergeCommit":false,"messageTitle":"Level 1: Echo","messageBody":"","fileTypesAndContributionMap":{"java":{"insertions":21,"deletions":4}}}]},{"date":"2024-11-08","commitResults":[{"hash":"478d8d662c94c19f9102caa1e53d5a6516b369f5","isMergeCommit":false,"messageTitle":"Level 2. Add, List","messageBody":"","fileTypesAndContributionMap":{"java":{"insertions":51,"deletions":11}}}]},{"date":"2024-11-10","commitResults":[{"hash":"525d41893671bfe655f56b366669cebcc63ee776","isMergeCommit":false,"messageTitle":"Level 3: Mark as Done","messageBody":"","fileTypesAndContributionMap":{"java":{"insertions":93,"deletions":18},"bat":{"insertions":3,"deletions":2}}}]},{"date":"2024-11-16","commitResults":[{"hash":"9de2d69fe8bafca979952ce9e29b8d2778bde172","isMergeCommit":false,"messageTitle":"Level 4. ToDos, Events, Deadlines","messageBody":"","fileTypesAndContributionMap":{"java":{"insertions":104,"deletions":52}}},{"hash":"0dbae2d8978fafb292de652b07c805916fd1b493","isMergeCommit":false,"messageTitle":"Level 5. Handle Errors","messageBody":"","fileTypesAndContributionMap":{"java":{"insertions":50,"deletions":11}}},{"hash":"a2c3ccd6adac9a135b8b8bd944b33d73f13cb01b","isMergeCommit":false,"messageTitle":"Level 6. Delete","messageBody":"","fileTypesAndContributionMap":{"java":{"insertions":64,"deletions":44}}}]},{"date":"2024-11-17","commitResults":[{"hash":"cb05a5c0e721d7763393833db916f5c18dfce276","isMergeCommit":false,"messageTitle":"Level 7. Save","messageBody":"","fileTypesAndContributionMap":{"java":{"insertions":148,"deletions":15}}},{"hash":"a4e30a296c7d346ecd80c1c6ff8c75dc43178a69","isMergeCommit":false,"messageTitle":"A-MoreOOP: More OOP and  A-Packages: Java Packages","messageBody":"","fileTypesAndContributionMap":{"txt":{"insertions":5,"deletions":0},"java":{"insertions":340,"deletions":243}}},{"hash":"7c7f749b478d5519387e14eef62fc53103ee8398","isMergeCommit":false,"messageTitle":"Level-8: Dates and Times","messageBody":"","fileTypesAndContributionMap":{"txt":{"insertions":2,"deletions":4},"java":{"insertions":34,"deletions":18}}}]}]},"authorFileTypeContributionMap":{"kaili98":{"java":507,"md":0,"fxml":0,"sh":0,"bat":3,"gradle":0,"txt":3}},"authorContributionVariance":{"kaili98":7767.3726},"authorDisplayNameMap":{"kaili98":"KOK ..I LI"}}
