{"authorDailyContributionsMap":{"kaili98":[{"date":"2024-11-07","commitResults":[{"hash":"0201b90c5ac7f8e83d72c4f7256dd2f80ff9cd09","isMergeCommit":false,"messageTitle":"Level 0: Rename, Greet, Exit","messageBody":"","fileTypesAndContributionMap":{"java":{"insertions":18,"deletions":10}}},{"hash":"a7c86ac2ee0b8f0303c24094b0653ab4a1c1a286","isMergeCommit":false,"messageTitle":"Level 1: Echo","messageBody":"","fileTypesAndContributionMap":{"java":{"insertions":21,"deletions":4}}}]}]},"authorFileTypeContributionMap":{"kaili98":{"java":35,"md":0,"fxml":0,"sh":0,"bat":0,"gradle":0,"txt":0}},"authorContributionVariance":{"kaili98":31.557722},"authorDisplayNameMap":{"kaili98":"KOK ..I LI"}}
