{"authorDailyContributionsMap":{"kaili98":[{"date":"2024-11-07","commitResults":[{"hash":"0201b90c5ac7f8e83d72c4f7256dd2f80ff9cd09","isMergeCommit":false,"messageTitle":"Level 0: Rename, Greet, Exit","messageBody":"","fileTypesAndContributionMap":{"java":{"insertions":18,"deletions":10}}},{"hash":"a7c86ac2ee0b8f0303c24094b0653ab4a1c1a286","isMergeCommit":false,"messageTitle":"Level 1: Echo","messageBody":"","fileTypesAndContributionMap":{"java":{"insertions":21,"deletions":4}}}]},{"date":"2024-11-08","commitResults":[{"hash":"478d8d662c94c19f9102caa1e53d5a6516b369f5","isMergeCommit":false,"messageTitle":"Level 2. Add, List","messageBody":"","fileTypesAndContributionMap":{"java":{"insertions":51,"deletions":11}}}]}]},"authorFileTypeContributionMap":{"kaili98":{"java":75,"md":0,"fxml":0,"sh":0,"bat":0,"gradle":0,"txt":0}},"authorContributionVariance":{"kaili98":73.0832},"authorDisplayNameMap":{"kaili98":"KOK ..I LI"}}
