[{"path":"src/main/java/CommandNotFoundException.java","fileType":"java","lines":[{"lineNumber":1,"author":{"gitId":"lihuihan"},"content":"public class CommandNotFoundException extends Exception {","lastModifiedDate":"2024-09-11","isFullCredit":false},{"lineNumber":2,"author":{"gitId":"lihuihan"},"content":"    public CommandNotFoundException() {","lastModifiedDate":"2024-09-11","isFullCredit":false},{"lineNumber":3,"author":{"gitId":"lihuihan"},"content":"        super();","lastModifiedDate":"2024-09-11","isFullCredit":false},{"lineNumber":4,"author":{"gitId":"lihuihan"},"content":"    }","lastModifiedDate":"2024-09-11","isFullCredit":false},{"lineNumber":5,"author":{"gitId":"lihuihan"},"content":"}","lastModifiedDate":"2024-09-11","isFullCredit":false}],"authorContributionMap":{"lihuihan":5}},{"path":"src/main/java/Deadline.java","fileType":"java","lines":[{"lineNumber":1,"author":{"gitId":"lihuihan"},"content":"public class Deadline extends Task {","lastModifiedDate":"2024-09-03","isFullCredit":false},{"lineNumber":2,"author":{"gitId":"lihuihan"},"content":"    protected String dueDateTime;","lastModifiedDate":"2024-09-03","isFullCredit":false},{"lineNumber":3,"author":{"gitId":"lihuihan"},"content":"","lastModifiedDate":"2024-09-03","isFullCredit":false},{"lineNumber":4,"author":{"gitId":"lihuihan"},"content":"    public Deadline(String description, String dueDateTime) {","lastModifiedDate":"2024-09-03","isFullCredit":false},{"lineNumber":5,"author":{"gitId":"lihuihan"},"content":"        super(description);","lastModifiedDate":"2024-09-03","isFullCredit":false},{"lineNumber":6,"author":{"gitId":"lihuihan"},"content":"        this.dueDateTime \u003d dueDateTime;","lastModifiedDate":"2024-09-03","isFullCredit":false},{"lineNumber":7,"author":{"gitId":"lihuihan"},"content":"    }","lastModifiedDate":"2024-09-03","isFullCredit":false},{"lineNumber":8,"author":{"gitId":"lihuihan"},"content":"","lastModifiedDate":"2024-09-03","isFullCredit":false},{"lineNumber":9,"author":{"gitId":"lihuihan"},"content":"    public String getTaskIcon(){","lastModifiedDate":"2024-09-03","isFullCredit":false},{"lineNumber":10,"author":{"gitId":"lihuihan"},"content":"        return \"D\";","lastModifiedDate":"2024-09-03","isFullCredit":false},{"lineNumber":11,"author":{"gitId":"lihuihan"},"content":"    }","lastModifiedDate":"2024-09-03","isFullCredit":false},{"lineNumber":12,"author":{"gitId":"lihuihan"},"content":"","lastModifiedDate":"2024-09-03","isFullCredit":false},{"lineNumber":13,"author":{"gitId":"lihuihan"},"content":"    public String getListView() {","lastModifiedDate":"2024-09-03","isFullCredit":false},{"lineNumber":14,"author":{"gitId":"lihuihan"},"content":"        return \"[\" + this.getTaskIcon() + \"][\" + this.getStatusIcon() + \"] \" +","lastModifiedDate":"2024-09-03","isFullCredit":false},{"lineNumber":15,"author":{"gitId":"lihuihan"},"content":"                description + \" (by: \" + dueDateTime + \")\";","lastModifiedDate":"2024-09-03","isFullCredit":false},{"lineNumber":16,"author":{"gitId":"lihuihan"},"content":"    }","lastModifiedDate":"2024-09-03","isFullCredit":false},{"lineNumber":17,"author":{"gitId":"lihuihan"},"content":"}","lastModifiedDate":"2024-09-03","isFullCredit":false}],"authorContributionMap":{"lihuihan":17}},{"path":"src/main/java/EmptyInputException.java","fileType":"java","lines":[{"lineNumber":1,"author":{"gitId":"lihuihan"},"content":"public class EmptyInputException extends Exception {","lastModifiedDate":"2024-09-11","isFullCredit":false},{"lineNumber":2,"author":{"gitId":"lihuihan"},"content":"    public EmptyInputException() {","lastModifiedDate":"2024-09-11","isFullCredit":false},{"lineNumber":3,"author":{"gitId":"lihuihan"},"content":"        super();","lastModifiedDate":"2024-09-11","isFullCredit":false},{"lineNumber":4,"author":{"gitId":"lihuihan"},"content":"    }","lastModifiedDate":"2024-09-11","isFullCredit":false},{"lineNumber":5,"author":{"gitId":"lihuihan"},"content":"}","lastModifiedDate":"2024-09-11","isFullCredit":false}],"authorContributionMap":{"lihuihan":5}},{"path":"src/main/java/EmptyTimeException.java","fileType":"java","lines":[{"lineNumber":1,"author":{"gitId":"lihuihan"},"content":"public class EmptyTimeException extends Exception {","lastModifiedDate":"2024-09-11","isFullCredit":false},{"lineNumber":2,"author":{"gitId":"lihuihan"},"content":"    public EmptyTimeException() {","lastModifiedDate":"2024-09-11","isFullCredit":false},{"lineNumber":3,"author":{"gitId":"lihuihan"},"content":"        super();","lastModifiedDate":"2024-09-11","isFullCredit":false},{"lineNumber":4,"author":{"gitId":"lihuihan"},"content":"    }","lastModifiedDate":"2024-09-11","isFullCredit":false},{"lineNumber":5,"author":{"gitId":"lihuihan"},"content":"}","lastModifiedDate":"2024-09-11","isFullCredit":false}],"authorContributionMap":{"lihuihan":5}},{"path":"src/main/java/Event.java","fileType":"java","lines":[{"lineNumber":1,"author":{"gitId":"lihuihan"},"content":"public class Event extends Task {","lastModifiedDate":"2024-09-03","isFullCredit":false},{"lineNumber":2,"author":{"gitId":"lihuihan"},"content":"    protected String startDateTime;","lastModifiedDate":"2024-09-03","isFullCredit":false},{"lineNumber":3,"author":{"gitId":"lihuihan"},"content":"    protected String endDateTime;","lastModifiedDate":"2024-09-03","isFullCredit":false},{"lineNumber":4,"author":{"gitId":"lihuihan"},"content":"","lastModifiedDate":"2024-09-03","isFullCredit":false},{"lineNumber":5,"author":{"gitId":"lihuihan"},"content":"    public Event(String description, String startDateTime, String endDateTime) {","lastModifiedDate":"2024-09-03","isFullCredit":false},{"lineNumber":6,"author":{"gitId":"lihuihan"},"content":"        super(description);","lastModifiedDate":"2024-09-03","isFullCredit":false},{"lineNumber":7,"author":{"gitId":"lihuihan"},"content":"        this.startDateTime \u003d startDateTime;","lastModifiedDate":"2024-09-03","isFullCredit":false},{"lineNumber":8,"author":{"gitId":"lihuihan"},"content":"        this.endDateTime \u003d endDateTime;","lastModifiedDate":"2024-09-03","isFullCredit":false},{"lineNumber":9,"author":{"gitId":"lihuihan"},"content":"    }","lastModifiedDate":"2024-09-03","isFullCredit":false},{"lineNumber":10,"author":{"gitId":"lihuihan"},"content":"","lastModifiedDate":"2024-09-03","isFullCredit":false},{"lineNumber":11,"author":{"gitId":"lihuihan"},"content":"    public String getTaskIcon() {","lastModifiedDate":"2024-09-03","isFullCredit":false},{"lineNumber":12,"author":{"gitId":"lihuihan"},"content":"        return \"E\";","lastModifiedDate":"2024-09-03","isFullCredit":false},{"lineNumber":13,"author":{"gitId":"lihuihan"},"content":"    }","lastModifiedDate":"2024-09-03","isFullCredit":false},{"lineNumber":14,"author":{"gitId":"lihuihan"},"content":"","lastModifiedDate":"2024-09-03","isFullCredit":false},{"lineNumber":15,"author":{"gitId":"lihuihan"},"content":"    public String getListView() {","lastModifiedDate":"2024-09-03","isFullCredit":false},{"lineNumber":16,"author":{"gitId":"lihuihan"},"content":"        return \"[\" + this.getTaskIcon() + \"][\" + this.getStatusIcon() + \"] \" +","lastModifiedDate":"2024-09-03","isFullCredit":false},{"lineNumber":17,"author":{"gitId":"lihuihan"},"content":"                description + \" (from: \" + startDateTime + \" to: \" + endDateTime + \")\";","lastModifiedDate":"2024-09-03","isFullCredit":false},{"lineNumber":18,"author":{"gitId":"lihuihan"},"content":"    }","lastModifiedDate":"2024-09-03","isFullCredit":false},{"lineNumber":19,"author":{"gitId":"lihuihan"},"content":"}","lastModifiedDate":"2024-09-03","isFullCredit":false}],"authorContributionMap":{"lihuihan":19}},{"path":"src/main/java/StringHelper.java","fileType":"java","lines":[{"lineNumber":1,"author":{"gitId":"lihuihan"},"content":"public class StringHelper {","lastModifiedDate":"2024-09-11","isFullCredit":false},{"lineNumber":2,"author":{"gitId":"lihuihan"},"content":"    public static String outputLine \u003d \"--------------------------------------\";","lastModifiedDate":"2024-09-11","isFullCredit":false},{"lineNumber":3,"author":{"gitId":"lihuihan"},"content":"    public static String hello \u003d outputLine + System.lineSeparator() +","lastModifiedDate":"2024-09-11","isFullCredit":false},{"lineNumber":4,"author":{"gitId":"lihuihan"},"content":"            \"Hello! I\u0027m checkbot.\" + System.lineSeparator() +","lastModifiedDate":"2024-09-11","isFullCredit":false},{"lineNumber":5,"author":{"gitId":"lihuihan"},"content":"            \"What can I do for you? :)\" + System.lineSeparator() +","lastModifiedDate":"2024-09-11","isFullCredit":false},{"lineNumber":6,"author":{"gitId":"lihuihan"},"content":"            outputLine;","lastModifiedDate":"2024-09-11","isFullCredit":false},{"lineNumber":7,"author":{"gitId":"lihuihan"},"content":"    public static String exit \u003d outputLine + System.lineSeparator() +","lastModifiedDate":"2024-09-11","isFullCredit":false},{"lineNumber":8,"author":{"gitId":"lihuihan"},"content":"            \"Bye. Hope to see you again soon!\" + System.lineSeparator() +","lastModifiedDate":"2024-09-11","isFullCredit":false},{"lineNumber":9,"author":{"gitId":"lihuihan"},"content":"            outputLine;","lastModifiedDate":"2024-09-11","isFullCredit":false},{"lineNumber":10,"author":{"gitId":"lihuihan"},"content":"    public static String commandNotFound \u003d outputLine + System.lineSeparator() +","lastModifiedDate":"2024-09-11","isFullCredit":false},{"lineNumber":11,"author":{"gitId":"lihuihan"},"content":"            \"Sorry, I didn\u0027t get that. :(\" + System.lineSeparator() +","lastModifiedDate":"2024-09-11","isFullCredit":false},{"lineNumber":12,"author":{"gitId":"lihuihan"},"content":"            \"Try starting a task with \\\"todo\\\", \\\"deadline\\\", or \\\"event\\\".\" + System.lineSeparator() +","lastModifiedDate":"2024-09-11","isFullCredit":false},{"lineNumber":13,"author":{"gitId":"lihuihan"},"content":"            \"To see the full task list, type \\\"list\\\".\" + System.lineSeparator() +","lastModifiedDate":"2024-09-11","isFullCredit":false},{"lineNumber":14,"author":{"gitId":"lihuihan"},"content":"            \"To end this session, type \\\"bye\\\".\" + System.lineSeparator() +","lastModifiedDate":"2024-09-11","isFullCredit":false},{"lineNumber":15,"author":{"gitId":"lihuihan"},"content":"            outputLine;","lastModifiedDate":"2024-09-11","isFullCredit":false},{"lineNumber":16,"author":{"gitId":"lihuihan"},"content":"    public static String emptyDescription \u003d outputLine + System.lineSeparator() +","lastModifiedDate":"2024-09-11","isFullCredit":false},{"lineNumber":17,"author":{"gitId":"lihuihan"},"content":"            \"Task cannot be empty!\" + System.lineSeparator() +","lastModifiedDate":"2024-09-11","isFullCredit":false},{"lineNumber":18,"author":{"gitId":"lihuihan"},"content":"            \"To add a Todo task: Todo \u003ctask\u003e\" + System.lineSeparator() +","lastModifiedDate":"2024-09-11","isFullCredit":false},{"lineNumber":19,"author":{"gitId":"lihuihan"},"content":"            \"To add a Deadline task: Deadline \u003ctask\u003e /by \u003cdatetime\u003e\" + System.lineSeparator() +","lastModifiedDate":"2024-09-11","isFullCredit":false},{"lineNumber":20,"author":{"gitId":"lihuihan"},"content":"            \"To add an Event task: Event \u003ctask\u003e /from \u003cdatetime\u003e /to \u003cdatetime\u003e\" + System.lineSeparator() +","lastModifiedDate":"2024-09-11","isFullCredit":false},{"lineNumber":21,"author":{"gitId":"lihuihan"},"content":"            outputLine;","lastModifiedDate":"2024-09-11","isFullCredit":false},{"lineNumber":22,"author":{"gitId":"lihuihan"},"content":"    public static String emptyTime \u003d outputLine + System.lineSeparator() +","lastModifiedDate":"2024-09-11","isFullCredit":false},{"lineNumber":23,"author":{"gitId":"lihuihan"},"content":"            \"We need to know the time! Try following the format below:\" + System.lineSeparator() +","lastModifiedDate":"2024-09-11","isFullCredit":false},{"lineNumber":24,"author":{"gitId":"lihuihan"},"content":"            \"To add a Deadline task: Deadline \u003ctask\u003e /by \u003cdatetime\u003e\" + System.lineSeparator() +","lastModifiedDate":"2024-09-11","isFullCredit":false},{"lineNumber":25,"author":{"gitId":"lihuihan"},"content":"            \"To add an Event task: Event \u003ctask\u003e /from \u003cdatetime\u003e /to \u003cdatetime\u003e\" + System.lineSeparator() +","lastModifiedDate":"2024-09-11","isFullCredit":false},{"lineNumber":26,"author":{"gitId":"lihuihan"},"content":"            outputLine;","lastModifiedDate":"2024-09-11","isFullCredit":false},{"lineNumber":27,"author":{"gitId":"lihuihan"},"content":"    public static String deadlineError \u003d outputLine + System.lineSeparator() +","lastModifiedDate":"2024-09-11","isFullCredit":false},{"lineNumber":28,"author":{"gitId":"lihuihan"},"content":"            \"Missing keyword \\\"/by\\\"!\" + System.lineSeparator() +","lastModifiedDate":"2024-09-11","isFullCredit":false},{"lineNumber":29,"author":{"gitId":"lihuihan"},"content":"            \"To add a Deadline task: Deadline \u003ctask\u003e /by \u003cdatetime\u003e\" + System.lineSeparator() +","lastModifiedDate":"2024-09-11","isFullCredit":false},{"lineNumber":30,"author":{"gitId":"lihuihan"},"content":"            outputLine;","lastModifiedDate":"2024-09-11","isFullCredit":false},{"lineNumber":31,"author":{"gitId":"lihuihan"},"content":"    public static String eventError \u003d outputLine + System.lineSeparator() +","lastModifiedDate":"2024-09-11","isFullCredit":false},{"lineNumber":32,"author":{"gitId":"lihuihan"},"content":"            \"Missing keyword \\\"/from\\\" and/or \\\"/to\\\"!\" + System.lineSeparator() +","lastModifiedDate":"2024-09-11","isFullCredit":false},{"lineNumber":33,"author":{"gitId":"lihuihan"},"content":"            \"To add an Event task: Event \u003ctask\u003e /from \u003cdatetime\u003e /to \u003cdatetime\u003e\" + System.lineSeparator() +","lastModifiedDate":"2024-09-11","isFullCredit":false},{"lineNumber":34,"author":{"gitId":"lihuihan"},"content":"            outputLine;","lastModifiedDate":"2024-09-11","isFullCredit":false},{"lineNumber":35,"author":{"gitId":"lihuihan"},"content":"    public static String emptyNumber \u003d outputLine + System.lineSeparator() +","lastModifiedDate":"2024-09-11","isFullCredit":false},{"lineNumber":36,"author":{"gitId":"lihuihan"},"content":"            \"We need to know which task you are referring to! Please include the task number in numerical digits.\" + System.lineSeparator() +","lastModifiedDate":"2024-09-11","isFullCredit":false},{"lineNumber":37,"author":{"gitId":"lihuihan"},"content":"            outputLine;","lastModifiedDate":"2024-09-11","isFullCredit":false},{"lineNumber":38,"author":{"gitId":"lihuihan"},"content":"    public static String nonIntegerNumber \u003d outputLine + System.lineSeparator() +","lastModifiedDate":"2024-09-11","isFullCredit":false},{"lineNumber":39,"author":{"gitId":"lihuihan"},"content":"            \"The task number needs to be in numerical digits!\" + System.lineSeparator() +","lastModifiedDate":"2024-09-11","isFullCredit":false},{"lineNumber":40,"author":{"gitId":"lihuihan"},"content":"            outputLine;","lastModifiedDate":"2024-09-11","isFullCredit":false},{"lineNumber":41,"author":{"gitId":"lihuihan"},"content":"    public static String invalidTaskNumber \u003d outputLine + System.lineSeparator() +","lastModifiedDate":"2024-09-11","isFullCredit":false},{"lineNumber":42,"author":{"gitId":"lihuihan"},"content":"            \"You\u0027ve keyed in an invalid task number.\" + System.lineSeparator() +","lastModifiedDate":"2024-09-11","isFullCredit":false},{"lineNumber":43,"author":{"gitId":"lihuihan"},"content":"            outputLine;","lastModifiedDate":"2024-09-11","isFullCredit":false},{"lineNumber":44,"author":{"gitId":"lihuihan"},"content":"}","lastModifiedDate":"2024-09-11","isFullCredit":false}],"authorContributionMap":{"lihuihan":44}},{"path":"src/main/java/Task.java","fileType":"java","lines":[{"lineNumber":1,"author":{"gitId":"lihuihan"},"content":"public abstract class Task {","lastModifiedDate":"2024-09-03","isFullCredit":false},{"lineNumber":2,"author":{"gitId":"lihuihan"},"content":"    protected String description;","lastModifiedDate":"2024-08-29","isFullCredit":false},{"lineNumber":3,"author":{"gitId":"lihuihan"},"content":"    protected boolean isDone;","lastModifiedDate":"2024-08-29","isFullCredit":false},{"lineNumber":4,"author":{"gitId":"lihuihan"},"content":"","lastModifiedDate":"2024-08-29","isFullCredit":false},{"lineNumber":5,"author":{"gitId":"lihuihan"},"content":"    public Task(String description) {","lastModifiedDate":"2024-08-29","isFullCredit":false},{"lineNumber":6,"author":{"gitId":"lihuihan"},"content":"        this.description \u003d description;","lastModifiedDate":"2024-08-29","isFullCredit":false},{"lineNumber":7,"author":{"gitId":"lihuihan"},"content":"        this.isDone \u003d false;","lastModifiedDate":"2024-08-29","isFullCredit":false},{"lineNumber":8,"author":{"gitId":"lihuihan"},"content":"    }","lastModifiedDate":"2024-08-29","isFullCredit":false},{"lineNumber":9,"author":{"gitId":"lihuihan"},"content":"","lastModifiedDate":"2024-08-29","isFullCredit":false},{"lineNumber":10,"author":{"gitId":"lihuihan"},"content":"    public String getDescription() {","lastModifiedDate":"2024-08-29","isFullCredit":false},{"lineNumber":11,"author":{"gitId":"lihuihan"},"content":"        return description;","lastModifiedDate":"2024-08-29","isFullCredit":false},{"lineNumber":12,"author":{"gitId":"lihuihan"},"content":"    }","lastModifiedDate":"2024-08-29","isFullCredit":false},{"lineNumber":13,"author":{"gitId":"lihuihan"},"content":"","lastModifiedDate":"2024-08-29","isFullCredit":false},{"lineNumber":14,"author":{"gitId":"lihuihan"},"content":"    public String getStatusIcon() {","lastModifiedDate":"2024-08-29","isFullCredit":false},{"lineNumber":15,"author":{"gitId":"lihuihan"},"content":"        return (isDone ? \"X\" : \" \");","lastModifiedDate":"2024-08-29","isFullCredit":false},{"lineNumber":16,"author":{"gitId":"lihuihan"},"content":"    }","lastModifiedDate":"2024-08-29","isFullCredit":false},{"lineNumber":17,"author":{"gitId":"lihuihan"},"content":"","lastModifiedDate":"2024-08-29","isFullCredit":false},{"lineNumber":18,"author":{"gitId":"lihuihan"},"content":"    public void setDone(boolean done) {","lastModifiedDate":"2024-08-29","isFullCredit":false},{"lineNumber":19,"author":{"gitId":"lihuihan"},"content":"        isDone \u003d done;","lastModifiedDate":"2024-08-29","isFullCredit":false},{"lineNumber":20,"author":{"gitId":"lihuihan"},"content":"    }","lastModifiedDate":"2024-08-29","isFullCredit":false},{"lineNumber":21,"author":{"gitId":"lihuihan"},"content":"","lastModifiedDate":"2024-09-03","isFullCredit":false},{"lineNumber":22,"author":{"gitId":"lihuihan"},"content":"    public abstract String getTaskIcon();","lastModifiedDate":"2024-09-03","isFullCredit":false},{"lineNumber":23,"author":{"gitId":"lihuihan"},"content":"    public abstract String getListView();","lastModifiedDate":"2024-09-03","isFullCredit":false},{"lineNumber":24,"author":{"gitId":"lihuihan"},"content":"}","lastModifiedDate":"2024-08-29","isFullCredit":false}],"authorContributionMap":{"lihuihan":24}},{"path":"src/main/java/Todo.java","fileType":"java","lines":[{"lineNumber":1,"author":{"gitId":"lihuihan"},"content":"public class Todo extends Task {","lastModifiedDate":"2024-09-03","isFullCredit":false},{"lineNumber":2,"author":{"gitId":"lihuihan"},"content":"    public Todo(String description){","lastModifiedDate":"2024-09-03","isFullCredit":false},{"lineNumber":3,"author":{"gitId":"lihuihan"},"content":"        super(description);","lastModifiedDate":"2024-09-03","isFullCredit":false},{"lineNumber":4,"author":{"gitId":"lihuihan"},"content":"    }","lastModifiedDate":"2024-09-03","isFullCredit":false},{"lineNumber":5,"author":{"gitId":"lihuihan"},"content":"","lastModifiedDate":"2024-09-03","isFullCredit":false},{"lineNumber":6,"author":{"gitId":"lihuihan"},"content":"    public String getTaskIcon(){","lastModifiedDate":"2024-09-03","isFullCredit":false},{"lineNumber":7,"author":{"gitId":"lihuihan"},"content":"        return \"T\";","lastModifiedDate":"2024-09-03","isFullCredit":false},{"lineNumber":8,"author":{"gitId":"lihuihan"},"content":"    }","lastModifiedDate":"2024-09-03","isFullCredit":false},{"lineNumber":9,"author":{"gitId":"lihuihan"},"content":"","lastModifiedDate":"2024-09-03","isFullCredit":false},{"lineNumber":10,"author":{"gitId":"lihuihan"},"content":"    public String getListView() {","lastModifiedDate":"2024-09-03","isFullCredit":false},{"lineNumber":11,"author":{"gitId":"lihuihan"},"content":"        return \"[\" + this.getTaskIcon() + \"][\" + this.getStatusIcon() + \"] \" +","lastModifiedDate":"2024-09-03","isFullCredit":false},{"lineNumber":12,"author":{"gitId":"lihuihan"},"content":"                description;","lastModifiedDate":"2024-09-03","isFullCredit":false},{"lineNumber":13,"author":{"gitId":"lihuihan"},"content":"    }","lastModifiedDate":"2024-09-03","isFullCredit":false},{"lineNumber":14,"author":{"gitId":"lihuihan"},"content":"}","lastModifiedDate":"2024-09-03","isFullCredit":false}],"authorContributionMap":{"lihuihan":14}},{"path":"src/main/java/checkbot.java","fileType":"java","lines":[{"lineNumber":1,"author":{"gitId":"lihuihan"},"content":"import java.util.Scanner;","lastModifiedDate":"2024-08-27","isFullCredit":false},{"lineNumber":2,"author":{"gitId":"lihuihan"},"content":"","lastModifiedDate":"2024-08-27","isFullCredit":false},{"lineNumber":3,"author":{"gitId":"lihuihan"},"content":"public class checkbot {","lastModifiedDate":"2024-08-27","isFullCredit":false},{"lineNumber":4,"author":{"gitId":"lihuihan"},"content":"    public static Task[] tasks \u003d new Task[100];","lastModifiedDate":"2024-08-29","isFullCredit":false},{"lineNumber":5,"author":{"gitId":"lihuihan"},"content":"    public static int taskCount \u003d 0;","lastModifiedDate":"2024-08-27","isFullCredit":false},{"lineNumber":6,"author":{"gitId":"lihuihan"},"content":"    public static Scanner in \u003d new Scanner(System.in);","lastModifiedDate":"2024-09-03","isFullCredit":false},{"lineNumber":7,"author":{"gitId":"lihuihan"},"content":"","lastModifiedDate":"2024-08-27","isFullCredit":false},{"lineNumber":8,"author":{"gitId":"lihuihan"},"content":"    public static String readInput() {","lastModifiedDate":"2024-08-29","isFullCredit":false},{"lineNumber":9,"author":{"gitId":"lihuihan"},"content":"        String input;","lastModifiedDate":"2024-08-29","isFullCredit":false},{"lineNumber":10,"author":{"gitId":"lihuihan"},"content":"        input \u003d in.nextLine();","lastModifiedDate":"2024-08-29","isFullCredit":false},{"lineNumber":11,"author":{"gitId":"lihuihan"},"content":"        return input;","lastModifiedDate":"2024-08-29","isFullCredit":false},{"lineNumber":12,"author":{"gitId":"lihuihan"},"content":"    }","lastModifiedDate":"2024-08-29","isFullCredit":false},{"lineNumber":13,"author":{"gitId":"lihuihan"},"content":"","lastModifiedDate":"2024-08-29","isFullCredit":false},{"lineNumber":14,"author":{"gitId":"lihuihan"},"content":"    public static void printHello() {","lastModifiedDate":"2024-08-27","isFullCredit":false},{"lineNumber":15,"author":{"gitId":"lihuihan"},"content":"        System.out.println(StringHelper.hello);","lastModifiedDate":"2024-09-11","isFullCredit":false},{"lineNumber":16,"author":{"gitId":"lihuihan"},"content":"    }","lastModifiedDate":"2024-08-27","isFullCredit":false},{"lineNumber":17,"author":{"gitId":"lihuihan"},"content":"","lastModifiedDate":"2024-08-27","isFullCredit":false},{"lineNumber":18,"author":{"gitId":"lihuihan"},"content":"    public static void printExit() {","lastModifiedDate":"2024-08-27","isFullCredit":false},{"lineNumber":19,"author":{"gitId":"lihuihan"},"content":"        System.out.println(StringHelper.exit);","lastModifiedDate":"2024-09-11","isFullCredit":false},{"lineNumber":20,"author":{"gitId":"lihuihan"},"content":"    }","lastModifiedDate":"2024-08-27","isFullCredit":false},{"lineNumber":21,"author":{"gitId":"lihuihan"},"content":"","lastModifiedDate":"2024-08-27","isFullCredit":false},{"lineNumber":22,"author":{"gitId":"lihuihan"},"content":"    public static void printCommandNotFound() {","lastModifiedDate":"2024-09-11","isFullCredit":false},{"lineNumber":23,"author":{"gitId":"lihuihan"},"content":"        System.out.println(StringHelper.commandNotFound);","lastModifiedDate":"2024-09-11","isFullCredit":false},{"lineNumber":24,"author":{"gitId":"lihuihan"},"content":"    }","lastModifiedDate":"2024-09-03","isFullCredit":false},{"lineNumber":25,"author":{"gitId":"lihuihan"},"content":"","lastModifiedDate":"2024-09-03","isFullCredit":false},{"lineNumber":26,"author":{"gitId":"lihuihan"},"content":"    public static void printEmptyDescription() {","lastModifiedDate":"2024-09-11","isFullCredit":false},{"lineNumber":27,"author":{"gitId":"lihuihan"},"content":"        System.out.println(StringHelper.emptyDescription);","lastModifiedDate":"2024-09-11","isFullCredit":false},{"lineNumber":28,"author":{"gitId":"lihuihan"},"content":"    }","lastModifiedDate":"2024-09-11","isFullCredit":false},{"lineNumber":29,"author":{"gitId":"lihuihan"},"content":"","lastModifiedDate":"2024-09-11","isFullCredit":false},{"lineNumber":30,"author":{"gitId":"lihuihan"},"content":"    public static void printEmptyTime() {","lastModifiedDate":"2024-09-11","isFullCredit":false},{"lineNumber":31,"author":{"gitId":"lihuihan"},"content":"        System.out.println(StringHelper.emptyTime);","lastModifiedDate":"2024-09-11","isFullCredit":false},{"lineNumber":32,"author":{"gitId":"lihuihan"},"content":"    }","lastModifiedDate":"2024-09-11","isFullCredit":false},{"lineNumber":33,"author":{"gitId":"lihuihan"},"content":"","lastModifiedDate":"2024-09-11","isFullCredit":false},{"lineNumber":34,"author":{"gitId":"lihuihan"},"content":"    public static void addTask(String input) throws EmptyInputException, EmptyTimeException {","lastModifiedDate":"2024-09-11","isFullCredit":false},{"lineNumber":35,"author":{"gitId":"lihuihan"},"content":"        String[] taskArray \u003d input.split(\" \",2);","lastModifiedDate":"2024-09-11","isFullCredit":false},{"lineNumber":36,"author":{"gitId":"lihuihan"},"content":"        if (taskArray.length \u003c 2) {","lastModifiedDate":"2024-09-11","isFullCredit":false},{"lineNumber":37,"author":{"gitId":"lihuihan"},"content":"            throw new EmptyInputException();","lastModifiedDate":"2024-09-11","isFullCredit":false},{"lineNumber":38,"author":{"gitId":"lihuihan"},"content":"        }","lastModifiedDate":"2024-09-11","isFullCredit":false},{"lineNumber":39,"author":{"gitId":"lihuihan"},"content":"        String taskType \u003d taskArray[0].toLowerCase();","lastModifiedDate":"2024-09-11","isFullCredit":false},{"lineNumber":40,"author":{"gitId":"lihuihan"},"content":"        String taskDetails \u003d taskArray[1];","lastModifiedDate":"2024-09-11","isFullCredit":false},{"lineNumber":41,"author":{"gitId":"lihuihan"},"content":"","lastModifiedDate":"2024-09-03","isFullCredit":false},{"lineNumber":42,"author":{"gitId":"lihuihan"},"content":"        switch (taskType) {","lastModifiedDate":"2024-09-08","isFullCredit":false},{"lineNumber":43,"author":{"gitId":"lihuihan"},"content":"            case \"todo\":","lastModifiedDate":"2024-09-08","isFullCredit":false},{"lineNumber":44,"author":{"gitId":"lihuihan"},"content":"                addTodo(taskDetails);","lastModifiedDate":"2024-09-11","isFullCredit":false},{"lineNumber":45,"author":{"gitId":"lihuihan"},"content":"                break;","lastModifiedDate":"2024-09-08","isFullCredit":false},{"lineNumber":46,"author":{"gitId":"lihuihan"},"content":"            case \"deadline\":","lastModifiedDate":"2024-09-08","isFullCredit":false},{"lineNumber":47,"author":{"gitId":"lihuihan"},"content":"                try{","lastModifiedDate":"2024-09-11","isFullCredit":false},{"lineNumber":48,"author":{"gitId":"lihuihan"},"content":"                    addDeadline(taskDetails);","lastModifiedDate":"2024-09-11","isFullCredit":false},{"lineNumber":49,"author":{"gitId":"lihuihan"},"content":"                    break;","lastModifiedDate":"2024-09-11","isFullCredit":false},{"lineNumber":50,"author":{"gitId":"lihuihan"},"content":"                } catch (CommandNotFoundException e) {","lastModifiedDate":"2024-09-11","isFullCredit":false},{"lineNumber":51,"author":{"gitId":"lihuihan"},"content":"                    System.out.println(StringHelper.deadlineError);","lastModifiedDate":"2024-09-11","isFullCredit":false},{"lineNumber":52,"author":{"gitId":"lihuihan"},"content":"                    break;","lastModifiedDate":"2024-09-08","isFullCredit":false},{"lineNumber":53,"author":{"gitId":"lihuihan"},"content":"                }","lastModifiedDate":"2024-09-11","isFullCredit":false},{"lineNumber":54,"author":{"gitId":"lihuihan"},"content":"            case \"event\":","lastModifiedDate":"2024-09-08","isFullCredit":false},{"lineNumber":55,"author":{"gitId":"lihuihan"},"content":"                try{","lastModifiedDate":"2024-09-11","isFullCredit":false},{"lineNumber":56,"author":{"gitId":"lihuihan"},"content":"                    addEvent(taskDetails);","lastModifiedDate":"2024-09-11","isFullCredit":false},{"lineNumber":57,"author":{"gitId":"lihuihan"},"content":"                    break;","lastModifiedDate":"2024-09-08","isFullCredit":false},{"lineNumber":58,"author":{"gitId":"lihuihan"},"content":"                } catch (CommandNotFoundException e) {","lastModifiedDate":"2024-09-11","isFullCredit":false},{"lineNumber":59,"author":{"gitId":"lihuihan"},"content":"                    System.out.println(StringHelper.eventError);","lastModifiedDate":"2024-09-11","isFullCredit":false},{"lineNumber":60,"author":{"gitId":"lihuihan"},"content":"                    break;","lastModifiedDate":"2024-09-08","isFullCredit":false},{"lineNumber":61,"author":{"gitId":"lihuihan"},"content":"                }","lastModifiedDate":"2024-09-08","isFullCredit":false},{"lineNumber":62,"author":{"gitId":"lihuihan"},"content":"            default:","lastModifiedDate":"2024-09-11","isFullCredit":false},{"lineNumber":63,"author":{"gitId":"lihuihan"},"content":"                // do nothing","lastModifiedDate":"2024-09-11","isFullCredit":false},{"lineNumber":64,"author":{"gitId":"lihuihan"},"content":"        }","lastModifiedDate":"2024-09-11","isFullCredit":false},{"lineNumber":65,"author":{"gitId":"lihuihan"},"content":"    }","lastModifiedDate":"2024-09-03","isFullCredit":false},{"lineNumber":66,"author":{"gitId":"lihuihan"},"content":"","lastModifiedDate":"2024-09-03","isFullCredit":false},{"lineNumber":67,"author":{"gitId":"lihuihan"},"content":"    public static void addTodo(String input){","lastModifiedDate":"2024-09-03","isFullCredit":false},{"lineNumber":68,"author":{"gitId":"lihuihan"},"content":"        Todo task \u003d new Todo(input);","lastModifiedDate":"2024-09-03","isFullCredit":false},{"lineNumber":69,"author":{"gitId":"lihuihan"},"content":"        tasks[taskCount] \u003d task;","lastModifiedDate":"2024-09-03","isFullCredit":false},{"lineNumber":70,"author":{"gitId":"lihuihan"},"content":"        echoTask(taskCount);","lastModifiedDate":"2024-09-08","isFullCredit":false},{"lineNumber":71,"author":{"gitId":"lihuihan"},"content":"        taskCount++;","lastModifiedDate":"2024-09-08","isFullCredit":false},{"lineNumber":72,"author":{"gitId":"lihuihan"},"content":"    }","lastModifiedDate":"2024-09-03","isFullCredit":false},{"lineNumber":73,"author":{"gitId":"lihuihan"},"content":"","lastModifiedDate":"2024-09-03","isFullCredit":false},{"lineNumber":74,"author":{"gitId":"lihuihan"},"content":"    public static void addDeadline(String input) throws EmptyInputException, EmptyTimeException, CommandNotFoundException {","lastModifiedDate":"2024-09-11","isFullCredit":false},{"lineNumber":75,"author":{"gitId":"lihuihan"},"content":"        // input format: \u003ctask\u003e /by \u003cdatetime\u003e","lastModifiedDate":"2024-09-11","isFullCredit":false},{"lineNumber":76,"author":{"gitId":"lihuihan"},"content":"        if (!input.contains(\"/by\")){","lastModifiedDate":"2024-09-11","isFullCredit":false},{"lineNumber":77,"author":{"gitId":"lihuihan"},"content":"            throw new CommandNotFoundException();","lastModifiedDate":"2024-09-11","isFullCredit":false},{"lineNumber":78,"author":{"gitId":"lihuihan"},"content":"        }","lastModifiedDate":"2024-09-11","isFullCredit":false},{"lineNumber":79,"author":{"gitId":"lihuihan"},"content":"        String[] deadlineArray \u003d input.split(\"/by\",2);","lastModifiedDate":"2024-09-11","isFullCredit":false},{"lineNumber":80,"author":{"gitId":"lihuihan"},"content":"        String description \u003d deadlineArray[0].trim();","lastModifiedDate":"2024-09-11","isFullCredit":false},{"lineNumber":81,"author":{"gitId":"lihuihan"},"content":"        String dueDateTime \u003d deadlineArray[1].trim();","lastModifiedDate":"2024-09-11","isFullCredit":false},{"lineNumber":82,"author":{"gitId":"lihuihan"},"content":"        if (description.isEmpty()) {","lastModifiedDate":"2024-09-11","isFullCredit":false},{"lineNumber":83,"author":{"gitId":"lihuihan"},"content":"            throw new EmptyInputException();","lastModifiedDate":"2024-09-11","isFullCredit":false},{"lineNumber":84,"author":{"gitId":"lihuihan"},"content":"        }","lastModifiedDate":"2024-09-11","isFullCredit":false},{"lineNumber":85,"author":{"gitId":"lihuihan"},"content":"        if (dueDateTime.isEmpty()) {","lastModifiedDate":"2024-09-11","isFullCredit":false},{"lineNumber":86,"author":{"gitId":"lihuihan"},"content":"            throw new EmptyTimeException();","lastModifiedDate":"2024-09-11","isFullCredit":false},{"lineNumber":87,"author":{"gitId":"lihuihan"},"content":"        }","lastModifiedDate":"2024-09-11","isFullCredit":false},{"lineNumber":88,"author":{"gitId":"lihuihan"},"content":"","lastModifiedDate":"2024-09-03","isFullCredit":false},{"lineNumber":89,"author":{"gitId":"lihuihan"},"content":"        Deadline task \u003d new Deadline(description, dueDateTime);","lastModifiedDate":"2024-09-03","isFullCredit":false},{"lineNumber":90,"author":{"gitId":"lihuihan"},"content":"        tasks[taskCount] \u003d task;","lastModifiedDate":"2024-09-03","isFullCredit":false},{"lineNumber":91,"author":{"gitId":"lihuihan"},"content":"        echoTask(taskCount);","lastModifiedDate":"2024-09-08","isFullCredit":false},{"lineNumber":92,"author":{"gitId":"lihuihan"},"content":"        taskCount++;","lastModifiedDate":"2024-09-08","isFullCredit":false},{"lineNumber":93,"author":{"gitId":"lihuihan"},"content":"    }","lastModifiedDate":"2024-09-03","isFullCredit":false},{"lineNumber":94,"author":{"gitId":"lihuihan"},"content":"","lastModifiedDate":"2024-09-03","isFullCredit":false},{"lineNumber":95,"author":{"gitId":"lihuihan"},"content":"    public static void addEvent(String input) throws EmptyInputException, EmptyTimeException, CommandNotFoundException {","lastModifiedDate":"2024-09-11","isFullCredit":false},{"lineNumber":96,"author":{"gitId":"lihuihan"},"content":"        // input format: \u003cevent\u003e /from \u003cdatetime\u003e /to \u003cdatetime\u003e","lastModifiedDate":"2024-09-11","isFullCredit":false},{"lineNumber":97,"author":{"gitId":"lihuihan"},"content":"        if (!input.contains(\"/from\") || !input.contains(\"/to\")){","lastModifiedDate":"2024-09-11","isFullCredit":false},{"lineNumber":98,"author":{"gitId":"lihuihan"},"content":"            throw new CommandNotFoundException();","lastModifiedDate":"2024-09-11","isFullCredit":false},{"lineNumber":99,"author":{"gitId":"lihuihan"},"content":"        }","lastModifiedDate":"2024-09-11","isFullCredit":false},{"lineNumber":100,"author":{"gitId":"lihuihan"},"content":"        String[] eventArray \u003d input.split(\"/from\",2);","lastModifiedDate":"2024-09-11","isFullCredit":false},{"lineNumber":101,"author":{"gitId":"lihuihan"},"content":"        String[] dateTimeArray \u003d eventArray[1].split(\"/to\",2);","lastModifiedDate":"2024-09-11","isFullCredit":false},{"lineNumber":102,"author":{"gitId":"lihuihan"},"content":"        String description \u003d eventArray[0].trim();","lastModifiedDate":"2024-09-11","isFullCredit":false},{"lineNumber":103,"author":{"gitId":"lihuihan"},"content":"        if (description.isEmpty()) {","lastModifiedDate":"2024-09-11","isFullCredit":false},{"lineNumber":104,"author":{"gitId":"lihuihan"},"content":"            throw new EmptyInputException();","lastModifiedDate":"2024-09-11","isFullCredit":false},{"lineNumber":105,"author":{"gitId":"lihuihan"},"content":"        }","lastModifiedDate":"2024-09-11","isFullCredit":false},{"lineNumber":106,"author":{"gitId":"lihuihan"},"content":"        String startDateTime \u003d dateTimeArray[0].trim();","lastModifiedDate":"2024-09-11","isFullCredit":false},{"lineNumber":107,"author":{"gitId":"lihuihan"},"content":"        String endDateTime \u003d dateTimeArray[1].trim();","lastModifiedDate":"2024-09-11","isFullCredit":false},{"lineNumber":108,"author":{"gitId":"lihuihan"},"content":"        if (startDateTime.isEmpty() || endDateTime.isEmpty()) {","lastModifiedDate":"2024-09-11","isFullCredit":false},{"lineNumber":109,"author":{"gitId":"lihuihan"},"content":"            throw new EmptyTimeException();","lastModifiedDate":"2024-09-11","isFullCredit":false},{"lineNumber":110,"author":{"gitId":"lihuihan"},"content":"        }","lastModifiedDate":"2024-09-11","isFullCredit":false},{"lineNumber":111,"author":{"gitId":"lihuihan"},"content":"","lastModifiedDate":"2024-09-03","isFullCredit":false},{"lineNumber":112,"author":{"gitId":"lihuihan"},"content":"        Event task \u003d new Event(description, startDateTime, endDateTime);","lastModifiedDate":"2024-09-03","isFullCredit":false},{"lineNumber":113,"author":{"gitId":"lihuihan"},"content":"        tasks[taskCount] \u003d task;","lastModifiedDate":"2024-09-03","isFullCredit":false},{"lineNumber":114,"author":{"gitId":"lihuihan"},"content":"        echoTask(taskCount);","lastModifiedDate":"2024-09-08","isFullCredit":false},{"lineNumber":115,"author":{"gitId":"lihuihan"},"content":"        taskCount++;","lastModifiedDate":"2024-09-08","isFullCredit":false},{"lineNumber":116,"author":{"gitId":"lihuihan"},"content":"    }","lastModifiedDate":"2024-09-08","isFullCredit":false},{"lineNumber":117,"author":{"gitId":"lihuihan"},"content":"","lastModifiedDate":"2024-09-08","isFullCredit":false},{"lineNumber":118,"author":{"gitId":"lihuihan"},"content":"    public static void echoTask(int taskIdx) {","lastModifiedDate":"2024-09-08","isFullCredit":false},{"lineNumber":119,"author":{"gitId":"lihuihan"},"content":"        System.out.println(StringHelper.outputLine + System.lineSeparator() +","lastModifiedDate":"2024-09-11","isFullCredit":false},{"lineNumber":120,"author":{"gitId":"lihuihan"},"content":"                \"Got it! I\u0027ve added this task:\" + System.lineSeparator() +","lastModifiedDate":"2024-09-08","isFullCredit":false},{"lineNumber":121,"author":{"gitId":"lihuihan"},"content":"                \"  \" + tasks[taskIdx].getListView() + System.lineSeparator() +","lastModifiedDate":"2024-09-08","isFullCredit":false},{"lineNumber":122,"author":{"gitId":"lihuihan"},"content":"                \"Now you have \" + (taskIdx+1) + \" task(s) in the list.\" + System.lineSeparator() +","lastModifiedDate":"2024-09-08","isFullCredit":false},{"lineNumber":123,"author":{"gitId":"lihuihan"},"content":"                StringHelper.outputLine);","lastModifiedDate":"2024-09-11","isFullCredit":false},{"lineNumber":124,"author":{"gitId":"lihuihan"},"content":"    }","lastModifiedDate":"2024-08-29","isFullCredit":false},{"lineNumber":125,"author":{"gitId":"lihuihan"},"content":"","lastModifiedDate":"2024-08-29","isFullCredit":false},{"lineNumber":126,"author":{"gitId":"lihuihan"},"content":"    public static void printTasks() {","lastModifiedDate":"2024-08-27","isFullCredit":false},{"lineNumber":127,"author":{"gitId":"lihuihan"},"content":"        System.out.println(StringHelper.outputLine);","lastModifiedDate":"2024-09-11","isFullCredit":false},{"lineNumber":128,"author":{"gitId":"lihuihan"},"content":"        System.out.println(\"Here are the task(s) in your list:\");","lastModifiedDate":"2024-09-03","isFullCredit":false},{"lineNumber":129,"author":{"gitId":"lihuihan"},"content":"        for (int i \u003d 0; i \u003c taskCount; i++) {","lastModifiedDate":"2024-08-27","isFullCredit":false},{"lineNumber":130,"author":{"gitId":"lihuihan"},"content":"            System.out.println(i+1 + \". \" + tasks[i].getListView());","lastModifiedDate":"2024-09-03","isFullCredit":false},{"lineNumber":131,"author":{"gitId":"lihuihan"},"content":"        }","lastModifiedDate":"2024-08-27","isFullCredit":false},{"lineNumber":132,"author":{"gitId":"lihuihan"},"content":"        System.out.println(StringHelper.outputLine);","lastModifiedDate":"2024-09-11","isFullCredit":false},{"lineNumber":133,"author":{"gitId":"lihuihan"},"content":"    }","lastModifiedDate":"2024-08-27","isFullCredit":false},{"lineNumber":134,"author":{"gitId":"lihuihan"},"content":"","lastModifiedDate":"2024-08-27","isFullCredit":false},{"lineNumber":135,"author":{"gitId":"lihuihan"},"content":"    public static void markTask(Task task) {","lastModifiedDate":"2024-09-08","isFullCredit":false},{"lineNumber":136,"author":{"gitId":"lihuihan"},"content":"        task.setDone(true);","lastModifiedDate":"2024-09-08","isFullCredit":false},{"lineNumber":137,"author":{"gitId":"lihuihan"},"content":"        System.out.println(StringHelper.outputLine + System.lineSeparator() +","lastModifiedDate":"2024-09-11","isFullCredit":false},{"lineNumber":138,"author":{"gitId":"lihuihan"},"content":"                \"Nice! I\u0027ve marked this task as done: \" + System.lineSeparator() +","lastModifiedDate":"2024-08-29","isFullCredit":false},{"lineNumber":139,"author":{"gitId":"lihuihan"},"content":"                \"  \" + task.getListView() + System.lineSeparator() +","lastModifiedDate":"2024-09-08","isFullCredit":false},{"lineNumber":140,"author":{"gitId":"lihuihan"},"content":"                StringHelper.outputLine);","lastModifiedDate":"2024-09-11","isFullCredit":false},{"lineNumber":141,"author":{"gitId":"lihuihan"},"content":"    }","lastModifiedDate":"2024-09-08","isFullCredit":false},{"lineNumber":142,"author":{"gitId":"lihuihan"},"content":"","lastModifiedDate":"2024-09-08","isFullCredit":false},{"lineNumber":143,"author":{"gitId":"lihuihan"},"content":"    public static void unmarkTask(Task task) {","lastModifiedDate":"2024-09-08","isFullCredit":false},{"lineNumber":144,"author":{"gitId":"lihuihan"},"content":"        task.setDone(false);","lastModifiedDate":"2024-09-08","isFullCredit":false},{"lineNumber":145,"author":{"gitId":"lihuihan"},"content":"        System.out.println(StringHelper.outputLine + System.lineSeparator() +","lastModifiedDate":"2024-09-11","isFullCredit":false},{"lineNumber":146,"author":{"gitId":"lihuihan"},"content":"                \"Okay, I\u0027ve marked this task as not done yet: \" + System.lineSeparator() +","lastModifiedDate":"2024-08-29","isFullCredit":false},{"lineNumber":147,"author":{"gitId":"lihuihan"},"content":"                \"  \" + task.getListView() + System.lineSeparator() +","lastModifiedDate":"2024-09-08","isFullCredit":false},{"lineNumber":148,"author":{"gitId":"lihuihan"},"content":"                StringHelper.outputLine);","lastModifiedDate":"2024-09-11","isFullCredit":false},{"lineNumber":149,"author":{"gitId":"lihuihan"},"content":"    }","lastModifiedDate":"2024-08-27","isFullCredit":false},{"lineNumber":150,"author":{"gitId":"lihuihan"},"content":"","lastModifiedDate":"2024-09-08","isFullCredit":false},{"lineNumber":151,"author":{"gitId":"lihuihan"},"content":"    public static void setStatus(String  input) throws EmptyInputException {","lastModifiedDate":"2024-09-11","isFullCredit":false},{"lineNumber":152,"author":{"gitId":"lihuihan"},"content":"        String[] setStatusArray \u003d input.split(\" \", 2);","lastModifiedDate":"2024-09-11","isFullCredit":false},{"lineNumber":153,"author":{"gitId":"lihuihan"},"content":"        if (setStatusArray.length \u003c 2) {","lastModifiedDate":"2024-09-11","isFullCredit":false},{"lineNumber":154,"author":{"gitId":"lihuihan"},"content":"            throw new EmptyInputException();","lastModifiedDate":"2024-09-11","isFullCredit":false},{"lineNumber":155,"author":{"gitId":"lihuihan"},"content":"        }","lastModifiedDate":"2024-09-11","isFullCredit":false},{"lineNumber":156,"author":{"gitId":"lihuihan"},"content":"        String action \u003d setStatusArray[0].toLowerCase();","lastModifiedDate":"2024-09-11","isFullCredit":false},{"lineNumber":157,"author":{"gitId":"lihuihan"},"content":"        int taskIdx \u003d Integer.parseInt(setStatusArray[1]) - 1;","lastModifiedDate":"2024-09-11","isFullCredit":false},{"lineNumber":158,"author":{"gitId":"lihuihan"},"content":"","lastModifiedDate":"2024-09-08","isFullCredit":false},{"lineNumber":159,"author":{"gitId":"lihuihan"},"content":"        switch (action) {","lastModifiedDate":"2024-09-08","isFullCredit":false},{"lineNumber":160,"author":{"gitId":"lihuihan"},"content":"            case \"mark\":","lastModifiedDate":"2024-09-08","isFullCredit":false},{"lineNumber":161,"author":{"gitId":"lihuihan"},"content":"                markTask(tasks[taskIdx]);","lastModifiedDate":"2024-09-08","isFullCredit":false},{"lineNumber":162,"author":{"gitId":"lihuihan"},"content":"                break;","lastModifiedDate":"2024-09-08","isFullCredit":false},{"lineNumber":163,"author":{"gitId":"lihuihan"},"content":"            case \"unmark\":","lastModifiedDate":"2024-09-08","isFullCredit":false},{"lineNumber":164,"author":{"gitId":"lihuihan"},"content":"                unmarkTask(tasks[taskIdx]);","lastModifiedDate":"2024-09-08","isFullCredit":false},{"lineNumber":165,"author":{"gitId":"lihuihan"},"content":"                break;","lastModifiedDate":"2024-09-08","isFullCredit":false},{"lineNumber":166,"author":{"gitId":"lihuihan"},"content":"            default:","lastModifiedDate":"2024-09-08","isFullCredit":false},{"lineNumber":167,"author":{"gitId":"lihuihan"},"content":"                printCommandNotFound();","lastModifiedDate":"2024-09-11","isFullCredit":false},{"lineNumber":168,"author":{"gitId":"lihuihan"},"content":"                break;","lastModifiedDate":"2024-09-08","isFullCredit":false},{"lineNumber":169,"author":{"gitId":"lihuihan"},"content":"        }","lastModifiedDate":"2024-09-08","isFullCredit":false},{"lineNumber":170,"author":{"gitId":"lihuihan"},"content":"    }","lastModifiedDate":"2024-09-03","isFullCredit":false},{"lineNumber":171,"author":{"gitId":"lihuihan"},"content":"","lastModifiedDate":"2024-08-27","isFullCredit":false},{"lineNumber":172,"author":{"gitId":"lihuihan"},"content":"    public static void main(String[] args) {","lastModifiedDate":"2024-08-27","isFullCredit":false},{"lineNumber":173,"author":{"gitId":"lihuihan"},"content":"        printHello();","lastModifiedDate":"2024-08-27","isFullCredit":false},{"lineNumber":174,"author":{"gitId":"lihuihan"},"content":"        boolean goToExit \u003d false;","lastModifiedDate":"2024-09-08","isFullCredit":false},{"lineNumber":175,"author":{"gitId":"lihuihan"},"content":"","lastModifiedDate":"2024-08-27","isFullCredit":false},{"lineNumber":176,"author":{"gitId":"lihuihan"},"content":"        do {","lastModifiedDate":"2024-09-08","isFullCredit":false},{"lineNumber":177,"author":{"gitId":"lihuihan"},"content":"            String input \u003d readInput().trim();","lastModifiedDate":"2024-09-11","isFullCredit":false},{"lineNumber":178,"author":{"gitId":"lihuihan"},"content":"            String keyword \u003d input.split(\" \")[0].toLowerCase();","lastModifiedDate":"2024-09-08","isFullCredit":false},{"lineNumber":179,"author":{"gitId":"lihuihan"},"content":"","lastModifiedDate":"2024-08-27","isFullCredit":false},{"lineNumber":180,"author":{"gitId":"lihuihan"},"content":"            switch (keyword) {","lastModifiedDate":"2024-09-08","isFullCredit":false},{"lineNumber":181,"author":{"gitId":"lihuihan"},"content":"                case \"bye\":","lastModifiedDate":"2024-09-08","isFullCredit":false},{"lineNumber":182,"author":{"gitId":"lihuihan"},"content":"                    printExit();","lastModifiedDate":"2024-08-27","isFullCredit":false},{"lineNumber":183,"author":{"gitId":"lihuihan"},"content":"                    goToExit \u003d true;","lastModifiedDate":"2024-09-08","isFullCredit":false},{"lineNumber":184,"author":{"gitId":"lihuihan"},"content":"                    break;","lastModifiedDate":"2024-08-27","isFullCredit":false},{"lineNumber":185,"author":{"gitId":"lihuihan"},"content":"                case \"list\":","lastModifiedDate":"2024-09-08","isFullCredit":false},{"lineNumber":186,"author":{"gitId":"lihuihan"},"content":"                    printTasks();","lastModifiedDate":"2024-08-27","isFullCredit":false},{"lineNumber":187,"author":{"gitId":"lihuihan"},"content":"                    break;","lastModifiedDate":"2024-09-08","isFullCredit":false},{"lineNumber":188,"author":{"gitId":"lihuihan"},"content":"                case \"mark\":","lastModifiedDate":"2024-09-08","isFullCredit":false},{"lineNumber":189,"author":{"gitId":"lihuihan"},"content":"                    // fallthrough","lastModifiedDate":"2024-09-08","isFullCredit":false},{"lineNumber":190,"author":{"gitId":"lihuihan"},"content":"                case \"unmark\":","lastModifiedDate":"2024-09-08","isFullCredit":false},{"lineNumber":191,"author":{"gitId":"lihuihan"},"content":"                    try {","lastModifiedDate":"2024-09-11","isFullCredit":false},{"lineNumber":192,"author":{"gitId":"lihuihan"},"content":"                        setStatus(input);","lastModifiedDate":"2024-09-03","isFullCredit":false},{"lineNumber":193,"author":{"gitId":"lihuihan"},"content":"                        break;","lastModifiedDate":"2024-09-08","isFullCredit":false},{"lineNumber":194,"author":{"gitId":"lihuihan"},"content":"                    } catch (EmptyInputException e) {","lastModifiedDate":"2024-09-11","isFullCredit":false},{"lineNumber":195,"author":{"gitId":"lihuihan"},"content":"                        System.out.println(StringHelper.emptyNumber);","lastModifiedDate":"2024-09-11","isFullCredit":false},{"lineNumber":196,"author":{"gitId":"lihuihan"},"content":"                        break;","lastModifiedDate":"2024-09-11","isFullCredit":false},{"lineNumber":197,"author":{"gitId":"lihuihan"},"content":"                    } catch (NumberFormatException e) {","lastModifiedDate":"2024-09-11","isFullCredit":false},{"lineNumber":198,"author":{"gitId":"lihuihan"},"content":"                        System.out.println(StringHelper.nonIntegerNumber);","lastModifiedDate":"2024-09-11","isFullCredit":false},{"lineNumber":199,"author":{"gitId":"lihuihan"},"content":"                        break;","lastModifiedDate":"2024-09-11","isFullCredit":false},{"lineNumber":200,"author":{"gitId":"lihuihan"},"content":"                    } catch (ArrayIndexOutOfBoundsException | NullPointerException e) {","lastModifiedDate":"2024-09-11","isFullCredit":false},{"lineNumber":201,"author":{"gitId":"lihuihan"},"content":"                        System.out.println(StringHelper.invalidTaskNumber);","lastModifiedDate":"2024-09-11","isFullCredit":false},{"lineNumber":202,"author":{"gitId":"lihuihan"},"content":"                        break;","lastModifiedDate":"2024-09-11","isFullCredit":false},{"lineNumber":203,"author":{"gitId":"lihuihan"},"content":"                    }","lastModifiedDate":"2024-09-11","isFullCredit":false},{"lineNumber":204,"author":{"gitId":"lihuihan"},"content":"                case \"todo\":","lastModifiedDate":"2024-09-11","isFullCredit":false},{"lineNumber":205,"author":{"gitId":"lihuihan"},"content":"                    // fallthrough","lastModifiedDate":"2024-09-11","isFullCredit":false},{"lineNumber":206,"author":{"gitId":"lihuihan"},"content":"                case \"deadline\":","lastModifiedDate":"2024-09-11","isFullCredit":false},{"lineNumber":207,"author":{"gitId":"lihuihan"},"content":"                    // fallthrough","lastModifiedDate":"2024-09-11","isFullCredit":false},{"lineNumber":208,"author":{"gitId":"lihuihan"},"content":"                case \"event\":","lastModifiedDate":"2024-09-11","isFullCredit":false},{"lineNumber":209,"author":{"gitId":"lihuihan"},"content":"                    try {","lastModifiedDate":"2024-09-11","isFullCredit":false},{"lineNumber":210,"author":{"gitId":"lihuihan"},"content":"                        addTask(input);","lastModifiedDate":"2024-08-29","isFullCredit":false},{"lineNumber":211,"author":{"gitId":"lihuihan"},"content":"                        break;","lastModifiedDate":"2024-09-08","isFullCredit":false},{"lineNumber":212,"author":{"gitId":"lihuihan"},"content":"                    } catch (EmptyInputException e) {","lastModifiedDate":"2024-09-11","isFullCredit":false},{"lineNumber":213,"author":{"gitId":"lihuihan"},"content":"                        printEmptyDescription();","lastModifiedDate":"2024-09-11","isFullCredit":false},{"lineNumber":214,"author":{"gitId":"lihuihan"},"content":"                        break;","lastModifiedDate":"2024-09-11","isFullCredit":false},{"lineNumber":215,"author":{"gitId":"lihuihan"},"content":"                    } catch (EmptyTimeException e) {","lastModifiedDate":"2024-09-11","isFullCredit":false},{"lineNumber":216,"author":{"gitId":"lihuihan"},"content":"                        printEmptyTime();","lastModifiedDate":"2024-09-11","isFullCredit":false},{"lineNumber":217,"author":{"gitId":"lihuihan"},"content":"                        break;","lastModifiedDate":"2024-09-11","isFullCredit":false},{"lineNumber":218,"author":{"gitId":"lihuihan"},"content":"                    }","lastModifiedDate":"2024-09-11","isFullCredit":false},{"lineNumber":219,"author":{"gitId":"lihuihan"},"content":"                default:","lastModifiedDate":"2024-09-11","isFullCredit":false},{"lineNumber":220,"author":{"gitId":"lihuihan"},"content":"                    printCommandNotFound();","lastModifiedDate":"2024-09-11","isFullCredit":false},{"lineNumber":221,"author":{"gitId":"lihuihan"},"content":"            }","lastModifiedDate":"2024-08-27","isFullCredit":false},{"lineNumber":222,"author":{"gitId":"lihuihan"},"content":"        } while (!goToExit);","lastModifiedDate":"2024-09-08","isFullCredit":false},{"lineNumber":223,"author":{"gitId":"lihuihan"},"content":"    }","lastModifiedDate":"2024-08-27","isFullCredit":false},{"lineNumber":224,"author":{"gitId":"lihuihan"},"content":"}","lastModifiedDate":"2024-08-27","isFullCredit":false}],"authorContributionMap":{"lihuihan":224}},{"path":"text-ui-test/input.txt","fileType":"txt","lines":[{"lineNumber":1,"author":{"gitId":"lihuihan"},"content":"Todo task 1","lastModifiedDate":"2024-09-03","isFullCredit":false},{"lineNumber":2,"author":{"gitId":"lihuihan"},"content":"Event meeting /from this time /to that time","lastModifiedDate":"2024-09-03","isFullCredit":false},{"lineNumber":3,"author":{"gitId":"lihuihan"},"content":"Deadline task 2 /by some due date","lastModifiedDate":"2024-09-03","isFullCredit":false},{"lineNumber":4,"author":{"gitId":"lihuihan"},"content":"list","lastModifiedDate":"2024-09-03","isFullCredit":false},{"lineNumber":5,"author":{"gitId":"lihuihan"},"content":"mark 1","lastModifiedDate":"2024-09-03","isFullCredit":false},{"lineNumber":6,"author":{"gitId":"lihuihan"},"content":"mark 2","lastModifiedDate":"2024-09-03","isFullCredit":false},{"lineNumber":7,"author":{"gitId":"lihuihan"},"content":"mark 1","lastModifiedDate":"2024-09-03","isFullCredit":false},{"lineNumber":8,"author":{"gitId":"lihuihan"},"content":"list","lastModifiedDate":"2024-09-03","isFullCredit":false},{"lineNumber":9,"author":{"gitId":"lihuihan"},"content":"unmark 2","lastModifiedDate":"2024-09-03","isFullCredit":false},{"lineNumber":10,"author":{"gitId":"lihuihan"},"content":"list","lastModifiedDate":"2024-09-03","isFullCredit":false},{"lineNumber":11,"author":{"gitId":"lihuihan"},"content":"bye","lastModifiedDate":"2024-09-03","isFullCredit":false}],"authorContributionMap":{"lihuihan":11}},{"path":"text-ui-test/runtest.bat","fileType":"bat","lines":[{"lineNumber":1,"author":{"gitId":"-"},"content":"@ECHO OFF","lastModifiedDate":"2020-05-25","isFullCredit":false},{"lineNumber":2,"author":{"gitId":"-"},"content":"","lastModifiedDate":"2020-05-25","isFullCredit":false},{"lineNumber":3,"author":{"gitId":"-"},"content":"REM create bin directory if it doesn\u0027t exist","lastModifiedDate":"2020-05-25","isFullCredit":false},{"lineNumber":4,"author":{"gitId":"-"},"content":"if not exist ..\\bin mkdir ..\\bin","lastModifiedDate":"2020-05-25","isFullCredit":false},{"lineNumber":5,"author":{"gitId":"-"},"content":"","lastModifiedDate":"2020-05-25","isFullCredit":false},{"lineNumber":6,"author":{"gitId":"-"},"content":"REM delete output from previous run","lastModifiedDate":"2020-05-25","isFullCredit":false},{"lineNumber":7,"author":{"gitId":"-"},"content":"if exist ACTUAL.TXT del ACTUAL.TXT","lastModifiedDate":"2020-08-25","isFullCredit":false},{"lineNumber":8,"author":{"gitId":"-"},"content":"","lastModifiedDate":"2020-05-25","isFullCredit":false},{"lineNumber":9,"author":{"gitId":"-"},"content":"REM compile the code into the bin folder","lastModifiedDate":"2020-05-25","isFullCredit":false},{"lineNumber":10,"author":{"gitId":"lihuihan"},"content":"javac  -cp ..\\src\\main\\java -Xlint:none -d ..\\bin ..\\src\\main\\java\\checkbot.java","lastModifiedDate":"2024-08-29","isFullCredit":false},{"lineNumber":11,"author":{"gitId":"-"},"content":"IF ERRORLEVEL 1 (","lastModifiedDate":"2020-05-25","isFullCredit":false},{"lineNumber":12,"author":{"gitId":"-"},"content":"    echo ********** BUILD FAILURE **********","lastModifiedDate":"2020-05-25","isFullCredit":false},{"lineNumber":13,"author":{"gitId":"-"},"content":"    exit /b 1","lastModifiedDate":"2020-05-25","isFullCredit":false},{"lineNumber":14,"author":{"gitId":"-"},"content":")","lastModifiedDate":"2020-05-25","isFullCredit":false},{"lineNumber":15,"author":{"gitId":"-"},"content":"REM no error here, errorlevel \u003d\u003d 0","lastModifiedDate":"2020-05-25","isFullCredit":false},{"lineNumber":16,"author":{"gitId":"-"},"content":"","lastModifiedDate":"2020-05-25","isFullCredit":false},{"lineNumber":17,"author":{"gitId":"-"},"content":"REM run the program, feed commands from input.txt file and redirect the output to the ACTUAL.TXT","lastModifiedDate":"2020-05-25","isFullCredit":false},{"lineNumber":18,"author":{"gitId":"lihuihan"},"content":"java -classpath ..\\bin checkbot \u003c input.txt \u003e ACTUAL.TXT","lastModifiedDate":"2024-08-29","isFullCredit":false},{"lineNumber":19,"author":{"gitId":"-"},"content":"","lastModifiedDate":"2020-05-25","isFullCredit":false},{"lineNumber":20,"author":{"gitId":"-"},"content":"REM compare the output to the expected output","lastModifiedDate":"2020-05-25","isFullCredit":false},{"lineNumber":21,"author":{"gitId":"-"},"content":"FC ACTUAL.TXT EXPECTED.TXT","lastModifiedDate":"2020-05-25","isFullCredit":false}],"authorContributionMap":{"lihuihan":2,"-":19}}]
