{"authorDailyContributionsMap":{"lihuihan":[{"date":"2024-08-27","commitResults":[{"hash":"fd1007dddc175bae74d15a5e7b17a3d5b55ffc8b","isMergeCommit":false,"messageTitle":"+ rename chatbot + greet and exit","messageBody":"","tags":["Level-0"],"fileTypesAndContributionMap":{"java":{"insertions":12,"deletions":10}}},{"hash":"dd2745f7ff11ebee521190ef718d7fdcba9105ef","isMergeCommit":false,"messageTitle":"add echo feature","messageBody":"","tags":["Level-1"],"fileTypesAndContributionMap":{"java":{"insertions":33,"deletions":7}}},{"hash":"3ffd1e0d6a809c5ff2dbf90790beb2a188a2c108","isMergeCommit":false,"messageTitle":"add add and list function","messageBody":"","fileTypesAndContributionMap":{"java":{"insertions":38,"deletions":10}}},{"hash":"2b908333f6ccfc0a2781525fbfcdc18f8b0c78ef","isMergeCommit":false,"messageTitle":"optimise printTasks","messageBody":"","fileTypesAndContributionMap":{"java":{"insertions":2,"deletions":5}}}]},{"date":"2024-08-29","commitResults":[{"hash":"2fba5b57a7f5aa4ba08fd0cb53ef7a26dae20d54","isMergeCommit":false,"messageTitle":"add Task class","messageBody":"","tags":["Level-2","A-Classes"],"fileTypesAndContributionMap":{"java":{"insertions":20,"deletions":11}}},{"hash":"79d029e707e88cdbe08ae4f7616472c4c1f31d22","isMergeCommit":false,"messageTitle":"add mark as done feature","messageBody":"","fileTypesAndContributionMap":{"java":{"insertions":45,"deletions":13}}},{"hash":"b757ef688979546375ae46a40a1d814562f79c90","isMergeCommit":false,"messageTitle":"add line in markTask and unmarkTask","messageBody":"","tags":["Level-3"],"fileTypesAndContributionMap":{"java":{"insertions":4,"deletions":2}}},{"hash":"36aa4d87648e79d4fb17cb7a7f266af708b27815","isMergeCommit":false,"messageTitle":"test TextUiTesting","messageBody":"","fileTypesAndContributionMap":{"txt":{"insertions":1,"deletions":0},"bat":{"insertions":2,"deletions":2}}}]},{"date":"2024-09-03","commitResults":[{"hash":"e0dfbcfcf1d7f3ba6904b5f69b4ce77d903bc15e","isMergeCommit":false,"messageTitle":"add task type subclasses","messageBody":"","tags":["A-Inheritance"],"fileTypesAndContributionMap":{"java":{"insertions":54,"deletions":1}}},{"hash":"795270b24bb9015b3074df0a98dad597d0c63b6f","isMergeCommit":false,"messageTitle":"add support for Todo, Event, Deadline task types","messageBody":"","fileTypesAndContributionMap":{"java":{"insertions":76,"deletions":26}}},{"hash":"9e4e90273313eeb8afacaa5e4d26195e8e6aee43","isMergeCommit":false,"messageTitle":"change scanner to static","messageBody":"","fileTypesAndContributionMap":{"java":{"insertions":1,"deletions":1}}},{"hash":"c21da5bf29d347cd7073660847ba7e5040115c81","isMergeCommit":false,"messageTitle":"modified txt files for Text UI testing","messageBody":"","tags":["A-TextUiTesting"],"fileTypesAndContributionMap":{"txt":{"insertions":11,"deletions":1}}}]},{"date":"2024-09-08","commitResults":[{"hash":"3a0f76a8d94af836c420179292e8375f348c734c","isMergeCommit":false,"messageTitle":"refactor addTask and setStatus","messageBody":"","tags":["Level-4"],"fileTypesAndContributionMap":{"java":{"insertions":93,"deletions":57}}}]},{"date":"2024-09-11","commitResults":[{"hash":"45a818724400c28fd1e511b8023ce84b6f427656","isMergeCommit":false,"messageTitle":"add exception classes and stringhelper","messageBody":"","tags":["A-Exceptions"],"fileTypesAndContributionMap":{"java":{"insertions":50,"deletions":0}}},{"hash":"c113549f244cd9a57c584dd6dd342f691baf795b","isMergeCommit":false,"messageTitle":"add exceptions for addTask","messageBody":"","fileTypesAndContributionMap":{"java":{"insertions":93,"deletions":49}}},{"hash":"5d52e95112d9809f70b38b14b08726117d906693","isMergeCommit":false,"messageTitle":"add exceptions for setStatus","messageBody":"","tags":["Level-5"],"fileTypesAndContributionMap":{"java":{"insertions":33,"deletions":15}}}]},{"date":"2024-09-24","commitResults":[{"hash":"b0be57e41ae54e3e3362bd99586ca8e9fe5a98f7","isMergeCommit":false,"messageTitle":"change task array to arraylist","messageBody":"","tags":["A-Collections"],"fileTypesAndContributionMap":{"java":{"insertions":15,"deletions":18}}},{"hash":"bfe10fa137cae1d76efb9965ca691a21037e7294","isMergeCommit":false,"messageTitle":"add delete feature","messageBody":"","tags":["Level-6"],"fileTypesAndContributionMap":{"java":{"insertions":15,"deletions":0}}}]},{"date":"2024-09-25","commitResults":[{"hash":"8c591e3e21caf3dd3bd9f8f3ee79d0e12b326fbd","isMergeCommit":false,"messageTitle":"add TaskType and TaskStatus Enums","messageBody":"","tags":["A-Enums"],"fileTypesAndContributionMap":{"java":{"insertions":38,"deletions":17}}},{"hash":"4f7ace0042180690c9e40705ed7bffe9b30dd11c","isMergeCommit":false,"messageTitle":"modified txt file for text ui testing","messageBody":"","fileTypesAndContributionMap":{"txt":{"insertions":19,"deletions":3},"java":{"insertions":2,"deletions":0}}}]},{"date":"2024-10-01","commitResults":[{"hash":"58a1c3b0c75b8f27c90feb51b5624c1f464fc411","isMergeCommit":false,"messageTitle":"add save to file feature","messageBody":"","fileTypesAndContributionMap":{"java":{"insertions":67,"deletions":4}}},{"hash":"d7071cf3195eabbbe3280c0d520742b2497bd731","isMergeCommit":false,"messageTitle":"add read file feature on start up","messageBody":"","fileTypesAndContributionMap":{"java":{"insertions":78,"deletions":17}}}]},{"date":"2024-10-17","commitResults":[{"hash":"cb64c5e1f48ec38d45f9c77d3b842dcaa8734045","isMergeCommit":true,"messageTitle":"Merge branch \u0027Feat/level-7-save\u0027","messageBody":"","tags":["Level-7"],"fileTypesAndContributionMap":{}},{"hash":"44c171c61a46604de070b5823e842183ef97114a","isMergeCommit":false,"messageTitle":"restructure checkbot into Ui, Task, and Utils packages","messageBody":"","fileTypesAndContributionMap":{"java":{"insertions":102,"deletions":69},"bat":{"insertions":2,"deletions":2}}}]},{"date":"2024-10-18","commitResults":[{"hash":"a0ea28c39caa28607e7377e956fe7b7ca2c2272e","isMergeCommit":false,"messageTitle":"rename messages class","messageBody":"","fileTypesAndContributionMap":{"java":{"insertions":42,"deletions":42}}},{"hash":"84ecb7dd490f11c63e90f1e78e4083b491dbe8c1","isMergeCommit":false,"messageTitle":"added parser, storage, and exception packages","messageBody":"","fileTypesAndContributionMap":{"java":{"insertions":305,"deletions":269}}},{"hash":"a204c0cda9c6efb9d3c8b272afe57d595893dab4","isMergeCommit":true,"messageTitle":"Merge branch \u0027Restructure/MoreOOP\u0027","messageBody":"","tags":["A-Packages","A-MoreOOP"],"fileTypesAndContributionMap":{}},{"hash":"1aa395f610be3524006d8e23ada153c97beb61b1","isMergeCommit":false,"messageTitle":"moved code to StorageFile class","messageBody":"","fileTypesAndContributionMap":{"java":{"insertions":17,"deletions":18}}},{"hash":"32ef93a3dfb467b32d6e60f349d6b23fee28c283","isMergeCommit":false,"messageTitle":"aesthetic changes","messageBody":"","fileTypesAndContributionMap":{"java":{"insertions":12,"deletions":2}}},{"hash":"eafc1c24752acd30dcbe4c0ae5e84ab91f219efc","isMergeCommit":false,"messageTitle":"added parser for datetime","messageBody":"","fileTypesAndContributionMap":{"java":{"insertions":19,"deletions":0}}},{"hash":"8e098cfefed81ffe798ffebc40786687002b16a7","isMergeCommit":false,"messageTitle":"changed deadline\u0027s datetime type","messageBody":"","fileTypesAndContributionMap":{"java":{"insertions":16,"deletions":6}}}]},{"date":"2024-10-22","commitResults":[{"hash":"2cd3052adcf871908058ff4d876e830467989fd3","isMergeCommit":true,"messageTitle":"Merge branch \u0027add-gradle-support\u0027 of https://github.com/lihuihan/duke","messageBody":"","fileTypesAndContributionMap":{}},{"hash":"d85a814c2ac4f40edc6025a66279ce854f22ca59","isMergeCommit":false,"messageTitle":"rename Main.java to Checkbot.java, moved into checkbot package","messageBody":"","fileTypesAndContributionMap":{"java":{"insertions":3,"deletions":1}}},{"hash":"0b7687868ebb5191cd6dbe8ef2ada05c1e718964","isMergeCommit":false,"messageTitle":"edit pathname for build.gradle and runtest.bat","messageBody":"","fileTypesAndContributionMap":{"gradle":{"insertions":1,"deletions":1},"bat":{"insertions":2,"deletions":2}}},{"hash":"ee2ee6ce726045ced21cbb3cc6a9937aee62d4d9","isMergeCommit":true,"messageTitle":"Merge branch \u0027Restructure/Gradle\u0027","messageBody":"","tags":["A-Gradle"],"fileTypesAndContributionMap":{}},{"hash":"aefb45d8c6db792ca02d1263a21ac924d4e9d2a6","isMergeCommit":true,"messageTitle":"Merge branch \u0027master\u0027 of https://github.com/lihuihan/duke into Feat/level-8-datetime","messageBody":"","fileTypesAndContributionMap":{}},{"hash":"a642562f3f409afa4def6d4f37e99565511ce892","isMergeCommit":true,"messageTitle":"Merge remote-tracking branch \u0027upstream/tweak-readme\u0027","messageBody":"","fileTypesAndContributionMap":{}},{"hash":"e7510fc61c2d7676d4ed6d0808a0eeb1c66de065","isMergeCommit":true,"messageTitle":"Merge remote-tracking branch \u0027upstream/add-details-to-readme\u0027","messageBody":"# Conflicts:\n#\tREADME.md\n","fileTypesAndContributionMap":{}},{"hash":"b0b747dd9c0f2966380d3bd8d3a8bf330ba7767a","isMergeCommit":true,"messageTitle":"Merge branch \u0027master\u0027 of https://github.com/lihuihan/duke into Feat/level-8-datetime","messageBody":"","fileTypesAndContributionMap":{}},{"hash":"b82bd66c3216f0ca7e73ed062349eb80c4621865","isMergeCommit":false,"messageTitle":"test run JUnit","messageBody":"","fileTypesAndContributionMap":{"java":{"insertions":11,"deletions":0}}},{"hash":"4d147d190e50f8c23ba65de9477e6b4b3c3bd906","isMergeCommit":false,"messageTitle":"add TaskTest class","messageBody":"","fileTypesAndContributionMap":{"java":{"insertions":28,"deletions":0}}},{"hash":"64b9d2c677b0f7aa1a0aa27b82e412e3efbc12af","isMergeCommit":false,"messageTitle":"add TaskListTest class","messageBody":"","fileTypesAndContributionMap":{"java":{"insertions":41,"deletions":0}}}]},{"date":"2024-10-26","commitResults":[{"hash":"6a17e3d48bac6afc992a85b99db91dc5a1b65d87","isMergeCommit":true,"messageTitle":"Merge branch \u0027Test/JUnit\u0027","messageBody":"","fileTypesAndContributionMap":{}},{"hash":"01d5293af4d5ddc42200a61326b6039a98265f2b","isMergeCommit":false,"messageTitle":"changed event\u0027s datetime type","messageBody":"","fileTypesAndContributionMap":{"java":{"insertions":49,"deletions":9}}},{"hash":"94ef78e78e0e29e992d740fdf8823cb18f9f7f67","isMergeCommit":true,"messageTitle":"Merge branch \u0027Feat/level-8-datetime\u0027","messageBody":"","tags":["Level-8"],"fileTypesAndContributionMap":{}},{"hash":"82548c0bfed2d9da908a4aa6a7532e610df0070f","isMergeCommit":false,"messageTitle":"add JavaDoc for Parser.parseDateTime","messageBody":"","fileTypesAndContributionMap":{"java":{"insertions":7,"deletions":0}}},{"hash":"12df305ddea3fbbe3d3d7f2e47250a8235dbbdf8","isMergeCommit":false,"messageTitle":"add JavaDoc for TextUi class","messageBody":"","fileTypesAndContributionMap":{"java":{"insertions":12,"deletions":0}}},{"hash":"edf803c640e54aca18606b765e2e0942b738e2a5","isMergeCommit":false,"messageTitle":"add find feature","messageBody":"","fileTypesAndContributionMap":{"java":{"insertions":20,"deletions":0}}},{"hash":"6890acc0fc505e2b37fc1c085dc6e42aa6d8c350","isMergeCommit":true,"messageTitle":"Merge branch \u0027Feat/level-9-find\u0027","messageBody":"","tags":["Level-9"],"fileTypesAndContributionMap":{}},{"hash":"e9e2445f30e267dbc403afba694f542abb700bb6","isMergeCommit":false,"messageTitle":"add priority feature","messageBody":"","fileTypesAndContributionMap":{"java":{"insertions":74,"deletions":1}}},{"hash":"ad7ad273e83f22c81a292493274a80f299f9c1fe","isMergeCommit":false,"messageTitle":"add invalid priority message","messageBody":"","fileTypesAndContributionMap":{"java":{"insertions":8,"deletions":0}}},{"hash":"b875bbf4c41d996e7096472bc808c992c8ddb390","isMergeCommit":false,"messageTitle":"edit task classes for file view and list view","messageBody":"","fileTypesAndContributionMap":{"java":{"insertions":11,"deletions":11}}},{"hash":"045374fb78fba28d0d574ba330586d2305d7e4f8","isMergeCommit":false,"messageTitle":"add storage support for priority","messageBody":"","fileTypesAndContributionMap":{"java":{"insertions":40,"deletions":11}}},{"hash":"c038e4aec19763ab6fa203bc415c8acfee9e3afe","isMergeCommit":false,"messageTitle":"add exception for priority","messageBody":"","fileTypesAndContributionMap":{"java":{"insertions":11,"deletions":4}}},{"hash":"95cc57676364e19b58acd1de5804f8d981a9ef2a","isMergeCommit":false,"messageTitle":"add echoRankTask to print confirmation of priority change","messageBody":"","fileTypesAndContributionMap":{"java":{"insertions":13,"deletions":5}}}]},{"date":"2024-10-27","commitResults":[{"hash":"09442ab6cf4fe51526a1001eb0ab8023985a9081","isMergeCommit":false,"messageTitle":"add priority icon for list view","messageBody":"","fileTypesAndContributionMap":{"java":{"insertions":23,"deletions":13}}},{"hash":"8e31c63757e84e06237c8c7892c575c9e1b380c6","isMergeCommit":false,"messageTitle":"add help page","messageBody":"","fileTypesAndContributionMap":{"java":{"insertions":25,"deletions":10}}},{"hash":"99ecf32e67ad5fcd84398de0f3bb0e1dda97973b","isMergeCommit":true,"messageTitle":"Merge branch \u0027Feat/Priority\u0027","messageBody":"","fileTypesAndContributionMap":{}},{"hash":"9c5f651d431a86d95e367191aed9972a09b0f7cd","isMergeCommit":true,"messageTitle":"Merge branch \u0027master\u0027 of https://github.com/lihuihan/duke into Feat/level-8-datetime","messageBody":"","fileTypesAndContributionMap":{}},{"hash":"cde5d2f12fb1c31901006bce72026e48c9c84330","isMergeCommit":false,"messageTitle":"add datetime exceptions","messageBody":"","fileTypesAndContributionMap":{"java":{"insertions":19,"deletions":5}}},{"hash":"d79b94cc0c0ac3c1c640ab5557d5d8204270f017","isMergeCommit":true,"messageTitle":"Merge branch \u0027Feat/level-8-datetime\u0027","messageBody":"","fileTypesAndContributionMap":{}},{"hash":"ff693f5ac847f682447f2ff4f4973a2ca722cf2e","isMergeCommit":true,"messageTitle":"Merge branch \u0027master\u0027 of https://github.com/lihuihan/duke into JavaDoc","messageBody":"# Conflicts:\n#\tsrc/main/java/checkbot/Parser/Parser.java\n#\tsrc/main/java/checkbot/Ui/TextUi.java\n","fileTypesAndContributionMap":{}}]},{"date":"2024-10-28","commitResults":[{"hash":"dce6835771dca0ebdee92574c26ddb01d94f6126","isMergeCommit":false,"messageTitle":"add JavaDoc for Storage File","messageBody":"","fileTypesAndContributionMap":{"java":{"insertions":21,"deletions":0}}},{"hash":"fcf130c7a191389a0ceddac9d28a39967affa474","isMergeCommit":false,"messageTitle":"add datetime exceptions for recoverTasks","messageBody":"","fileTypesAndContributionMap":{"java":{"insertions":15,"deletions":10}}},{"hash":"75852ff99a0307ff9b288212fea63616e42abdeb","isMergeCommit":false,"messageTitle":"remove echoAddTask when recovering tasks from storage","messageBody":"","fileTypesAndContributionMap":{"java":{"insertions":73,"deletions":74}}},{"hash":"cbf84d7b58ba98684de067ece5698f6b320e3979","isMergeCommit":false,"messageTitle":"Add JavaDoc for Task package and Ui package, edited StorageFile JavaDoc","messageBody":"","fileTypesAndContributionMap":{"java":{"insertions":173,"deletions":43}}},{"hash":"126f66f2fed3540de4b33f5d1c017a77a5fc03d1","isMergeCommit":true,"messageTitle":"Merge branch \u0027JavaDoc\u0027","messageBody":"","fileTypesAndContributionMap":{}},{"hash":"e03d845eb73a8a775db863b8cec74a7eafeb63ed","isMergeCommit":false,"messageTitle":"edit JavaDoc for printDateTime method","messageBody":"","fileTypesAndContributionMap":{"java":{"insertions":1,"deletions":1}}},{"hash":"0971dc54a7b58908928d25794170e144514ba09a","isMergeCommit":false,"messageTitle":"rename exception pkg","messageBody":"","fileTypesAndContributionMap":{"java":{"insertions":10,"deletions":10}}},{"hash":"d7d301a4d0092a384ec9b3b943e2a54e3b175b34","isMergeCommit":false,"messageTitle":"rename parser pkg","messageBody":"","fileTypesAndContributionMap":{"java":{"insertions":3,"deletions":3}}},{"hash":"b4c255b3a6cd4d45301d942b9be93534db7f98d4","isMergeCommit":false,"messageTitle":"rename storage pkg","messageBody":"","fileTypesAndContributionMap":{"java":{"insertions":3,"deletions":3}}},{"hash":"4be52a76ea470a2b6714363f199f23f5795195f9","isMergeCommit":false,"messageTitle":"rename task pkg","messageBody":"","fileTypesAndContributionMap":{"java":{"insertions":16,"deletions":16}}},{"hash":"33fb419cc0b8c7758388460aca2a5fb1c4efd30c","isMergeCommit":false,"messageTitle":"rename ui pkg","messageBody":"","fileTypesAndContributionMap":{"java":{"insertions":7,"deletions":7}}},{"hash":"11759b4b6202e1aa7a46866b04001242a719c8f1","isMergeCommit":false,"messageTitle":"rename utils pkg","messageBody":"","fileTypesAndContributionMap":{"java":{"insertions":5,"deletions":5}}},{"hash":"2ccd6fc791e3961c9b0482949e41d3e0a7f53d3d","isMergeCommit":false,"messageTitle":"rename var in parser","messageBody":"","fileTypesAndContributionMap":{"java":{"insertions":3,"deletions":3}}},{"hash":"791ea086134e926751b1cb0fb866428fea4acde9","isMergeCommit":false,"messageTitle":"rename var in StorageFile and TextUi","messageBody":"","fileTypesAndContributionMap":{"java":{"insertions":6,"deletions":6}}},{"hash":"a56d6deaca68271671bde5b333474780e9d3aa70","isMergeCommit":false,"messageTitle":"rename var in Messages and make them const","messageBody":"","fileTypesAndContributionMap":{"java":{"insertions":58,"deletions":58}}},{"hash":"720d102a492623030bb53bf1458813e99f41d005","isMergeCommit":false,"messageTitle":"rename var in Task","messageBody":"","fileTypesAndContributionMap":{"java":{"insertions":2,"deletions":2}}},{"hash":"02cc5e98d450b1666fcd26869f8a755749db970b","isMergeCommit":false,"messageTitle":"keep line length to \u003c\u003d120 char","messageBody":"","fileTypesAndContributionMap":{"java":{"insertions":17,"deletions":12}}},{"hash":"1b7d2978be1abeb425cf0cc50d4d844e7daa9786","isMergeCommit":false,"messageTitle":"change switch case indentation","messageBody":"","fileTypesAndContributionMap":{"java":{"insertions":144,"deletions":128}}},{"hash":"35759ad279c68df3e8919174669e4c7d51f8f17d","isMergeCommit":false,"messageTitle":"change import statements","messageBody":"","fileTypesAndContributionMap":{"java":{"insertions":9,"deletions":5}}},{"hash":"f5bb57248b5ff36c7c02b119c3e9ecf0f564beb0","isMergeCommit":false,"messageTitle":"edit JavaDocs","messageBody":"","fileTypesAndContributionMap":{"java":{"insertions":26,"deletions":60}}},{"hash":"79c6500aaed7d4bbdd296ba116c3bbd85ea329a2","isMergeCommit":true,"messageTitle":"Merge branch \u0027Restructure/CodingStandard\u0027","messageBody":"","tags":["A-CodingStandard"],"fileTypesAndContributionMap":{}},{"hash":"e5272f5d0d59e0a9d51386965d39af5e04403c16","isMergeCommit":false,"messageTitle":"edit datetime in JUnit test","messageBody":"","fileTypesAndContributionMap":{"java":{"insertions":10,"deletions":6}}},{"hash":"f98657e338fc5811f5501c66c721d3e8468375aa","isMergeCommit":false,"messageTitle":"update exception for setStatus method","messageBody":"","fileTypesAndContributionMap":{"java":{"insertions":3,"deletions":2}}},{"hash":"a5273b824a08472113227c5b105b8ab8032918bb","isMergeCommit":false,"messageTitle":"fix addTask in TaskList","messageBody":"","fileTypesAndContributionMap":{"java":{"insertions":11,"deletions":6}}},{"hash":"cabcd4d34f952f87fc2976c39ff375f5d6ac732f","isMergeCommit":false,"messageTitle":"improve parseDateTime","messageBody":"","fileTypesAndContributionMap":{"java":{"insertions":9,"deletions":3}}}]},{"date":"2024-10-29","commitResults":[{"hash":"40233cee6131b549b6f4ea6b10a84e6a6ba6a201","isMergeCommit":false,"messageTitle":"refactor exceptions","messageBody":"","fileTypesAndContributionMap":{"java":{"insertions":60,"deletions":89}}},{"hash":"548c597d59f0f5337cae60d2d5e3cf50ece6b5a2","isMergeCommit":false,"messageTitle":"add JUnit tests for TaskTest","messageBody":"","fileTypesAndContributionMap":{"java":{"insertions":119,"deletions":5}}},{"hash":"a8fb969f1478d9fcc8189a8240e7b31a6a5802f1","isMergeCommit":false,"messageTitle":"change nullptr exception to idxoob exception for addtask","messageBody":"","fileTypesAndContributionMap":{"java":{"insertions":5,"deletions":5}}},{"hash":"f8048c33a0e2e0139bb8e306c2bbfc6752971d67","isMergeCommit":false,"messageTitle":"rename methods in TaskTest","messageBody":"","fileTypesAndContributionMap":{"java":{"insertions":5,"deletions":5}}},{"hash":"f9571f0f9fe69886657d1eced2efbe8e7d4dc23b","isMergeCommit":false,"messageTitle":"add JUnit tests for addTodo and addDeadline","messageBody":"","fileTypesAndContributionMap":{"java":{"insertions":56,"deletions":24}}},{"hash":"68186ae2c3a7f40f2bb0a1e6006994cf57c21cc7","isMergeCommit":true,"messageTitle":"Merge branch \u0027Restructure/CodeQuality\u0027","messageBody":"","fileTypesAndContributionMap":{}},{"hash":"75e86ff6395a0722db3106b50cacb425f64d4fb7","isMergeCommit":true,"messageTitle":"Merge branch \u0027master\u0027 into Feat/Priority","messageBody":"","fileTypesAndContributionMap":{}},{"hash":"4f2e8bdd53bc2081bba15be64292bc88084ee2c1","isMergeCommit":false,"messageTitle":"add printRankedTask method - new task list view in UI. Filter by undone, sort by level of priority.","messageBody":"","fileTypesAndContributionMap":{"java":{"insertions":42,"deletions":7}}},{"hash":"b6dabdc042ab40139328566d9baf81c0be22526d","isMergeCommit":true,"messageTitle":"Merge branch \u0027Feat/Priority\u0027","messageBody":"","tags":["C-Priority"],"fileTypesAndContributionMap":{}},{"hash":"3ee63f252fc1bf628c804d8d492957e6510dd65c","isMergeCommit":false,"messageTitle":"add support for \u0027do within a period\u0027 task","messageBody":"","fileTypesAndContributionMap":{"java":{"insertions":106,"deletions":17}}},{"hash":"d2b6ec5acf6b7cda1f59f1dc6f283f3b73c61997","isMergeCommit":true,"messageTitle":"Merge branch \u0027Feat/PeriodTask\u0027","messageBody":"","tags":["B-DoWithinPeriodTasks"],"fileTypesAndContributionMap":{}},{"hash":"9e58dcf79df949972c7e34d8ab12ac41192b1ce2","isMergeCommit":true,"messageTitle":"Merge branch \u0027master\u0027 into Restructure/CodeQuality","messageBody":"","fileTypesAndContributionMap":{}},{"hash":"d2b510ac21d5202a5a7dd506327849bc8ce2e91f","isMergeCommit":true,"messageTitle":"Merge pull request #1 from lihuihan/master","messageBody":"Merge master into JavaDoc","fileTypesAndContributionMap":{}},{"hash":"3e52e44265f4db63cfcad83a63930dc1ed36f6f5","isMergeCommit":true,"messageTitle":"Merge pull request #2 from lihuihan/master","messageBody":"Merge master into JUnit","fileTypesAndContributionMap":{}}]},{"date":"2024-11-04","commitResults":[{"hash":"2816f680b31ee0a9819a062909cdd1ac2693098f","isMergeCommit":false,"messageTitle":"add exception for find feature, and include find in help page","messageBody":"","fileTypesAndContributionMap":{"java":{"insertions":11,"deletions":2}}}]},{"date":"2024-11-09","commitResults":[{"hash":"e093617b4cdc5934f7137f5d1fefb06a3acead7a","isMergeCommit":false,"messageTitle":"add addEvent JUnit tests","messageBody":"","fileTypesAndContributionMap":{"java":{"insertions":77,"deletions":6}}},{"hash":"d99d2d248e019941e830f40a8dc376cf135a4ff2","isMergeCommit":true,"messageTitle":"Merge branch \u0027Test/JUnit\u0027","messageBody":"","tags":["A-JUnit"],"fileTypesAndContributionMap":{}},{"hash":"557907d2f912941d2fef526d77f635c39daf9e21","isMergeCommit":true,"messageTitle":"Merge branch \u0027master\u0027 into JavaDoc","messageBody":"","fileTypesAndContributionMap":{}},{"hash":"1c08c86f6ab3844ae17f8b57fbe0990e6129066e","isMergeCommit":false,"messageTitle":"update JavaDoc","messageBody":"","fileTypesAndContributionMap":{"java":{"insertions":31,"deletions":3}}},{"hash":"56b4da11ba21d5e64c6bd4e3a71f7e9e0a5c44ef","isMergeCommit":true,"messageTitle":"Merge branch \u0027JavaDoc\u0027","messageBody":"","tags":["A-JavaDoc"],"fileTypesAndContributionMap":{}},{"hash":"b31218192695b5ee818272038cd191dc9ea7c66a","isMergeCommit":true,"messageTitle":"Merge branch \u0027master\u0027 into Restructure/CodeQuality","messageBody":"","fileTypesAndContributionMap":{}},{"hash":"f9b142a6071c51ea0ad55012e0ffe6e0312f6e12","isMergeCommit":false,"messageTitle":"update addTodo JavaDoc","messageBody":"","fileTypesAndContributionMap":{"java":{"insertions":8,"deletions":3}}},{"hash":"29747fb2a6fb5cf6be2e58d0e11a22dc21064708","isMergeCommit":false,"messageTitle":"refactor parse method","messageBody":"","fileTypesAndContributionMap":{"java":{"insertions":2,"deletions":8}}},{"hash":"4f4932fc5c23d9a2e0e58d2debe8cba7a001da8d","isMergeCommit":false,"messageTitle":"refactor exception for readFile method","messageBody":"","fileTypesAndContributionMap":{"java":{"insertions":12,"deletions":8}}},{"hash":"d0f348bcf890fa5f8c0ebc76c805abddc647e78d","isMergeCommit":false,"messageTitle":"refactor addPeriodTodo out from addTodo method","messageBody":"","fileTypesAndContributionMap":{"java":{"insertions":30,"deletions":11}}},{"hash":"3174a01d416eaed10e475f856c82c6eb1154a016","isMergeCommit":true,"messageTitle":"Merge branch \u0027Restructure/CodeQuality\u0027","messageBody":"","tags":["A-CodeQuality"],"fileTypesAndContributionMap":{}}]},{"date":"2024-11-10","commitResults":[{"hash":"ddab60683e0dc6bacc45d7e1c3021a5e63e266fd","isMergeCommit":false,"messageTitle":"enable assertion in gradle build","messageBody":"","fileTypesAndContributionMap":{"gradle":{"insertions":1,"deletions":0}}}]},{"date":"2024-11-12","commitResults":[{"hash":"466de2a937c167ada1c26018791220cc74694c98","isMergeCommit":false,"messageTitle":"add assertions in StorageFile, TaskList, and TextUi","messageBody":"","fileTypesAndContributionMap":{"java":{"insertions":7,"deletions":2}}},{"hash":"7a8c89b7c9206a3f893a3f99442c19d4ceb1eed1","isMergeCommit":true,"messageTitle":"Merge branch \u0027Test/Assertions\u0027","messageBody":"","tags":["A-Assertions"],"fileTypesAndContributionMap":{}},{"hash":"6b9ac55fe0c9d81a270d041318c6c4c14b0d5d6c","isMergeCommit":false,"messageTitle":"clean up code","messageBody":"","fileTypesAndContributionMap":{"java":{"insertions":11,"deletions":8}}}]}]},"authorFileTypeContributionMap":{"lihuihan":{"java":1492,"md":2,"fxml":0,"sh":0,"bat":2,"gradle":2,"txt":27}},"authorContributionVariance":{"lihuihan":23409.3},"authorDisplayNameMap":{"lihuihan":"HAN ..IHUI"}}
