{"authorDailyContributionsMap":{"lihuihan":[{"date":"2024-08-27","commitResults":[{"hash":"fd1007dddc175bae74d15a5e7b17a3d5b55ffc8b","isMergeCommit":false,"messageTitle":"+ rename chatbot + greet and exit","messageBody":"","tags":["Level-0"],"fileTypesAndContributionMap":{"java":{"insertions":12,"deletions":10}}},{"hash":"dd2745f7ff11ebee521190ef718d7fdcba9105ef","isMergeCommit":false,"messageTitle":"add echo feature","messageBody":"","tags":["Level-1"],"fileTypesAndContributionMap":{"java":{"insertions":33,"deletions":7}}},{"hash":"3ffd1e0d6a809c5ff2dbf90790beb2a188a2c108","isMergeCommit":false,"messageTitle":"add add and list function","messageBody":"","fileTypesAndContributionMap":{"java":{"insertions":38,"deletions":10}}},{"hash":"2b908333f6ccfc0a2781525fbfcdc18f8b0c78ef","isMergeCommit":false,"messageTitle":"optimise printTasks","messageBody":"","fileTypesAndContributionMap":{"java":{"insertions":2,"deletions":5}}}]},{"date":"2024-08-29","commitResults":[{"hash":"2fba5b57a7f5aa4ba08fd0cb53ef7a26dae20d54","isMergeCommit":false,"messageTitle":"add Task class","messageBody":"","tags":["Level-2","A-Classes"],"fileTypesAndContributionMap":{"java":{"insertions":20,"deletions":11}}},{"hash":"79d029e707e88cdbe08ae4f7616472c4c1f31d22","isMergeCommit":false,"messageTitle":"add mark as done feature","messageBody":"","fileTypesAndContributionMap":{"java":{"insertions":45,"deletions":13}}},{"hash":"b757ef688979546375ae46a40a1d814562f79c90","isMergeCommit":false,"messageTitle":"add line in markTask and unmarkTask","messageBody":"","tags":["Level-3"],"fileTypesAndContributionMap":{"java":{"insertions":4,"deletions":2}}},{"hash":"36aa4d87648e79d4fb17cb7a7f266af708b27815","isMergeCommit":false,"messageTitle":"test TextUiTesting","messageBody":"","fileTypesAndContributionMap":{"txt":{"insertions":1,"deletions":0},"bat":{"insertions":2,"deletions":2}}}]},{"date":"2024-09-03","commitResults":[{"hash":"e0dfbcfcf1d7f3ba6904b5f69b4ce77d903bc15e","isMergeCommit":false,"messageTitle":"add task type subclasses","messageBody":"","tags":["A-Inheritance"],"fileTypesAndContributionMap":{"java":{"insertions":54,"deletions":1}}},{"hash":"795270b24bb9015b3074df0a98dad597d0c63b6f","isMergeCommit":false,"messageTitle":"add support for Todo, Event, Deadline task types","messageBody":"","fileTypesAndContributionMap":{"java":{"insertions":76,"deletions":26}}},{"hash":"9e4e90273313eeb8afacaa5e4d26195e8e6aee43","isMergeCommit":false,"messageTitle":"change scanner to static","messageBody":"","fileTypesAndContributionMap":{"java":{"insertions":1,"deletions":1}}},{"hash":"c21da5bf29d347cd7073660847ba7e5040115c81","isMergeCommit":false,"messageTitle":"modified txt files for Text UI testing","messageBody":"","tags":["A-TextUiTesting"],"fileTypesAndContributionMap":{"txt":{"insertions":11,"deletions":1}}}]},{"date":"2024-09-08","commitResults":[{"hash":"3a0f76a8d94af836c420179292e8375f348c734c","isMergeCommit":false,"messageTitle":"refactor addTask and setStatus","messageBody":"","tags":["Level-4"],"fileTypesAndContributionMap":{"java":{"insertions":93,"deletions":57}}}]},{"date":"2024-09-11","commitResults":[{"hash":"45a818724400c28fd1e511b8023ce84b6f427656","isMergeCommit":false,"messageTitle":"add exception classes and stringhelper","messageBody":"","tags":["A-Exceptions"],"fileTypesAndContributionMap":{"java":{"insertions":50,"deletions":0}}},{"hash":"c113549f244cd9a57c584dd6dd342f691baf795b","isMergeCommit":false,"messageTitle":"add exceptions for addTask","messageBody":"","fileTypesAndContributionMap":{"java":{"insertions":93,"deletions":49}}},{"hash":"5d52e95112d9809f70b38b14b08726117d906693","isMergeCommit":false,"messageTitle":"add exceptions for setStatus","messageBody":"","tags":["Level-5"],"fileTypesAndContributionMap":{"java":{"insertions":33,"deletions":15}}}]},{"date":"2024-09-24","commitResults":[{"hash":"b0be57e41ae54e3e3362bd99586ca8e9fe5a98f7","isMergeCommit":false,"messageTitle":"change task array to arraylist","messageBody":"","tags":["A-Collections"],"fileTypesAndContributionMap":{"java":{"insertions":15,"deletions":18}}},{"hash":"bfe10fa137cae1d76efb9965ca691a21037e7294","isMergeCommit":false,"messageTitle":"add delete feature","messageBody":"","tags":["Level-6"],"fileTypesAndContributionMap":{"java":{"insertions":15,"deletions":0}}}]},{"date":"2024-09-25","commitResults":[{"hash":"8c591e3e21caf3dd3bd9f8f3ee79d0e12b326fbd","isMergeCommit":false,"messageTitle":"add TaskType and TaskStatus Enums","messageBody":"","tags":["A-Enums"],"fileTypesAndContributionMap":{"java":{"insertions":38,"deletions":17}}},{"hash":"4f7ace0042180690c9e40705ed7bffe9b30dd11c","isMergeCommit":false,"messageTitle":"modified txt file for text ui testing","messageBody":"","fileTypesAndContributionMap":{"txt":{"insertions":19,"deletions":3},"java":{"insertions":2,"deletions":0}}}]},{"date":"2024-10-01","commitResults":[{"hash":"58a1c3b0c75b8f27c90feb51b5624c1f464fc411","isMergeCommit":false,"messageTitle":"add save to file feature","messageBody":"","fileTypesAndContributionMap":{"java":{"insertions":67,"deletions":4}}},{"hash":"d7071cf3195eabbbe3280c0d520742b2497bd731","isMergeCommit":false,"messageTitle":"add read file feature on start up","messageBody":"","fileTypesAndContributionMap":{"java":{"insertions":78,"deletions":17}}}]},{"date":"2024-10-17","commitResults":[{"hash":"cb64c5e1f48ec38d45f9c77d3b842dcaa8734045","isMergeCommit":true,"messageTitle":"Merge branch \u0027Feat/level-7-save\u0027","messageBody":"","tags":["Level-7"],"fileTypesAndContributionMap":{}},{"hash":"44c171c61a46604de070b5823e842183ef97114a","isMergeCommit":false,"messageTitle":"restructure checkbot into Ui, Task, and Utils packages","messageBody":"","tags":["A-Packages"],"fileTypesAndContributionMap":{"java":{"insertions":102,"deletions":69},"bat":{"insertions":2,"deletions":2}}}]},{"date":"2024-10-18","commitResults":[{"hash":"a0ea28c39caa28607e7377e956fe7b7ca2c2272e","isMergeCommit":false,"messageTitle":"rename messages class","messageBody":"","fileTypesAndContributionMap":{"java":{"insertions":42,"deletions":42}}},{"hash":"84ecb7dd490f11c63e90f1e78e4083b491dbe8c1","isMergeCommit":false,"messageTitle":"added parser, storage, and exception packages","messageBody":"","fileTypesAndContributionMap":{"java":{"insertions":305,"deletions":269}}},{"hash":"a204c0cda9c6efb9d3c8b272afe57d595893dab4","isMergeCommit":true,"messageTitle":"Merge branch \u0027Restructure/MoreOOP\u0027","messageBody":"","tags":["A-MoreOOP"],"fileTypesAndContributionMap":{}}]}]},"authorFileTypeContributionMap":{"lihuihan":{"java":585,"md":0,"fxml":0,"sh":0,"bat":2,"gradle":0,"txt":27}},"authorContributionVariance":{"lihuihan":8520.706},"authorDisplayNameMap":{"lihuihan":"HAN ..IHUI"}}
