{"authorDailyContributionsMap":{"lihuihan":[{"date":"2024-08-27","commitResults":[{"hash":"fd1007dddc175bae74d15a5e7b17a3d5b55ffc8b","isMergeCommit":false,"messageTitle":"+ rename chatbot + greet and exit","messageBody":"","tags":["Level-0"],"fileTypesAndContributionMap":{"java":{"insertions":12,"deletions":10}}},{"hash":"dd2745f7ff11ebee521190ef718d7fdcba9105ef","isMergeCommit":false,"messageTitle":"add echo feature","messageBody":"","tags":["Level-1"],"fileTypesAndContributionMap":{"java":{"insertions":33,"deletions":7}}},{"hash":"3ffd1e0d6a809c5ff2dbf90790beb2a188a2c108","isMergeCommit":false,"messageTitle":"add add and list function","messageBody":"","fileTypesAndContributionMap":{"java":{"insertions":38,"deletions":10}}},{"hash":"2b908333f6ccfc0a2781525fbfcdc18f8b0c78ef","isMergeCommit":false,"messageTitle":"optimise printTasks","messageBody":"","fileTypesAndContributionMap":{"java":{"insertions":2,"deletions":5}}}]},{"date":"2024-08-29","commitResults":[{"hash":"2fba5b57a7f5aa4ba08fd0cb53ef7a26dae20d54","isMergeCommit":false,"messageTitle":"add Task class","messageBody":"","tags":["Level-2","A-Classes"],"fileTypesAndContributionMap":{"java":{"insertions":20,"deletions":11}}},{"hash":"79d029e707e88cdbe08ae4f7616472c4c1f31d22","isMergeCommit":false,"messageTitle":"add mark as done feature","messageBody":"","fileTypesAndContributionMap":{"java":{"insertions":45,"deletions":13}}},{"hash":"b757ef688979546375ae46a40a1d814562f79c90","isMergeCommit":false,"messageTitle":"add line in markTask and unmarkTask","messageBody":"","tags":["Level-3"],"fileTypesAndContributionMap":{"java":{"insertions":4,"deletions":2}}},{"hash":"36aa4d87648e79d4fb17cb7a7f266af708b27815","isMergeCommit":false,"messageTitle":"test TextUiTesting","messageBody":"","fileTypesAndContributionMap":{"txt":{"insertions":1,"deletions":0},"bat":{"insertions":2,"deletions":2}}}]},{"date":"2024-09-03","commitResults":[{"hash":"e0dfbcfcf1d7f3ba6904b5f69b4ce77d903bc15e","isMergeCommit":false,"messageTitle":"add task type subclasses","messageBody":"","tags":["A-Inheritance"],"fileTypesAndContributionMap":{"java":{"insertions":54,"deletions":1}}},{"hash":"795270b24bb9015b3074df0a98dad597d0c63b6f","isMergeCommit":false,"messageTitle":"add support for Todo, Event, Deadline task types","messageBody":"","fileTypesAndContributionMap":{"java":{"insertions":76,"deletions":26}}},{"hash":"9e4e90273313eeb8afacaa5e4d26195e8e6aee43","isMergeCommit":false,"messageTitle":"change scanner to static","messageBody":"","fileTypesAndContributionMap":{"java":{"insertions":1,"deletions":1}}},{"hash":"c21da5bf29d347cd7073660847ba7e5040115c81","isMergeCommit":false,"messageTitle":"modified txt files for Text UI testing","messageBody":"","tags":["A-TextUiTesting"],"fileTypesAndContributionMap":{"txt":{"insertions":11,"deletions":1}}}]},{"date":"2024-09-08","commitResults":[{"hash":"3a0f76a8d94af836c420179292e8375f348c734c","isMergeCommit":false,"messageTitle":"refactor addTask and setStatus","messageBody":"","tags":["Level-4"],"fileTypesAndContributionMap":{"java":{"insertions":93,"deletions":57}}}]},{"date":"2024-09-11","commitResults":[{"hash":"45a818724400c28fd1e511b8023ce84b6f427656","isMergeCommit":false,"messageTitle":"add exception classes and stringhelper","messageBody":"","tags":["A-Exceptions"],"fileTypesAndContributionMap":{"java":{"insertions":50,"deletions":0}}},{"hash":"c113549f244cd9a57c584dd6dd342f691baf795b","isMergeCommit":false,"messageTitle":"add exceptions for addTask","messageBody":"","fileTypesAndContributionMap":{"java":{"insertions":93,"deletions":49}}},{"hash":"5d52e95112d9809f70b38b14b08726117d906693","isMergeCommit":false,"messageTitle":"add exceptions for setStatus","messageBody":"","tags":["Level-5"],"fileTypesAndContributionMap":{"java":{"insertions":33,"deletions":15}}}]},{"date":"2024-09-24","commitResults":[{"hash":"b0be57e41ae54e3e3362bd99586ca8e9fe5a98f7","isMergeCommit":false,"messageTitle":"change task array to arraylist","messageBody":"","tags":["A-Collections"],"fileTypesAndContributionMap":{"java":{"insertions":15,"deletions":18}}},{"hash":"bfe10fa137cae1d76efb9965ca691a21037e7294","isMergeCommit":false,"messageTitle":"add delete feature","messageBody":"","tags":["Level-6"],"fileTypesAndContributionMap":{"java":{"insertions":15,"deletions":0}}}]},{"date":"2024-09-25","commitResults":[{"hash":"8c591e3e21caf3dd3bd9f8f3ee79d0e12b326fbd","isMergeCommit":false,"messageTitle":"add TaskType and TaskStatus Enums","messageBody":"","tags":["A-Enums"],"fileTypesAndContributionMap":{"java":{"insertions":38,"deletions":17}}},{"hash":"4f7ace0042180690c9e40705ed7bffe9b30dd11c","isMergeCommit":false,"messageTitle":"modified txt file for text ui testing","messageBody":"","fileTypesAndContributionMap":{"txt":{"insertions":19,"deletions":3},"java":{"insertions":2,"deletions":0}}}]},{"date":"2024-10-01","commitResults":[{"hash":"58a1c3b0c75b8f27c90feb51b5624c1f464fc411","isMergeCommit":false,"messageTitle":"add save to file feature","messageBody":"","fileTypesAndContributionMap":{"java":{"insertions":67,"deletions":4}}},{"hash":"d7071cf3195eabbbe3280c0d520742b2497bd731","isMergeCommit":false,"messageTitle":"add read file feature on start up","messageBody":"","fileTypesAndContributionMap":{"java":{"insertions":78,"deletions":17}}}]},{"date":"2024-10-17","commitResults":[{"hash":"cb64c5e1f48ec38d45f9c77d3b842dcaa8734045","isMergeCommit":true,"messageTitle":"Merge branch \u0027Feat/level-7-save\u0027","messageBody":"","tags":["Level-7"],"fileTypesAndContributionMap":{}},{"hash":"44c171c61a46604de070b5823e842183ef97114a","isMergeCommit":false,"messageTitle":"restructure checkbot into Ui, Task, and Utils packages","messageBody":"","fileTypesAndContributionMap":{"java":{"insertions":102,"deletions":69},"bat":{"insertions":2,"deletions":2}}}]},{"date":"2024-10-18","commitResults":[{"hash":"a0ea28c39caa28607e7377e956fe7b7ca2c2272e","isMergeCommit":false,"messageTitle":"rename messages class","messageBody":"","fileTypesAndContributionMap":{"java":{"insertions":42,"deletions":42}}},{"hash":"84ecb7dd490f11c63e90f1e78e4083b491dbe8c1","isMergeCommit":false,"messageTitle":"added parser, storage, and exception packages","messageBody":"","fileTypesAndContributionMap":{"java":{"insertions":305,"deletions":269}}},{"hash":"a204c0cda9c6efb9d3c8b272afe57d595893dab4","isMergeCommit":true,"messageTitle":"Merge branch \u0027Restructure/MoreOOP\u0027","messageBody":"","tags":["A-Packages","A-MoreOOP"],"fileTypesAndContributionMap":{}},{"hash":"1aa395f610be3524006d8e23ada153c97beb61b1","isMergeCommit":false,"messageTitle":"moved code to StorageFile class","messageBody":"","fileTypesAndContributionMap":{"java":{"insertions":17,"deletions":18}}},{"hash":"32ef93a3dfb467b32d6e60f349d6b23fee28c283","isMergeCommit":false,"messageTitle":"aesthetic changes","messageBody":"","fileTypesAndContributionMap":{"java":{"insertions":12,"deletions":2}}},{"hash":"eafc1c24752acd30dcbe4c0ae5e84ab91f219efc","isMergeCommit":false,"messageTitle":"added parser for datetime","messageBody":"","fileTypesAndContributionMap":{"java":{"insertions":19,"deletions":0}}},{"hash":"8e098cfefed81ffe798ffebc40786687002b16a7","isMergeCommit":false,"messageTitle":"changed deadline\u0027s datetime type","messageBody":"","fileTypesAndContributionMap":{"java":{"insertions":16,"deletions":6}}}]},{"date":"2024-10-22","commitResults":[{"hash":"2cd3052adcf871908058ff4d876e830467989fd3","isMergeCommit":true,"messageTitle":"Merge branch \u0027add-gradle-support\u0027 of https://github.com/lihuihan/duke","messageBody":"","fileTypesAndContributionMap":{}},{"hash":"d85a814c2ac4f40edc6025a66279ce854f22ca59","isMergeCommit":false,"messageTitle":"rename Main.java to Checkbot.java, moved into checkbot package","messageBody":"","fileTypesAndContributionMap":{"java":{"insertions":3,"deletions":1}}},{"hash":"0b7687868ebb5191cd6dbe8ef2ada05c1e718964","isMergeCommit":false,"messageTitle":"edit pathname for build.gradle and runtest.bat","messageBody":"","fileTypesAndContributionMap":{"gradle":{"insertions":1,"deletions":1},"bat":{"insertions":2,"deletions":2}}},{"hash":"ee2ee6ce726045ced21cbb3cc6a9937aee62d4d9","isMergeCommit":true,"messageTitle":"Merge branch \u0027Restructure/Gradle\u0027","messageBody":"","tags":["A-Gradle"],"fileTypesAndContributionMap":{}},{"hash":"aefb45d8c6db792ca02d1263a21ac924d4e9d2a6","isMergeCommit":true,"messageTitle":"Merge branch \u0027master\u0027 of https://github.com/lihuihan/duke into Feat/level-8-datetime","messageBody":"","fileTypesAndContributionMap":{}},{"hash":"a642562f3f409afa4def6d4f37e99565511ce892","isMergeCommit":true,"messageTitle":"Merge remote-tracking branch \u0027upstream/tweak-readme\u0027","messageBody":"","fileTypesAndContributionMap":{}},{"hash":"e7510fc61c2d7676d4ed6d0808a0eeb1c66de065","isMergeCommit":true,"messageTitle":"Merge remote-tracking branch \u0027upstream/add-details-to-readme\u0027","messageBody":"# Conflicts:\n#\tREADME.md\n","fileTypesAndContributionMap":{}},{"hash":"b0b747dd9c0f2966380d3bd8d3a8bf330ba7767a","isMergeCommit":true,"messageTitle":"Merge branch \u0027master\u0027 of https://github.com/lihuihan/duke into Feat/level-8-datetime","messageBody":"","fileTypesAndContributionMap":{}},{"hash":"b82bd66c3216f0ca7e73ed062349eb80c4621865","isMergeCommit":false,"messageTitle":"test run JUnit","messageBody":"","fileTypesAndContributionMap":{"java":{"insertions":11,"deletions":0}}},{"hash":"4d147d190e50f8c23ba65de9477e6b4b3c3bd906","isMergeCommit":false,"messageTitle":"add TaskTest class","messageBody":"","fileTypesAndContributionMap":{"java":{"insertions":28,"deletions":0}}},{"hash":"64b9d2c677b0f7aa1a0aa27b82e412e3efbc12af","isMergeCommit":false,"messageTitle":"add TaskListTest class","messageBody":"","fileTypesAndContributionMap":{"java":{"insertions":41,"deletions":0}}}]},{"date":"2024-10-26","commitResults":[{"hash":"6a17e3d48bac6afc992a85b99db91dc5a1b65d87","isMergeCommit":true,"messageTitle":"Merge branch \u0027Test/JUnit\u0027","messageBody":"","tags":["A-JUnit"],"fileTypesAndContributionMap":{}},{"hash":"01d5293af4d5ddc42200a61326b6039a98265f2b","isMergeCommit":false,"messageTitle":"changed event\u0027s datetime type","messageBody":"","fileTypesAndContributionMap":{"java":{"insertions":49,"deletions":9}}},{"hash":"94ef78e78e0e29e992d740fdf8823cb18f9f7f67","isMergeCommit":true,"messageTitle":"Merge branch \u0027Feat/level-8-datetime\u0027","messageBody":"","tags":["Level-8"],"fileTypesAndContributionMap":{}},{"hash":"edf803c640e54aca18606b765e2e0942b738e2a5","isMergeCommit":false,"messageTitle":"add find feature","messageBody":"","fileTypesAndContributionMap":{"java":{"insertions":20,"deletions":0}}},{"hash":"6890acc0fc505e2b37fc1c085dc6e42aa6d8c350","isMergeCommit":true,"messageTitle":"Merge branch \u0027Feat/level-9-find\u0027","messageBody":"","tags":["Level-9"],"fileTypesAndContributionMap":{}},{"hash":"e9e2445f30e267dbc403afba694f542abb700bb6","isMergeCommit":false,"messageTitle":"add priority feature","messageBody":"","fileTypesAndContributionMap":{"java":{"insertions":74,"deletions":1}}},{"hash":"ad7ad273e83f22c81a292493274a80f299f9c1fe","isMergeCommit":false,"messageTitle":"add invalid priority message","messageBody":"","fileTypesAndContributionMap":{"java":{"insertions":8,"deletions":0}}},{"hash":"b875bbf4c41d996e7096472bc808c992c8ddb390","isMergeCommit":false,"messageTitle":"edit task classes for file view and list view","messageBody":"","fileTypesAndContributionMap":{"java":{"insertions":11,"deletions":11}}},{"hash":"045374fb78fba28d0d574ba330586d2305d7e4f8","isMergeCommit":false,"messageTitle":"add storage support for priority","messageBody":"","fileTypesAndContributionMap":{"java":{"insertions":40,"deletions":11}}},{"hash":"c038e4aec19763ab6fa203bc415c8acfee9e3afe","isMergeCommit":false,"messageTitle":"add exception for priority","messageBody":"","fileTypesAndContributionMap":{"java":{"insertions":11,"deletions":4}}},{"hash":"95cc57676364e19b58acd1de5804f8d981a9ef2a","isMergeCommit":false,"messageTitle":"add echoRankTask to print confirmation of priority change","messageBody":"","fileTypesAndContributionMap":{"java":{"insertions":13,"deletions":5}}}]},{"date":"2024-10-27","commitResults":[{"hash":"09442ab6cf4fe51526a1001eb0ab8023985a9081","isMergeCommit":false,"messageTitle":"add priority icon for list view","messageBody":"","fileTypesAndContributionMap":{"java":{"insertions":23,"deletions":13}}},{"hash":"8e31c63757e84e06237c8c7892c575c9e1b380c6","isMergeCommit":false,"messageTitle":"add help page","messageBody":"","fileTypesAndContributionMap":{"java":{"insertions":25,"deletions":10}}},{"hash":"99ecf32e67ad5fcd84398de0f3bb0e1dda97973b","isMergeCommit":true,"messageTitle":"Merge branch \u0027Feat/Priority\u0027","messageBody":"","tags":["C-Priority"],"fileTypesAndContributionMap":{}},{"hash":"9c5f651d431a86d95e367191aed9972a09b0f7cd","isMergeCommit":true,"messageTitle":"Merge branch \u0027master\u0027 of https://github.com/lihuihan/duke into Feat/level-8-datetime","messageBody":"","fileTypesAndContributionMap":{}},{"hash":"cde5d2f12fb1c31901006bce72026e48c9c84330","isMergeCommit":false,"messageTitle":"add datetime exceptions","messageBody":"","fileTypesAndContributionMap":{"java":{"insertions":19,"deletions":5}}},{"hash":"d79b94cc0c0ac3c1c640ab5557d5d8204270f017","isMergeCommit":true,"messageTitle":"Merge branch \u0027Feat/level-8-datetime\u0027","messageBody":"","fileTypesAndContributionMap":{}}]}]},"authorFileTypeContributionMap":{"lihuihan":{"java":932,"md":2,"fxml":0,"sh":0,"bat":2,"gradle":1,"txt":27}},"authorContributionVariance":{"lihuihan":9999.657},"authorDisplayNameMap":{"lihuihan":"HAN ..IHUI"}}
