[{"path":"src/main/java/Deadline.java","fileType":"java","lines":[{"lineNumber":1,"author":{"gitId":"JosephLim98"},"content":"public class Deadline extends Task{","lastModifiedDate":"2024-09-19","isFullCredit":false},{"lineNumber":2,"author":{"gitId":"JosephLim98"},"content":"    protected String by;","lastModifiedDate":"2024-09-19","isFullCredit":false},{"lineNumber":3,"author":{"gitId":"JosephLim98"},"content":"","lastModifiedDate":"2024-09-19","isFullCredit":false},{"lineNumber":4,"author":{"gitId":"JosephLim98"},"content":"    public Deadline(String description, String by){","lastModifiedDate":"2024-09-19","isFullCredit":false},{"lineNumber":5,"author":{"gitId":"JosephLim98"},"content":"        super(description);","lastModifiedDate":"2024-09-19","isFullCredit":false},{"lineNumber":6,"author":{"gitId":"JosephLim98"},"content":"        this.by \u003d by;","lastModifiedDate":"2024-09-19","isFullCredit":false},{"lineNumber":7,"author":{"gitId":"JosephLim98"},"content":"    }","lastModifiedDate":"2024-09-19","isFullCredit":false},{"lineNumber":8,"author":{"gitId":"JosephLim98"},"content":"","lastModifiedDate":"2024-09-19","isFullCredit":false},{"lineNumber":9,"author":{"gitId":"JosephLim98"},"content":"    @Override","lastModifiedDate":"2024-09-19","isFullCredit":false},{"lineNumber":10,"author":{"gitId":"JosephLim98"},"content":"    public String toString(){","lastModifiedDate":"2024-09-19","isFullCredit":false},{"lineNumber":11,"author":{"gitId":"JosephLim98"},"content":"        return \"[D]\"+super.toString()+\" (by: \"+by+\")\";","lastModifiedDate":"2024-09-19","isFullCredit":false},{"lineNumber":12,"author":{"gitId":"JosephLim98"},"content":"    }","lastModifiedDate":"2024-09-19","isFullCredit":false},{"lineNumber":13,"author":{"gitId":"JosephLim98"},"content":"}","lastModifiedDate":"2024-09-19","isFullCredit":false}],"authorContributionMap":{"JosephLim98":13}},{"path":"src/main/java/Event.java","fileType":"java","lines":[{"lineNumber":1,"author":{"gitId":"JosephLim98"},"content":"public class Event extends Task{","lastModifiedDate":"2024-09-19","isFullCredit":false},{"lineNumber":2,"author":{"gitId":"JosephLim98"},"content":"","lastModifiedDate":"2024-09-19","isFullCredit":false},{"lineNumber":3,"author":{"gitId":"JosephLim98"},"content":"    protected String from;","lastModifiedDate":"2024-09-19","isFullCredit":false},{"lineNumber":4,"author":{"gitId":"JosephLim98"},"content":"    protected String to;","lastModifiedDate":"2024-09-19","isFullCredit":false},{"lineNumber":5,"author":{"gitId":"JosephLim98"},"content":"","lastModifiedDate":"2024-09-19","isFullCredit":false},{"lineNumber":6,"author":{"gitId":"JosephLim98"},"content":"    public Event(String description, String from, String to){","lastModifiedDate":"2024-09-19","isFullCredit":false},{"lineNumber":7,"author":{"gitId":"JosephLim98"},"content":"        super(description);","lastModifiedDate":"2024-09-19","isFullCredit":false},{"lineNumber":8,"author":{"gitId":"JosephLim98"},"content":"        this.from  \u003d from;","lastModifiedDate":"2024-09-19","isFullCredit":false},{"lineNumber":9,"author":{"gitId":"JosephLim98"},"content":"        this.to   \u003d to;","lastModifiedDate":"2024-09-19","isFullCredit":false},{"lineNumber":10,"author":{"gitId":"JosephLim98"},"content":"    }","lastModifiedDate":"2024-09-19","isFullCredit":false},{"lineNumber":11,"author":{"gitId":"JosephLim98"},"content":"","lastModifiedDate":"2024-09-19","isFullCredit":false},{"lineNumber":12,"author":{"gitId":"JosephLim98"},"content":"    @Override","lastModifiedDate":"2024-09-19","isFullCredit":false},{"lineNumber":13,"author":{"gitId":"JosephLim98"},"content":"    public String toString(){","lastModifiedDate":"2024-09-19","isFullCredit":false},{"lineNumber":14,"author":{"gitId":"JosephLim98"},"content":"        return \"[E]\"+super.toString()+\" (from: \"+from+\" to: \"+to+\")\";","lastModifiedDate":"2024-09-19","isFullCredit":false},{"lineNumber":15,"author":{"gitId":"JosephLim98"},"content":"    }","lastModifiedDate":"2024-09-19","isFullCredit":false},{"lineNumber":16,"author":{"gitId":"JosephLim98"},"content":"}","lastModifiedDate":"2024-09-19","isFullCredit":false}],"authorContributionMap":{"JosephLim98":16}},{"path":"src/main/java/JosBot.java","fileType":"java","lines":[{"lineNumber":1,"author":{"gitId":"JosephLim98"},"content":"import java.util.Scanner;","lastModifiedDate":"2024-09-17","isFullCredit":false},{"lineNumber":2,"author":{"gitId":"JosephLim98"},"content":"","lastModifiedDate":"2024-09-17","isFullCredit":false},{"lineNumber":3,"author":{"gitId":"JosephLim98"},"content":"public class JosBot {","lastModifiedDate":"2024-09-12","isFullCredit":false},{"lineNumber":4,"author":{"gitId":"JosephLim98"},"content":"","lastModifiedDate":"2024-09-18","isFullCredit":false},{"lineNumber":5,"author":{"gitId":"-"},"content":"    public static void printInfo(String type){","lastModifiedDate":"2024-10-27","isFullCredit":false},{"lineNumber":6,"author":{"gitId":"-"},"content":"        switch(type){","lastModifiedDate":"2024-10-27","isFullCredit":false},{"lineNumber":7,"author":{"gitId":"-"},"content":"            case \"Dash\":","lastModifiedDate":"2024-10-27","isFullCredit":false},{"lineNumber":8,"author":{"gitId":"JosephLim98"},"content":"                System.out.print(\"____________________________________________________________\\n\");","lastModifiedDate":"2024-09-18","isFullCredit":false},{"lineNumber":9,"author":{"gitId":"-"},"content":"                break;","lastModifiedDate":"2024-10-27","isFullCredit":false},{"lineNumber":10,"author":{"gitId":"-"},"content":"            case \"Start\":","lastModifiedDate":"2024-10-27","isFullCredit":false},{"lineNumber":11,"author":{"gitId":"-"},"content":"                printInfo(\"Dash\");","lastModifiedDate":"2024-10-27","isFullCredit":false},{"lineNumber":12,"author":{"gitId":"-"},"content":"                System.out.println(\"Hello I\u0027m JosBot\\nWhat can I do for you?\");","lastModifiedDate":"2024-10-27","isFullCredit":false},{"lineNumber":13,"author":{"gitId":"-"},"content":"                printInfo(\"Dash\");","lastModifiedDate":"2024-10-27","isFullCredit":false},{"lineNumber":14,"author":{"gitId":"-"},"content":"                break;","lastModifiedDate":"2024-10-27","isFullCredit":false},{"lineNumber":15,"author":{"gitId":"-"},"content":"            case \"End\":","lastModifiedDate":"2024-10-27","isFullCredit":false},{"lineNumber":16,"author":{"gitId":"-"},"content":"                printInfo(\"Dash\");","lastModifiedDate":"2024-10-27","isFullCredit":false},{"lineNumber":17,"author":{"gitId":"-"},"content":"                System.out.println(\"Bye. Hope to see you again soon!\\n\");","lastModifiedDate":"2024-10-27","isFullCredit":false},{"lineNumber":18,"author":{"gitId":"-"},"content":"                break;","lastModifiedDate":"2024-10-27","isFullCredit":false},{"lineNumber":19,"author":{"gitId":"-"},"content":"        }","lastModifiedDate":"2024-10-27","isFullCredit":false},{"lineNumber":20,"author":{"gitId":"-"},"content":"","lastModifiedDate":"2024-10-27","isFullCredit":false},{"lineNumber":21,"author":{"gitId":"JosephLim98"},"content":"    }","lastModifiedDate":"2024-09-18","isFullCredit":false},{"lineNumber":22,"author":{"gitId":"JosephLim98"},"content":"","lastModifiedDate":"2024-09-18","isFullCredit":false},{"lineNumber":23,"author":{"gitId":"JosephLim98"},"content":"    public static void main(String[] args) {","lastModifiedDate":"2024-09-12","isFullCredit":false},{"lineNumber":24,"author":{"gitId":"JosephLim98"},"content":"","lastModifiedDate":"2024-09-18","isFullCredit":false},{"lineNumber":25,"author":{"gitId":"-"},"content":"        printInfo(\"Start\");","lastModifiedDate":"2024-10-27","isFullCredit":false},{"lineNumber":26,"author":{"gitId":"JosephLim98"},"content":"        Task[] list \u003d new Task[100];","lastModifiedDate":"2024-09-18","isFullCredit":false},{"lineNumber":27,"author":{"gitId":"JosephLim98"},"content":"        int list_count \u003d 0;","lastModifiedDate":"2024-09-18","isFullCredit":false},{"lineNumber":28,"author":{"gitId":"JosephLim98"},"content":"        Scanner in \u003d new Scanner(System.in);","lastModifiedDate":"2024-09-18","isFullCredit":false},{"lineNumber":29,"author":{"gitId":"-"},"content":"        String user_input \u003d in.nextLine().trim();","lastModifiedDate":"2024-10-27","isFullCredit":false},{"lineNumber":30,"author":{"gitId":"-"},"content":"","lastModifiedDate":"2024-10-27","isFullCredit":false},{"lineNumber":31,"author":{"gitId":"JosephLim98"},"content":"","lastModifiedDate":"2024-09-12","isFullCredit":false},{"lineNumber":32,"author":{"gitId":"JosephLim98"},"content":"        while(!user_input.equals(\"bye\"))","lastModifiedDate":"2024-09-17","isFullCredit":false},{"lineNumber":33,"author":{"gitId":"JosephLim98"},"content":"        {","lastModifiedDate":"2024-09-17","isFullCredit":false},{"lineNumber":34,"author":{"gitId":"-"},"content":"            try {","lastModifiedDate":"2024-10-27","isFullCredit":false},{"lineNumber":35,"author":{"gitId":"-"},"content":"                printInfo(\"Dash\");","lastModifiedDate":"2024-10-27","isFullCredit":false},{"lineNumber":36,"author":{"gitId":"JosephLim98"},"content":"","lastModifiedDate":"2024-09-18","isFullCredit":false},{"lineNumber":37,"author":{"gitId":"-"},"content":"                if (user_input.equals(\"list\")) {","lastModifiedDate":"2024-10-27","isFullCredit":false},{"lineNumber":38,"author":{"gitId":"JosephLim98"},"content":"                    System.out.println(\"Here are the tasks in your list:\");","lastModifiedDate":"2024-09-19","isFullCredit":false},{"lineNumber":39,"author":{"gitId":"-"},"content":"                    for (int i \u003d 1; i \u003c list_count + 1; i++) {","lastModifiedDate":"2024-10-27","isFullCredit":false},{"lineNumber":40,"author":{"gitId":"JosephLim98"},"content":"                        System.out.println(i + \". \" + list[i - 1].toString());","lastModifiedDate":"2024-09-19","isFullCredit":false},{"lineNumber":41,"author":{"gitId":"JosephLim98"},"content":"                    }","lastModifiedDate":"2024-09-18","isFullCredit":false},{"lineNumber":42,"author":{"gitId":"-"},"content":"                } else if (user_input.startsWith(\"mark\") || user_input.startsWith(\"unmark\")) {","lastModifiedDate":"2024-10-27","isFullCredit":false},{"lineNumber":43,"author":{"gitId":"-"},"content":"                   //to check if current list is not empty","lastModifiedDate":"2024-10-27","isFullCredit":false},{"lineNumber":44,"author":{"gitId":"-"},"content":"                    if(list_count \u003e 0)","lastModifiedDate":"2024-10-27","isFullCredit":false},{"lineNumber":45,"author":{"gitId":"JosephLim98"},"content":"                    {","lastModifiedDate":"2024-09-18","isFullCredit":false},{"lineNumber":46,"author":{"gitId":"-"},"content":"                        Integer last_digit \u003d 0;","lastModifiedDate":"2024-10-27","isFullCredit":false},{"lineNumber":47,"author":{"gitId":"-"},"content":"                        if (user_input.startsWith(\"mark\")) {","lastModifiedDate":"2024-10-27","isFullCredit":false},{"lineNumber":48,"author":{"gitId":"-"},"content":"                            last_digit \u003d Integer.valueOf(user_input.substring(4).trim()) - 1;","lastModifiedDate":"2024-10-27","isFullCredit":false},{"lineNumber":49,"author":{"gitId":"JosephLim98"},"content":"                            System.out.println(\"Nice! I\u0027ve marked this task as done:\");","lastModifiedDate":"2024-09-18","isFullCredit":false},{"lineNumber":50,"author":{"gitId":"JosephLim98"},"content":"                            list[last_digit].markAsDone();","lastModifiedDate":"2024-09-18","isFullCredit":false},{"lineNumber":51,"author":{"gitId":"-"},"content":"                        } else if (user_input.startsWith(\"unmark\")) {","lastModifiedDate":"2024-10-27","isFullCredit":false},{"lineNumber":52,"author":{"gitId":"-"},"content":"                            last_digit \u003d Integer.valueOf(user_input.substring(6).trim()) - 1;","lastModifiedDate":"2024-10-27","isFullCredit":false},{"lineNumber":53,"author":{"gitId":"JosephLim98"},"content":"                            System.out.println(\"OK, I\u0027ve marked this task as not done yet:\");","lastModifiedDate":"2024-09-18","isFullCredit":false},{"lineNumber":54,"author":{"gitId":"JosephLim98"},"content":"                            list[last_digit].markAsNotDone();","lastModifiedDate":"2024-09-18","isFullCredit":false},{"lineNumber":55,"author":{"gitId":"JosephLim98"},"content":"                        }","lastModifiedDate":"2024-09-18","isFullCredit":false},{"lineNumber":56,"author":{"gitId":"JosephLim98"},"content":"                        System.out.println(\"[\" + list[last_digit].getStatusIcon() + \"] \" + list[last_digit].getDescription());","lastModifiedDate":"2024-09-18","isFullCredit":false},{"lineNumber":57,"author":{"gitId":"JosephLim98"},"content":"                    }","lastModifiedDate":"2024-09-18","isFullCredit":false},{"lineNumber":58,"author":{"gitId":"-"},"content":"                    else","lastModifiedDate":"2024-10-27","isFullCredit":false},{"lineNumber":59,"author":{"gitId":"-"},"content":"                    {","lastModifiedDate":"2024-10-27","isFullCredit":false},{"lineNumber":60,"author":{"gitId":"-"},"content":"                        //print error","lastModifiedDate":"2024-10-27","isFullCredit":false},{"lineNumber":61,"author":{"gitId":"-"},"content":"                        throw new JosBotException(\"missing_list\");","lastModifiedDate":"2024-10-27","isFullCredit":false},{"lineNumber":62,"author":{"gitId":"-"},"content":"                    }","lastModifiedDate":"2024-10-27","isFullCredit":false},{"lineNumber":63,"author":{"gitId":"-"},"content":"                } else if (user_input.startsWith(\"todo\") || user_input.startsWith(\"deadline\") || user_input.startsWith(\"event\")) {","lastModifiedDate":"2024-10-27","isFullCredit":false},{"lineNumber":64,"author":{"gitId":"-"},"content":"                    //to get the first word","lastModifiedDate":"2024-10-27","isFullCredit":false},{"lineNumber":65,"author":{"gitId":"-"},"content":"                    String[] fw \u003d user_input.split(\" \");","lastModifiedDate":"2024-10-27","isFullCredit":false},{"lineNumber":66,"author":{"gitId":"-"},"content":"                    if(fw.length \u003e 1)","lastModifiedDate":"2024-10-27","isFullCredit":false},{"lineNumber":67,"author":{"gitId":"JosephLim98"},"content":"                    {","lastModifiedDate":"2024-09-19","isFullCredit":false},{"lineNumber":68,"author":{"gitId":"-"},"content":"                        System.out.println(\"Got it. I\u0027ve added this task:\");","lastModifiedDate":"2024-10-27","isFullCredit":false},{"lineNumber":69,"author":{"gitId":"-"},"content":"                        if (user_input.startsWith(\"todo\")) {","lastModifiedDate":"2024-10-27","isFullCredit":false},{"lineNumber":70,"author":{"gitId":"JosephLim98"},"content":"                            String todo_txt \u003d user_input.replace(\"todo \", \"\");","lastModifiedDate":"2024-09-19","isFullCredit":false},{"lineNumber":71,"author":{"gitId":"JosephLim98"},"content":"                            Task t \u003d new Todo(todo_txt);","lastModifiedDate":"2024-09-19","isFullCredit":false},{"lineNumber":72,"author":{"gitId":"JosephLim98"},"content":"                            list[list_count] \u003d t;","lastModifiedDate":"2024-09-19","isFullCredit":false},{"lineNumber":73,"author":{"gitId":"JosephLim98"},"content":"                            list_count++;","lastModifiedDate":"2024-09-19","isFullCredit":false},{"lineNumber":74,"author":{"gitId":"JosephLim98"},"content":"                            System.out.println(t.toString());","lastModifiedDate":"2024-09-19","isFullCredit":false},{"lineNumber":75,"author":{"gitId":"-"},"content":"                        } else if (user_input.startsWith(\"deadline\")) {","lastModifiedDate":"2024-10-27","isFullCredit":false},{"lineNumber":76,"author":{"gitId":"JosephLim98"},"content":"                            String deadline_txt \u003d user_input.replace(\"deadline \", \"\");","lastModifiedDate":"2024-09-19","isFullCredit":false},{"lineNumber":77,"author":{"gitId":"JosephLim98"},"content":"                            String[] split_txt \u003d deadline_txt.split(\"/by\", 2);","lastModifiedDate":"2024-09-19","isFullCredit":false},{"lineNumber":78,"author":{"gitId":"JosephLim98"},"content":"                            deadline_txt \u003d split_txt[0].trim();","lastModifiedDate":"2024-09-19","isFullCredit":false},{"lineNumber":79,"author":{"gitId":"JosephLim98"},"content":"                            //task name and deadline day","lastModifiedDate":"2024-09-19","isFullCredit":false},{"lineNumber":80,"author":{"gitId":"JosephLim98"},"content":"                            Task t \u003d new Deadline(split_txt[0].trim(), split_txt[1].trim());","lastModifiedDate":"2024-09-19","isFullCredit":false},{"lineNumber":81,"author":{"gitId":"JosephLim98"},"content":"                            list[list_count] \u003d t;","lastModifiedDate":"2024-09-19","isFullCredit":false},{"lineNumber":82,"author":{"gitId":"JosephLim98"},"content":"                            list_count++;","lastModifiedDate":"2024-09-19","isFullCredit":false},{"lineNumber":83,"author":{"gitId":"JosephLim98"},"content":"                            System.out.println(t.toString());","lastModifiedDate":"2024-09-19","isFullCredit":false},{"lineNumber":84,"author":{"gitId":"-"},"content":"                        } else if (user_input.startsWith(\"event\")) {","lastModifiedDate":"2024-10-27","isFullCredit":false},{"lineNumber":85,"author":{"gitId":"JosephLim98"},"content":"                            String event_txt \u003d user_input.replace(\"event \", \"\");","lastModifiedDate":"2024-09-19","isFullCredit":false},{"lineNumber":86,"author":{"gitId":"JosephLim98"},"content":"                            String[] split_txt \u003d event_txt.split(\"/\", 3);","lastModifiedDate":"2024-09-19","isFullCredit":false},{"lineNumber":87,"author":{"gitId":"JosephLim98"},"content":"                            String event_name \u003d split_txt[0].trim();","lastModifiedDate":"2024-09-19","isFullCredit":false},{"lineNumber":88,"author":{"gitId":"JosephLim98"},"content":"                            String event_from \u003d split_txt[1].replace(\"from \", \"\").trim();","lastModifiedDate":"2024-09-19","isFullCredit":false},{"lineNumber":89,"author":{"gitId":"JosephLim98"},"content":"                            String event_to \u003d split_txt[2].replace(\"to \", \"\").trim();","lastModifiedDate":"2024-09-19","isFullCredit":false},{"lineNumber":90,"author":{"gitId":"JosephLim98"},"content":"                            Task t \u003d new Event(event_name, event_from, event_to);","lastModifiedDate":"2024-09-19","isFullCredit":false},{"lineNumber":91,"author":{"gitId":"JosephLim98"},"content":"                            list[list_count] \u003d t;","lastModifiedDate":"2024-09-19","isFullCredit":false},{"lineNumber":92,"author":{"gitId":"JosephLim98"},"content":"                            list_count++;","lastModifiedDate":"2024-09-19","isFullCredit":false},{"lineNumber":93,"author":{"gitId":"JosephLim98"},"content":"                            System.out.println(t.toString());","lastModifiedDate":"2024-09-19","isFullCredit":false},{"lineNumber":94,"author":{"gitId":"JosephLim98"},"content":"                        }","lastModifiedDate":"2024-09-19","isFullCredit":false},{"lineNumber":95,"author":{"gitId":"JosephLim98"},"content":"","lastModifiedDate":"2024-09-19","isFullCredit":false},{"lineNumber":96,"author":{"gitId":"JosephLim98"},"content":"                        System.out.println(\"Now you have \" + list_count + \" task in the list.\");","lastModifiedDate":"2024-09-19","isFullCredit":false},{"lineNumber":97,"author":{"gitId":"JosephLim98"},"content":"                    }","lastModifiedDate":"2024-09-19","isFullCredit":false},{"lineNumber":98,"author":{"gitId":"JosephLim98"},"content":"                    else","lastModifiedDate":"2024-09-18","isFullCredit":false},{"lineNumber":99,"author":{"gitId":"JosephLim98"},"content":"                    {","lastModifiedDate":"2024-09-18","isFullCredit":false},{"lineNumber":100,"author":{"gitId":"-"},"content":"                        throw new JosBotException(\"missing_description\");","lastModifiedDate":"2024-10-27","isFullCredit":false},{"lineNumber":101,"author":{"gitId":"-"},"content":"                    }","lastModifiedDate":"2024-10-27","isFullCredit":false},{"lineNumber":102,"author":{"gitId":"-"},"content":"","lastModifiedDate":"2024-10-27","isFullCredit":false},{"lineNumber":103,"author":{"gitId":"-"},"content":"                } else {","lastModifiedDate":"2024-10-27","isFullCredit":false},{"lineNumber":104,"author":{"gitId":"-"},"content":"                    throw new JosBotException(\"missing_task\");","lastModifiedDate":"2024-10-27","isFullCredit":false},{"lineNumber":105,"author":{"gitId":"JosephLim98"},"content":"                }","lastModifiedDate":"2024-09-18","isFullCredit":false},{"lineNumber":106,"author":{"gitId":"-"},"content":"                //end of try","lastModifiedDate":"2024-10-27","isFullCredit":false},{"lineNumber":107,"author":{"gitId":"-"},"content":"            } catch (JosBotException e)","lastModifiedDate":"2024-10-27","isFullCredit":false},{"lineNumber":108,"author":{"gitId":"-"},"content":"            {","lastModifiedDate":"2024-10-27","isFullCredit":false},{"lineNumber":109,"author":{"gitId":"-"},"content":"                String error_message \u003d \"\";","lastModifiedDate":"2024-10-27","isFullCredit":false},{"lineNumber":110,"author":{"gitId":"-"},"content":"","lastModifiedDate":"2024-10-27","isFullCredit":false},{"lineNumber":111,"author":{"gitId":"-"},"content":"                switch (e.getMessage()){","lastModifiedDate":"2024-10-27","isFullCredit":false},{"lineNumber":112,"author":{"gitId":"-"},"content":"                    case \"missing_task\":","lastModifiedDate":"2024-10-27","isFullCredit":false},{"lineNumber":113,"author":{"gitId":"-"},"content":"                        error_message \u003d \"No Task Found!\";","lastModifiedDate":"2024-10-27","isFullCredit":false},{"lineNumber":114,"author":{"gitId":"-"},"content":"                        break;","lastModifiedDate":"2024-10-27","isFullCredit":false},{"lineNumber":115,"author":{"gitId":"-"},"content":"                    case \"missing_list\":","lastModifiedDate":"2024-10-27","isFullCredit":false},{"lineNumber":116,"author":{"gitId":"-"},"content":"                        error_message \u003d \"There is no available task currently! Please try to add a task before marking them\";","lastModifiedDate":"2024-10-27","isFullCredit":false},{"lineNumber":117,"author":{"gitId":"-"},"content":"                        break;","lastModifiedDate":"2024-10-27","isFullCredit":false},{"lineNumber":118,"author":{"gitId":"-"},"content":"                    case \"missing_description\":","lastModifiedDate":"2024-10-27","isFullCredit":false},{"lineNumber":119,"author":{"gitId":"-"},"content":"                        error_message \u003d \"The description of the task cannot be empty! Please add a description to your task\";","lastModifiedDate":"2024-10-27","isFullCredit":false},{"lineNumber":120,"author":{"gitId":"-"},"content":"                        break;","lastModifiedDate":"2024-10-27","isFullCredit":false},{"lineNumber":121,"author":{"gitId":"-"},"content":"                    default:","lastModifiedDate":"2024-10-27","isFullCredit":false},{"lineNumber":122,"author":{"gitId":"-"},"content":"                        error_message \u003d \"unknown error\";","lastModifiedDate":"2024-10-27","isFullCredit":false},{"lineNumber":123,"author":{"gitId":"-"},"content":"                }","lastModifiedDate":"2024-10-27","isFullCredit":false},{"lineNumber":124,"author":{"gitId":"-"},"content":"","lastModifiedDate":"2024-10-27","isFullCredit":false},{"lineNumber":125,"author":{"gitId":"-"},"content":"                System.out.println(\"Error : \" + error_message);","lastModifiedDate":"2024-10-27","isFullCredit":false},{"lineNumber":126,"author":{"gitId":"-"},"content":"","lastModifiedDate":"2024-10-27","isFullCredit":false},{"lineNumber":127,"author":{"gitId":"-"},"content":"            }","lastModifiedDate":"2024-10-27","isFullCredit":false},{"lineNumber":128,"author":{"gitId":"-"},"content":"","lastModifiedDate":"2024-10-27","isFullCredit":false},{"lineNumber":129,"author":{"gitId":"-"},"content":"            printInfo(\"Dash\");","lastModifiedDate":"2024-10-27","isFullCredit":false},{"lineNumber":130,"author":{"gitId":"-"},"content":"            user_input \u003d in.nextLine().trim();","lastModifiedDate":"2024-10-27","isFullCredit":false},{"lineNumber":131,"author":{"gitId":"JosephLim98"},"content":"        }","lastModifiedDate":"2024-09-17","isFullCredit":false},{"lineNumber":132,"author":{"gitId":"-"},"content":"        printInfo(\"End\");","lastModifiedDate":"2024-10-27","isFullCredit":false},{"lineNumber":133,"author":{"gitId":"JosephLim98"},"content":"","lastModifiedDate":"2024-09-17","isFullCredit":false},{"lineNumber":134,"author":{"gitId":"JosephLim98"},"content":"    }","lastModifiedDate":"2024-09-12","isFullCredit":false},{"lineNumber":135,"author":{"gitId":"JosephLim98"},"content":"}","lastModifiedDate":"2024-09-12","isFullCredit":false}],"authorContributionMap":{"JosephLim98":61,"-":74}},{"path":"src/main/java/Task.java","fileType":"java","lines":[{"lineNumber":1,"author":{"gitId":"JosephLim98"},"content":"public class Task {","lastModifiedDate":"2024-09-18","isFullCredit":false},{"lineNumber":2,"author":{"gitId":"JosephLim98"},"content":"    protected String description;","lastModifiedDate":"2024-09-18","isFullCredit":false},{"lineNumber":3,"author":{"gitId":"JosephLim98"},"content":"    protected boolean isDone;","lastModifiedDate":"2024-09-18","isFullCredit":false},{"lineNumber":4,"author":{"gitId":"JosephLim98"},"content":"","lastModifiedDate":"2024-09-18","isFullCredit":false},{"lineNumber":5,"author":{"gitId":"JosephLim98"},"content":"    public Task(String description) {","lastModifiedDate":"2024-09-18","isFullCredit":false},{"lineNumber":6,"author":{"gitId":"JosephLim98"},"content":"        this.description \u003d description;","lastModifiedDate":"2024-09-18","isFullCredit":false},{"lineNumber":7,"author":{"gitId":"JosephLim98"},"content":"        this.isDone \u003d false;","lastModifiedDate":"2024-09-18","isFullCredit":false},{"lineNumber":8,"author":{"gitId":"JosephLim98"},"content":"    }","lastModifiedDate":"2024-09-18","isFullCredit":false},{"lineNumber":9,"author":{"gitId":"JosephLim98"},"content":"","lastModifiedDate":"2024-09-18","isFullCredit":false},{"lineNumber":10,"author":{"gitId":"JosephLim98"},"content":"    public String getDescription() {","lastModifiedDate":"2024-09-18","isFullCredit":false},{"lineNumber":11,"author":{"gitId":"JosephLim98"},"content":"        return description;","lastModifiedDate":"2024-09-18","isFullCredit":false},{"lineNumber":12,"author":{"gitId":"JosephLim98"},"content":"    }","lastModifiedDate":"2024-09-18","isFullCredit":false},{"lineNumber":13,"author":{"gitId":"JosephLim98"},"content":"","lastModifiedDate":"2024-09-18","isFullCredit":false},{"lineNumber":14,"author":{"gitId":"JosephLim98"},"content":"    public String getStatusIcon(){","lastModifiedDate":"2024-09-18","isFullCredit":false},{"lineNumber":15,"author":{"gitId":"JosephLim98"},"content":"        return (isDone ? \"X\" : \" \");","lastModifiedDate":"2024-09-18","isFullCredit":false},{"lineNumber":16,"author":{"gitId":"JosephLim98"},"content":"    }","lastModifiedDate":"2024-09-18","isFullCredit":false},{"lineNumber":17,"author":{"gitId":"JosephLim98"},"content":"","lastModifiedDate":"2024-09-18","isFullCredit":false},{"lineNumber":18,"author":{"gitId":"JosephLim98"},"content":"    public void markAsDone(){","lastModifiedDate":"2024-09-18","isFullCredit":false},{"lineNumber":19,"author":{"gitId":"JosephLim98"},"content":"        isDone \u003d true;","lastModifiedDate":"2024-09-18","isFullCredit":false},{"lineNumber":20,"author":{"gitId":"JosephLim98"},"content":"    }","lastModifiedDate":"2024-09-18","isFullCredit":false},{"lineNumber":21,"author":{"gitId":"JosephLim98"},"content":"","lastModifiedDate":"2024-09-18","isFullCredit":false},{"lineNumber":22,"author":{"gitId":"JosephLim98"},"content":"    public void markAsNotDone(){","lastModifiedDate":"2024-09-18","isFullCredit":false},{"lineNumber":23,"author":{"gitId":"JosephLim98"},"content":"        isDone \u003d false;","lastModifiedDate":"2024-09-18","isFullCredit":false},{"lineNumber":24,"author":{"gitId":"JosephLim98"},"content":"    }","lastModifiedDate":"2024-09-18","isFullCredit":false},{"lineNumber":25,"author":{"gitId":"JosephLim98"},"content":"","lastModifiedDate":"2024-09-19","isFullCredit":false},{"lineNumber":26,"author":{"gitId":"JosephLim98"},"content":"    public String toString(){","lastModifiedDate":"2024-09-19","isFullCredit":false},{"lineNumber":27,"author":{"gitId":"JosephLim98"},"content":"        return \"[\"+getStatusIcon()+\"] \"+description;","lastModifiedDate":"2024-09-19","isFullCredit":false},{"lineNumber":28,"author":{"gitId":"JosephLim98"},"content":"    }","lastModifiedDate":"2024-09-19","isFullCredit":false},{"lineNumber":29,"author":{"gitId":"JosephLim98"},"content":"}","lastModifiedDate":"2024-09-18","isFullCredit":false},{"lineNumber":30,"author":{"gitId":"JosephLim98"},"content":"","lastModifiedDate":"2024-09-19","isFullCredit":false},{"lineNumber":31,"author":{"gitId":"JosephLim98"},"content":"","lastModifiedDate":"2024-09-19","isFullCredit":false}],"authorContributionMap":{"JosephLim98":31}},{"path":"src/main/java/Todo.java","fileType":"java","lines":[{"lineNumber":1,"author":{"gitId":"JosephLim98"},"content":"public class Todo extends Task{","lastModifiedDate":"2024-09-19","isFullCredit":false},{"lineNumber":2,"author":{"gitId":"JosephLim98"},"content":"","lastModifiedDate":"2024-09-19","isFullCredit":false},{"lineNumber":3,"author":{"gitId":"JosephLim98"},"content":"    public Todo(String description)","lastModifiedDate":"2024-09-19","isFullCredit":false},{"lineNumber":4,"author":{"gitId":"JosephLim98"},"content":"    {","lastModifiedDate":"2024-09-19","isFullCredit":false},{"lineNumber":5,"author":{"gitId":"JosephLim98"},"content":"        super(description);","lastModifiedDate":"2024-09-19","isFullCredit":false},{"lineNumber":6,"author":{"gitId":"JosephLim98"},"content":"    }","lastModifiedDate":"2024-09-19","isFullCredit":false},{"lineNumber":7,"author":{"gitId":"JosephLim98"},"content":"","lastModifiedDate":"2024-09-19","isFullCredit":false},{"lineNumber":8,"author":{"gitId":"JosephLim98"},"content":"    @Override","lastModifiedDate":"2024-09-19","isFullCredit":false},{"lineNumber":9,"author":{"gitId":"JosephLim98"},"content":"    public String toString() {","lastModifiedDate":"2024-09-19","isFullCredit":false},{"lineNumber":10,"author":{"gitId":"JosephLim98"},"content":"        return \"[T]\"+super.toString();","lastModifiedDate":"2024-09-19","isFullCredit":false},{"lineNumber":11,"author":{"gitId":"JosephLim98"},"content":"    }","lastModifiedDate":"2024-09-19","isFullCredit":false},{"lineNumber":12,"author":{"gitId":"JosephLim98"},"content":"}","lastModifiedDate":"2024-09-19","isFullCredit":false}],"authorContributionMap":{"JosephLim98":12}}]
