[{"path":"src/data/JosBotList.txt","fileType":"txt","lines":[{"lineNumber":1,"author":{"gitId":"JosephLim98"},"content":"D,1,return book,Sunday","lastModifiedDate":"2024-11-03","isFullCredit":false},{"lineNumber":2,"author":{"gitId":"JosephLim98"},"content":"T,1,borrow book","lastModifiedDate":"2024-11-03","isFullCredit":false},{"lineNumber":3,"author":{"gitId":"JosephLim98"},"content":"E,1,project meeting,Mon 2pm,4pm","lastModifiedDate":"2024-11-03","isFullCredit":false},{"lineNumber":4,"author":{"gitId":"JosephLim98"},"content":"T,0,task 2","lastModifiedDate":"2024-11-03","isFullCredit":false}],"authorContributionMap":{"JosephLim98":4}},{"path":"src/main/java/Deadline.java","fileType":"java","lines":[{"lineNumber":1,"author":{"gitId":"JosephLim98"},"content":"public class Deadline extends Task{","lastModifiedDate":"2024-09-19","isFullCredit":false},{"lineNumber":2,"author":{"gitId":"JosephLim98"},"content":"    protected String by;","lastModifiedDate":"2024-09-19","isFullCredit":false},{"lineNumber":3,"author":{"gitId":"JosephLim98"},"content":"","lastModifiedDate":"2024-09-19","isFullCredit":false},{"lineNumber":4,"author":{"gitId":"JosephLim98"},"content":"    public Deadline(String description, String by){","lastModifiedDate":"2024-09-19","isFullCredit":false},{"lineNumber":5,"author":{"gitId":"JosephLim98"},"content":"        super(description);","lastModifiedDate":"2024-09-19","isFullCredit":false},{"lineNumber":6,"author":{"gitId":"JosephLim98"},"content":"        this.by \u003d by;","lastModifiedDate":"2024-09-19","isFullCredit":false},{"lineNumber":7,"author":{"gitId":"JosephLim98"},"content":"    }","lastModifiedDate":"2024-09-19","isFullCredit":false},{"lineNumber":8,"author":{"gitId":"JosephLim98"},"content":"","lastModifiedDate":"2024-09-19","isFullCredit":false},{"lineNumber":9,"author":{"gitId":"JosephLim98"},"content":"    public String getBy(){return by;}","lastModifiedDate":"2024-11-03","isFullCredit":false},{"lineNumber":10,"author":{"gitId":"JosephLim98"},"content":"","lastModifiedDate":"2024-11-03","isFullCredit":false},{"lineNumber":11,"author":{"gitId":"JosephLim98"},"content":"    @Override","lastModifiedDate":"2024-11-03","isFullCredit":false},{"lineNumber":12,"author":{"gitId":"JosephLim98"},"content":"    public String getType(){","lastModifiedDate":"2024-11-03","isFullCredit":false},{"lineNumber":13,"author":{"gitId":"JosephLim98"},"content":"        return \"D\";","lastModifiedDate":"2024-11-03","isFullCredit":false},{"lineNumber":14,"author":{"gitId":"JosephLim98"},"content":"    }","lastModifiedDate":"2024-11-03","isFullCredit":false},{"lineNumber":15,"author":{"gitId":"JosephLim98"},"content":"","lastModifiedDate":"2024-11-03","isFullCredit":false},{"lineNumber":16,"author":{"gitId":"JosephLim98"},"content":"    @Override","lastModifiedDate":"2024-09-19","isFullCredit":false},{"lineNumber":17,"author":{"gitId":"JosephLim98"},"content":"    public String toString(){","lastModifiedDate":"2024-09-19","isFullCredit":false},{"lineNumber":18,"author":{"gitId":"JosephLim98"},"content":"        return \"[D]\"+super.toString()+\" (by: \"+by+\")\";","lastModifiedDate":"2024-09-19","isFullCredit":false},{"lineNumber":19,"author":{"gitId":"JosephLim98"},"content":"    }","lastModifiedDate":"2024-09-19","isFullCredit":false},{"lineNumber":20,"author":{"gitId":"JosephLim98"},"content":"}","lastModifiedDate":"2024-09-19","isFullCredit":false}],"authorContributionMap":{"JosephLim98":20}},{"path":"src/main/java/Event.java","fileType":"java","lines":[{"lineNumber":1,"author":{"gitId":"JosephLim98"},"content":"public class Event extends Task{","lastModifiedDate":"2024-09-19","isFullCredit":false},{"lineNumber":2,"author":{"gitId":"JosephLim98"},"content":"","lastModifiedDate":"2024-09-19","isFullCredit":false},{"lineNumber":3,"author":{"gitId":"JosephLim98"},"content":"    protected String from;","lastModifiedDate":"2024-09-19","isFullCredit":false},{"lineNumber":4,"author":{"gitId":"JosephLim98"},"content":"    protected String to;","lastModifiedDate":"2024-09-19","isFullCredit":false},{"lineNumber":5,"author":{"gitId":"JosephLim98"},"content":"","lastModifiedDate":"2024-09-19","isFullCredit":false},{"lineNumber":6,"author":{"gitId":"JosephLim98"},"content":"    public Event(String description, String from, String to){","lastModifiedDate":"2024-09-19","isFullCredit":false},{"lineNumber":7,"author":{"gitId":"JosephLim98"},"content":"        super(description);","lastModifiedDate":"2024-09-19","isFullCredit":false},{"lineNumber":8,"author":{"gitId":"JosephLim98"},"content":"        this.from  \u003d from;","lastModifiedDate":"2024-09-19","isFullCredit":false},{"lineNumber":9,"author":{"gitId":"JosephLim98"},"content":"        this.to   \u003d to;","lastModifiedDate":"2024-09-19","isFullCredit":false},{"lineNumber":10,"author":{"gitId":"JosephLim98"},"content":"    }","lastModifiedDate":"2024-09-19","isFullCredit":false},{"lineNumber":11,"author":{"gitId":"JosephLim98"},"content":"","lastModifiedDate":"2024-09-19","isFullCredit":false},{"lineNumber":12,"author":{"gitId":"JosephLim98"},"content":"    public String getFrom(){return from;}","lastModifiedDate":"2024-11-03","isFullCredit":false},{"lineNumber":13,"author":{"gitId":"JosephLim98"},"content":"    public String getTo(){return to;}","lastModifiedDate":"2024-11-03","isFullCredit":false},{"lineNumber":14,"author":{"gitId":"JosephLim98"},"content":"","lastModifiedDate":"2024-11-03","isFullCredit":false},{"lineNumber":15,"author":{"gitId":"JosephLim98"},"content":"    @Override","lastModifiedDate":"2024-11-03","isFullCredit":false},{"lineNumber":16,"author":{"gitId":"JosephLim98"},"content":"    public String getType(){","lastModifiedDate":"2024-11-03","isFullCredit":false},{"lineNumber":17,"author":{"gitId":"JosephLim98"},"content":"        return \"E\";","lastModifiedDate":"2024-11-03","isFullCredit":false},{"lineNumber":18,"author":{"gitId":"JosephLim98"},"content":"    }","lastModifiedDate":"2024-11-03","isFullCredit":false},{"lineNumber":19,"author":{"gitId":"JosephLim98"},"content":"","lastModifiedDate":"2024-11-03","isFullCredit":false},{"lineNumber":20,"author":{"gitId":"JosephLim98"},"content":"    @Override","lastModifiedDate":"2024-09-19","isFullCredit":false},{"lineNumber":21,"author":{"gitId":"JosephLim98"},"content":"    public String toString(){","lastModifiedDate":"2024-09-19","isFullCredit":false},{"lineNumber":22,"author":{"gitId":"JosephLim98"},"content":"        return \"[E]\"+super.toString()+\" (from: \"+from+\" to: \"+to+\")\";","lastModifiedDate":"2024-09-19","isFullCredit":false},{"lineNumber":23,"author":{"gitId":"JosephLim98"},"content":"    }","lastModifiedDate":"2024-09-19","isFullCredit":false},{"lineNumber":24,"author":{"gitId":"JosephLim98"},"content":"}","lastModifiedDate":"2024-09-19","isFullCredit":false}],"authorContributionMap":{"JosephLim98":24}},{"path":"src/main/java/JosBot.java","fileType":"java","lines":[{"lineNumber":1,"author":{"gitId":"JosephLim98"},"content":"import java.io.FileNotFoundException;","lastModifiedDate":"2024-11-03","isFullCredit":false},{"lineNumber":2,"author":{"gitId":"JosephLim98"},"content":"import java.util.Scanner;","lastModifiedDate":"2024-09-17","isFullCredit":false},{"lineNumber":3,"author":{"gitId":"JosephLim98"},"content":"import java.util.ArrayList;","lastModifiedDate":"2024-11-02","isFullCredit":false},{"lineNumber":4,"author":{"gitId":"JosephLim98"},"content":"import java.io.FileWriter;","lastModifiedDate":"2024-11-03","isFullCredit":false},{"lineNumber":5,"author":{"gitId":"JosephLim98"},"content":"import java.io.IOException;","lastModifiedDate":"2024-11-03","isFullCredit":false},{"lineNumber":6,"author":{"gitId":"JosephLim98"},"content":"import java.io.File;","lastModifiedDate":"2024-11-03","isFullCredit":false},{"lineNumber":7,"author":{"gitId":"JosephLim98"},"content":"","lastModifiedDate":"2024-09-17","isFullCredit":false},{"lineNumber":8,"author":{"gitId":"JosephLim98"},"content":"public class JosBot {","lastModifiedDate":"2024-09-12","isFullCredit":false},{"lineNumber":9,"author":{"gitId":"JosephLim98"},"content":"","lastModifiedDate":"2024-09-18","isFullCredit":false},{"lineNumber":10,"author":{"gitId":"JosephLim98"},"content":"    public static void printInfo(String type){","lastModifiedDate":"2024-10-27","isFullCredit":false},{"lineNumber":11,"author":{"gitId":"JosephLim98"},"content":"        switch(type){","lastModifiedDate":"2024-10-27","isFullCredit":false},{"lineNumber":12,"author":{"gitId":"JosephLim98"},"content":"            case \"Dash\":","lastModifiedDate":"2024-10-27","isFullCredit":false},{"lineNumber":13,"author":{"gitId":"JosephLim98"},"content":"                System.out.print(\"____________________________________________________________\\n\");","lastModifiedDate":"2024-09-18","isFullCredit":false},{"lineNumber":14,"author":{"gitId":"JosephLim98"},"content":"                break;","lastModifiedDate":"2024-10-27","isFullCredit":false},{"lineNumber":15,"author":{"gitId":"JosephLim98"},"content":"            case \"Start\":","lastModifiedDate":"2024-10-27","isFullCredit":false},{"lineNumber":16,"author":{"gitId":"JosephLim98"},"content":"                printInfo(\"Dash\");","lastModifiedDate":"2024-10-27","isFullCredit":false},{"lineNumber":17,"author":{"gitId":"JosephLim98"},"content":"                System.out.println(\"Hello I\u0027m JosBot\\nWhat can I do for you?\");","lastModifiedDate":"2024-10-27","isFullCredit":false},{"lineNumber":18,"author":{"gitId":"JosephLim98"},"content":"                printInfo(\"Dash\");","lastModifiedDate":"2024-10-27","isFullCredit":false},{"lineNumber":19,"author":{"gitId":"JosephLim98"},"content":"                break;","lastModifiedDate":"2024-10-27","isFullCredit":false},{"lineNumber":20,"author":{"gitId":"JosephLim98"},"content":"            case \"End\":","lastModifiedDate":"2024-10-27","isFullCredit":false},{"lineNumber":21,"author":{"gitId":"JosephLim98"},"content":"                printInfo(\"Dash\");","lastModifiedDate":"2024-10-27","isFullCredit":false},{"lineNumber":22,"author":{"gitId":"JosephLim98"},"content":"                System.out.println(\"Bye. Hope to see you again soon!\\n\");","lastModifiedDate":"2024-10-27","isFullCredit":false},{"lineNumber":23,"author":{"gitId":"JosephLim98"},"content":"                break;","lastModifiedDate":"2024-10-27","isFullCredit":false},{"lineNumber":24,"author":{"gitId":"JosephLim98"},"content":"        }","lastModifiedDate":"2024-10-27","isFullCredit":false},{"lineNumber":25,"author":{"gitId":"JosephLim98"},"content":"","lastModifiedDate":"2024-10-27","isFullCredit":false},{"lineNumber":26,"author":{"gitId":"JosephLim98"},"content":"    }","lastModifiedDate":"2024-09-18","isFullCredit":false},{"lineNumber":27,"author":{"gitId":"JosephLim98"},"content":"","lastModifiedDate":"2024-09-18","isFullCredit":false},{"lineNumber":28,"author":{"gitId":"JosephLim98"},"content":"    public static String parseListToString(ArrayList\u003cTask\u003e file_list)","lastModifiedDate":"2024-11-03","isFullCredit":false},{"lineNumber":29,"author":{"gitId":"JosephLim98"},"content":"    {","lastModifiedDate":"2024-11-03","isFullCredit":false},{"lineNumber":30,"author":{"gitId":"JosephLim98"},"content":"        String list_string \u003d \"\";","lastModifiedDate":"2024-11-03","isFullCredit":false},{"lineNumber":31,"author":{"gitId":"JosephLim98"},"content":"        for(int i \u003d 0; i \u003c file_list.size(); i++)","lastModifiedDate":"2024-11-03","isFullCredit":false},{"lineNumber":32,"author":{"gitId":"JosephLim98"},"content":"        {","lastModifiedDate":"2024-11-03","isFullCredit":false},{"lineNumber":33,"author":{"gitId":"JosephLim98"},"content":"            list_string +\u003d file_list.get(i).getType() + \",\";","lastModifiedDate":"2024-11-03","isFullCredit":false},{"lineNumber":34,"author":{"gitId":"JosephLim98"},"content":"            if(file_list.get(i).getStatusIcon().equals(\"X\"))","lastModifiedDate":"2024-11-03","isFullCredit":false},{"lineNumber":35,"author":{"gitId":"JosephLim98"},"content":"            {","lastModifiedDate":"2024-11-03","isFullCredit":false},{"lineNumber":36,"author":{"gitId":"JosephLim98"},"content":"                list_string +\u003d \"1,\";","lastModifiedDate":"2024-11-03","isFullCredit":false},{"lineNumber":37,"author":{"gitId":"JosephLim98"},"content":"            }","lastModifiedDate":"2024-11-03","isFullCredit":false},{"lineNumber":38,"author":{"gitId":"JosephLim98"},"content":"            else","lastModifiedDate":"2024-11-03","isFullCredit":false},{"lineNumber":39,"author":{"gitId":"JosephLim98"},"content":"            {","lastModifiedDate":"2024-11-03","isFullCredit":false},{"lineNumber":40,"author":{"gitId":"JosephLim98"},"content":"                list_string +\u003d \"0,\";","lastModifiedDate":"2024-11-03","isFullCredit":false},{"lineNumber":41,"author":{"gitId":"JosephLim98"},"content":"            }","lastModifiedDate":"2024-11-03","isFullCredit":false},{"lineNumber":42,"author":{"gitId":"JosephLim98"},"content":"            list_string +\u003d file_list.get(i).getDescription();","lastModifiedDate":"2024-11-03","isFullCredit":false},{"lineNumber":43,"author":{"gitId":"JosephLim98"},"content":"","lastModifiedDate":"2024-11-03","isFullCredit":false},{"lineNumber":44,"author":{"gitId":"JosephLim98"},"content":"            //deadline","lastModifiedDate":"2024-11-03","isFullCredit":false},{"lineNumber":45,"author":{"gitId":"JosephLim98"},"content":"            if(file_list.get(i).getType().equals(\"D\"))","lastModifiedDate":"2024-11-03","isFullCredit":false},{"lineNumber":46,"author":{"gitId":"JosephLim98"},"content":"            {","lastModifiedDate":"2024-11-03","isFullCredit":false},{"lineNumber":47,"author":{"gitId":"JosephLim98"},"content":"               Deadline d \u003d (Deadline) file_list.get(i);","lastModifiedDate":"2024-11-03","isFullCredit":false},{"lineNumber":48,"author":{"gitId":"JosephLim98"},"content":"               list_string +\u003d \",\"+d.getBy();","lastModifiedDate":"2024-11-03","isFullCredit":false},{"lineNumber":49,"author":{"gitId":"JosephLim98"},"content":"            }","lastModifiedDate":"2024-11-03","isFullCredit":false},{"lineNumber":50,"author":{"gitId":"JosephLim98"},"content":"            else if(file_list.get(i).getType().equals(\"E\"))","lastModifiedDate":"2024-11-03","isFullCredit":false},{"lineNumber":51,"author":{"gitId":"JosephLim98"},"content":"            {","lastModifiedDate":"2024-11-03","isFullCredit":false},{"lineNumber":52,"author":{"gitId":"JosephLim98"},"content":"                Event e \u003d (Event) file_list.get(i);","lastModifiedDate":"2024-11-03","isFullCredit":false},{"lineNumber":53,"author":{"gitId":"JosephLim98"},"content":"                list_string +\u003d \",\"+e.getFrom() + \",\" + e.getTo();","lastModifiedDate":"2024-11-03","isFullCredit":false},{"lineNumber":54,"author":{"gitId":"JosephLim98"},"content":"            }","lastModifiedDate":"2024-11-03","isFullCredit":false},{"lineNumber":55,"author":{"gitId":"JosephLim98"},"content":"","lastModifiedDate":"2024-11-03","isFullCredit":false},{"lineNumber":56,"author":{"gitId":"JosephLim98"},"content":"            list_string +\u003d \"\\n\";","lastModifiedDate":"2024-11-03","isFullCredit":false},{"lineNumber":57,"author":{"gitId":"JosephLim98"},"content":"        }","lastModifiedDate":"2024-11-03","isFullCredit":false},{"lineNumber":58,"author":{"gitId":"JosephLim98"},"content":"        //System.out.println(list_string);","lastModifiedDate":"2024-11-03","isFullCredit":false},{"lineNumber":59,"author":{"gitId":"JosephLim98"},"content":"        return list_string;","lastModifiedDate":"2024-11-03","isFullCredit":false},{"lineNumber":60,"author":{"gitId":"JosephLim98"},"content":"","lastModifiedDate":"2024-11-03","isFullCredit":false},{"lineNumber":61,"author":{"gitId":"JosephLim98"},"content":"    }","lastModifiedDate":"2024-11-03","isFullCredit":false},{"lineNumber":62,"author":{"gitId":"JosephLim98"},"content":"","lastModifiedDate":"2024-11-03","isFullCredit":false},{"lineNumber":63,"author":{"gitId":"JosephLim98"},"content":"    public static ArrayList\u003cTask\u003e loadFromFile(String filepath) throws FileNotFoundException {","lastModifiedDate":"2024-11-03","isFullCredit":false},{"lineNumber":64,"author":{"gitId":"JosephLim98"},"content":"        ArrayList\u003cTask\u003e load_list \u003d new ArrayList\u003c\u003e();","lastModifiedDate":"2024-11-03","isFullCredit":false},{"lineNumber":65,"author":{"gitId":"JosephLim98"},"content":"","lastModifiedDate":"2024-11-03","isFullCredit":false},{"lineNumber":66,"author":{"gitId":"JosephLim98"},"content":"        File f \u003d new File(filepath); // create a File for the given file path","lastModifiedDate":"2024-11-03","isFullCredit":false},{"lineNumber":67,"author":{"gitId":"JosephLim98"},"content":"        Scanner s \u003d new Scanner(f); // create a Scanner using the File as the source","lastModifiedDate":"2024-11-03","isFullCredit":false},{"lineNumber":68,"author":{"gitId":"JosephLim98"},"content":"        while (s.hasNext()) {","lastModifiedDate":"2024-11-03","isFullCredit":false},{"lineNumber":69,"author":{"gitId":"JosephLim98"},"content":"            String[] line \u003d s.nextLine().split(\",\");","lastModifiedDate":"2024-11-03","isFullCredit":false},{"lineNumber":70,"author":{"gitId":"JosephLim98"},"content":"            //System.out.println(line);","lastModifiedDate":"2024-11-03","isFullCredit":false},{"lineNumber":71,"author":{"gitId":"JosephLim98"},"content":"            Task t \u003d null;","lastModifiedDate":"2024-11-03","isFullCredit":false},{"lineNumber":72,"author":{"gitId":"JosephLim98"},"content":"","lastModifiedDate":"2024-11-03","isFullCredit":false},{"lineNumber":73,"author":{"gitId":"JosephLim98"},"content":"            if(line[0].equals(\"T\"))","lastModifiedDate":"2024-11-03","isFullCredit":false},{"lineNumber":74,"author":{"gitId":"JosephLim98"},"content":"            {","lastModifiedDate":"2024-11-03","isFullCredit":false},{"lineNumber":75,"author":{"gitId":"JosephLim98"},"content":"                t \u003d new Todo(line[2]);","lastModifiedDate":"2024-11-03","isFullCredit":false},{"lineNumber":76,"author":{"gitId":"JosephLim98"},"content":"            }","lastModifiedDate":"2024-11-03","isFullCredit":false},{"lineNumber":77,"author":{"gitId":"JosephLim98"},"content":"            else if(line[0].equals(\"D\"))","lastModifiedDate":"2024-11-03","isFullCredit":false},{"lineNumber":78,"author":{"gitId":"JosephLim98"},"content":"            {","lastModifiedDate":"2024-11-03","isFullCredit":false},{"lineNumber":79,"author":{"gitId":"JosephLim98"},"content":"                t \u003d new Deadline(line[2], line[3]);","lastModifiedDate":"2024-11-03","isFullCredit":false},{"lineNumber":80,"author":{"gitId":"JosephLim98"},"content":"            }","lastModifiedDate":"2024-11-03","isFullCredit":false},{"lineNumber":81,"author":{"gitId":"JosephLim98"},"content":"            else if(line[0].equals(\"E\"))","lastModifiedDate":"2024-11-03","isFullCredit":false},{"lineNumber":82,"author":{"gitId":"JosephLim98"},"content":"            {","lastModifiedDate":"2024-11-03","isFullCredit":false},{"lineNumber":83,"author":{"gitId":"JosephLim98"},"content":"                t \u003d new Event(line[2], line[3], line[4]);","lastModifiedDate":"2024-11-03","isFullCredit":false},{"lineNumber":84,"author":{"gitId":"JosephLim98"},"content":"            }","lastModifiedDate":"2024-11-03","isFullCredit":false},{"lineNumber":85,"author":{"gitId":"JosephLim98"},"content":"","lastModifiedDate":"2024-11-03","isFullCredit":false},{"lineNumber":86,"author":{"gitId":"JosephLim98"},"content":"            if(line[1].equals(\"1\"))","lastModifiedDate":"2024-11-03","isFullCredit":false},{"lineNumber":87,"author":{"gitId":"JosephLim98"},"content":"            {","lastModifiedDate":"2024-11-03","isFullCredit":false},{"lineNumber":88,"author":{"gitId":"JosephLim98"},"content":"                t.markAsDone();","lastModifiedDate":"2024-11-03","isFullCredit":false},{"lineNumber":89,"author":{"gitId":"JosephLim98"},"content":"            }","lastModifiedDate":"2024-11-03","isFullCredit":false},{"lineNumber":90,"author":{"gitId":"JosephLim98"},"content":"","lastModifiedDate":"2024-11-03","isFullCredit":false},{"lineNumber":91,"author":{"gitId":"JosephLim98"},"content":"            load_list.add(t);","lastModifiedDate":"2024-11-03","isFullCredit":false},{"lineNumber":92,"author":{"gitId":"JosephLim98"},"content":"        }","lastModifiedDate":"2024-11-03","isFullCredit":false},{"lineNumber":93,"author":{"gitId":"JosephLim98"},"content":"","lastModifiedDate":"2024-11-03","isFullCredit":false},{"lineNumber":94,"author":{"gitId":"JosephLim98"},"content":"        return load_list;","lastModifiedDate":"2024-11-03","isFullCredit":false},{"lineNumber":95,"author":{"gitId":"JosephLim98"},"content":"    }","lastModifiedDate":"2024-11-03","isFullCredit":false},{"lineNumber":96,"author":{"gitId":"JosephLim98"},"content":"","lastModifiedDate":"2024-11-03","isFullCredit":false},{"lineNumber":97,"author":{"gitId":"JosephLim98"},"content":"    public static void saveToFile(String list_string) {","lastModifiedDate":"2024-11-03","isFullCredit":false},{"lineNumber":98,"author":{"gitId":"JosephLim98"},"content":"        String filepath \u003d \"data/JosBotList.txt\";","lastModifiedDate":"2024-11-03","isFullCredit":false},{"lineNumber":99,"author":{"gitId":"JosephLim98"},"content":"        File f \u003d new File(filepath);","lastModifiedDate":"2024-11-03","isFullCredit":false},{"lineNumber":100,"author":{"gitId":"JosephLim98"},"content":"        //System.out.println(\"full path: \" + f.getAbsolutePath());","lastModifiedDate":"2024-11-03","isFullCredit":false},{"lineNumber":101,"author":{"gitId":"JosephLim98"},"content":"        try{","lastModifiedDate":"2024-11-03","isFullCredit":false},{"lineNumber":102,"author":{"gitId":"JosephLim98"},"content":"            if(f.exists()){","lastModifiedDate":"2024-11-03","isFullCredit":false},{"lineNumber":103,"author":{"gitId":"JosephLim98"},"content":"                FileWriter fw \u003d new FileWriter(filepath);","lastModifiedDate":"2024-11-03","isFullCredit":false},{"lineNumber":104,"author":{"gitId":"JosephLim98"},"content":"                fw.write(list_string);","lastModifiedDate":"2024-11-03","isFullCredit":false},{"lineNumber":105,"author":{"gitId":"JosephLim98"},"content":"                fw.close();","lastModifiedDate":"2024-11-03","isFullCredit":false},{"lineNumber":106,"author":{"gitId":"JosephLim98"},"content":"            }","lastModifiedDate":"2024-11-03","isFullCredit":false},{"lineNumber":107,"author":{"gitId":"JosephLim98"},"content":"            else","lastModifiedDate":"2024-11-03","isFullCredit":false},{"lineNumber":108,"author":{"gitId":"JosephLim98"},"content":"            {","lastModifiedDate":"2024-11-03","isFullCredit":false},{"lineNumber":109,"author":{"gitId":"JosephLim98"},"content":"                throw new JosBotException(\"\");","lastModifiedDate":"2024-11-03","isFullCredit":false},{"lineNumber":110,"author":{"gitId":"JosephLim98"},"content":"            }","lastModifiedDate":"2024-11-03","isFullCredit":false},{"lineNumber":111,"author":{"gitId":"JosephLim98"},"content":"        }","lastModifiedDate":"2024-11-03","isFullCredit":false},{"lineNumber":112,"author":{"gitId":"JosephLim98"},"content":"        catch(Exception e){","lastModifiedDate":"2024-11-03","isFullCredit":false},{"lineNumber":113,"author":{"gitId":"JosephLim98"},"content":"            System.out.println(\"Error : No save file was found!\");","lastModifiedDate":"2024-11-03","isFullCredit":false},{"lineNumber":114,"author":{"gitId":"JosephLim98"},"content":"        }","lastModifiedDate":"2024-11-03","isFullCredit":false},{"lineNumber":115,"author":{"gitId":"JosephLim98"},"content":"    }","lastModifiedDate":"2024-11-03","isFullCredit":false},{"lineNumber":116,"author":{"gitId":"JosephLim98"},"content":"","lastModifiedDate":"2024-11-03","isFullCredit":false},{"lineNumber":117,"author":{"gitId":"JosephLim98"},"content":"    public static void main(String[] args) {","lastModifiedDate":"2024-09-12","isFullCredit":false},{"lineNumber":118,"author":{"gitId":"JosephLim98"},"content":"","lastModifiedDate":"2024-09-18","isFullCredit":false},{"lineNumber":119,"author":{"gitId":"JosephLim98"},"content":"        printInfo(\"Start\");","lastModifiedDate":"2024-10-27","isFullCredit":false},{"lineNumber":120,"author":{"gitId":"JosephLim98"},"content":"        ArrayList\u003cTask\u003e list \u003d new ArrayList\u003c\u003e();","lastModifiedDate":"2024-11-02","isFullCredit":false},{"lineNumber":121,"author":{"gitId":"JosephLim98"},"content":"        int list_count \u003d 0;","lastModifiedDate":"2024-09-18","isFullCredit":false},{"lineNumber":122,"author":{"gitId":"JosephLim98"},"content":"        try{","lastModifiedDate":"2024-11-03","isFullCredit":false},{"lineNumber":123,"author":{"gitId":"JosephLim98"},"content":"            list \u003d loadFromFile(\"data/JosBotList.txt\");","lastModifiedDate":"2024-11-03","isFullCredit":false},{"lineNumber":124,"author":{"gitId":"JosephLim98"},"content":"            list_count \u003d list.size();","lastModifiedDate":"2024-11-03","isFullCredit":false},{"lineNumber":125,"author":{"gitId":"JosephLim98"},"content":"        }","lastModifiedDate":"2024-11-03","isFullCredit":false},{"lineNumber":126,"author":{"gitId":"JosephLim98"},"content":"        catch(Exception e){","lastModifiedDate":"2024-11-03","isFullCredit":false},{"lineNumber":127,"author":{"gitId":"JosephLim98"},"content":"            System.out.println(\"Error : No save file was found!\");","lastModifiedDate":"2024-11-03","isFullCredit":false},{"lineNumber":128,"author":{"gitId":"JosephLim98"},"content":"        }","lastModifiedDate":"2024-11-03","isFullCredit":false},{"lineNumber":129,"author":{"gitId":"JosephLim98"},"content":"","lastModifiedDate":"2024-11-03","isFullCredit":false},{"lineNumber":130,"author":{"gitId":"JosephLim98"},"content":"","lastModifiedDate":"2024-11-03","isFullCredit":false},{"lineNumber":131,"author":{"gitId":"JosephLim98"},"content":"        //load function","lastModifiedDate":"2024-11-03","isFullCredit":false},{"lineNumber":132,"author":{"gitId":"JosephLim98"},"content":"","lastModifiedDate":"2024-11-03","isFullCredit":false},{"lineNumber":133,"author":{"gitId":"JosephLim98"},"content":"        Scanner in \u003d new Scanner(System.in);","lastModifiedDate":"2024-09-18","isFullCredit":false},{"lineNumber":134,"author":{"gitId":"JosephLim98"},"content":"        String user_input \u003d in.nextLine().trim();","lastModifiedDate":"2024-10-27","isFullCredit":false},{"lineNumber":135,"author":{"gitId":"JosephLim98"},"content":"","lastModifiedDate":"2024-10-27","isFullCredit":false},{"lineNumber":136,"author":{"gitId":"JosephLim98"},"content":"","lastModifiedDate":"2024-09-12","isFullCredit":false},{"lineNumber":137,"author":{"gitId":"JosephLim98"},"content":"        while(!user_input.equals(\"bye\"))","lastModifiedDate":"2024-09-17","isFullCredit":false},{"lineNumber":138,"author":{"gitId":"JosephLim98"},"content":"        {","lastModifiedDate":"2024-09-17","isFullCredit":false},{"lineNumber":139,"author":{"gitId":"JosephLim98"},"content":"            try {","lastModifiedDate":"2024-10-27","isFullCredit":false},{"lineNumber":140,"author":{"gitId":"JosephLim98"},"content":"                printInfo(\"Dash\");","lastModifiedDate":"2024-10-27","isFullCredit":false},{"lineNumber":141,"author":{"gitId":"JosephLim98"},"content":"","lastModifiedDate":"2024-09-18","isFullCredit":false},{"lineNumber":142,"author":{"gitId":"JosephLim98"},"content":"                if (user_input.equals(\"list\")) {","lastModifiedDate":"2024-10-27","isFullCredit":false},{"lineNumber":143,"author":{"gitId":"JosephLim98"},"content":"                    System.out.println(\"Here are the tasks in your list:\");","lastModifiedDate":"2024-09-19","isFullCredit":false},{"lineNumber":144,"author":{"gitId":"JosephLim98"},"content":"                    for (int i \u003d 1; i \u003c list_count + 1; i++) {","lastModifiedDate":"2024-10-27","isFullCredit":false},{"lineNumber":145,"author":{"gitId":"JosephLim98"},"content":"                        //System.out.println(i + \". \" + list[i - 1].toString());","lastModifiedDate":"2024-11-02","isFullCredit":false},{"lineNumber":146,"author":{"gitId":"JosephLim98"},"content":"                        System.out.println(i + \". \" + list.get(i - 1).toString());","lastModifiedDate":"2024-11-02","isFullCredit":false},{"lineNumber":147,"author":{"gitId":"JosephLim98"},"content":"                    }","lastModifiedDate":"2024-09-18","isFullCredit":false},{"lineNumber":148,"author":{"gitId":"JosephLim98"},"content":"                } else if (user_input.startsWith(\"mark\") || user_input.startsWith(\"unmark\")) {","lastModifiedDate":"2024-10-27","isFullCredit":false},{"lineNumber":149,"author":{"gitId":"JosephLim98"},"content":"                   //to check if current list is not empty","lastModifiedDate":"2024-10-27","isFullCredit":false},{"lineNumber":150,"author":{"gitId":"JosephLim98"},"content":"                    if(list_count \u003e 0)","lastModifiedDate":"2024-10-27","isFullCredit":false},{"lineNumber":151,"author":{"gitId":"JosephLim98"},"content":"                    {","lastModifiedDate":"2024-09-18","isFullCredit":false},{"lineNumber":152,"author":{"gitId":"JosephLim98"},"content":"                        Integer last_digit \u003d 0;","lastModifiedDate":"2024-10-27","isFullCredit":false},{"lineNumber":153,"author":{"gitId":"JosephLim98"},"content":"                        if (user_input.startsWith(\"mark\")) {","lastModifiedDate":"2024-10-27","isFullCredit":false},{"lineNumber":154,"author":{"gitId":"JosephLim98"},"content":"                            last_digit \u003d Integer.valueOf(user_input.substring(4).trim()) - 1;","lastModifiedDate":"2024-10-27","isFullCredit":false},{"lineNumber":155,"author":{"gitId":"JosephLim98"},"content":"                            System.out.println(\"Nice! I\u0027ve marked this task as done:\");","lastModifiedDate":"2024-09-18","isFullCredit":false},{"lineNumber":156,"author":{"gitId":"JosephLim98"},"content":"                            //list[last_digit].markAsDone();","lastModifiedDate":"2024-11-02","isFullCredit":false},{"lineNumber":157,"author":{"gitId":"JosephLim98"},"content":"                            list.get(last_digit).markAsDone();","lastModifiedDate":"2024-11-02","isFullCredit":false},{"lineNumber":158,"author":{"gitId":"JosephLim98"},"content":"                        } else if (user_input.startsWith(\"unmark\")) {","lastModifiedDate":"2024-10-27","isFullCredit":false},{"lineNumber":159,"author":{"gitId":"JosephLim98"},"content":"                            last_digit \u003d Integer.valueOf(user_input.substring(6).trim()) - 1;","lastModifiedDate":"2024-10-27","isFullCredit":false},{"lineNumber":160,"author":{"gitId":"JosephLim98"},"content":"                            System.out.println(\"OK, I\u0027ve marked this task as not done yet:\");","lastModifiedDate":"2024-09-18","isFullCredit":false},{"lineNumber":161,"author":{"gitId":"JosephLim98"},"content":"                            //list[last_digit].markAsNotDone();","lastModifiedDate":"2024-11-02","isFullCredit":false},{"lineNumber":162,"author":{"gitId":"JosephLim98"},"content":"                            list.get(last_digit).markAsNotDone();","lastModifiedDate":"2024-11-02","isFullCredit":false},{"lineNumber":163,"author":{"gitId":"JosephLim98"},"content":"                        }","lastModifiedDate":"2024-09-18","isFullCredit":false},{"lineNumber":164,"author":{"gitId":"JosephLim98"},"content":"                        //System.out.println(\"[\" + list[last_digit].getStatusIcon() + \"] \" + list[last_digit].getDescription());","lastModifiedDate":"2024-11-02","isFullCredit":false},{"lineNumber":165,"author":{"gitId":"JosephLim98"},"content":"                        //System.out.println(\"[\" + list.get(last_digit).getStatusIcon() + \"] \" + list.get(last_digit).getDescription());","lastModifiedDate":"2024-11-03","isFullCredit":false},{"lineNumber":166,"author":{"gitId":"JosephLim98"},"content":"                        System.out.println(list.get(last_digit).toString());","lastModifiedDate":"2024-11-03","isFullCredit":false},{"lineNumber":167,"author":{"gitId":"JosephLim98"},"content":"                        //save function","lastModifiedDate":"2024-11-03","isFullCredit":false},{"lineNumber":168,"author":{"gitId":"JosephLim98"},"content":"                        saveToFile(parseListToString(list));","lastModifiedDate":"2024-11-03","isFullCredit":false},{"lineNumber":169,"author":{"gitId":"JosephLim98"},"content":"                    }","lastModifiedDate":"2024-09-18","isFullCredit":false},{"lineNumber":170,"author":{"gitId":"JosephLim98"},"content":"                    else","lastModifiedDate":"2024-10-27","isFullCredit":false},{"lineNumber":171,"author":{"gitId":"JosephLim98"},"content":"                    {","lastModifiedDate":"2024-10-27","isFullCredit":false},{"lineNumber":172,"author":{"gitId":"JosephLim98"},"content":"                        //print error","lastModifiedDate":"2024-10-27","isFullCredit":false},{"lineNumber":173,"author":{"gitId":"JosephLim98"},"content":"                        throw new JosBotException(\"missing_list\");","lastModifiedDate":"2024-10-27","isFullCredit":false},{"lineNumber":174,"author":{"gitId":"JosephLim98"},"content":"                    }","lastModifiedDate":"2024-10-27","isFullCredit":false},{"lineNumber":175,"author":{"gitId":"JosephLim98"},"content":"                } else if (user_input.startsWith(\"todo\") || user_input.startsWith(\"deadline\") || user_input.startsWith(\"event\")) {","lastModifiedDate":"2024-10-27","isFullCredit":false},{"lineNumber":176,"author":{"gitId":"JosephLim98"},"content":"                    //to get the first word","lastModifiedDate":"2024-10-27","isFullCredit":false},{"lineNumber":177,"author":{"gitId":"JosephLim98"},"content":"                    String[] fw \u003d user_input.split(\" \");","lastModifiedDate":"2024-10-27","isFullCredit":false},{"lineNumber":178,"author":{"gitId":"JosephLim98"},"content":"                    if(fw.length \u003e 1)","lastModifiedDate":"2024-10-27","isFullCredit":false},{"lineNumber":179,"author":{"gitId":"JosephLim98"},"content":"                    {","lastModifiedDate":"2024-09-19","isFullCredit":false},{"lineNumber":180,"author":{"gitId":"JosephLim98"},"content":"                        System.out.println(\"Got it. I\u0027ve added this task:\");","lastModifiedDate":"2024-10-27","isFullCredit":false},{"lineNumber":181,"author":{"gitId":"JosephLim98"},"content":"                        if (user_input.startsWith(\"todo\")) {","lastModifiedDate":"2024-10-27","isFullCredit":false},{"lineNumber":182,"author":{"gitId":"JosephLim98"},"content":"                            String todo_txt \u003d user_input.replace(\"todo \", \"\");","lastModifiedDate":"2024-09-19","isFullCredit":false},{"lineNumber":183,"author":{"gitId":"JosephLim98"},"content":"                            Task t \u003d new Todo(todo_txt);","lastModifiedDate":"2024-09-19","isFullCredit":false},{"lineNumber":184,"author":{"gitId":"JosephLim98"},"content":"                            //list[list_count] \u003d t;","lastModifiedDate":"2024-11-02","isFullCredit":false},{"lineNumber":185,"author":{"gitId":"JosephLim98"},"content":"                            list.add(t);","lastModifiedDate":"2024-11-02","isFullCredit":false},{"lineNumber":186,"author":{"gitId":"JosephLim98"},"content":"                            list_count++;","lastModifiedDate":"2024-09-19","isFullCredit":false},{"lineNumber":187,"author":{"gitId":"JosephLim98"},"content":"                            System.out.println(t.toString());","lastModifiedDate":"2024-09-19","isFullCredit":false},{"lineNumber":188,"author":{"gitId":"JosephLim98"},"content":"","lastModifiedDate":"2024-11-03","isFullCredit":false},{"lineNumber":189,"author":{"gitId":"JosephLim98"},"content":"                        } else if (user_input.startsWith(\"deadline\")) {","lastModifiedDate":"2024-10-27","isFullCredit":false},{"lineNumber":190,"author":{"gitId":"JosephLim98"},"content":"                            String deadline_txt \u003d user_input.replace(\"deadline \", \"\");","lastModifiedDate":"2024-09-19","isFullCredit":false},{"lineNumber":191,"author":{"gitId":"JosephLim98"},"content":"                            String[] split_txt \u003d deadline_txt.split(\"/by\", 2);","lastModifiedDate":"2024-09-19","isFullCredit":false},{"lineNumber":192,"author":{"gitId":"JosephLim98"},"content":"                            deadline_txt \u003d split_txt[0].trim();","lastModifiedDate":"2024-09-19","isFullCredit":false},{"lineNumber":193,"author":{"gitId":"JosephLim98"},"content":"                            //task name and deadline day","lastModifiedDate":"2024-09-19","isFullCredit":false},{"lineNumber":194,"author":{"gitId":"JosephLim98"},"content":"                            Task t \u003d new Deadline(split_txt[0].trim(), split_txt[1].trim());","lastModifiedDate":"2024-09-19","isFullCredit":false},{"lineNumber":195,"author":{"gitId":"JosephLim98"},"content":"                            //list[list_count] \u003d t;","lastModifiedDate":"2024-11-02","isFullCredit":false},{"lineNumber":196,"author":{"gitId":"JosephLim98"},"content":"                            list.add(t);","lastModifiedDate":"2024-11-02","isFullCredit":false},{"lineNumber":197,"author":{"gitId":"JosephLim98"},"content":"                            list_count++;","lastModifiedDate":"2024-09-19","isFullCredit":false},{"lineNumber":198,"author":{"gitId":"JosephLim98"},"content":"                            System.out.println(t.toString());","lastModifiedDate":"2024-09-19","isFullCredit":false},{"lineNumber":199,"author":{"gitId":"JosephLim98"},"content":"                        } else if (user_input.startsWith(\"event\")) {","lastModifiedDate":"2024-10-27","isFullCredit":false},{"lineNumber":200,"author":{"gitId":"JosephLim98"},"content":"                            String event_txt \u003d user_input.replace(\"event \", \"\");","lastModifiedDate":"2024-09-19","isFullCredit":false},{"lineNumber":201,"author":{"gitId":"JosephLim98"},"content":"                            String[] split_txt \u003d event_txt.split(\"/\", 3);","lastModifiedDate":"2024-09-19","isFullCredit":false},{"lineNumber":202,"author":{"gitId":"JosephLim98"},"content":"                            String event_name \u003d split_txt[0].trim();","lastModifiedDate":"2024-09-19","isFullCredit":false},{"lineNumber":203,"author":{"gitId":"JosephLim98"},"content":"                            String event_from \u003d split_txt[1].replace(\"from \", \"\").trim();","lastModifiedDate":"2024-09-19","isFullCredit":false},{"lineNumber":204,"author":{"gitId":"JosephLim98"},"content":"                            String event_to \u003d split_txt[2].replace(\"to \", \"\").trim();","lastModifiedDate":"2024-09-19","isFullCredit":false},{"lineNumber":205,"author":{"gitId":"JosephLim98"},"content":"                            Task t \u003d new Event(event_name, event_from, event_to);","lastModifiedDate":"2024-09-19","isFullCredit":false},{"lineNumber":206,"author":{"gitId":"JosephLim98"},"content":"                            //list[list_count] \u003d t;","lastModifiedDate":"2024-11-02","isFullCredit":false},{"lineNumber":207,"author":{"gitId":"JosephLim98"},"content":"                            list.add(t);","lastModifiedDate":"2024-11-02","isFullCredit":false},{"lineNumber":208,"author":{"gitId":"JosephLim98"},"content":"                            list_count++;","lastModifiedDate":"2024-09-19","isFullCredit":false},{"lineNumber":209,"author":{"gitId":"JosephLim98"},"content":"                            System.out.println(t.toString());","lastModifiedDate":"2024-09-19","isFullCredit":false},{"lineNumber":210,"author":{"gitId":"JosephLim98"},"content":"                        }","lastModifiedDate":"2024-09-19","isFullCredit":false},{"lineNumber":211,"author":{"gitId":"JosephLim98"},"content":"","lastModifiedDate":"2024-09-19","isFullCredit":false},{"lineNumber":212,"author":{"gitId":"JosephLim98"},"content":"                        System.out.println(\"Now you have \" + list_count + \" task in the list.\");","lastModifiedDate":"2024-09-19","isFullCredit":false},{"lineNumber":213,"author":{"gitId":"JosephLim98"},"content":"                        //save function","lastModifiedDate":"2024-11-03","isFullCredit":false},{"lineNumber":214,"author":{"gitId":"JosephLim98"},"content":"                        saveToFile(parseListToString(list));","lastModifiedDate":"2024-11-03","isFullCredit":false},{"lineNumber":215,"author":{"gitId":"JosephLim98"},"content":"                    }","lastModifiedDate":"2024-09-19","isFullCredit":false},{"lineNumber":216,"author":{"gitId":"JosephLim98"},"content":"                    else","lastModifiedDate":"2024-09-18","isFullCredit":false},{"lineNumber":217,"author":{"gitId":"JosephLim98"},"content":"                    {","lastModifiedDate":"2024-09-18","isFullCredit":false},{"lineNumber":218,"author":{"gitId":"JosephLim98"},"content":"                        throw new JosBotException(\"missing_description\");","lastModifiedDate":"2024-10-27","isFullCredit":false},{"lineNumber":219,"author":{"gitId":"JosephLim98"},"content":"                    }","lastModifiedDate":"2024-10-27","isFullCredit":false},{"lineNumber":220,"author":{"gitId":"JosephLim98"},"content":"","lastModifiedDate":"2024-10-27","isFullCredit":false},{"lineNumber":221,"author":{"gitId":"JosephLim98"},"content":"                }","lastModifiedDate":"2024-11-02","isFullCredit":false},{"lineNumber":222,"author":{"gitId":"JosephLim98"},"content":"                else if (user_input.startsWith(\"delete\"))","lastModifiedDate":"2024-11-02","isFullCredit":false},{"lineNumber":223,"author":{"gitId":"JosephLim98"},"content":"                {","lastModifiedDate":"2024-11-02","isFullCredit":false},{"lineNumber":224,"author":{"gitId":"JosephLim98"},"content":"                    String[] fw \u003d user_input.split(\" \");","lastModifiedDate":"2024-11-02","isFullCredit":false},{"lineNumber":225,"author":{"gitId":"JosephLim98"},"content":"                    if(fw.length \u003e 1)","lastModifiedDate":"2024-11-02","isFullCredit":false},{"lineNumber":226,"author":{"gitId":"JosephLim98"},"content":"                    {","lastModifiedDate":"2024-11-02","isFullCredit":false},{"lineNumber":227,"author":{"gitId":"JosephLim98"},"content":"                        System.out.println(\"Noted. I\u0027ve removed this task:\");","lastModifiedDate":"2024-11-02","isFullCredit":false},{"lineNumber":228,"author":{"gitId":"JosephLim98"},"content":"                        Integer last_digit \u003d 0;","lastModifiedDate":"2024-11-02","isFullCredit":false},{"lineNumber":229,"author":{"gitId":"JosephLim98"},"content":"                        last_digit \u003d Integer.valueOf(user_input.substring(6).trim()) - 1;","lastModifiedDate":"2024-11-02","isFullCredit":false},{"lineNumber":230,"author":{"gitId":"JosephLim98"},"content":"                        System.out.println(list.get(last_digit).toString());","lastModifiedDate":"2024-11-02","isFullCredit":false},{"lineNumber":231,"author":{"gitId":"JosephLim98"},"content":"                        list.remove(last_digit);","lastModifiedDate":"2024-11-02","isFullCredit":false},{"lineNumber":232,"author":{"gitId":"JosephLim98"},"content":"                        list_count--;","lastModifiedDate":"2024-11-02","isFullCredit":false},{"lineNumber":233,"author":{"gitId":"JosephLim98"},"content":"                        System.out.println(\"Now you have \" + list_count + \" tasks in the list.\");","lastModifiedDate":"2024-11-02","isFullCredit":false},{"lineNumber":234,"author":{"gitId":"JosephLim98"},"content":"                        //save function","lastModifiedDate":"2024-11-03","isFullCredit":false},{"lineNumber":235,"author":{"gitId":"JosephLim98"},"content":"                        saveToFile(parseListToString(list));","lastModifiedDate":"2024-11-03","isFullCredit":false},{"lineNumber":236,"author":{"gitId":"JosephLim98"},"content":"                    }","lastModifiedDate":"2024-11-02","isFullCredit":false},{"lineNumber":237,"author":{"gitId":"JosephLim98"},"content":"                    else","lastModifiedDate":"2024-11-02","isFullCredit":false},{"lineNumber":238,"author":{"gitId":"JosephLim98"},"content":"                    {","lastModifiedDate":"2024-11-02","isFullCredit":false},{"lineNumber":239,"author":{"gitId":"JosephLim98"},"content":"                        throw new JosBotException(\"missing_description\");","lastModifiedDate":"2024-11-02","isFullCredit":false},{"lineNumber":240,"author":{"gitId":"JosephLim98"},"content":"                    }","lastModifiedDate":"2024-11-02","isFullCredit":false},{"lineNumber":241,"author":{"gitId":"JosephLim98"},"content":"                }","lastModifiedDate":"2024-11-02","isFullCredit":false},{"lineNumber":242,"author":{"gitId":"JosephLim98"},"content":"                else {","lastModifiedDate":"2024-11-02","isFullCredit":false},{"lineNumber":243,"author":{"gitId":"JosephLim98"},"content":"                    throw new JosBotException(\"missing_task\");","lastModifiedDate":"2024-10-27","isFullCredit":false},{"lineNumber":244,"author":{"gitId":"JosephLim98"},"content":"                }","lastModifiedDate":"2024-09-18","isFullCredit":false},{"lineNumber":245,"author":{"gitId":"JosephLim98"},"content":"                //end of try","lastModifiedDate":"2024-10-27","isFullCredit":false},{"lineNumber":246,"author":{"gitId":"JosephLim98"},"content":"            } catch (JosBotException e)","lastModifiedDate":"2024-10-27","isFullCredit":false},{"lineNumber":247,"author":{"gitId":"JosephLim98"},"content":"            {","lastModifiedDate":"2024-10-27","isFullCredit":false},{"lineNumber":248,"author":{"gitId":"JosephLim98"},"content":"                String error_message \u003d \"\";","lastModifiedDate":"2024-10-27","isFullCredit":false},{"lineNumber":249,"author":{"gitId":"JosephLim98"},"content":"","lastModifiedDate":"2024-10-27","isFullCredit":false},{"lineNumber":250,"author":{"gitId":"JosephLim98"},"content":"                switch (e.getMessage()){","lastModifiedDate":"2024-10-27","isFullCredit":false},{"lineNumber":251,"author":{"gitId":"JosephLim98"},"content":"                    case \"missing_task\":","lastModifiedDate":"2024-10-27","isFullCredit":false},{"lineNumber":252,"author":{"gitId":"JosephLim98"},"content":"                        error_message \u003d \"No Task Found!\";","lastModifiedDate":"2024-10-27","isFullCredit":false},{"lineNumber":253,"author":{"gitId":"JosephLim98"},"content":"                        break;","lastModifiedDate":"2024-10-27","isFullCredit":false},{"lineNumber":254,"author":{"gitId":"JosephLim98"},"content":"                    case \"missing_list\":","lastModifiedDate":"2024-10-27","isFullCredit":false},{"lineNumber":255,"author":{"gitId":"JosephLim98"},"content":"                        error_message \u003d \"There is no available task currently! Please try to add a task before marking them\";","lastModifiedDate":"2024-10-27","isFullCredit":false},{"lineNumber":256,"author":{"gitId":"JosephLim98"},"content":"                        break;","lastModifiedDate":"2024-10-27","isFullCredit":false},{"lineNumber":257,"author":{"gitId":"JosephLim98"},"content":"                    case \"missing_description\":","lastModifiedDate":"2024-10-27","isFullCredit":false},{"lineNumber":258,"author":{"gitId":"JosephLim98"},"content":"                        error_message \u003d \"The description of the task cannot be empty! Please add a description to your task\";","lastModifiedDate":"2024-10-27","isFullCredit":false},{"lineNumber":259,"author":{"gitId":"JosephLim98"},"content":"                        break;","lastModifiedDate":"2024-10-27","isFullCredit":false},{"lineNumber":260,"author":{"gitId":"JosephLim98"},"content":"                    case \"missing_file\":","lastModifiedDate":"2024-11-03","isFullCredit":false},{"lineNumber":261,"author":{"gitId":"JosephLim98"},"content":"                        error_message \u003d \"Save file cannot be found!\";","lastModifiedDate":"2024-11-03","isFullCredit":false},{"lineNumber":262,"author":{"gitId":"JosephLim98"},"content":"                        break;","lastModifiedDate":"2024-11-03","isFullCredit":false},{"lineNumber":263,"author":{"gitId":"JosephLim98"},"content":"                    default:","lastModifiedDate":"2024-10-27","isFullCredit":false},{"lineNumber":264,"author":{"gitId":"JosephLim98"},"content":"                        error_message \u003d \"unknown error\";","lastModifiedDate":"2024-10-27","isFullCredit":false},{"lineNumber":265,"author":{"gitId":"JosephLim98"},"content":"                }","lastModifiedDate":"2024-10-27","isFullCredit":false},{"lineNumber":266,"author":{"gitId":"JosephLim98"},"content":"","lastModifiedDate":"2024-10-27","isFullCredit":false},{"lineNumber":267,"author":{"gitId":"JosephLim98"},"content":"                System.out.println(\"Error : \" + error_message);","lastModifiedDate":"2024-10-27","isFullCredit":false},{"lineNumber":268,"author":{"gitId":"JosephLim98"},"content":"","lastModifiedDate":"2024-10-27","isFullCredit":false},{"lineNumber":269,"author":{"gitId":"JosephLim98"},"content":"            }","lastModifiedDate":"2024-10-27","isFullCredit":false},{"lineNumber":270,"author":{"gitId":"JosephLim98"},"content":"","lastModifiedDate":"2024-10-27","isFullCredit":false},{"lineNumber":271,"author":{"gitId":"JosephLim98"},"content":"            printInfo(\"Dash\");","lastModifiedDate":"2024-10-27","isFullCredit":false},{"lineNumber":272,"author":{"gitId":"JosephLim98"},"content":"            user_input \u003d in.nextLine().trim();","lastModifiedDate":"2024-10-27","isFullCredit":false},{"lineNumber":273,"author":{"gitId":"JosephLim98"},"content":"        }","lastModifiedDate":"2024-09-17","isFullCredit":false},{"lineNumber":274,"author":{"gitId":"JosephLim98"},"content":"        printInfo(\"End\");","lastModifiedDate":"2024-10-27","isFullCredit":false},{"lineNumber":275,"author":{"gitId":"JosephLim98"},"content":"","lastModifiedDate":"2024-09-17","isFullCredit":false},{"lineNumber":276,"author":{"gitId":"JosephLim98"},"content":"    }","lastModifiedDate":"2024-09-12","isFullCredit":false},{"lineNumber":277,"author":{"gitId":"JosephLim98"},"content":"}","lastModifiedDate":"2024-09-12","isFullCredit":false}],"authorContributionMap":{"JosephLim98":277}},{"path":"src/main/java/JosBotException.java","fileType":"java","lines":[{"lineNumber":1,"author":{"gitId":"JosephLim98"},"content":"public class JosBotException extends Exception {","lastModifiedDate":"2024-11-03","isFullCredit":false},{"lineNumber":2,"author":{"gitId":"JosephLim98"},"content":"","lastModifiedDate":"2024-11-03","isFullCredit":false},{"lineNumber":3,"author":{"gitId":"JosephLim98"},"content":"    public JosBotException(String message) {","lastModifiedDate":"2024-11-03","isFullCredit":false},{"lineNumber":4,"author":{"gitId":"JosephLim98"},"content":"        super(message);","lastModifiedDate":"2024-11-03","isFullCredit":false},{"lineNumber":5,"author":{"gitId":"JosephLim98"},"content":"    }","lastModifiedDate":"2024-11-03","isFullCredit":false},{"lineNumber":6,"author":{"gitId":"JosephLim98"},"content":"}","lastModifiedDate":"2024-11-03","isFullCredit":false}],"authorContributionMap":{"JosephLim98":6}},{"path":"src/main/java/Task.java","fileType":"java","lines":[{"lineNumber":1,"author":{"gitId":"JosephLim98"},"content":"public class Task {","lastModifiedDate":"2024-09-18","isFullCredit":false},{"lineNumber":2,"author":{"gitId":"JosephLim98"},"content":"    protected String description;","lastModifiedDate":"2024-09-18","isFullCredit":false},{"lineNumber":3,"author":{"gitId":"JosephLim98"},"content":"    protected boolean isDone;","lastModifiedDate":"2024-09-18","isFullCredit":false},{"lineNumber":4,"author":{"gitId":"JosephLim98"},"content":"","lastModifiedDate":"2024-09-18","isFullCredit":false},{"lineNumber":5,"author":{"gitId":"JosephLim98"},"content":"    public Task(String description) {","lastModifiedDate":"2024-09-18","isFullCredit":false},{"lineNumber":6,"author":{"gitId":"JosephLim98"},"content":"        this.description \u003d description;","lastModifiedDate":"2024-09-18","isFullCredit":false},{"lineNumber":7,"author":{"gitId":"JosephLim98"},"content":"        this.isDone \u003d false;","lastModifiedDate":"2024-09-18","isFullCredit":false},{"lineNumber":8,"author":{"gitId":"JosephLim98"},"content":"    }","lastModifiedDate":"2024-09-18","isFullCredit":false},{"lineNumber":9,"author":{"gitId":"JosephLim98"},"content":"","lastModifiedDate":"2024-09-18","isFullCredit":false},{"lineNumber":10,"author":{"gitId":"JosephLim98"},"content":"    public String getDescription() {","lastModifiedDate":"2024-09-18","isFullCredit":false},{"lineNumber":11,"author":{"gitId":"JosephLim98"},"content":"        return description;","lastModifiedDate":"2024-09-18","isFullCredit":false},{"lineNumber":12,"author":{"gitId":"JosephLim98"},"content":"    }","lastModifiedDate":"2024-09-18","isFullCredit":false},{"lineNumber":13,"author":{"gitId":"JosephLim98"},"content":"","lastModifiedDate":"2024-09-18","isFullCredit":false},{"lineNumber":14,"author":{"gitId":"JosephLim98"},"content":"    public String getStatusIcon(){","lastModifiedDate":"2024-09-18","isFullCredit":false},{"lineNumber":15,"author":{"gitId":"JosephLim98"},"content":"        return (isDone ? \"X\" : \" \");","lastModifiedDate":"2024-09-18","isFullCredit":false},{"lineNumber":16,"author":{"gitId":"JosephLim98"},"content":"    }","lastModifiedDate":"2024-09-18","isFullCredit":false},{"lineNumber":17,"author":{"gitId":"JosephLim98"},"content":"","lastModifiedDate":"2024-09-18","isFullCredit":false},{"lineNumber":18,"author":{"gitId":"JosephLim98"},"content":"    public void markAsDone(){","lastModifiedDate":"2024-09-18","isFullCredit":false},{"lineNumber":19,"author":{"gitId":"JosephLim98"},"content":"        isDone \u003d true;","lastModifiedDate":"2024-09-18","isFullCredit":false},{"lineNumber":20,"author":{"gitId":"JosephLim98"},"content":"    }","lastModifiedDate":"2024-09-18","isFullCredit":false},{"lineNumber":21,"author":{"gitId":"JosephLim98"},"content":"","lastModifiedDate":"2024-09-18","isFullCredit":false},{"lineNumber":22,"author":{"gitId":"JosephLim98"},"content":"    public void markAsNotDone(){","lastModifiedDate":"2024-09-18","isFullCredit":false},{"lineNumber":23,"author":{"gitId":"JosephLim98"},"content":"        isDone \u003d false;","lastModifiedDate":"2024-09-18","isFullCredit":false},{"lineNumber":24,"author":{"gitId":"JosephLim98"},"content":"    }","lastModifiedDate":"2024-09-18","isFullCredit":false},{"lineNumber":25,"author":{"gitId":"JosephLim98"},"content":"","lastModifiedDate":"2024-09-19","isFullCredit":false},{"lineNumber":26,"author":{"gitId":"JosephLim98"},"content":"    public String getType(){ return \"\";};","lastModifiedDate":"2024-11-03","isFullCredit":false},{"lineNumber":27,"author":{"gitId":"JosephLim98"},"content":"","lastModifiedDate":"2024-11-03","isFullCredit":false},{"lineNumber":28,"author":{"gitId":"JosephLim98"},"content":"    public String toString(){","lastModifiedDate":"2024-09-19","isFullCredit":false},{"lineNumber":29,"author":{"gitId":"JosephLim98"},"content":"        return \"[\"+getStatusIcon()+\"] \"+description;","lastModifiedDate":"2024-09-19","isFullCredit":false},{"lineNumber":30,"author":{"gitId":"JosephLim98"},"content":"    }","lastModifiedDate":"2024-09-19","isFullCredit":false},{"lineNumber":31,"author":{"gitId":"JosephLim98"},"content":"}","lastModifiedDate":"2024-09-18","isFullCredit":false},{"lineNumber":32,"author":{"gitId":"JosephLim98"},"content":"","lastModifiedDate":"2024-09-19","isFullCredit":false},{"lineNumber":33,"author":{"gitId":"JosephLim98"},"content":"","lastModifiedDate":"2024-09-19","isFullCredit":false}],"authorContributionMap":{"JosephLim98":33}},{"path":"src/main/java/Todo.java","fileType":"java","lines":[{"lineNumber":1,"author":{"gitId":"JosephLim98"},"content":"public class Todo extends Task{","lastModifiedDate":"2024-09-19","isFullCredit":false},{"lineNumber":2,"author":{"gitId":"JosephLim98"},"content":"","lastModifiedDate":"2024-09-19","isFullCredit":false},{"lineNumber":3,"author":{"gitId":"JosephLim98"},"content":"    public Todo(String description)","lastModifiedDate":"2024-09-19","isFullCredit":false},{"lineNumber":4,"author":{"gitId":"JosephLim98"},"content":"    {","lastModifiedDate":"2024-09-19","isFullCredit":false},{"lineNumber":5,"author":{"gitId":"JosephLim98"},"content":"        super(description);","lastModifiedDate":"2024-09-19","isFullCredit":false},{"lineNumber":6,"author":{"gitId":"JosephLim98"},"content":"    }","lastModifiedDate":"2024-09-19","isFullCredit":false},{"lineNumber":7,"author":{"gitId":"JosephLim98"},"content":"","lastModifiedDate":"2024-09-19","isFullCredit":false},{"lineNumber":8,"author":{"gitId":"JosephLim98"},"content":"    @Override","lastModifiedDate":"2024-11-03","isFullCredit":false},{"lineNumber":9,"author":{"gitId":"JosephLim98"},"content":"    public String getType(){","lastModifiedDate":"2024-11-03","isFullCredit":false},{"lineNumber":10,"author":{"gitId":"JosephLim98"},"content":"        return \"T\";","lastModifiedDate":"2024-11-03","isFullCredit":false},{"lineNumber":11,"author":{"gitId":"JosephLim98"},"content":"    }","lastModifiedDate":"2024-11-03","isFullCredit":false},{"lineNumber":12,"author":{"gitId":"JosephLim98"},"content":"","lastModifiedDate":"2024-11-03","isFullCredit":false},{"lineNumber":13,"author":{"gitId":"JosephLim98"},"content":"    @Override","lastModifiedDate":"2024-09-19","isFullCredit":false},{"lineNumber":14,"author":{"gitId":"JosephLim98"},"content":"    public String toString() {","lastModifiedDate":"2024-09-19","isFullCredit":false},{"lineNumber":15,"author":{"gitId":"JosephLim98"},"content":"        return \"[T]\"+super.toString();","lastModifiedDate":"2024-09-19","isFullCredit":false},{"lineNumber":16,"author":{"gitId":"JosephLim98"},"content":"    }","lastModifiedDate":"2024-09-19","isFullCredit":false},{"lineNumber":17,"author":{"gitId":"JosephLim98"},"content":"}","lastModifiedDate":"2024-09-19","isFullCredit":false}],"authorContributionMap":{"JosephLim98":17}}]
