{"authorDailyContributionsMap":{"JosephLim98":[{"date":"2024-09-12","commitResults":[{"hash":"0fa291eaaf72a50f58d98372e6db88085f38e8f4","isMergeCommit":false,"messageTitle":"Level 0 : Replace bot name to JosBot and Change the greetings (Edit JosBot.java)","messageBody":"","tags":["Level-0"],"fileTypesAndContributionMap":{"java":{"insertions":14,"deletions":10}}}]},{"date":"2024-09-17","commitResults":[{"hash":"f80e32554492e9836afb023aba24d8bb87ec286d","isMergeCommit":false,"messageTitle":"added Echo (Level - 1)","messageBody":"","tags":["Level-1"],"fileTypesAndContributionMap":{"java":{"insertions":14,"deletions":1}}}]},{"date":"2024-09-18","commitResults":[{"hash":"6a66ae2558d09d2eb57753495bb424480c46e446","isMergeCommit":false,"messageTitle":"Level-2: Add, List","messageBody":"","tags":["Level-2"],"fileTypesAndContributionMap":{"java":{"insertions":22,"deletions":5}}},{"hash":"27e0ba63f316672f1bec51f930efc6b8c9fd091a","isMergeCommit":false,"messageTitle":"Level 3 - Mark as Done","messageBody":"","tags":["Level-3"],"fileTypesAndContributionMap":{"java":{"insertions":62,"deletions":16}}}]},{"date":"2024-09-19","commitResults":[{"hash":"c84a25ac2c28be56bfb29f4fd4c4596864c15437","isMergeCommit":false,"messageTitle":"Level-4 : ToDos, Events, Deadlines","messageBody":"","tags":["Level-4"],"fileTypesAndContributionMap":{"java":{"insertions":84,"deletions":2}}}]}]},"authorFileTypeContributionMap":{"JosephLim98":{"java":133,"md":0,"fxml":0,"sh":0,"bat":0,"gradle":0,"txt":0}},"authorContributionVariance":{"JosephLim98":458.092},"authorDisplayNameMap":{"JosephLim98":"JOSE.. LIM"}}
