{"authorDailyContributionsMap":{"JosephLim98":[{"date":"2024-09-12","commitResults":[{"hash":"0fa291eaaf72a50f58d98372e6db88085f38e8f4","isMergeCommit":false,"messageTitle":"Level 0 : Replace bot name to JosBot and Change the greetings (Edit JosBot.java)","messageBody":"","tags":["Level-0"],"fileTypesAndContributionMap":{"java":{"insertions":14,"deletions":10}}}]},{"date":"2024-09-17","commitResults":[{"hash":"f80e32554492e9836afb023aba24d8bb87ec286d","isMergeCommit":false,"messageTitle":"added Echo (Level - 1)","messageBody":"","tags":["Level-1"],"fileTypesAndContributionMap":{"java":{"insertions":14,"deletions":1}}}]},{"date":"2024-09-18","commitResults":[{"hash":"6a66ae2558d09d2eb57753495bb424480c46e446","isMergeCommit":false,"messageTitle":"Level-2: Add, List","messageBody":"","tags":["Level-2"],"fileTypesAndContributionMap":{"java":{"insertions":22,"deletions":5}}},{"hash":"27e0ba63f316672f1bec51f930efc6b8c9fd091a","isMergeCommit":false,"messageTitle":"Level 3 - Mark as Done","messageBody":"","tags":["Level-3"],"fileTypesAndContributionMap":{"java":{"insertions":62,"deletions":16}}}]},{"date":"2024-09-19","commitResults":[{"hash":"c84a25ac2c28be56bfb29f4fd4c4596864c15437","isMergeCommit":false,"messageTitle":"Level-4 : ToDos, Events, Deadlines","messageBody":"","tags":["Level-4"],"fileTypesAndContributionMap":{"java":{"insertions":84,"deletions":2}}}]},{"date":"2024-10-27","commitResults":[{"hash":"a8923c9621011cb4cd6eab4018d56ef340ff461c","isMergeCommit":false,"messageTitle":"Level 5. Handle Errors Added exception error message for some of the basic errors","messageBody":"","fileTypesAndContributionMap":{"java":{"insertions":110,"deletions":75}}}]},{"date":"2024-11-02","commitResults":[{"hash":"d89521cdd7b46de8a83fd1059c77689f11741112","isMergeCommit":false,"messageTitle":"Level 6 - Delete : Add Delete function","messageBody":"","fileTypesAndContributionMap":{"java":{"insertions":38,"deletions":9}}}]},{"date":"2024-11-03","commitResults":[{"hash":"683f081871869640e2a1207a49e50c284c7539f7","isMergeCommit":false,"messageTitle":"Level 6 - Save : Added save and load file function","messageBody":"","fileTypesAndContributionMap":{"txt":{"insertions":4,"deletions":0},"java":{"insertions":144,"deletions":3}}}]},{"date":"2024-11-10","commitResults":[{"hash":"46ecfea43ef88db63805be12629503fadb56743f","isMergeCommit":false,"messageTitle":"Include OOP and Packages","messageBody":"","fileTypesAndContributionMap":{"txt":{"insertions":2,"deletions":1},"java":{"insertions":752,"deletions":280}}}]},{"date":"2024-11-11","commitResults":[{"hash":"43e43959acfffebdfe55b1ecf77dc55e676cb3bc","isMergeCommit":false,"messageTitle":"added missed out delete command","messageBody":"","fileTypesAndContributionMap":{"java":{"insertions":24,"deletions":0}}},{"hash":"ff1ffcf937bd42ca3afdfad4428945a94b9902ef","isMergeCommit":false,"messageTitle":"Level-8 : Dates and Times, added functionality to add date and time in datetime format for deadline task","messageBody":"","fileTypesAndContributionMap":{"txt":{"insertions":3,"deletions":2},"java":{"insertions":79,"deletions":5}}}]}]},"authorFileTypeContributionMap":{"JosephLim98":{"java":947,"md":0,"fxml":0,"sh":0,"bat":0,"gradle":0,"txt":6}},"authorContributionVariance":{"JosephLim98":12268.948},"authorDisplayNameMap":{"JosephLim98":"JOSE.. LIM"}}
