[{"path":"src/main/java/alice/Alice.java","fileType":"java","lines":[{"lineNumber":1,"author":{"gitId":"-"},"content":"package alice;","lastModifiedDate":"2024-10-13","isFullCredit":false},{"lineNumber":2,"author":{"gitId":"-"},"content":"","lastModifiedDate":"2024-10-13","isFullCredit":false},{"lineNumber":3,"author":{"gitId":"-"},"content":"import alice.command.Command;","lastModifiedDate":"2024-10-13","isFullCredit":false},{"lineNumber":4,"author":{"gitId":"-"},"content":"import alice.exception.NoArgsException;","lastModifiedDate":"2024-10-13","isFullCredit":false},{"lineNumber":5,"author":{"gitId":"-"},"content":"import alice.parser.Parser;","lastModifiedDate":"2024-10-13","isFullCredit":false},{"lineNumber":6,"author":{"gitId":"-"},"content":"import alice.storage.Storage;","lastModifiedDate":"2024-10-13","isFullCredit":false},{"lineNumber":7,"author":{"gitId":"-"},"content":"import alice.task.*;","lastModifiedDate":"2024-10-13","isFullCredit":false},{"lineNumber":8,"author":{"gitId":"-"},"content":"import alice.ui.Ui;","lastModifiedDate":"2024-10-13","isFullCredit":false},{"lineNumber":9,"author":{"gitId":"-"},"content":"","lastModifiedDate":"2024-10-13","isFullCredit":false},{"lineNumber":10,"author":{"gitId":"-"},"content":"import java.io.IOException;","lastModifiedDate":"2024-10-08","isFullCredit":false},{"lineNumber":11,"author":{"gitId":"JarrelBin"},"content":"","lastModifiedDate":"2024-08-28","isFullCredit":false},{"lineNumber":12,"author":{"gitId":"JarrelBin"},"content":"public class Alice {","lastModifiedDate":"2024-08-28","isFullCredit":false},{"lineNumber":13,"author":{"gitId":"-"},"content":"    private static TaskList tasks;","lastModifiedDate":"2024-10-08","isFullCredit":false},{"lineNumber":14,"author":{"gitId":"-"},"content":"    private static Storage storage;","lastModifiedDate":"2024-10-08","isFullCredit":false},{"lineNumber":15,"author":{"gitId":"-"},"content":"    private static Ui ui;","lastModifiedDate":"2024-10-11","isFullCredit":false},{"lineNumber":16,"author":{"gitId":"JarrelBin"},"content":"","lastModifiedDate":"2024-08-28","isFullCredit":false},{"lineNumber":17,"author":{"gitId":"-"},"content":"","lastModifiedDate":"2024-10-08","isFullCredit":false},{"lineNumber":18,"author":{"gitId":"-"},"content":"    public Alice(String filePath) {","lastModifiedDate":"2024-10-08","isFullCredit":false},{"lineNumber":19,"author":{"gitId":"-"},"content":"        ui \u003d new Ui();","lastModifiedDate":"2024-10-11","isFullCredit":false},{"lineNumber":20,"author":{"gitId":"-"},"content":"        storage \u003d new Storage(filePath);","lastModifiedDate":"2024-10-08","isFullCredit":false},{"lineNumber":21,"author":{"gitId":"-"},"content":"        tasks \u003d new TaskList();","lastModifiedDate":"2024-10-08","isFullCredit":false},{"lineNumber":22,"author":{"gitId":"-"},"content":"        try {","lastModifiedDate":"2024-10-08","isFullCredit":false},{"lineNumber":23,"author":{"gitId":"-"},"content":"            tasks \u003d new TaskList(storage.load());","lastModifiedDate":"2024-10-08","isFullCredit":false},{"lineNumber":24,"author":{"gitId":"-"},"content":"        } catch (IOException e) {","lastModifiedDate":"2024-10-08","isFullCredit":false},{"lineNumber":25,"author":{"gitId":"-"},"content":"            ui.showLoadingError();","lastModifiedDate":"2024-10-11","isFullCredit":false},{"lineNumber":26,"author":{"gitId":"-"},"content":"            tasks \u003d new TaskList();","lastModifiedDate":"2024-10-08","isFullCredit":false},{"lineNumber":27,"author":{"gitId":"JarrelBin"},"content":"        }","lastModifiedDate":"2024-08-28","isFullCredit":false},{"lineNumber":28,"author":{"gitId":"JarrelBin"},"content":"    }","lastModifiedDate":"2024-08-28","isFullCredit":false},{"lineNumber":29,"author":{"gitId":"JarrelBin"},"content":"","lastModifiedDate":"2024-08-28","isFullCredit":false},{"lineNumber":30,"author":{"gitId":"-"},"content":"    public static void run() {","lastModifiedDate":"2024-10-08","isFullCredit":false},{"lineNumber":31,"author":{"gitId":"-"},"content":"        ui.showWelcome();","lastModifiedDate":"2024-10-11","isFullCredit":false},{"lineNumber":32,"author":{"gitId":"-"},"content":"        boolean isExit \u003d false;","lastModifiedDate":"2024-10-11","isFullCredit":false},{"lineNumber":33,"author":{"gitId":"-"},"content":"        while (!isExit) {","lastModifiedDate":"2024-10-11","isFullCredit":false},{"lineNumber":34,"author":{"gitId":"-"},"content":"            try {","lastModifiedDate":"2024-10-01","isFullCredit":false},{"lineNumber":35,"author":{"gitId":"-"},"content":"                String fullCommand \u003d ui.readCommand();","lastModifiedDate":"2024-10-11","isFullCredit":false},{"lineNumber":36,"author":{"gitId":"-"},"content":"                ui.showLine(); // show the divider line (\"_______\")","lastModifiedDate":"2024-10-11","isFullCredit":false},{"lineNumber":37,"author":{"gitId":"-"},"content":"                Command c \u003d Parser.parse(fullCommand);","lastModifiedDate":"2024-10-11","isFullCredit":false},{"lineNumber":38,"author":{"gitId":"-"},"content":"                c.execute(tasks, ui, storage);","lastModifiedDate":"2024-10-11","isFullCredit":false},{"lineNumber":39,"author":{"gitId":"-"},"content":"                isExit \u003d c.isExit();","lastModifiedDate":"2024-10-11","isFullCredit":false},{"lineNumber":40,"author":{"gitId":"-"},"content":"            } catch (IOException | NoArgsException e) {","lastModifiedDate":"2024-10-11","isFullCredit":false},{"lineNumber":41,"author":{"gitId":"-"},"content":"                ui.showError(e.getMessage());","lastModifiedDate":"2024-10-11","isFullCredit":false},{"lineNumber":42,"author":{"gitId":"-"},"content":"            } finally {","lastModifiedDate":"2024-10-11","isFullCredit":false},{"lineNumber":43,"author":{"gitId":"-"},"content":"                ui.showLine();","lastModifiedDate":"2024-10-11","isFullCredit":false},{"lineNumber":44,"author":{"gitId":"-"},"content":"            }","lastModifiedDate":"2024-10-01","isFullCredit":false},{"lineNumber":45,"author":{"gitId":"JarrelBin"},"content":"        }","lastModifiedDate":"2024-09-02","isFullCredit":false},{"lineNumber":46,"author":{"gitId":"-"},"content":"    }","lastModifiedDate":"2024-10-08","isFullCredit":false},{"lineNumber":47,"author":{"gitId":"-"},"content":"","lastModifiedDate":"2024-10-08","isFullCredit":false},{"lineNumber":48,"author":{"gitId":"-"},"content":"    public static void main(String[] args) {","lastModifiedDate":"2024-10-16","isFullCredit":false},{"lineNumber":49,"author":{"gitId":"-"},"content":"        new Alice(\"data/tasks.txt\").run();","lastModifiedDate":"2024-10-08","isFullCredit":false},{"lineNumber":50,"author":{"gitId":"JarrelBin"},"content":"    }","lastModifiedDate":"2024-08-28","isFullCredit":false},{"lineNumber":51,"author":{"gitId":"JarrelBin"},"content":"}","lastModifiedDate":"2024-08-28","isFullCredit":false}],"authorContributionMap":{"JarrelBin":9,"-":42}},{"path":"src/main/java/alice/task/Deadline.java","fileType":"java","lines":[{"lineNumber":1,"author":{"gitId":"-"},"content":"package alice.task;","lastModifiedDate":"2024-10-13","isFullCredit":false},{"lineNumber":2,"author":{"gitId":"-"},"content":"","lastModifiedDate":"2024-10-13","isFullCredit":false},{"lineNumber":3,"author":{"gitId":"-"},"content":"import java.time.LocalDate;","lastModifiedDate":"2024-10-16","isFullCredit":false},{"lineNumber":4,"author":{"gitId":"-"},"content":"import java.time.format.DateTimeFormatter;","lastModifiedDate":"2024-10-16","isFullCredit":false},{"lineNumber":5,"author":{"gitId":"-"},"content":"","lastModifiedDate":"2024-10-16","isFullCredit":false},{"lineNumber":6,"author":{"gitId":"JarrelBin"},"content":"public class Deadline extends Task {","lastModifiedDate":"2024-09-18","isFullCredit":false},{"lineNumber":7,"author":{"gitId":"-"},"content":"    private String by;","lastModifiedDate":"2024-10-16","isFullCredit":false},{"lineNumber":8,"author":{"gitId":"-"},"content":"","lastModifiedDate":"2024-10-16","isFullCredit":false},{"lineNumber":9,"author":{"gitId":"JarrelBin"},"content":"","lastModifiedDate":"2024-09-18","isFullCredit":false},{"lineNumber":10,"author":{"gitId":"-"},"content":"    public Deadline(String description, LocalDate by) {","lastModifiedDate":"2024-10-16","isFullCredit":false},{"lineNumber":11,"author":{"gitId":"JarrelBin"},"content":"        super(description);","lastModifiedDate":"2024-09-18","isFullCredit":false},{"lineNumber":12,"author":{"gitId":"JarrelBin"},"content":"        this.isDone \u003d false;","lastModifiedDate":"2024-09-18","isFullCredit":false},{"lineNumber":13,"author":{"gitId":"-"},"content":"        this.by \u003d by.format(DateTimeFormatter.ofPattern(\"MMM d yyyy\"));","lastModifiedDate":"2024-10-16","isFullCredit":false},{"lineNumber":14,"author":{"gitId":"JarrelBin"},"content":"    }","lastModifiedDate":"2024-09-18","isFullCredit":false},{"lineNumber":15,"author":{"gitId":"JarrelBin"},"content":"","lastModifiedDate":"2024-09-18","isFullCredit":false},{"lineNumber":16,"author":{"gitId":"-"},"content":"    public Deadline(String description, boolean isDone, LocalDate by) {","lastModifiedDate":"2024-10-16","isFullCredit":false},{"lineNumber":17,"author":{"gitId":"-"},"content":"        super(description, isDone);","lastModifiedDate":"2024-10-08","isFullCredit":false},{"lineNumber":18,"author":{"gitId":"-"},"content":"        this.by \u003d by.format(DateTimeFormatter.ofPattern(\"MMM d yyyy\"));","lastModifiedDate":"2024-10-16","isFullCredit":false},{"lineNumber":19,"author":{"gitId":"-"},"content":"    }","lastModifiedDate":"2024-10-08","isFullCredit":false},{"lineNumber":20,"author":{"gitId":"-"},"content":"","lastModifiedDate":"2024-10-08","isFullCredit":false},{"lineNumber":21,"author":{"gitId":"JarrelBin"},"content":"    public void setBy(String by) {","lastModifiedDate":"2024-09-18","isFullCredit":false},{"lineNumber":22,"author":{"gitId":"JarrelBin"},"content":"        this.by \u003d by;","lastModifiedDate":"2024-09-18","isFullCredit":false},{"lineNumber":23,"author":{"gitId":"JarrelBin"},"content":"    }","lastModifiedDate":"2024-09-18","isFullCredit":false},{"lineNumber":24,"author":{"gitId":"JarrelBin"},"content":"    public String getBy() {","lastModifiedDate":"2024-09-18","isFullCredit":false},{"lineNumber":25,"author":{"gitId":"JarrelBin"},"content":"        return by;","lastModifiedDate":"2024-09-18","isFullCredit":false},{"lineNumber":26,"author":{"gitId":"JarrelBin"},"content":"    }","lastModifiedDate":"2024-09-18","isFullCredit":false},{"lineNumber":27,"author":{"gitId":"JarrelBin"},"content":"","lastModifiedDate":"2024-09-18","isFullCredit":false},{"lineNumber":28,"author":{"gitId":"JarrelBin"},"content":"    @Override","lastModifiedDate":"2024-09-18","isFullCredit":false},{"lineNumber":29,"author":{"gitId":"-"},"content":"    public String print() {","lastModifiedDate":"2024-10-11","isFullCredit":false},{"lineNumber":30,"author":{"gitId":"-"},"content":"        return \"[D][\"+ (isDone ? \"X\" : \" \" ) +\"] description: \" + description + \" (by: \" + by + \")\";","lastModifiedDate":"2024-10-12","isFullCredit":false},{"lineNumber":31,"author":{"gitId":"JarrelBin"},"content":"    }","lastModifiedDate":"2024-09-18","isFullCredit":false},{"lineNumber":32,"author":{"gitId":"-"},"content":"","lastModifiedDate":"2024-10-08","isFullCredit":false},{"lineNumber":33,"author":{"gitId":"-"},"content":"    @Override","lastModifiedDate":"2024-10-08","isFullCredit":false},{"lineNumber":34,"author":{"gitId":"-"},"content":"    public String toSave() { return \"D\" + (isDone ? \" true \" : \" false \" ) + description + \" /by \" + by; }","lastModifiedDate":"2024-10-12","isFullCredit":false},{"lineNumber":35,"author":{"gitId":"JarrelBin"},"content":"}","lastModifiedDate":"2024-09-18","isFullCredit":false}],"authorContributionMap":{"JarrelBin":16,"-":19}},{"path":"src/main/java/alice/task/Event.java","fileType":"java","lines":[{"lineNumber":1,"author":{"gitId":"-"},"content":"package alice.task;","lastModifiedDate":"2024-10-13","isFullCredit":false},{"lineNumber":2,"author":{"gitId":"-"},"content":"","lastModifiedDate":"2024-10-13","isFullCredit":false},{"lineNumber":3,"author":{"gitId":"JarrelBin"},"content":"public class Event extends Task {","lastModifiedDate":"2024-09-18","isFullCredit":false},{"lineNumber":4,"author":{"gitId":"JarrelBin"},"content":"    protected String from;","lastModifiedDate":"2024-09-18","isFullCredit":false},{"lineNumber":5,"author":{"gitId":"JarrelBin"},"content":"    protected String to;","lastModifiedDate":"2024-09-18","isFullCredit":false},{"lineNumber":6,"author":{"gitId":"JarrelBin"},"content":"","lastModifiedDate":"2024-09-18","isFullCredit":false},{"lineNumber":7,"author":{"gitId":"JarrelBin"},"content":"    public Event(String description, String from, String to) {","lastModifiedDate":"2024-09-18","isFullCredit":false},{"lineNumber":8,"author":{"gitId":"JarrelBin"},"content":"        super(description);","lastModifiedDate":"2024-09-18","isFullCredit":false},{"lineNumber":9,"author":{"gitId":"JarrelBin"},"content":"        this.isDone \u003d false;","lastModifiedDate":"2024-09-18","isFullCredit":false},{"lineNumber":10,"author":{"gitId":"JarrelBin"},"content":"        this.from \u003d from;","lastModifiedDate":"2024-09-18","isFullCredit":false},{"lineNumber":11,"author":{"gitId":"JarrelBin"},"content":"        this.to \u003d to;","lastModifiedDate":"2024-09-18","isFullCredit":false},{"lineNumber":12,"author":{"gitId":"JarrelBin"},"content":"    }","lastModifiedDate":"2024-09-18","isFullCredit":false},{"lineNumber":13,"author":{"gitId":"JarrelBin"},"content":"","lastModifiedDate":"2024-09-18","isFullCredit":false},{"lineNumber":14,"author":{"gitId":"-"},"content":"    public Event(String description, boolean isDone, String from, String to) {","lastModifiedDate":"2024-10-08","isFullCredit":false},{"lineNumber":15,"author":{"gitId":"-"},"content":"        super(description, isDone);","lastModifiedDate":"2024-10-08","isFullCredit":false},{"lineNumber":16,"author":{"gitId":"-"},"content":"        this.from \u003d from;","lastModifiedDate":"2024-10-08","isFullCredit":false},{"lineNumber":17,"author":{"gitId":"-"},"content":"        this.to \u003d to;","lastModifiedDate":"2024-10-08","isFullCredit":false},{"lineNumber":18,"author":{"gitId":"-"},"content":"    }","lastModifiedDate":"2024-10-08","isFullCredit":false},{"lineNumber":19,"author":{"gitId":"-"},"content":"","lastModifiedDate":"2024-10-08","isFullCredit":false},{"lineNumber":20,"author":{"gitId":"JarrelBin"},"content":"    public void setFrom(String from) {","lastModifiedDate":"2024-09-18","isFullCredit":false},{"lineNumber":21,"author":{"gitId":"JarrelBin"},"content":"        this.from \u003d from;","lastModifiedDate":"2024-09-18","isFullCredit":false},{"lineNumber":22,"author":{"gitId":"JarrelBin"},"content":"    }","lastModifiedDate":"2024-09-18","isFullCredit":false},{"lineNumber":23,"author":{"gitId":"JarrelBin"},"content":"","lastModifiedDate":"2024-09-18","isFullCredit":false},{"lineNumber":24,"author":{"gitId":"JarrelBin"},"content":"    public void setTo(String to) {","lastModifiedDate":"2024-09-18","isFullCredit":false},{"lineNumber":25,"author":{"gitId":"JarrelBin"},"content":"        this.to \u003d to;","lastModifiedDate":"2024-09-18","isFullCredit":false},{"lineNumber":26,"author":{"gitId":"JarrelBin"},"content":"    }","lastModifiedDate":"2024-09-18","isFullCredit":false},{"lineNumber":27,"author":{"gitId":"JarrelBin"},"content":"","lastModifiedDate":"2024-09-18","isFullCredit":false},{"lineNumber":28,"author":{"gitId":"JarrelBin"},"content":"    public String getFrom() {","lastModifiedDate":"2024-09-18","isFullCredit":false},{"lineNumber":29,"author":{"gitId":"JarrelBin"},"content":"        return from;","lastModifiedDate":"2024-09-18","isFullCredit":false},{"lineNumber":30,"author":{"gitId":"JarrelBin"},"content":"    }","lastModifiedDate":"2024-09-18","isFullCredit":false},{"lineNumber":31,"author":{"gitId":"JarrelBin"},"content":"","lastModifiedDate":"2024-09-18","isFullCredit":false},{"lineNumber":32,"author":{"gitId":"JarrelBin"},"content":"    public String getTo() {","lastModifiedDate":"2024-09-18","isFullCredit":false},{"lineNumber":33,"author":{"gitId":"JarrelBin"},"content":"        return to;","lastModifiedDate":"2024-09-18","isFullCredit":false},{"lineNumber":34,"author":{"gitId":"JarrelBin"},"content":"    }","lastModifiedDate":"2024-09-18","isFullCredit":false},{"lineNumber":35,"author":{"gitId":"JarrelBin"},"content":"","lastModifiedDate":"2024-09-18","isFullCredit":false},{"lineNumber":36,"author":{"gitId":"JarrelBin"},"content":"    @Override","lastModifiedDate":"2024-09-18","isFullCredit":false},{"lineNumber":37,"author":{"gitId":"-"},"content":"    public String print() {","lastModifiedDate":"2024-10-11","isFullCredit":false},{"lineNumber":38,"author":{"gitId":"-"},"content":"        return \"[E][\"+ (isDone ? \"X\" : \" \" ) +\"] description: \" + description + \" (from: \" + from + \" to: \" + to + \")\";","lastModifiedDate":"2024-10-12","isFullCredit":false},{"lineNumber":39,"author":{"gitId":"JarrelBin"},"content":"    }","lastModifiedDate":"2024-09-18","isFullCredit":false},{"lineNumber":40,"author":{"gitId":"-"},"content":"    @Override","lastModifiedDate":"2024-10-08","isFullCredit":false},{"lineNumber":41,"author":{"gitId":"-"},"content":"    public String toSave() { return \"E\" + (isDone ? \" true \" : \" false \" ) + description + \" /from \" + from + \" /to \" + to; }","lastModifiedDate":"2024-10-12","isFullCredit":false},{"lineNumber":42,"author":{"gitId":"JarrelBin"},"content":"}","lastModifiedDate":"2024-09-18","isFullCredit":false}],"authorContributionMap":{"JarrelBin":30,"-":12}},{"path":"src/main/java/alice/task/Task.java","fileType":"java","lines":[{"lineNumber":1,"author":{"gitId":"-"},"content":"package alice.task;","lastModifiedDate":"2024-10-13","isFullCredit":false},{"lineNumber":2,"author":{"gitId":"-"},"content":"","lastModifiedDate":"2024-10-13","isFullCredit":false},{"lineNumber":3,"author":{"gitId":"-"},"content":"public abstract class Task {","lastModifiedDate":"2024-10-11","isFullCredit":false},{"lineNumber":4,"author":{"gitId":"JarrelBin"},"content":"    protected String description;","lastModifiedDate":"2024-09-18","isFullCredit":false},{"lineNumber":5,"author":{"gitId":"JarrelBin"},"content":"    protected boolean isDone;","lastModifiedDate":"2024-09-02","isFullCredit":false},{"lineNumber":6,"author":{"gitId":"JarrelBin"},"content":"","lastModifiedDate":"2024-09-02","isFullCredit":false},{"lineNumber":7,"author":{"gitId":"JarrelBin"},"content":"    public Task(String description) {","lastModifiedDate":"2024-08-28","isFullCredit":false},{"lineNumber":8,"author":{"gitId":"JarrelBin"},"content":"        this.description \u003d description;","lastModifiedDate":"2024-08-28","isFullCredit":false},{"lineNumber":9,"author":{"gitId":"JarrelBin"},"content":"        this.isDone \u003d false;","lastModifiedDate":"2024-09-02","isFullCredit":false},{"lineNumber":10,"author":{"gitId":"JarrelBin"},"content":"    }","lastModifiedDate":"2024-09-02","isFullCredit":false},{"lineNumber":11,"author":{"gitId":"JarrelBin"},"content":"","lastModifiedDate":"2024-09-02","isFullCredit":false},{"lineNumber":12,"author":{"gitId":"-"},"content":"    public Task(String description, boolean isDone) {","lastModifiedDate":"2024-10-08","isFullCredit":false},{"lineNumber":13,"author":{"gitId":"-"},"content":"        this.description \u003d description;","lastModifiedDate":"2024-10-08","isFullCredit":false},{"lineNumber":14,"author":{"gitId":"-"},"content":"        this.isDone \u003d isDone;","lastModifiedDate":"2024-10-08","isFullCredit":false},{"lineNumber":15,"author":{"gitId":"-"},"content":"    }","lastModifiedDate":"2024-10-08","isFullCredit":false},{"lineNumber":16,"author":{"gitId":"-"},"content":"","lastModifiedDate":"2024-10-08","isFullCredit":false},{"lineNumber":17,"author":{"gitId":"-"},"content":"    public void setDone(boolean b) {","lastModifiedDate":"2024-10-13","isFullCredit":false},{"lineNumber":18,"author":{"gitId":"JarrelBin"},"content":"        this.isDone \u003d b;","lastModifiedDate":"2024-09-02","isFullCredit":false},{"lineNumber":19,"author":{"gitId":"JarrelBin"},"content":"    }","lastModifiedDate":"2024-08-28","isFullCredit":false},{"lineNumber":20,"author":{"gitId":"JarrelBin"},"content":"    public String getDescription() {","lastModifiedDate":"2024-08-28","isFullCredit":false},{"lineNumber":21,"author":{"gitId":"JarrelBin"},"content":"        return description;","lastModifiedDate":"2024-08-28","isFullCredit":false},{"lineNumber":22,"author":{"gitId":"JarrelBin"},"content":"    }","lastModifiedDate":"2024-08-28","isFullCredit":false},{"lineNumber":23,"author":{"gitId":"-"},"content":"","lastModifiedDate":"2024-10-08","isFullCredit":false},{"lineNumber":24,"author":{"gitId":"-"},"content":"    public abstract String print();","lastModifiedDate":"2024-10-11","isFullCredit":false},{"lineNumber":25,"author":{"gitId":"-"},"content":"    public abstract String toSave();","lastModifiedDate":"2024-10-11","isFullCredit":false},{"lineNumber":26,"author":{"gitId":"-"},"content":"","lastModifiedDate":"2024-10-08","isFullCredit":false},{"lineNumber":27,"author":{"gitId":"JarrelBin"},"content":"}","lastModifiedDate":"2024-08-28","isFullCredit":false}],"authorContributionMap":{"JarrelBin":14,"-":13}},{"path":"src/main/java/alice/task/Todo.java","fileType":"java","lines":[{"lineNumber":1,"author":{"gitId":"-"},"content":"package alice.task;","lastModifiedDate":"2024-10-13","isFullCredit":false},{"lineNumber":2,"author":{"gitId":"-"},"content":"","lastModifiedDate":"2024-10-13","isFullCredit":false},{"lineNumber":3,"author":{"gitId":"JarrelBin"},"content":"public class Todo extends Task {","lastModifiedDate":"2024-09-18","isFullCredit":false},{"lineNumber":4,"author":{"gitId":"JarrelBin"},"content":"","lastModifiedDate":"2024-09-18","isFullCredit":false},{"lineNumber":5,"author":{"gitId":"JarrelBin"},"content":"    public Todo(String description) {","lastModifiedDate":"2024-09-18","isFullCredit":false},{"lineNumber":6,"author":{"gitId":"JarrelBin"},"content":"        super(description);","lastModifiedDate":"2024-09-18","isFullCredit":false},{"lineNumber":7,"author":{"gitId":"JarrelBin"},"content":"        this.isDone \u003d false;","lastModifiedDate":"2024-09-18","isFullCredit":false},{"lineNumber":8,"author":{"gitId":"JarrelBin"},"content":"    }","lastModifiedDate":"2024-09-18","isFullCredit":false},{"lineNumber":9,"author":{"gitId":"JarrelBin"},"content":"","lastModifiedDate":"2024-09-18","isFullCredit":false},{"lineNumber":10,"author":{"gitId":"-"},"content":"    public Todo(String description, boolean isDone) {","lastModifiedDate":"2024-10-08","isFullCredit":false},{"lineNumber":11,"author":{"gitId":"-"},"content":"        super(description,isDone);","lastModifiedDate":"2024-10-08","isFullCredit":false},{"lineNumber":12,"author":{"gitId":"-"},"content":"    }","lastModifiedDate":"2024-10-08","isFullCredit":false},{"lineNumber":13,"author":{"gitId":"-"},"content":"","lastModifiedDate":"2024-10-08","isFullCredit":false},{"lineNumber":14,"author":{"gitId":"-"},"content":"","lastModifiedDate":"2024-10-08","isFullCredit":false},{"lineNumber":15,"author":{"gitId":"JarrelBin"},"content":"    public boolean isDone() {","lastModifiedDate":"2024-09-18","isFullCredit":false},{"lineNumber":16,"author":{"gitId":"JarrelBin"},"content":"        return isDone;","lastModifiedDate":"2024-09-18","isFullCredit":false},{"lineNumber":17,"author":{"gitId":"JarrelBin"},"content":"    }","lastModifiedDate":"2024-09-18","isFullCredit":false},{"lineNumber":18,"author":{"gitId":"JarrelBin"},"content":"","lastModifiedDate":"2024-09-18","isFullCredit":false},{"lineNumber":19,"author":{"gitId":"JarrelBin"},"content":"    @Override","lastModifiedDate":"2024-09-18","isFullCredit":false},{"lineNumber":20,"author":{"gitId":"-"},"content":"    public String print(){","lastModifiedDate":"2024-10-11","isFullCredit":false},{"lineNumber":21,"author":{"gitId":"-"},"content":"        return \"[T]\" + (isDone ? \"[X] \" : \"[ ] \") + \"description: \" + description;","lastModifiedDate":"2024-10-11","isFullCredit":false},{"lineNumber":22,"author":{"gitId":"JarrelBin"},"content":"    }","lastModifiedDate":"2024-09-18","isFullCredit":false},{"lineNumber":23,"author":{"gitId":"-"},"content":"    @Override","lastModifiedDate":"2024-10-08","isFullCredit":false},{"lineNumber":24,"author":{"gitId":"-"},"content":"    public String toSave() { return \"T\" + (isDone ? \" true \" : \" false \" ) + description; }","lastModifiedDate":"2024-10-12","isFullCredit":false},{"lineNumber":25,"author":{"gitId":"JarrelBin"},"content":"}","lastModifiedDate":"2024-09-18","isFullCredit":false}],"authorContributionMap":{"JarrelBin":14,"-":11}}]
