[{"path":"src/main/java/Alice.java","fileType":"java","lines":[{"lineNumber":1,"author":{"gitId":"-"},"content":"import java.util.ArrayList;","lastModifiedDate":"2024-10-01","isFullCredit":false},{"lineNumber":2,"author":{"gitId":"JarrelBin"},"content":"import java.util.Scanner;","lastModifiedDate":"2024-08-28","isFullCredit":false},{"lineNumber":3,"author":{"gitId":"JarrelBin"},"content":"","lastModifiedDate":"2024-08-28","isFullCredit":false},{"lineNumber":4,"author":{"gitId":"JarrelBin"},"content":"public class Alice {","lastModifiedDate":"2024-08-28","isFullCredit":false},{"lineNumber":5,"author":{"gitId":"-"},"content":"    private static ArrayList\u003cTask\u003e Tasks \u003d new ArrayList\u003c\u003e();","lastModifiedDate":"2024-10-01","isFullCredit":false},{"lineNumber":6,"author":{"gitId":"JarrelBin"},"content":"","lastModifiedDate":"2024-08-28","isFullCredit":false},{"lineNumber":7,"author":{"gitId":"JarrelBin"},"content":"    public static void printTasks(){","lastModifiedDate":"2024-08-28","isFullCredit":false},{"lineNumber":8,"author":{"gitId":"-"},"content":"        for (int i \u003d 0; i \u003c Tasks.size(); i++){","lastModifiedDate":"2024-10-01","isFullCredit":false},{"lineNumber":9,"author":{"gitId":"-"},"content":"            System.out.println((i+1) + \".\" + Tasks.get(i).toString());","lastModifiedDate":"2024-10-01","isFullCredit":false},{"lineNumber":10,"author":{"gitId":"JarrelBin"},"content":"        }","lastModifiedDate":"2024-08-28","isFullCredit":false},{"lineNumber":11,"author":{"gitId":"JarrelBin"},"content":"    }","lastModifiedDate":"2024-08-28","isFullCredit":false},{"lineNumber":12,"author":{"gitId":"JarrelBin"},"content":"","lastModifiedDate":"2024-08-28","isFullCredit":false},{"lineNumber":13,"author":{"gitId":"JarrelBin"},"content":"    public static void main(String[] args) {","lastModifiedDate":"2024-08-28","isFullCredit":false},{"lineNumber":14,"author":{"gitId":"JarrelBin"},"content":"        String separator \u003d \"____________________________________________________________\\n\";","lastModifiedDate":"2024-08-28","isFullCredit":false},{"lineNumber":15,"author":{"gitId":"JarrelBin"},"content":"        String intro \u003d","lastModifiedDate":"2024-08-28","isFullCredit":false},{"lineNumber":16,"author":{"gitId":"JarrelBin"},"content":"                \"____________________________________________________________\\n\" +","lastModifiedDate":"2024-08-28","isFullCredit":false},{"lineNumber":17,"author":{"gitId":"JarrelBin"},"content":"                \"Hello! I\u0027m Alice, here to make you magically organized!\\n\" +","lastModifiedDate":"2024-08-28","isFullCredit":false},{"lineNumber":18,"author":{"gitId":"JarrelBin"},"content":"                        \"How may I help you?\\n\" +","lastModifiedDate":"2024-08-28","isFullCredit":false},{"lineNumber":19,"author":{"gitId":"JarrelBin"},"content":"                \"____________________________________________________________\";","lastModifiedDate":"2024-08-28","isFullCredit":false},{"lineNumber":20,"author":{"gitId":"JarrelBin"},"content":"","lastModifiedDate":"2024-08-28","isFullCredit":false},{"lineNumber":21,"author":{"gitId":"JarrelBin"},"content":"        String ending \u003d","lastModifiedDate":"2024-08-28","isFullCredit":false},{"lineNumber":22,"author":{"gitId":"JarrelBin"},"content":"                \"____________________________________________________________\\n\" +","lastModifiedDate":"2024-08-28","isFullCredit":false},{"lineNumber":23,"author":{"gitId":"JarrelBin"},"content":"                \"Bye. Back to my wonderland!\\n\" +","lastModifiedDate":"2024-08-28","isFullCredit":false},{"lineNumber":24,"author":{"gitId":"JarrelBin"},"content":"                \"____________________________________________________________\";","lastModifiedDate":"2024-08-28","isFullCredit":false},{"lineNumber":25,"author":{"gitId":"JarrelBin"},"content":"","lastModifiedDate":"2024-08-28","isFullCredit":false},{"lineNumber":26,"author":{"gitId":"JarrelBin"},"content":"        System.out.println(intro);","lastModifiedDate":"2024-08-28","isFullCredit":false},{"lineNumber":27,"author":{"gitId":"JarrelBin"},"content":"        String line;","lastModifiedDate":"2024-08-28","isFullCredit":false},{"lineNumber":28,"author":{"gitId":"JarrelBin"},"content":"        Scanner input \u003d new Scanner(System.in);","lastModifiedDate":"2024-08-28","isFullCredit":false},{"lineNumber":29,"author":{"gitId":"JarrelBin"},"content":"        line \u003d input.nextLine();","lastModifiedDate":"2024-08-28","isFullCredit":false},{"lineNumber":30,"author":{"gitId":"JarrelBin"},"content":"        String[] instruction \u003d line.split(\" \");","lastModifiedDate":"2024-09-02","isFullCredit":false},{"lineNumber":31,"author":{"gitId":"JarrelBin"},"content":"        while(!instruction[0].equals(\"bye\")){","lastModifiedDate":"2024-09-02","isFullCredit":false},{"lineNumber":32,"author":{"gitId":"JarrelBin"},"content":"            String body \u003d \"\";","lastModifiedDate":"2024-09-18","isFullCredit":false},{"lineNumber":33,"author":{"gitId":"JarrelBin"},"content":"            String param \u003d \"\";","lastModifiedDate":"2024-09-18","isFullCredit":false},{"lineNumber":34,"author":{"gitId":"JarrelBin"},"content":"            String param2 \u003d \"\";","lastModifiedDate":"2024-09-18","isFullCredit":false},{"lineNumber":35,"author":{"gitId":"JarrelBin"},"content":"            int i \u003d 2;","lastModifiedDate":"2024-09-18","isFullCredit":false},{"lineNumber":36,"author":{"gitId":"JarrelBin"},"content":"            switch (instruction[0]) {","lastModifiedDate":"2024-09-02","isFullCredit":false},{"lineNumber":37,"author":{"gitId":"JarrelBin"},"content":"                case \"list\":","lastModifiedDate":"2024-08-28","isFullCredit":false},{"lineNumber":38,"author":{"gitId":"JarrelBin"},"content":"                    System.out.print(separator);","lastModifiedDate":"2024-08-28","isFullCredit":false},{"lineNumber":39,"author":{"gitId":"JarrelBin"},"content":"                    System.out.println(\"Here are the tasks in your list:\");","lastModifiedDate":"2024-09-18","isFullCredit":false},{"lineNumber":40,"author":{"gitId":"JarrelBin"},"content":"                    printTasks();","lastModifiedDate":"2024-08-28","isFullCredit":false},{"lineNumber":41,"author":{"gitId":"JarrelBin"},"content":"                    System.out.print(separator);","lastModifiedDate":"2024-08-28","isFullCredit":false},{"lineNumber":42,"author":{"gitId":"JarrelBin"},"content":"                    break;","lastModifiedDate":"2024-08-28","isFullCredit":false},{"lineNumber":43,"author":{"gitId":"-"},"content":"                case \"delete\":","lastModifiedDate":"2024-10-01","isFullCredit":false},{"lineNumber":44,"author":{"gitId":"-"},"content":"                    if (instruction.length \u003d\u003d 1){","lastModifiedDate":"2024-10-01","isFullCredit":false},{"lineNumber":45,"author":{"gitId":"-"},"content":"                        System.out.println(\"Do specify the task number to delete!\");","lastModifiedDate":"2024-10-01","isFullCredit":false},{"lineNumber":46,"author":{"gitId":"-"},"content":"                        break;","lastModifiedDate":"2024-10-01","isFullCredit":false},{"lineNumber":47,"author":{"gitId":"-"},"content":"                    }","lastModifiedDate":"2024-10-01","isFullCredit":false},{"lineNumber":48,"author":{"gitId":"-"},"content":"                    try {","lastModifiedDate":"2024-10-01","isFullCredit":false},{"lineNumber":49,"author":{"gitId":"-"},"content":"                        String task \u003d Tasks.get(Integer.parseInt(instruction[1]) - 1).toString();","lastModifiedDate":"2024-10-01","isFullCredit":false},{"lineNumber":50,"author":{"gitId":"-"},"content":"                        System.out.print(separator);","lastModifiedDate":"2024-10-01","isFullCredit":false},{"lineNumber":51,"author":{"gitId":"-"},"content":"                        System.out.println(\"Noted. I\u0027ve removed this task:\");","lastModifiedDate":"2024-10-01","isFullCredit":false},{"lineNumber":52,"author":{"gitId":"-"},"content":"                        System.out.println(task);","lastModifiedDate":"2024-10-01","isFullCredit":false},{"lineNumber":53,"author":{"gitId":"-"},"content":"                        Tasks.remove(Integer.parseInt(instruction[1]) - 1);","lastModifiedDate":"2024-10-01","isFullCredit":false},{"lineNumber":54,"author":{"gitId":"-"},"content":"                        System.out.print(\"Now you have \" + Tasks.size() + \" in the list.\" + \"\\n\" + separator);","lastModifiedDate":"2024-10-01","isFullCredit":false},{"lineNumber":55,"author":{"gitId":"-"},"content":"","lastModifiedDate":"2024-10-01","isFullCredit":false},{"lineNumber":56,"author":{"gitId":"-"},"content":"                    }catch (IndexOutOfBoundsException e){","lastModifiedDate":"2024-10-01","isFullCredit":false},{"lineNumber":57,"author":{"gitId":"-"},"content":"                        System.out.print(separator);","lastModifiedDate":"2024-10-01","isFullCredit":false},{"lineNumber":58,"author":{"gitId":"-"},"content":"                        System.out.println(\"Task number not found!\");","lastModifiedDate":"2024-10-01","isFullCredit":false},{"lineNumber":59,"author":{"gitId":"-"},"content":"                        System.out.print(separator);","lastModifiedDate":"2024-10-01","isFullCredit":false},{"lineNumber":60,"author":{"gitId":"-"},"content":"                        break;","lastModifiedDate":"2024-10-01","isFullCredit":false},{"lineNumber":61,"author":{"gitId":"-"},"content":"                    }","lastModifiedDate":"2024-10-01","isFullCredit":false},{"lineNumber":62,"author":{"gitId":"-"},"content":"                    break;","lastModifiedDate":"2024-10-01","isFullCredit":false},{"lineNumber":63,"author":{"gitId":"JarrelBin"},"content":"                case \"mark\":","lastModifiedDate":"2024-09-02","isFullCredit":false},{"lineNumber":64,"author":{"gitId":"JarrelBin"},"content":"                    if (instruction.length \u003d\u003d 1){","lastModifiedDate":"2024-09-02","isFullCredit":false},{"lineNumber":65,"author":{"gitId":"-"},"content":"                        System.out.print(separator);","lastModifiedDate":"2024-10-01","isFullCredit":false},{"lineNumber":66,"author":{"gitId":"JarrelBin"},"content":"                        System.out.println(\"Do specify the task number!\");","lastModifiedDate":"2024-09-02","isFullCredit":false},{"lineNumber":67,"author":{"gitId":"-"},"content":"                        System.out.print(separator);","lastModifiedDate":"2024-10-01","isFullCredit":false},{"lineNumber":68,"author":{"gitId":"JarrelBin"},"content":"                        break;","lastModifiedDate":"2024-09-02","isFullCredit":false},{"lineNumber":69,"author":{"gitId":"JarrelBin"},"content":"                    }","lastModifiedDate":"2024-09-02","isFullCredit":false},{"lineNumber":70,"author":{"gitId":"JarrelBin"},"content":"","lastModifiedDate":"2024-09-02","isFullCredit":false},{"lineNumber":71,"author":{"gitId":"JarrelBin"},"content":"                    System.out.print(separator);","lastModifiedDate":"2024-09-02","isFullCredit":false},{"lineNumber":72,"author":{"gitId":"-"},"content":"                    Task task_mark \u003d Tasks.get(Integer.parseInt(instruction[1]) - 1);","lastModifiedDate":"2024-10-01","isFullCredit":false},{"lineNumber":73,"author":{"gitId":"JarrelBin"},"content":"                    task_mark.setDone(true);","lastModifiedDate":"2024-09-02","isFullCredit":false},{"lineNumber":74,"author":{"gitId":"JarrelBin"},"content":"                    System.out.println(\"Nice! I\u0027ve marked this task as done:)\");","lastModifiedDate":"2024-09-02","isFullCredit":false},{"lineNumber":75,"author":{"gitId":"JarrelBin"},"content":"                    System.out.println(task_mark.toString());","lastModifiedDate":"2024-09-18","isFullCredit":false},{"lineNumber":76,"author":{"gitId":"JarrelBin"},"content":"                    System.out.print(separator);","lastModifiedDate":"2024-09-02","isFullCredit":false},{"lineNumber":77,"author":{"gitId":"JarrelBin"},"content":"                    break;","lastModifiedDate":"2024-09-02","isFullCredit":false},{"lineNumber":78,"author":{"gitId":"JarrelBin"},"content":"                case \"unmark\":","lastModifiedDate":"2024-09-02","isFullCredit":false},{"lineNumber":79,"author":{"gitId":"JarrelBin"},"content":"                    if (instruction.length \u003d\u003d 1){","lastModifiedDate":"2024-09-02","isFullCredit":false},{"lineNumber":80,"author":{"gitId":"-"},"content":"                        System.out.print(separator);","lastModifiedDate":"2024-10-01","isFullCredit":false},{"lineNumber":81,"author":{"gitId":"JarrelBin"},"content":"                        System.out.println(\"Do specify the task number!\");","lastModifiedDate":"2024-09-02","isFullCredit":false},{"lineNumber":82,"author":{"gitId":"-"},"content":"                        System.out.print(separator);","lastModifiedDate":"2024-10-01","isFullCredit":false},{"lineNumber":83,"author":{"gitId":"JarrelBin"},"content":"                        break;","lastModifiedDate":"2024-09-02","isFullCredit":false},{"lineNumber":84,"author":{"gitId":"JarrelBin"},"content":"                    }","lastModifiedDate":"2024-09-02","isFullCredit":false},{"lineNumber":85,"author":{"gitId":"JarrelBin"},"content":"","lastModifiedDate":"2024-09-02","isFullCredit":false},{"lineNumber":86,"author":{"gitId":"JarrelBin"},"content":"                    System.out.print(separator);","lastModifiedDate":"2024-09-02","isFullCredit":false},{"lineNumber":87,"author":{"gitId":"-"},"content":"                    Task task_unmark \u003d Tasks.get(Integer.parseInt(instruction[1]) - 1);","lastModifiedDate":"2024-10-01","isFullCredit":false},{"lineNumber":88,"author":{"gitId":"JarrelBin"},"content":"                    task_unmark.setDone(false);","lastModifiedDate":"2024-09-02","isFullCredit":false},{"lineNumber":89,"author":{"gitId":"JarrelBin"},"content":"                    System.out.println(\"OK, I\u0027ve marked this task as not done yet:\");","lastModifiedDate":"2024-09-02","isFullCredit":false},{"lineNumber":90,"author":{"gitId":"JarrelBin"},"content":"                    System.out.println(task_unmark.toString());","lastModifiedDate":"2024-09-18","isFullCredit":false},{"lineNumber":91,"author":{"gitId":"JarrelBin"},"content":"                    System.out.print(separator);","lastModifiedDate":"2024-09-18","isFullCredit":false},{"lineNumber":92,"author":{"gitId":"JarrelBin"},"content":"                    break;","lastModifiedDate":"2024-09-18","isFullCredit":false},{"lineNumber":93,"author":{"gitId":"JarrelBin"},"content":"                case \"todo\":","lastModifiedDate":"2024-09-18","isFullCredit":false},{"lineNumber":94,"author":{"gitId":"-"},"content":"                    if (instruction.length \u003d\u003d 1){","lastModifiedDate":"2024-10-01","isFullCredit":false},{"lineNumber":95,"author":{"gitId":"-"},"content":"                        System.out.print(separator);","lastModifiedDate":"2024-10-01","isFullCredit":false},{"lineNumber":96,"author":{"gitId":"-"},"content":"                        System.out.println(\"The description of todo cannot be empty!\");","lastModifiedDate":"2024-10-01","isFullCredit":false},{"lineNumber":97,"author":{"gitId":"-"},"content":"                        System.out.print(separator);","lastModifiedDate":"2024-10-01","isFullCredit":false},{"lineNumber":98,"author":{"gitId":"-"},"content":"                        break;","lastModifiedDate":"2024-10-01","isFullCredit":false},{"lineNumber":99,"author":{"gitId":"-"},"content":"                    }","lastModifiedDate":"2024-10-01","isFullCredit":false},{"lineNumber":100,"author":{"gitId":"JarrelBin"},"content":"                    body +\u003d instruction[1];","lastModifiedDate":"2024-09-18","isFullCredit":false},{"lineNumber":101,"author":{"gitId":"JarrelBin"},"content":"                    while(i \u003c instruction.length) {","lastModifiedDate":"2024-09-18","isFullCredit":false},{"lineNumber":102,"author":{"gitId":"JarrelBin"},"content":"                        body +\u003d \" \" + instruction[i];","lastModifiedDate":"2024-09-18","isFullCredit":false},{"lineNumber":103,"author":{"gitId":"JarrelBin"},"content":"                        i++;","lastModifiedDate":"2024-09-18","isFullCredit":false},{"lineNumber":104,"author":{"gitId":"JarrelBin"},"content":"                    }","lastModifiedDate":"2024-09-18","isFullCredit":false},{"lineNumber":105,"author":{"gitId":"-"},"content":"                    Tasks.add(new Todo(body));","lastModifiedDate":"2024-10-01","isFullCredit":false},{"lineNumber":106,"author":{"gitId":"JarrelBin"},"content":"                    System.out.print(separator);","lastModifiedDate":"2024-09-02","isFullCredit":false},{"lineNumber":107,"author":{"gitId":"-"},"content":"                    System.out.println(\"Got it, I\u0027ve added this task: \\n\" + Tasks.getLast().toString());","lastModifiedDate":"2024-10-01","isFullCredit":false},{"lineNumber":108,"author":{"gitId":"-"},"content":"                    System.out.print(\"Now you have \" + Tasks.size() + \" in the list.\" + \"\\n\" + separator);","lastModifiedDate":"2024-10-01","isFullCredit":false},{"lineNumber":109,"author":{"gitId":"JarrelBin"},"content":"","lastModifiedDate":"2024-09-18","isFullCredit":false},{"lineNumber":110,"author":{"gitId":"JarrelBin"},"content":"                    break;","lastModifiedDate":"2024-09-18","isFullCredit":false},{"lineNumber":111,"author":{"gitId":"JarrelBin"},"content":"                case \"deadline\":","lastModifiedDate":"2024-09-18","isFullCredit":false},{"lineNumber":112,"author":{"gitId":"-"},"content":"                    if (instruction.length \u003d\u003d 1){","lastModifiedDate":"2024-10-01","isFullCredit":false},{"lineNumber":113,"author":{"gitId":"-"},"content":"                        System.out.print(separator);","lastModifiedDate":"2024-10-01","isFullCredit":false},{"lineNumber":114,"author":{"gitId":"-"},"content":"                        System.out.println(\"The description of deadline cannot be empty!\");","lastModifiedDate":"2024-10-01","isFullCredit":false},{"lineNumber":115,"author":{"gitId":"-"},"content":"                        System.out.print(separator);","lastModifiedDate":"2024-10-01","isFullCredit":false},{"lineNumber":116,"author":{"gitId":"-"},"content":"                        break;","lastModifiedDate":"2024-10-01","isFullCredit":false},{"lineNumber":117,"author":{"gitId":"-"},"content":"                    }","lastModifiedDate":"2024-10-01","isFullCredit":false},{"lineNumber":118,"author":{"gitId":"JarrelBin"},"content":"                    body +\u003d instruction[1];","lastModifiedDate":"2024-09-18","isFullCredit":false},{"lineNumber":119,"author":{"gitId":"-"},"content":"                    try {","lastModifiedDate":"2024-10-01","isFullCredit":false},{"lineNumber":120,"author":{"gitId":"JarrelBin"},"content":"                        while (!instruction[i].equals(\"/by\")) {","lastModifiedDate":"2024-09-18","isFullCredit":false},{"lineNumber":121,"author":{"gitId":"JarrelBin"},"content":"                            body +\u003d \" \" + instruction[i];","lastModifiedDate":"2024-09-18","isFullCredit":false},{"lineNumber":122,"author":{"gitId":"JarrelBin"},"content":"                            i++;","lastModifiedDate":"2024-09-18","isFullCredit":false},{"lineNumber":123,"author":{"gitId":"JarrelBin"},"content":"                        }","lastModifiedDate":"2024-09-18","isFullCredit":false},{"lineNumber":124,"author":{"gitId":"-"},"content":"                    } catch (ArrayIndexOutOfBoundsException e){","lastModifiedDate":"2024-10-01","isFullCredit":false},{"lineNumber":125,"author":{"gitId":"-"},"content":"                        System.out.print(separator);","lastModifiedDate":"2024-10-01","isFullCredit":false},{"lineNumber":126,"author":{"gitId":"-"},"content":"                        System.out.println(\"Do include the /by flag!\");","lastModifiedDate":"2024-10-01","isFullCredit":false},{"lineNumber":127,"author":{"gitId":"-"},"content":"                        System.out.print(separator);","lastModifiedDate":"2024-10-01","isFullCredit":false},{"lineNumber":128,"author":{"gitId":"-"},"content":"                        break;","lastModifiedDate":"2024-10-01","isFullCredit":false},{"lineNumber":129,"author":{"gitId":"-"},"content":"                    }","lastModifiedDate":"2024-10-01","isFullCredit":false},{"lineNumber":130,"author":{"gitId":"JarrelBin"},"content":"                    i++;","lastModifiedDate":"2024-09-18","isFullCredit":false},{"lineNumber":131,"author":{"gitId":"-"},"content":"                    try {","lastModifiedDate":"2024-10-01","isFullCredit":false},{"lineNumber":132,"author":{"gitId":"JarrelBin"},"content":"                        param +\u003d instruction[i];","lastModifiedDate":"2024-09-18","isFullCredit":false},{"lineNumber":133,"author":{"gitId":"-"},"content":"                    } catch (ArrayIndexOutOfBoundsException e){","lastModifiedDate":"2024-10-01","isFullCredit":false},{"lineNumber":134,"author":{"gitId":"-"},"content":"                        System.out.print(separator);","lastModifiedDate":"2024-10-01","isFullCredit":false},{"lineNumber":135,"author":{"gitId":"-"},"content":"                        System.out.println(\"Do include the day after /by!\");","lastModifiedDate":"2024-10-01","isFullCredit":false},{"lineNumber":136,"author":{"gitId":"-"},"content":"                        System.out.print(separator);","lastModifiedDate":"2024-10-01","isFullCredit":false},{"lineNumber":137,"author":{"gitId":"-"},"content":"                        break;","lastModifiedDate":"2024-10-01","isFullCredit":false},{"lineNumber":138,"author":{"gitId":"-"},"content":"                    }","lastModifiedDate":"2024-10-01","isFullCredit":false},{"lineNumber":139,"author":{"gitId":"-"},"content":"","lastModifiedDate":"2024-10-01","isFullCredit":false},{"lineNumber":140,"author":{"gitId":"JarrelBin"},"content":"                    i++;","lastModifiedDate":"2024-09-18","isFullCredit":false},{"lineNumber":141,"author":{"gitId":"JarrelBin"},"content":"                    while(i \u003c instruction.length) {","lastModifiedDate":"2024-09-18","isFullCredit":false},{"lineNumber":142,"author":{"gitId":"JarrelBin"},"content":"                        param +\u003d \" \" + instruction[i];","lastModifiedDate":"2024-09-18","isFullCredit":false},{"lineNumber":143,"author":{"gitId":"JarrelBin"},"content":"                        i++;","lastModifiedDate":"2024-09-18","isFullCredit":false},{"lineNumber":144,"author":{"gitId":"JarrelBin"},"content":"                    }","lastModifiedDate":"2024-09-18","isFullCredit":false},{"lineNumber":145,"author":{"gitId":"-"},"content":"                    Tasks.add(new Deadline(body, param));","lastModifiedDate":"2024-10-01","isFullCredit":false},{"lineNumber":146,"author":{"gitId":"JarrelBin"},"content":"                    System.out.print(separator);","lastModifiedDate":"2024-09-18","isFullCredit":false},{"lineNumber":147,"author":{"gitId":"-"},"content":"                    System.out.println(\"Got it, I\u0027ve added this task: \\n\" + Tasks.getLast().toString());","lastModifiedDate":"2024-10-01","isFullCredit":false},{"lineNumber":148,"author":{"gitId":"-"},"content":"                    System.out.print(\"Now you have \" + Tasks.size() + \" in the list.\" + \"\\n\" + separator);","lastModifiedDate":"2024-10-01","isFullCredit":false},{"lineNumber":149,"author":{"gitId":"JarrelBin"},"content":"","lastModifiedDate":"2024-09-18","isFullCredit":false},{"lineNumber":150,"author":{"gitId":"JarrelBin"},"content":"                    break;","lastModifiedDate":"2024-09-18","isFullCredit":false},{"lineNumber":151,"author":{"gitId":"JarrelBin"},"content":"                case \"event\":","lastModifiedDate":"2024-09-18","isFullCredit":false},{"lineNumber":152,"author":{"gitId":"JarrelBin"},"content":"                    body +\u003d instruction[1];","lastModifiedDate":"2024-09-18","isFullCredit":false},{"lineNumber":153,"author":{"gitId":"-"},"content":"                    try {","lastModifiedDate":"2024-10-01","isFullCredit":false},{"lineNumber":154,"author":{"gitId":"JarrelBin"},"content":"                        while (!instruction[i].equals(\"/from\")) {","lastModifiedDate":"2024-09-18","isFullCredit":false},{"lineNumber":155,"author":{"gitId":"JarrelBin"},"content":"                            body +\u003d \" \" + instruction[i];","lastModifiedDate":"2024-09-18","isFullCredit":false},{"lineNumber":156,"author":{"gitId":"JarrelBin"},"content":"                            i++;","lastModifiedDate":"2024-09-18","isFullCredit":false},{"lineNumber":157,"author":{"gitId":"JarrelBin"},"content":"                        }","lastModifiedDate":"2024-09-18","isFullCredit":false},{"lineNumber":158,"author":{"gitId":"-"},"content":"                    }catch (ArrayIndexOutOfBoundsException e){","lastModifiedDate":"2024-10-01","isFullCredit":false},{"lineNumber":159,"author":{"gitId":"-"},"content":"                        System.out.print(separator);","lastModifiedDate":"2024-10-01","isFullCredit":false},{"lineNumber":160,"author":{"gitId":"-"},"content":"                        System.out.println(\"Do include the /from flag!\");","lastModifiedDate":"2024-10-01","isFullCredit":false},{"lineNumber":161,"author":{"gitId":"-"},"content":"                        System.out.print(separator);","lastModifiedDate":"2024-10-01","isFullCredit":false},{"lineNumber":162,"author":{"gitId":"-"},"content":"                        break;","lastModifiedDate":"2024-10-01","isFullCredit":false},{"lineNumber":163,"author":{"gitId":"-"},"content":"                    }","lastModifiedDate":"2024-10-01","isFullCredit":false},{"lineNumber":164,"author":{"gitId":"JarrelBin"},"content":"                    i++;","lastModifiedDate":"2024-09-18","isFullCredit":false},{"lineNumber":165,"author":{"gitId":"-"},"content":"                    try {","lastModifiedDate":"2024-10-01","isFullCredit":false},{"lineNumber":166,"author":{"gitId":"JarrelBin"},"content":"                        param +\u003d instruction[i];","lastModifiedDate":"2024-09-18","isFullCredit":false},{"lineNumber":167,"author":{"gitId":"-"},"content":"                    }catch (ArrayIndexOutOfBoundsException e){","lastModifiedDate":"2024-10-01","isFullCredit":false},{"lineNumber":168,"author":{"gitId":"-"},"content":"                        System.out.print(separator);","lastModifiedDate":"2024-10-01","isFullCredit":false},{"lineNumber":169,"author":{"gitId":"-"},"content":"                        System.out.println(\"Do include the day after /from!\");","lastModifiedDate":"2024-10-01","isFullCredit":false},{"lineNumber":170,"author":{"gitId":"-"},"content":"                        System.out.print(separator);","lastModifiedDate":"2024-10-01","isFullCredit":false},{"lineNumber":171,"author":{"gitId":"-"},"content":"                        break;","lastModifiedDate":"2024-10-01","isFullCredit":false},{"lineNumber":172,"author":{"gitId":"-"},"content":"                    }","lastModifiedDate":"2024-10-01","isFullCredit":false},{"lineNumber":173,"author":{"gitId":"JarrelBin"},"content":"                    i++;","lastModifiedDate":"2024-09-18","isFullCredit":false},{"lineNumber":174,"author":{"gitId":"-"},"content":"                    try {","lastModifiedDate":"2024-10-01","isFullCredit":false},{"lineNumber":175,"author":{"gitId":"JarrelBin"},"content":"                        while (!instruction[i].equals(\"/to\")) {","lastModifiedDate":"2024-09-18","isFullCredit":false},{"lineNumber":176,"author":{"gitId":"JarrelBin"},"content":"                            param +\u003d \" \" + instruction[i];","lastModifiedDate":"2024-09-18","isFullCredit":false},{"lineNumber":177,"author":{"gitId":"JarrelBin"},"content":"                            i++;","lastModifiedDate":"2024-09-18","isFullCredit":false},{"lineNumber":178,"author":{"gitId":"JarrelBin"},"content":"                        }","lastModifiedDate":"2024-09-18","isFullCredit":false},{"lineNumber":179,"author":{"gitId":"-"},"content":"                    }catch (ArrayIndexOutOfBoundsException e){","lastModifiedDate":"2024-10-01","isFullCredit":false},{"lineNumber":180,"author":{"gitId":"-"},"content":"                        System.out.print(separator);","lastModifiedDate":"2024-10-01","isFullCredit":false},{"lineNumber":181,"author":{"gitId":"-"},"content":"                        System.out.println(\"Do include the /to flag!\");","lastModifiedDate":"2024-10-01","isFullCredit":false},{"lineNumber":182,"author":{"gitId":"-"},"content":"                        System.out.print(separator);","lastModifiedDate":"2024-10-01","isFullCredit":false},{"lineNumber":183,"author":{"gitId":"-"},"content":"                        break;","lastModifiedDate":"2024-10-01","isFullCredit":false},{"lineNumber":184,"author":{"gitId":"-"},"content":"                    }","lastModifiedDate":"2024-10-01","isFullCredit":false},{"lineNumber":185,"author":{"gitId":"JarrelBin"},"content":"                    i++;","lastModifiedDate":"2024-09-18","isFullCredit":false},{"lineNumber":186,"author":{"gitId":"-"},"content":"                    try {","lastModifiedDate":"2024-10-01","isFullCredit":false},{"lineNumber":187,"author":{"gitId":"JarrelBin"},"content":"                        param2 +\u003d instruction[i];","lastModifiedDate":"2024-09-18","isFullCredit":false},{"lineNumber":188,"author":{"gitId":"-"},"content":"                    }catch (ArrayIndexOutOfBoundsException e){","lastModifiedDate":"2024-10-01","isFullCredit":false},{"lineNumber":189,"author":{"gitId":"-"},"content":"                        System.out.print(separator);","lastModifiedDate":"2024-10-01","isFullCredit":false},{"lineNumber":190,"author":{"gitId":"-"},"content":"                        System.out.println(\"Do include the day after /to!\");","lastModifiedDate":"2024-10-01","isFullCredit":false},{"lineNumber":191,"author":{"gitId":"-"},"content":"                        System.out.print(separator);","lastModifiedDate":"2024-10-01","isFullCredit":false},{"lineNumber":192,"author":{"gitId":"-"},"content":"                        break;","lastModifiedDate":"2024-10-01","isFullCredit":false},{"lineNumber":193,"author":{"gitId":"-"},"content":"                    }","lastModifiedDate":"2024-10-01","isFullCredit":false},{"lineNumber":194,"author":{"gitId":"JarrelBin"},"content":"                    i++;","lastModifiedDate":"2024-09-18","isFullCredit":false},{"lineNumber":195,"author":{"gitId":"JarrelBin"},"content":"                    while(i \u003c instruction.length) {","lastModifiedDate":"2024-09-18","isFullCredit":false},{"lineNumber":196,"author":{"gitId":"JarrelBin"},"content":"                        param2 +\u003d \" \" + instruction[i];","lastModifiedDate":"2024-09-18","isFullCredit":false},{"lineNumber":197,"author":{"gitId":"JarrelBin"},"content":"                        i++;","lastModifiedDate":"2024-09-18","isFullCredit":false},{"lineNumber":198,"author":{"gitId":"JarrelBin"},"content":"                    }","lastModifiedDate":"2024-09-18","isFullCredit":false},{"lineNumber":199,"author":{"gitId":"-"},"content":"                    Tasks.add(new Event(body, param, param2));","lastModifiedDate":"2024-10-01","isFullCredit":false},{"lineNumber":200,"author":{"gitId":"JarrelBin"},"content":"                    System.out.print(separator);","lastModifiedDate":"2024-09-18","isFullCredit":false},{"lineNumber":201,"author":{"gitId":"-"},"content":"                    System.out.println(\"Got it, I\u0027ve added this task: \\n\" + Tasks.getLast().toString());","lastModifiedDate":"2024-10-01","isFullCredit":false},{"lineNumber":202,"author":{"gitId":"-"},"content":"                    System.out.print(\"Now you have \" + Tasks.size() + \" in the list.\" + \"\\n\" + separator);","lastModifiedDate":"2024-10-01","isFullCredit":false},{"lineNumber":203,"author":{"gitId":"JarrelBin"},"content":"","lastModifiedDate":"2024-09-18","isFullCredit":false},{"lineNumber":204,"author":{"gitId":"JarrelBin"},"content":"                    break;","lastModifiedDate":"2024-09-02","isFullCredit":false},{"lineNumber":205,"author":{"gitId":"JarrelBin"},"content":"                default:","lastModifiedDate":"2024-08-28","isFullCredit":false},{"lineNumber":206,"author":{"gitId":"-"},"content":"                    System.out.print(separator);","lastModifiedDate":"2024-10-01","isFullCredit":false},{"lineNumber":207,"author":{"gitId":"-"},"content":"                    System.out.println(\"Please put an instruction I can understand :(\");","lastModifiedDate":"2024-10-01","isFullCredit":false},{"lineNumber":208,"author":{"gitId":"-"},"content":"                    System.out.print(separator);","lastModifiedDate":"2024-10-01","isFullCredit":false},{"lineNumber":209,"author":{"gitId":"JarrelBin"},"content":"","lastModifiedDate":"2024-09-18","isFullCredit":false},{"lineNumber":210,"author":{"gitId":"JarrelBin"},"content":"            }","lastModifiedDate":"2024-08-28","isFullCredit":false},{"lineNumber":211,"author":{"gitId":"JarrelBin"},"content":"","lastModifiedDate":"2024-08-28","isFullCredit":false},{"lineNumber":212,"author":{"gitId":"JarrelBin"},"content":"            input \u003d new Scanner(System.in);","lastModifiedDate":"2024-08-28","isFullCredit":false},{"lineNumber":213,"author":{"gitId":"JarrelBin"},"content":"            line \u003d input.nextLine();","lastModifiedDate":"2024-08-28","isFullCredit":false},{"lineNumber":214,"author":{"gitId":"JarrelBin"},"content":"            instruction \u003d line.split(\" \");","lastModifiedDate":"2024-09-02","isFullCredit":false},{"lineNumber":215,"author":{"gitId":"JarrelBin"},"content":"        }","lastModifiedDate":"2024-08-28","isFullCredit":false},{"lineNumber":216,"author":{"gitId":"JarrelBin"},"content":"        System.out.println(ending);","lastModifiedDate":"2024-08-28","isFullCredit":false},{"lineNumber":217,"author":{"gitId":"JarrelBin"},"content":"    }","lastModifiedDate":"2024-08-28","isFullCredit":false},{"lineNumber":218,"author":{"gitId":"JarrelBin"},"content":"}","lastModifiedDate":"2024-08-28","isFullCredit":false}],"authorContributionMap":{"JarrelBin":121,"-":97}},{"path":"src/main/java/Deadline.java","fileType":"java","lines":[{"lineNumber":1,"author":{"gitId":"JarrelBin"},"content":"public class Deadline extends Task{","lastModifiedDate":"2024-09-18","isFullCredit":false},{"lineNumber":2,"author":{"gitId":"JarrelBin"},"content":"    protected String by;","lastModifiedDate":"2024-09-18","isFullCredit":false},{"lineNumber":3,"author":{"gitId":"JarrelBin"},"content":"","lastModifiedDate":"2024-09-18","isFullCredit":false},{"lineNumber":4,"author":{"gitId":"JarrelBin"},"content":"    public Deadline(String description, String by) {","lastModifiedDate":"2024-09-18","isFullCredit":false},{"lineNumber":5,"author":{"gitId":"JarrelBin"},"content":"        super(description);","lastModifiedDate":"2024-09-18","isFullCredit":false},{"lineNumber":6,"author":{"gitId":"JarrelBin"},"content":"        this.isDone \u003d false;","lastModifiedDate":"2024-09-18","isFullCredit":false},{"lineNumber":7,"author":{"gitId":"JarrelBin"},"content":"        this.by \u003d by;","lastModifiedDate":"2024-09-18","isFullCredit":false},{"lineNumber":8,"author":{"gitId":"JarrelBin"},"content":"    }","lastModifiedDate":"2024-09-18","isFullCredit":false},{"lineNumber":9,"author":{"gitId":"JarrelBin"},"content":"","lastModifiedDate":"2024-09-18","isFullCredit":false},{"lineNumber":10,"author":{"gitId":"JarrelBin"},"content":"    public void setBy(String by) {","lastModifiedDate":"2024-09-18","isFullCredit":false},{"lineNumber":11,"author":{"gitId":"JarrelBin"},"content":"        this.by \u003d by;","lastModifiedDate":"2024-09-18","isFullCredit":false},{"lineNumber":12,"author":{"gitId":"JarrelBin"},"content":"    }","lastModifiedDate":"2024-09-18","isFullCredit":false},{"lineNumber":13,"author":{"gitId":"JarrelBin"},"content":"    public String getBy() {","lastModifiedDate":"2024-09-18","isFullCredit":false},{"lineNumber":14,"author":{"gitId":"JarrelBin"},"content":"        return by;","lastModifiedDate":"2024-09-18","isFullCredit":false},{"lineNumber":15,"author":{"gitId":"JarrelBin"},"content":"    }","lastModifiedDate":"2024-09-18","isFullCredit":false},{"lineNumber":16,"author":{"gitId":"JarrelBin"},"content":"","lastModifiedDate":"2024-09-18","isFullCredit":false},{"lineNumber":17,"author":{"gitId":"JarrelBin"},"content":"    @Override","lastModifiedDate":"2024-09-18","isFullCredit":false},{"lineNumber":18,"author":{"gitId":"JarrelBin"},"content":"    public String toString() {","lastModifiedDate":"2024-09-18","isFullCredit":false},{"lineNumber":19,"author":{"gitId":"JarrelBin"},"content":"        return \"[D][ ] \" + super.toString() + \" (by: \" + by + \")\";","lastModifiedDate":"2024-09-18","isFullCredit":false},{"lineNumber":20,"author":{"gitId":"JarrelBin"},"content":"    }","lastModifiedDate":"2024-09-18","isFullCredit":false},{"lineNumber":21,"author":{"gitId":"JarrelBin"},"content":"}","lastModifiedDate":"2024-09-18","isFullCredit":false}],"authorContributionMap":{"JarrelBin":21}},{"path":"src/main/java/Event.java","fileType":"java","lines":[{"lineNumber":1,"author":{"gitId":"JarrelBin"},"content":"public class Event extends Task{","lastModifiedDate":"2024-09-18","isFullCredit":false},{"lineNumber":2,"author":{"gitId":"JarrelBin"},"content":"    protected String from;","lastModifiedDate":"2024-09-18","isFullCredit":false},{"lineNumber":3,"author":{"gitId":"JarrelBin"},"content":"    protected String to;","lastModifiedDate":"2024-09-18","isFullCredit":false},{"lineNumber":4,"author":{"gitId":"JarrelBin"},"content":"","lastModifiedDate":"2024-09-18","isFullCredit":false},{"lineNumber":5,"author":{"gitId":"JarrelBin"},"content":"    public Event(String description, String from, String to) {","lastModifiedDate":"2024-09-18","isFullCredit":false},{"lineNumber":6,"author":{"gitId":"JarrelBin"},"content":"        super(description);","lastModifiedDate":"2024-09-18","isFullCredit":false},{"lineNumber":7,"author":{"gitId":"JarrelBin"},"content":"        this.isDone \u003d false;","lastModifiedDate":"2024-09-18","isFullCredit":false},{"lineNumber":8,"author":{"gitId":"JarrelBin"},"content":"        this.from \u003d from;","lastModifiedDate":"2024-09-18","isFullCredit":false},{"lineNumber":9,"author":{"gitId":"JarrelBin"},"content":"        this.to \u003d to;","lastModifiedDate":"2024-09-18","isFullCredit":false},{"lineNumber":10,"author":{"gitId":"JarrelBin"},"content":"    }","lastModifiedDate":"2024-09-18","isFullCredit":false},{"lineNumber":11,"author":{"gitId":"JarrelBin"},"content":"","lastModifiedDate":"2024-09-18","isFullCredit":false},{"lineNumber":12,"author":{"gitId":"JarrelBin"},"content":"    public void setFrom(String from) {","lastModifiedDate":"2024-09-18","isFullCredit":false},{"lineNumber":13,"author":{"gitId":"JarrelBin"},"content":"        this.from \u003d from;","lastModifiedDate":"2024-09-18","isFullCredit":false},{"lineNumber":14,"author":{"gitId":"JarrelBin"},"content":"    }","lastModifiedDate":"2024-09-18","isFullCredit":false},{"lineNumber":15,"author":{"gitId":"JarrelBin"},"content":"","lastModifiedDate":"2024-09-18","isFullCredit":false},{"lineNumber":16,"author":{"gitId":"JarrelBin"},"content":"    public void setTo(String to) {","lastModifiedDate":"2024-09-18","isFullCredit":false},{"lineNumber":17,"author":{"gitId":"JarrelBin"},"content":"        this.to \u003d to;","lastModifiedDate":"2024-09-18","isFullCredit":false},{"lineNumber":18,"author":{"gitId":"JarrelBin"},"content":"    }","lastModifiedDate":"2024-09-18","isFullCredit":false},{"lineNumber":19,"author":{"gitId":"JarrelBin"},"content":"","lastModifiedDate":"2024-09-18","isFullCredit":false},{"lineNumber":20,"author":{"gitId":"JarrelBin"},"content":"    public String getFrom() {","lastModifiedDate":"2024-09-18","isFullCredit":false},{"lineNumber":21,"author":{"gitId":"JarrelBin"},"content":"        return from;","lastModifiedDate":"2024-09-18","isFullCredit":false},{"lineNumber":22,"author":{"gitId":"JarrelBin"},"content":"    }","lastModifiedDate":"2024-09-18","isFullCredit":false},{"lineNumber":23,"author":{"gitId":"JarrelBin"},"content":"","lastModifiedDate":"2024-09-18","isFullCredit":false},{"lineNumber":24,"author":{"gitId":"JarrelBin"},"content":"    public String getTo() {","lastModifiedDate":"2024-09-18","isFullCredit":false},{"lineNumber":25,"author":{"gitId":"JarrelBin"},"content":"        return to;","lastModifiedDate":"2024-09-18","isFullCredit":false},{"lineNumber":26,"author":{"gitId":"JarrelBin"},"content":"    }","lastModifiedDate":"2024-09-18","isFullCredit":false},{"lineNumber":27,"author":{"gitId":"JarrelBin"},"content":"","lastModifiedDate":"2024-09-18","isFullCredit":false},{"lineNumber":28,"author":{"gitId":"JarrelBin"},"content":"    @Override","lastModifiedDate":"2024-09-18","isFullCredit":false},{"lineNumber":29,"author":{"gitId":"JarrelBin"},"content":"    public String toString() {","lastModifiedDate":"2024-09-18","isFullCredit":false},{"lineNumber":30,"author":{"gitId":"JarrelBin"},"content":"        return \"[E][ ] \" + super.toString() + \" (from: \" + from + \" to: \" + to + \")\";","lastModifiedDate":"2024-09-18","isFullCredit":false},{"lineNumber":31,"author":{"gitId":"JarrelBin"},"content":"    }","lastModifiedDate":"2024-09-18","isFullCredit":false},{"lineNumber":32,"author":{"gitId":"JarrelBin"},"content":"}","lastModifiedDate":"2024-09-18","isFullCredit":false}],"authorContributionMap":{"JarrelBin":32}},{"path":"src/main/java/Task.java","fileType":"java","lines":[{"lineNumber":1,"author":{"gitId":"JarrelBin"},"content":"public class Task {","lastModifiedDate":"2024-08-28","isFullCredit":false},{"lineNumber":2,"author":{"gitId":"JarrelBin"},"content":"    protected String description;","lastModifiedDate":"2024-09-18","isFullCredit":false},{"lineNumber":3,"author":{"gitId":"JarrelBin"},"content":"    protected boolean isDone;","lastModifiedDate":"2024-09-02","isFullCredit":false},{"lineNumber":4,"author":{"gitId":"JarrelBin"},"content":"","lastModifiedDate":"2024-09-02","isFullCredit":false},{"lineNumber":5,"author":{"gitId":"JarrelBin"},"content":"    public Task(String description) {","lastModifiedDate":"2024-08-28","isFullCredit":false},{"lineNumber":6,"author":{"gitId":"JarrelBin"},"content":"        this.description \u003d description;","lastModifiedDate":"2024-08-28","isFullCredit":false},{"lineNumber":7,"author":{"gitId":"JarrelBin"},"content":"        this.isDone \u003d false;","lastModifiedDate":"2024-09-02","isFullCredit":false},{"lineNumber":8,"author":{"gitId":"JarrelBin"},"content":"    }","lastModifiedDate":"2024-09-02","isFullCredit":false},{"lineNumber":9,"author":{"gitId":"JarrelBin"},"content":"","lastModifiedDate":"2024-09-02","isFullCredit":false},{"lineNumber":10,"author":{"gitId":"JarrelBin"},"content":"    public void setDone(boolean b) {","lastModifiedDate":"2024-09-02","isFullCredit":false},{"lineNumber":11,"author":{"gitId":"JarrelBin"},"content":"        this.isDone \u003d b;","lastModifiedDate":"2024-09-02","isFullCredit":false},{"lineNumber":12,"author":{"gitId":"JarrelBin"},"content":"    }","lastModifiedDate":"2024-08-28","isFullCredit":false},{"lineNumber":13,"author":{"gitId":"JarrelBin"},"content":"    public String getDescription() {","lastModifiedDate":"2024-08-28","isFullCredit":false},{"lineNumber":14,"author":{"gitId":"JarrelBin"},"content":"        return description;","lastModifiedDate":"2024-08-28","isFullCredit":false},{"lineNumber":15,"author":{"gitId":"JarrelBin"},"content":"    }","lastModifiedDate":"2024-08-28","isFullCredit":false},{"lineNumber":16,"author":{"gitId":"JarrelBin"},"content":"    @Override","lastModifiedDate":"2024-09-18","isFullCredit":false},{"lineNumber":17,"author":{"gitId":"JarrelBin"},"content":"    public String toString(){","lastModifiedDate":"2024-09-18","isFullCredit":false},{"lineNumber":18,"author":{"gitId":"JarrelBin"},"content":"        return \"description: \" + description;","lastModifiedDate":"2024-09-18","isFullCredit":false},{"lineNumber":19,"author":{"gitId":"JarrelBin"},"content":"    }","lastModifiedDate":"2024-09-18","isFullCredit":false},{"lineNumber":20,"author":{"gitId":"JarrelBin"},"content":"}","lastModifiedDate":"2024-08-28","isFullCredit":false}],"authorContributionMap":{"JarrelBin":20}},{"path":"src/main/java/Todo.java","fileType":"java","lines":[{"lineNumber":1,"author":{"gitId":"JarrelBin"},"content":"public class Todo extends Task {","lastModifiedDate":"2024-09-18","isFullCredit":false},{"lineNumber":2,"author":{"gitId":"JarrelBin"},"content":"","lastModifiedDate":"2024-09-18","isFullCredit":false},{"lineNumber":3,"author":{"gitId":"JarrelBin"},"content":"    public Todo(String description) {","lastModifiedDate":"2024-09-18","isFullCredit":false},{"lineNumber":4,"author":{"gitId":"JarrelBin"},"content":"        super(description);","lastModifiedDate":"2024-09-18","isFullCredit":false},{"lineNumber":5,"author":{"gitId":"JarrelBin"},"content":"        this.isDone \u003d false;","lastModifiedDate":"2024-09-18","isFullCredit":false},{"lineNumber":6,"author":{"gitId":"JarrelBin"},"content":"    }","lastModifiedDate":"2024-09-18","isFullCredit":false},{"lineNumber":7,"author":{"gitId":"JarrelBin"},"content":"","lastModifiedDate":"2024-09-18","isFullCredit":false},{"lineNumber":8,"author":{"gitId":"JarrelBin"},"content":"    public boolean isDone() {","lastModifiedDate":"2024-09-18","isFullCredit":false},{"lineNumber":9,"author":{"gitId":"JarrelBin"},"content":"        return isDone;","lastModifiedDate":"2024-09-18","isFullCredit":false},{"lineNumber":10,"author":{"gitId":"JarrelBin"},"content":"    }","lastModifiedDate":"2024-09-18","isFullCredit":false},{"lineNumber":11,"author":{"gitId":"JarrelBin"},"content":"","lastModifiedDate":"2024-09-18","isFullCredit":false},{"lineNumber":12,"author":{"gitId":"JarrelBin"},"content":"","lastModifiedDate":"2024-09-18","isFullCredit":false},{"lineNumber":13,"author":{"gitId":"JarrelBin"},"content":"    @Override","lastModifiedDate":"2024-09-18","isFullCredit":false},{"lineNumber":14,"author":{"gitId":"JarrelBin"},"content":"    public String toString(){","lastModifiedDate":"2024-09-18","isFullCredit":false},{"lineNumber":15,"author":{"gitId":"JarrelBin"},"content":"        return \"[T]\" + (isDone ? \"[X] \" : \"[ ] \") + super.toString();","lastModifiedDate":"2024-09-18","isFullCredit":false},{"lineNumber":16,"author":{"gitId":"JarrelBin"},"content":"    }","lastModifiedDate":"2024-09-18","isFullCredit":false},{"lineNumber":17,"author":{"gitId":"JarrelBin"},"content":"}","lastModifiedDate":"2024-09-18","isFullCredit":false}],"authorContributionMap":{"JarrelBin":17}}]
