[{"path":"src/main/java/Alice.java","fileType":"java","lines":[{"lineNumber":1,"author":{"gitId":"JarrelBin"},"content":"import java.io.FileNotFoundException;","lastModifiedDate":"2024-10-08","isFullCredit":false},{"lineNumber":2,"author":{"gitId":"JarrelBin"},"content":"import java.io.IOException;","lastModifiedDate":"2024-10-08","isFullCredit":false},{"lineNumber":3,"author":{"gitId":"JarrelBin"},"content":"import java.util.Scanner;","lastModifiedDate":"2024-08-28","isFullCredit":false},{"lineNumber":4,"author":{"gitId":"JarrelBin"},"content":"","lastModifiedDate":"2024-08-28","isFullCredit":false},{"lineNumber":5,"author":{"gitId":"JarrelBin"},"content":"public class Alice {","lastModifiedDate":"2024-08-28","isFullCredit":false},{"lineNumber":6,"author":{"gitId":"JarrelBin"},"content":"    private static TaskList tasks;","lastModifiedDate":"2024-10-08","isFullCredit":false},{"lineNumber":7,"author":{"gitId":"JarrelBin"},"content":"    private static Storage storage;","lastModifiedDate":"2024-10-08","isFullCredit":false},{"lineNumber":8,"author":{"gitId":"JarrelBin"},"content":"","lastModifiedDate":"2024-08-28","isFullCredit":false},{"lineNumber":9,"author":{"gitId":"JarrelBin"},"content":"    public static String separator \u003d \"____________________________________________________________\\n\";","lastModifiedDate":"2024-10-08","isFullCredit":false},{"lineNumber":10,"author":{"gitId":"JarrelBin"},"content":"","lastModifiedDate":"2024-10-08","isFullCredit":false},{"lineNumber":11,"author":{"gitId":"JarrelBin"},"content":"    public Alice(String filePath) {","lastModifiedDate":"2024-10-08","isFullCredit":false},{"lineNumber":12,"author":{"gitId":"JarrelBin"},"content":"        storage \u003d new Storage(filePath);","lastModifiedDate":"2024-10-08","isFullCredit":false},{"lineNumber":13,"author":{"gitId":"JarrelBin"},"content":"        tasks \u003d new TaskList();","lastModifiedDate":"2024-10-08","isFullCredit":false},{"lineNumber":14,"author":{"gitId":"JarrelBin"},"content":"        try {","lastModifiedDate":"2024-10-08","isFullCredit":false},{"lineNumber":15,"author":{"gitId":"JarrelBin"},"content":"            tasks \u003d new TaskList(storage.load());","lastModifiedDate":"2024-10-08","isFullCredit":false},{"lineNumber":16,"author":{"gitId":"JarrelBin"},"content":"        } catch (IOException e) {","lastModifiedDate":"2024-10-08","isFullCredit":false},{"lineNumber":17,"author":{"gitId":"JarrelBin"},"content":"            //ui.showLoadingError();","lastModifiedDate":"2024-10-08","isFullCredit":false},{"lineNumber":18,"author":{"gitId":"JarrelBin"},"content":"            tasks \u003d new TaskList();","lastModifiedDate":"2024-10-08","isFullCredit":false},{"lineNumber":19,"author":{"gitId":"JarrelBin"},"content":"        }","lastModifiedDate":"2024-08-28","isFullCredit":false},{"lineNumber":20,"author":{"gitId":"JarrelBin"},"content":"    }","lastModifiedDate":"2024-08-28","isFullCredit":false},{"lineNumber":21,"author":{"gitId":"JarrelBin"},"content":"","lastModifiedDate":"2024-08-28","isFullCredit":false},{"lineNumber":22,"author":{"gitId":"JarrelBin"},"content":"","lastModifiedDate":"2024-10-08","isFullCredit":false},{"lineNumber":23,"author":{"gitId":"JarrelBin"},"content":"","lastModifiedDate":"2024-10-08","isFullCredit":false},{"lineNumber":24,"author":{"gitId":"JarrelBin"},"content":"    public static void separatorMessage(String message){","lastModifiedDate":"2024-10-08","isFullCredit":false},{"lineNumber":25,"author":{"gitId":"JarrelBin"},"content":"        System.out.print(separator);","lastModifiedDate":"2024-10-08","isFullCredit":false},{"lineNumber":26,"author":{"gitId":"JarrelBin"},"content":"        System.out.println(message);","lastModifiedDate":"2024-10-08","isFullCredit":false},{"lineNumber":27,"author":{"gitId":"JarrelBin"},"content":"        System.out.print(separator);","lastModifiedDate":"2024-10-08","isFullCredit":false},{"lineNumber":28,"author":{"gitId":"JarrelBin"},"content":"    }","lastModifiedDate":"2024-10-08","isFullCredit":false},{"lineNumber":29,"author":{"gitId":"JarrelBin"},"content":"","lastModifiedDate":"2024-10-08","isFullCredit":false},{"lineNumber":30,"author":{"gitId":"JarrelBin"},"content":"","lastModifiedDate":"2024-10-08","isFullCredit":false},{"lineNumber":31,"author":{"gitId":"JarrelBin"},"content":"    public static void run() {","lastModifiedDate":"2024-10-08","isFullCredit":false},{"lineNumber":32,"author":{"gitId":"JarrelBin"},"content":"","lastModifiedDate":"2024-10-08","isFullCredit":false},{"lineNumber":33,"author":{"gitId":"JarrelBin"},"content":"        String intro \u003d","lastModifiedDate":"2024-08-28","isFullCredit":false},{"lineNumber":34,"author":{"gitId":"JarrelBin"},"content":"                \"____________________________________________________________\\nHello! I\u0027m Alice, here to make you magically organized!\\nHow may I help you?\\n____________________________________________________________\";","lastModifiedDate":"2024-10-08","isFullCredit":false},{"lineNumber":35,"author":{"gitId":"JarrelBin"},"content":"","lastModifiedDate":"2024-08-28","isFullCredit":false},{"lineNumber":36,"author":{"gitId":"JarrelBin"},"content":"        String ending \u003d","lastModifiedDate":"2024-08-28","isFullCredit":false},{"lineNumber":37,"author":{"gitId":"JarrelBin"},"content":"                \"\"\"","lastModifiedDate":"2024-10-08","isFullCredit":false},{"lineNumber":38,"author":{"gitId":"JarrelBin"},"content":"                        ____________________________________________________________","lastModifiedDate":"2024-10-08","isFullCredit":false},{"lineNumber":39,"author":{"gitId":"JarrelBin"},"content":"                        Bye. Back to my wonderland!","lastModifiedDate":"2024-10-08","isFullCredit":false},{"lineNumber":40,"author":{"gitId":"JarrelBin"},"content":"                        ____________________________________________________________\"\"\";","lastModifiedDate":"2024-10-08","isFullCredit":false},{"lineNumber":41,"author":{"gitId":"JarrelBin"},"content":"","lastModifiedDate":"2024-08-28","isFullCredit":false},{"lineNumber":42,"author":{"gitId":"JarrelBin"},"content":"        System.out.println(intro);","lastModifiedDate":"2024-08-28","isFullCredit":false},{"lineNumber":43,"author":{"gitId":"JarrelBin"},"content":"        Scanner input \u003d new Scanner(System.in);","lastModifiedDate":"2024-08-28","isFullCredit":false},{"lineNumber":44,"author":{"gitId":"JarrelBin"},"content":"        String line \u003d input.nextLine();","lastModifiedDate":"2024-10-08","isFullCredit":false},{"lineNumber":45,"author":{"gitId":"JarrelBin"},"content":"        String[] instruction \u003d line.split(\" \");","lastModifiedDate":"2024-09-02","isFullCredit":false},{"lineNumber":46,"author":{"gitId":"JarrelBin"},"content":"        while(!instruction[0].equals(\"bye\")){","lastModifiedDate":"2024-09-02","isFullCredit":false},{"lineNumber":47,"author":{"gitId":"JarrelBin"},"content":"            StringBuilder body \u003d new StringBuilder();","lastModifiedDate":"2024-10-08","isFullCredit":false},{"lineNumber":48,"author":{"gitId":"JarrelBin"},"content":"            StringBuilder param \u003d new StringBuilder();","lastModifiedDate":"2024-10-08","isFullCredit":false},{"lineNumber":49,"author":{"gitId":"JarrelBin"},"content":"            StringBuilder param2 \u003d new StringBuilder();","lastModifiedDate":"2024-10-08","isFullCredit":false},{"lineNumber":50,"author":{"gitId":"JarrelBin"},"content":"            int i \u003d 2;","lastModifiedDate":"2024-09-18","isFullCredit":false},{"lineNumber":51,"author":{"gitId":"JarrelBin"},"content":"            switch (instruction[0]) {","lastModifiedDate":"2024-09-02","isFullCredit":false},{"lineNumber":52,"author":{"gitId":"JarrelBin"},"content":"                case \"list\":","lastModifiedDate":"2024-08-28","isFullCredit":false},{"lineNumber":53,"author":{"gitId":"JarrelBin"},"content":"                    System.out.print(separator);","lastModifiedDate":"2024-08-28","isFullCredit":false},{"lineNumber":54,"author":{"gitId":"JarrelBin"},"content":"                    System.out.println(\"Here are the tasks in your list:\");","lastModifiedDate":"2024-09-18","isFullCredit":false},{"lineNumber":55,"author":{"gitId":"JarrelBin"},"content":"                    tasks.printTasks();","lastModifiedDate":"2024-10-08","isFullCredit":false},{"lineNumber":56,"author":{"gitId":"JarrelBin"},"content":"                    System.out.print(separator);","lastModifiedDate":"2024-08-28","isFullCredit":false},{"lineNumber":57,"author":{"gitId":"JarrelBin"},"content":"                    break;","lastModifiedDate":"2024-08-28","isFullCredit":false},{"lineNumber":58,"author":{"gitId":"JarrelBin"},"content":"                case \"delete\":","lastModifiedDate":"2024-10-01","isFullCredit":false},{"lineNumber":59,"author":{"gitId":"JarrelBin"},"content":"                    if (instruction.length \u003d\u003d 1){","lastModifiedDate":"2024-10-01","isFullCredit":false},{"lineNumber":60,"author":{"gitId":"JarrelBin"},"content":"                        separatorMessage(\"Do specify the task number to delete!\");","lastModifiedDate":"2024-10-08","isFullCredit":false},{"lineNumber":61,"author":{"gitId":"JarrelBin"},"content":"                        break;","lastModifiedDate":"2024-10-01","isFullCredit":false},{"lineNumber":62,"author":{"gitId":"JarrelBin"},"content":"                    }","lastModifiedDate":"2024-10-01","isFullCredit":false},{"lineNumber":63,"author":{"gitId":"JarrelBin"},"content":"                    try {","lastModifiedDate":"2024-10-01","isFullCredit":false},{"lineNumber":64,"author":{"gitId":"JarrelBin"},"content":"                        String task \u003d tasks.get(Integer.parseInt(instruction[1]) - 1).toString();","lastModifiedDate":"2024-10-08","isFullCredit":false},{"lineNumber":65,"author":{"gitId":"JarrelBin"},"content":"                        System.out.print(separator);","lastModifiedDate":"2024-10-01","isFullCredit":false},{"lineNumber":66,"author":{"gitId":"JarrelBin"},"content":"                        System.out.println(\"Noted. I\u0027ve removed this task:\");","lastModifiedDate":"2024-10-01","isFullCredit":false},{"lineNumber":67,"author":{"gitId":"JarrelBin"},"content":"                        System.out.println(task);","lastModifiedDate":"2024-10-01","isFullCredit":false},{"lineNumber":68,"author":{"gitId":"JarrelBin"},"content":"                        tasks.remove(Integer.parseInt(instruction[1]) - 1);","lastModifiedDate":"2024-10-08","isFullCredit":false},{"lineNumber":69,"author":{"gitId":"JarrelBin"},"content":"                        System.out.print(\"Now you have \" + tasks.size() + \" in the list.\" + \"\\n\" + separator);","lastModifiedDate":"2024-10-08","isFullCredit":false},{"lineNumber":70,"author":{"gitId":"JarrelBin"},"content":"","lastModifiedDate":"2024-10-01","isFullCredit":false},{"lineNumber":71,"author":{"gitId":"JarrelBin"},"content":"                    }catch (IndexOutOfBoundsException e){","lastModifiedDate":"2024-10-01","isFullCredit":false},{"lineNumber":72,"author":{"gitId":"JarrelBin"},"content":"                        separatorMessage(\"Task number not found!\");","lastModifiedDate":"2024-10-08","isFullCredit":false},{"lineNumber":73,"author":{"gitId":"JarrelBin"},"content":"                        break;","lastModifiedDate":"2024-10-01","isFullCredit":false},{"lineNumber":74,"author":{"gitId":"JarrelBin"},"content":"                    }","lastModifiedDate":"2024-10-01","isFullCredit":false},{"lineNumber":75,"author":{"gitId":"JarrelBin"},"content":"                    break;","lastModifiedDate":"2024-10-01","isFullCredit":false},{"lineNumber":76,"author":{"gitId":"JarrelBin"},"content":"                case \"mark\":","lastModifiedDate":"2024-09-02","isFullCredit":false},{"lineNumber":77,"author":{"gitId":"JarrelBin"},"content":"                    if (instruction.length \u003d\u003d 1){","lastModifiedDate":"2024-09-02","isFullCredit":false},{"lineNumber":78,"author":{"gitId":"JarrelBin"},"content":"                        separatorMessage(\"Do specify the task number!\");","lastModifiedDate":"2024-10-08","isFullCredit":false},{"lineNumber":79,"author":{"gitId":"JarrelBin"},"content":"                        break;","lastModifiedDate":"2024-09-02","isFullCredit":false},{"lineNumber":80,"author":{"gitId":"JarrelBin"},"content":"                    }","lastModifiedDate":"2024-09-02","isFullCredit":false},{"lineNumber":81,"author":{"gitId":"JarrelBin"},"content":"","lastModifiedDate":"2024-09-02","isFullCredit":false},{"lineNumber":82,"author":{"gitId":"JarrelBin"},"content":"                    System.out.print(separator);","lastModifiedDate":"2024-09-02","isFullCredit":false},{"lineNumber":83,"author":{"gitId":"JarrelBin"},"content":"                    Task task_mark \u003d tasks.get(Integer.parseInt(instruction[1]) - 1);","lastModifiedDate":"2024-10-08","isFullCredit":false},{"lineNumber":84,"author":{"gitId":"JarrelBin"},"content":"                    task_mark.setDone(true);","lastModifiedDate":"2024-09-02","isFullCredit":false},{"lineNumber":85,"author":{"gitId":"JarrelBin"},"content":"                    System.out.println(\"Nice! I\u0027ve marked this task as done:)\");","lastModifiedDate":"2024-09-02","isFullCredit":false},{"lineNumber":86,"author":{"gitId":"JarrelBin"},"content":"                    System.out.println(task_mark);","lastModifiedDate":"2024-10-08","isFullCredit":false},{"lineNumber":87,"author":{"gitId":"JarrelBin"},"content":"                    System.out.print(separator);","lastModifiedDate":"2024-09-02","isFullCredit":false},{"lineNumber":88,"author":{"gitId":"JarrelBin"},"content":"                    break;","lastModifiedDate":"2024-09-02","isFullCredit":false},{"lineNumber":89,"author":{"gitId":"JarrelBin"},"content":"                case \"unmark\":","lastModifiedDate":"2024-09-02","isFullCredit":false},{"lineNumber":90,"author":{"gitId":"JarrelBin"},"content":"                    if (instruction.length \u003d\u003d 1){","lastModifiedDate":"2024-09-02","isFullCredit":false},{"lineNumber":91,"author":{"gitId":"JarrelBin"},"content":"                        separatorMessage(\"Do specify the task number!\");","lastModifiedDate":"2024-10-08","isFullCredit":false},{"lineNumber":92,"author":{"gitId":"JarrelBin"},"content":"                        break;","lastModifiedDate":"2024-09-02","isFullCredit":false},{"lineNumber":93,"author":{"gitId":"JarrelBin"},"content":"                    }","lastModifiedDate":"2024-09-02","isFullCredit":false},{"lineNumber":94,"author":{"gitId":"JarrelBin"},"content":"","lastModifiedDate":"2024-09-02","isFullCredit":false},{"lineNumber":95,"author":{"gitId":"JarrelBin"},"content":"                    System.out.print(separator);","lastModifiedDate":"2024-09-02","isFullCredit":false},{"lineNumber":96,"author":{"gitId":"JarrelBin"},"content":"                    Task task_unmark \u003d tasks.get(Integer.parseInt(instruction[1]) - 1);","lastModifiedDate":"2024-10-08","isFullCredit":false},{"lineNumber":97,"author":{"gitId":"JarrelBin"},"content":"                    task_unmark.setDone(false);","lastModifiedDate":"2024-09-02","isFullCredit":false},{"lineNumber":98,"author":{"gitId":"JarrelBin"},"content":"                    System.out.println(\"OK, I\u0027ve marked this task as not done yet:\");","lastModifiedDate":"2024-09-02","isFullCredit":false},{"lineNumber":99,"author":{"gitId":"JarrelBin"},"content":"                    System.out.println(task_unmark);","lastModifiedDate":"2024-10-08","isFullCredit":false},{"lineNumber":100,"author":{"gitId":"JarrelBin"},"content":"                    System.out.print(separator);","lastModifiedDate":"2024-09-18","isFullCredit":false},{"lineNumber":101,"author":{"gitId":"JarrelBin"},"content":"                    break;","lastModifiedDate":"2024-09-18","isFullCredit":false},{"lineNumber":102,"author":{"gitId":"JarrelBin"},"content":"                case \"todo\":","lastModifiedDate":"2024-09-18","isFullCredit":false},{"lineNumber":103,"author":{"gitId":"JarrelBin"},"content":"                    if (instruction.length \u003d\u003d 1){","lastModifiedDate":"2024-10-01","isFullCredit":false},{"lineNumber":104,"author":{"gitId":"JarrelBin"},"content":"                        separatorMessage(\"The description of todo cannot be empty!\");","lastModifiedDate":"2024-10-08","isFullCredit":false},{"lineNumber":105,"author":{"gitId":"JarrelBin"},"content":"                        break;","lastModifiedDate":"2024-10-01","isFullCredit":false},{"lineNumber":106,"author":{"gitId":"JarrelBin"},"content":"                    }","lastModifiedDate":"2024-10-01","isFullCredit":false},{"lineNumber":107,"author":{"gitId":"JarrelBin"},"content":"                    body.append(instruction[1]);","lastModifiedDate":"2024-10-08","isFullCredit":false},{"lineNumber":108,"author":{"gitId":"JarrelBin"},"content":"                    while(i \u003c instruction.length) {","lastModifiedDate":"2024-09-18","isFullCredit":false},{"lineNumber":109,"author":{"gitId":"JarrelBin"},"content":"                        body.append(\" \").append(instruction[i]);","lastModifiedDate":"2024-10-08","isFullCredit":false},{"lineNumber":110,"author":{"gitId":"JarrelBin"},"content":"                        i++;","lastModifiedDate":"2024-09-18","isFullCredit":false},{"lineNumber":111,"author":{"gitId":"JarrelBin"},"content":"                    }","lastModifiedDate":"2024-09-18","isFullCredit":false},{"lineNumber":112,"author":{"gitId":"JarrelBin"},"content":"                    tasks.add(new Todo(body.toString()));","lastModifiedDate":"2024-10-08","isFullCredit":false},{"lineNumber":113,"author":{"gitId":"JarrelBin"},"content":"                    System.out.print(separator);","lastModifiedDate":"2024-09-02","isFullCredit":false},{"lineNumber":114,"author":{"gitId":"JarrelBin"},"content":"                    System.out.println(\"Got it, I\u0027ve added this task: \\n\" + tasks.getLast().toString());","lastModifiedDate":"2024-10-08","isFullCredit":false},{"lineNumber":115,"author":{"gitId":"JarrelBin"},"content":"                    System.out.print(\"Now you have \" + tasks.size() + \" in the list.\" + \"\\n\" + separator);","lastModifiedDate":"2024-10-08","isFullCredit":false},{"lineNumber":116,"author":{"gitId":"JarrelBin"},"content":"","lastModifiedDate":"2024-09-18","isFullCredit":false},{"lineNumber":117,"author":{"gitId":"JarrelBin"},"content":"                    break;","lastModifiedDate":"2024-09-18","isFullCredit":false},{"lineNumber":118,"author":{"gitId":"JarrelBin"},"content":"                case \"deadline\":","lastModifiedDate":"2024-09-18","isFullCredit":false},{"lineNumber":119,"author":{"gitId":"JarrelBin"},"content":"                    if (instruction.length \u003d\u003d 1){","lastModifiedDate":"2024-10-01","isFullCredit":false},{"lineNumber":120,"author":{"gitId":"JarrelBin"},"content":"                        separatorMessage(\"The description of deadline cannot be empty!\");","lastModifiedDate":"2024-10-08","isFullCredit":false},{"lineNumber":121,"author":{"gitId":"JarrelBin"},"content":"                        break;","lastModifiedDate":"2024-10-01","isFullCredit":false},{"lineNumber":122,"author":{"gitId":"JarrelBin"},"content":"                    }","lastModifiedDate":"2024-10-01","isFullCredit":false},{"lineNumber":123,"author":{"gitId":"JarrelBin"},"content":"                    body.append(instruction[1]);","lastModifiedDate":"2024-10-08","isFullCredit":false},{"lineNumber":124,"author":{"gitId":"JarrelBin"},"content":"                    try {","lastModifiedDate":"2024-10-01","isFullCredit":false},{"lineNumber":125,"author":{"gitId":"JarrelBin"},"content":"                        while (!instruction[i].equals(\"/by\")) {","lastModifiedDate":"2024-09-18","isFullCredit":false},{"lineNumber":126,"author":{"gitId":"JarrelBin"},"content":"                            body.append(\" \").append(instruction[i]);","lastModifiedDate":"2024-10-08","isFullCredit":false},{"lineNumber":127,"author":{"gitId":"JarrelBin"},"content":"                            i++;","lastModifiedDate":"2024-09-18","isFullCredit":false},{"lineNumber":128,"author":{"gitId":"JarrelBin"},"content":"                        }","lastModifiedDate":"2024-09-18","isFullCredit":false},{"lineNumber":129,"author":{"gitId":"JarrelBin"},"content":"                    } catch (ArrayIndexOutOfBoundsException e){","lastModifiedDate":"2024-10-01","isFullCredit":false},{"lineNumber":130,"author":{"gitId":"JarrelBin"},"content":"                        separatorMessage(\"Do include the /by flag!\");","lastModifiedDate":"2024-10-08","isFullCredit":false},{"lineNumber":131,"author":{"gitId":"JarrelBin"},"content":"                        break;","lastModifiedDate":"2024-10-01","isFullCredit":false},{"lineNumber":132,"author":{"gitId":"JarrelBin"},"content":"                    }","lastModifiedDate":"2024-10-01","isFullCredit":false},{"lineNumber":133,"author":{"gitId":"JarrelBin"},"content":"                    i++;","lastModifiedDate":"2024-09-18","isFullCredit":false},{"lineNumber":134,"author":{"gitId":"JarrelBin"},"content":"                    try {","lastModifiedDate":"2024-10-01","isFullCredit":false},{"lineNumber":135,"author":{"gitId":"JarrelBin"},"content":"                        param.append(instruction[i]);","lastModifiedDate":"2024-10-08","isFullCredit":false},{"lineNumber":136,"author":{"gitId":"JarrelBin"},"content":"                    } catch (ArrayIndexOutOfBoundsException e){","lastModifiedDate":"2024-10-01","isFullCredit":false},{"lineNumber":137,"author":{"gitId":"JarrelBin"},"content":"                        separatorMessage(\"Do include the day after /by!\");","lastModifiedDate":"2024-10-08","isFullCredit":false},{"lineNumber":138,"author":{"gitId":"JarrelBin"},"content":"                        break;","lastModifiedDate":"2024-10-01","isFullCredit":false},{"lineNumber":139,"author":{"gitId":"JarrelBin"},"content":"                    }","lastModifiedDate":"2024-10-01","isFullCredit":false},{"lineNumber":140,"author":{"gitId":"JarrelBin"},"content":"","lastModifiedDate":"2024-10-01","isFullCredit":false},{"lineNumber":141,"author":{"gitId":"JarrelBin"},"content":"                    i++;","lastModifiedDate":"2024-09-18","isFullCredit":false},{"lineNumber":142,"author":{"gitId":"JarrelBin"},"content":"                    while(i \u003c instruction.length) {","lastModifiedDate":"2024-09-18","isFullCredit":false},{"lineNumber":143,"author":{"gitId":"JarrelBin"},"content":"                        param.append(\" \").append(instruction[i]);","lastModifiedDate":"2024-10-08","isFullCredit":false},{"lineNumber":144,"author":{"gitId":"JarrelBin"},"content":"                        i++;","lastModifiedDate":"2024-09-18","isFullCredit":false},{"lineNumber":145,"author":{"gitId":"JarrelBin"},"content":"                    }","lastModifiedDate":"2024-09-18","isFullCredit":false},{"lineNumber":146,"author":{"gitId":"JarrelBin"},"content":"                    tasks.add(new Deadline(body.toString(), param.toString()));","lastModifiedDate":"2024-10-08","isFullCredit":false},{"lineNumber":147,"author":{"gitId":"JarrelBin"},"content":"                    System.out.print(separator);","lastModifiedDate":"2024-09-18","isFullCredit":false},{"lineNumber":148,"author":{"gitId":"JarrelBin"},"content":"                    System.out.println(\"Got it, I\u0027ve added this task: \\n\" + tasks.getLast().toString());","lastModifiedDate":"2024-10-08","isFullCredit":false},{"lineNumber":149,"author":{"gitId":"JarrelBin"},"content":"                    System.out.print(\"Now you have \" + tasks.size() + \" in the list.\" + \"\\n\" + separator);","lastModifiedDate":"2024-10-08","isFullCredit":false},{"lineNumber":150,"author":{"gitId":"JarrelBin"},"content":"","lastModifiedDate":"2024-09-18","isFullCredit":false},{"lineNumber":151,"author":{"gitId":"JarrelBin"},"content":"                    break;","lastModifiedDate":"2024-09-18","isFullCredit":false},{"lineNumber":152,"author":{"gitId":"JarrelBin"},"content":"                case \"event\":","lastModifiedDate":"2024-09-18","isFullCredit":false},{"lineNumber":153,"author":{"gitId":"JarrelBin"},"content":"                    body.append(instruction[1]);","lastModifiedDate":"2024-10-08","isFullCredit":false},{"lineNumber":154,"author":{"gitId":"JarrelBin"},"content":"                    try {","lastModifiedDate":"2024-10-01","isFullCredit":false},{"lineNumber":155,"author":{"gitId":"JarrelBin"},"content":"                        while (!instruction[i].equals(\"/from\")) {","lastModifiedDate":"2024-09-18","isFullCredit":false},{"lineNumber":156,"author":{"gitId":"JarrelBin"},"content":"                            body.append(\" \").append(instruction[i]);","lastModifiedDate":"2024-10-08","isFullCredit":false},{"lineNumber":157,"author":{"gitId":"JarrelBin"},"content":"                            i++;","lastModifiedDate":"2024-09-18","isFullCredit":false},{"lineNumber":158,"author":{"gitId":"JarrelBin"},"content":"                        }","lastModifiedDate":"2024-09-18","isFullCredit":false},{"lineNumber":159,"author":{"gitId":"JarrelBin"},"content":"                    }catch (ArrayIndexOutOfBoundsException e){","lastModifiedDate":"2024-10-01","isFullCredit":false},{"lineNumber":160,"author":{"gitId":"JarrelBin"},"content":"                        separatorMessage(\"Do include the /from flag!\");","lastModifiedDate":"2024-10-08","isFullCredit":false},{"lineNumber":161,"author":{"gitId":"JarrelBin"},"content":"                        break;","lastModifiedDate":"2024-10-01","isFullCredit":false},{"lineNumber":162,"author":{"gitId":"JarrelBin"},"content":"                    }","lastModifiedDate":"2024-10-01","isFullCredit":false},{"lineNumber":163,"author":{"gitId":"JarrelBin"},"content":"                    i++;","lastModifiedDate":"2024-09-18","isFullCredit":false},{"lineNumber":164,"author":{"gitId":"JarrelBin"},"content":"                    try {","lastModifiedDate":"2024-10-01","isFullCredit":false},{"lineNumber":165,"author":{"gitId":"JarrelBin"},"content":"                        param.append(instruction[i]);","lastModifiedDate":"2024-10-08","isFullCredit":false},{"lineNumber":166,"author":{"gitId":"JarrelBin"},"content":"                    }catch (ArrayIndexOutOfBoundsException e){","lastModifiedDate":"2024-10-01","isFullCredit":false},{"lineNumber":167,"author":{"gitId":"JarrelBin"},"content":"                        separatorMessage(\"Do include the day after /from!\");","lastModifiedDate":"2024-10-08","isFullCredit":false},{"lineNumber":168,"author":{"gitId":"JarrelBin"},"content":"                        break;","lastModifiedDate":"2024-10-01","isFullCredit":false},{"lineNumber":169,"author":{"gitId":"JarrelBin"},"content":"                    }","lastModifiedDate":"2024-10-01","isFullCredit":false},{"lineNumber":170,"author":{"gitId":"JarrelBin"},"content":"                    i++;","lastModifiedDate":"2024-09-18","isFullCredit":false},{"lineNumber":171,"author":{"gitId":"JarrelBin"},"content":"                    try {","lastModifiedDate":"2024-10-01","isFullCredit":false},{"lineNumber":172,"author":{"gitId":"JarrelBin"},"content":"                        while (!instruction[i].equals(\"/to\")) {","lastModifiedDate":"2024-09-18","isFullCredit":false},{"lineNumber":173,"author":{"gitId":"JarrelBin"},"content":"                            param.append(\" \").append(instruction[i]);","lastModifiedDate":"2024-10-08","isFullCredit":false},{"lineNumber":174,"author":{"gitId":"JarrelBin"},"content":"                            i++;","lastModifiedDate":"2024-09-18","isFullCredit":false},{"lineNumber":175,"author":{"gitId":"JarrelBin"},"content":"                        }","lastModifiedDate":"2024-09-18","isFullCredit":false},{"lineNumber":176,"author":{"gitId":"JarrelBin"},"content":"                    }catch (ArrayIndexOutOfBoundsException e){","lastModifiedDate":"2024-10-01","isFullCredit":false},{"lineNumber":177,"author":{"gitId":"JarrelBin"},"content":"                        separatorMessage(\"Do include the /to flag!\");","lastModifiedDate":"2024-10-08","isFullCredit":false},{"lineNumber":178,"author":{"gitId":"JarrelBin"},"content":"                        break;","lastModifiedDate":"2024-10-01","isFullCredit":false},{"lineNumber":179,"author":{"gitId":"JarrelBin"},"content":"                    }","lastModifiedDate":"2024-10-01","isFullCredit":false},{"lineNumber":180,"author":{"gitId":"JarrelBin"},"content":"                    i++;","lastModifiedDate":"2024-09-18","isFullCredit":false},{"lineNumber":181,"author":{"gitId":"JarrelBin"},"content":"                    try {","lastModifiedDate":"2024-10-01","isFullCredit":false},{"lineNumber":182,"author":{"gitId":"JarrelBin"},"content":"                        param2.append(instruction[i]);","lastModifiedDate":"2024-10-08","isFullCredit":false},{"lineNumber":183,"author":{"gitId":"JarrelBin"},"content":"                    }catch (ArrayIndexOutOfBoundsException e){","lastModifiedDate":"2024-10-01","isFullCredit":false},{"lineNumber":184,"author":{"gitId":"JarrelBin"},"content":"                        separatorMessage(\"Do include the day after /to!\");","lastModifiedDate":"2024-10-08","isFullCredit":false},{"lineNumber":185,"author":{"gitId":"JarrelBin"},"content":"                        break;","lastModifiedDate":"2024-10-01","isFullCredit":false},{"lineNumber":186,"author":{"gitId":"JarrelBin"},"content":"                    }","lastModifiedDate":"2024-10-01","isFullCredit":false},{"lineNumber":187,"author":{"gitId":"JarrelBin"},"content":"                    i++;","lastModifiedDate":"2024-09-18","isFullCredit":false},{"lineNumber":188,"author":{"gitId":"JarrelBin"},"content":"                    while(i \u003c instruction.length) {","lastModifiedDate":"2024-09-18","isFullCredit":false},{"lineNumber":189,"author":{"gitId":"JarrelBin"},"content":"                        param2.append(\" \").append(instruction[i]);","lastModifiedDate":"2024-10-08","isFullCredit":false},{"lineNumber":190,"author":{"gitId":"JarrelBin"},"content":"                        i++;","lastModifiedDate":"2024-09-18","isFullCredit":false},{"lineNumber":191,"author":{"gitId":"JarrelBin"},"content":"                    }","lastModifiedDate":"2024-09-18","isFullCredit":false},{"lineNumber":192,"author":{"gitId":"JarrelBin"},"content":"                    tasks.add(new Event(body.toString(), param.toString(), param2.toString()));","lastModifiedDate":"2024-10-08","isFullCredit":false},{"lineNumber":193,"author":{"gitId":"JarrelBin"},"content":"                    System.out.print(separator);","lastModifiedDate":"2024-09-18","isFullCredit":false},{"lineNumber":194,"author":{"gitId":"JarrelBin"},"content":"                    System.out.println(\"Got it, I\u0027ve added this task: \\n\" + tasks.getLast().toString());","lastModifiedDate":"2024-10-08","isFullCredit":false},{"lineNumber":195,"author":{"gitId":"JarrelBin"},"content":"                    System.out.print(\"Now you have \" + tasks.size() + \" in the list.\" + \"\\n\" + separator);","lastModifiedDate":"2024-10-08","isFullCredit":false},{"lineNumber":196,"author":{"gitId":"JarrelBin"},"content":"","lastModifiedDate":"2024-09-18","isFullCredit":false},{"lineNumber":197,"author":{"gitId":"JarrelBin"},"content":"                    break;","lastModifiedDate":"2024-09-02","isFullCredit":false},{"lineNumber":198,"author":{"gitId":"JarrelBin"},"content":"                default:","lastModifiedDate":"2024-08-28","isFullCredit":false},{"lineNumber":199,"author":{"gitId":"JarrelBin"},"content":"                    separatorMessage(\"Please put an instruction I can understand :(\");","lastModifiedDate":"2024-10-08","isFullCredit":false},{"lineNumber":200,"author":{"gitId":"JarrelBin"},"content":"            }","lastModifiedDate":"2024-08-28","isFullCredit":false},{"lineNumber":201,"author":{"gitId":"JarrelBin"},"content":"","lastModifiedDate":"2024-08-28","isFullCredit":false},{"lineNumber":202,"author":{"gitId":"JarrelBin"},"content":"            input \u003d new Scanner(System.in);","lastModifiedDate":"2024-08-28","isFullCredit":false},{"lineNumber":203,"author":{"gitId":"JarrelBin"},"content":"            line \u003d input.nextLine();","lastModifiedDate":"2024-08-28","isFullCredit":false},{"lineNumber":204,"author":{"gitId":"JarrelBin"},"content":"            instruction \u003d line.split(\" \");","lastModifiedDate":"2024-09-02","isFullCredit":false},{"lineNumber":205,"author":{"gitId":"JarrelBin"},"content":"        }","lastModifiedDate":"2024-08-28","isFullCredit":false},{"lineNumber":206,"author":{"gitId":"JarrelBin"},"content":"        System.out.println(ending);","lastModifiedDate":"2024-08-28","isFullCredit":false},{"lineNumber":207,"author":{"gitId":"JarrelBin"},"content":"","lastModifiedDate":"2024-10-08","isFullCredit":false},{"lineNumber":208,"author":{"gitId":"JarrelBin"},"content":"    }","lastModifiedDate":"2024-10-08","isFullCredit":false},{"lineNumber":209,"author":{"gitId":"JarrelBin"},"content":"","lastModifiedDate":"2024-10-08","isFullCredit":false},{"lineNumber":210,"author":{"gitId":"JarrelBin"},"content":"    public static void main(String[] args) throws IOException {","lastModifiedDate":"2024-10-08","isFullCredit":false},{"lineNumber":211,"author":{"gitId":"JarrelBin"},"content":"        new Alice(\"data/tasks.txt\").run();","lastModifiedDate":"2024-10-08","isFullCredit":false},{"lineNumber":212,"author":{"gitId":"JarrelBin"},"content":"        storage.writeToFile(\"data/tasks.txt\", tasks.toString());","lastModifiedDate":"2024-10-08","isFullCredit":false},{"lineNumber":213,"author":{"gitId":"JarrelBin"},"content":"    }","lastModifiedDate":"2024-08-28","isFullCredit":false},{"lineNumber":214,"author":{"gitId":"JarrelBin"},"content":"}","lastModifiedDate":"2024-08-28","isFullCredit":false}],"authorContributionMap":{"JarrelBin":214}},{"path":"src/main/java/Deadline.java","fileType":"java","lines":[{"lineNumber":1,"author":{"gitId":"JarrelBin"},"content":"public class Deadline extends Task{","lastModifiedDate":"2024-09-18","isFullCredit":false},{"lineNumber":2,"author":{"gitId":"JarrelBin"},"content":"    protected String by;","lastModifiedDate":"2024-09-18","isFullCredit":false},{"lineNumber":3,"author":{"gitId":"JarrelBin"},"content":"","lastModifiedDate":"2024-09-18","isFullCredit":false},{"lineNumber":4,"author":{"gitId":"JarrelBin"},"content":"    public Deadline(String description, String by) {","lastModifiedDate":"2024-09-18","isFullCredit":false},{"lineNumber":5,"author":{"gitId":"JarrelBin"},"content":"        super(description);","lastModifiedDate":"2024-09-18","isFullCredit":false},{"lineNumber":6,"author":{"gitId":"JarrelBin"},"content":"        this.isDone \u003d false;","lastModifiedDate":"2024-09-18","isFullCredit":false},{"lineNumber":7,"author":{"gitId":"JarrelBin"},"content":"        this.by \u003d by;","lastModifiedDate":"2024-09-18","isFullCredit":false},{"lineNumber":8,"author":{"gitId":"JarrelBin"},"content":"    }","lastModifiedDate":"2024-09-18","isFullCredit":false},{"lineNumber":9,"author":{"gitId":"JarrelBin"},"content":"","lastModifiedDate":"2024-09-18","isFullCredit":false},{"lineNumber":10,"author":{"gitId":"JarrelBin"},"content":"    public Deadline(String description, boolean isDone, String by) {","lastModifiedDate":"2024-10-08","isFullCredit":false},{"lineNumber":11,"author":{"gitId":"JarrelBin"},"content":"        super(description, isDone);","lastModifiedDate":"2024-10-08","isFullCredit":false},{"lineNumber":12,"author":{"gitId":"JarrelBin"},"content":"        this.by \u003d by;","lastModifiedDate":"2024-10-08","isFullCredit":false},{"lineNumber":13,"author":{"gitId":"JarrelBin"},"content":"    }","lastModifiedDate":"2024-10-08","isFullCredit":false},{"lineNumber":14,"author":{"gitId":"JarrelBin"},"content":"","lastModifiedDate":"2024-10-08","isFullCredit":false},{"lineNumber":15,"author":{"gitId":"JarrelBin"},"content":"    public void setBy(String by) {","lastModifiedDate":"2024-09-18","isFullCredit":false},{"lineNumber":16,"author":{"gitId":"JarrelBin"},"content":"        this.by \u003d by;","lastModifiedDate":"2024-09-18","isFullCredit":false},{"lineNumber":17,"author":{"gitId":"JarrelBin"},"content":"    }","lastModifiedDate":"2024-09-18","isFullCredit":false},{"lineNumber":18,"author":{"gitId":"JarrelBin"},"content":"    public String getBy() {","lastModifiedDate":"2024-09-18","isFullCredit":false},{"lineNumber":19,"author":{"gitId":"JarrelBin"},"content":"        return by;","lastModifiedDate":"2024-09-18","isFullCredit":false},{"lineNumber":20,"author":{"gitId":"JarrelBin"},"content":"    }","lastModifiedDate":"2024-09-18","isFullCredit":false},{"lineNumber":21,"author":{"gitId":"JarrelBin"},"content":"","lastModifiedDate":"2024-09-18","isFullCredit":false},{"lineNumber":22,"author":{"gitId":"JarrelBin"},"content":"    @Override","lastModifiedDate":"2024-09-18","isFullCredit":false},{"lineNumber":23,"author":{"gitId":"JarrelBin"},"content":"    public String toString() {","lastModifiedDate":"2024-09-18","isFullCredit":false},{"lineNumber":24,"author":{"gitId":"JarrelBin"},"content":"        return \"[D][ ] \" + super.toString() + \" (by: \" + by + \")\";","lastModifiedDate":"2024-09-18","isFullCredit":false},{"lineNumber":25,"author":{"gitId":"JarrelBin"},"content":"    }","lastModifiedDate":"2024-09-18","isFullCredit":false},{"lineNumber":26,"author":{"gitId":"JarrelBin"},"content":"","lastModifiedDate":"2024-10-08","isFullCredit":false},{"lineNumber":27,"author":{"gitId":"JarrelBin"},"content":"    @Override","lastModifiedDate":"2024-10-08","isFullCredit":false},{"lineNumber":28,"author":{"gitId":"JarrelBin"},"content":"    public String toSave() { return \"D\" + super.toSave() + \" /by \" + by; }","lastModifiedDate":"2024-10-08","isFullCredit":false},{"lineNumber":29,"author":{"gitId":"JarrelBin"},"content":"}","lastModifiedDate":"2024-09-18","isFullCredit":false}],"authorContributionMap":{"JarrelBin":29}},{"path":"src/main/java/Event.java","fileType":"java","lines":[{"lineNumber":1,"author":{"gitId":"JarrelBin"},"content":"public class Event extends Task{","lastModifiedDate":"2024-09-18","isFullCredit":false},{"lineNumber":2,"author":{"gitId":"JarrelBin"},"content":"    protected String from;","lastModifiedDate":"2024-09-18","isFullCredit":false},{"lineNumber":3,"author":{"gitId":"JarrelBin"},"content":"    protected String to;","lastModifiedDate":"2024-09-18","isFullCredit":false},{"lineNumber":4,"author":{"gitId":"JarrelBin"},"content":"","lastModifiedDate":"2024-09-18","isFullCredit":false},{"lineNumber":5,"author":{"gitId":"JarrelBin"},"content":"    public Event(String description, String from, String to) {","lastModifiedDate":"2024-09-18","isFullCredit":false},{"lineNumber":6,"author":{"gitId":"JarrelBin"},"content":"        super(description);","lastModifiedDate":"2024-09-18","isFullCredit":false},{"lineNumber":7,"author":{"gitId":"JarrelBin"},"content":"        this.isDone \u003d false;","lastModifiedDate":"2024-09-18","isFullCredit":false},{"lineNumber":8,"author":{"gitId":"JarrelBin"},"content":"        this.from \u003d from;","lastModifiedDate":"2024-09-18","isFullCredit":false},{"lineNumber":9,"author":{"gitId":"JarrelBin"},"content":"        this.to \u003d to;","lastModifiedDate":"2024-09-18","isFullCredit":false},{"lineNumber":10,"author":{"gitId":"JarrelBin"},"content":"    }","lastModifiedDate":"2024-09-18","isFullCredit":false},{"lineNumber":11,"author":{"gitId":"JarrelBin"},"content":"","lastModifiedDate":"2024-09-18","isFullCredit":false},{"lineNumber":12,"author":{"gitId":"JarrelBin"},"content":"    public Event(String description, boolean isDone, String from, String to) {","lastModifiedDate":"2024-10-08","isFullCredit":false},{"lineNumber":13,"author":{"gitId":"JarrelBin"},"content":"        super(description, isDone);","lastModifiedDate":"2024-10-08","isFullCredit":false},{"lineNumber":14,"author":{"gitId":"JarrelBin"},"content":"        this.from \u003d from;","lastModifiedDate":"2024-10-08","isFullCredit":false},{"lineNumber":15,"author":{"gitId":"JarrelBin"},"content":"        this.to \u003d to;","lastModifiedDate":"2024-10-08","isFullCredit":false},{"lineNumber":16,"author":{"gitId":"JarrelBin"},"content":"    }","lastModifiedDate":"2024-10-08","isFullCredit":false},{"lineNumber":17,"author":{"gitId":"JarrelBin"},"content":"","lastModifiedDate":"2024-10-08","isFullCredit":false},{"lineNumber":18,"author":{"gitId":"JarrelBin"},"content":"    public void setFrom(String from) {","lastModifiedDate":"2024-09-18","isFullCredit":false},{"lineNumber":19,"author":{"gitId":"JarrelBin"},"content":"        this.from \u003d from;","lastModifiedDate":"2024-09-18","isFullCredit":false},{"lineNumber":20,"author":{"gitId":"JarrelBin"},"content":"    }","lastModifiedDate":"2024-09-18","isFullCredit":false},{"lineNumber":21,"author":{"gitId":"JarrelBin"},"content":"","lastModifiedDate":"2024-09-18","isFullCredit":false},{"lineNumber":22,"author":{"gitId":"JarrelBin"},"content":"    public void setTo(String to) {","lastModifiedDate":"2024-09-18","isFullCredit":false},{"lineNumber":23,"author":{"gitId":"JarrelBin"},"content":"        this.to \u003d to;","lastModifiedDate":"2024-09-18","isFullCredit":false},{"lineNumber":24,"author":{"gitId":"JarrelBin"},"content":"    }","lastModifiedDate":"2024-09-18","isFullCredit":false},{"lineNumber":25,"author":{"gitId":"JarrelBin"},"content":"","lastModifiedDate":"2024-09-18","isFullCredit":false},{"lineNumber":26,"author":{"gitId":"JarrelBin"},"content":"    public String getFrom() {","lastModifiedDate":"2024-09-18","isFullCredit":false},{"lineNumber":27,"author":{"gitId":"JarrelBin"},"content":"        return from;","lastModifiedDate":"2024-09-18","isFullCredit":false},{"lineNumber":28,"author":{"gitId":"JarrelBin"},"content":"    }","lastModifiedDate":"2024-09-18","isFullCredit":false},{"lineNumber":29,"author":{"gitId":"JarrelBin"},"content":"","lastModifiedDate":"2024-09-18","isFullCredit":false},{"lineNumber":30,"author":{"gitId":"JarrelBin"},"content":"    public String getTo() {","lastModifiedDate":"2024-09-18","isFullCredit":false},{"lineNumber":31,"author":{"gitId":"JarrelBin"},"content":"        return to;","lastModifiedDate":"2024-09-18","isFullCredit":false},{"lineNumber":32,"author":{"gitId":"JarrelBin"},"content":"    }","lastModifiedDate":"2024-09-18","isFullCredit":false},{"lineNumber":33,"author":{"gitId":"JarrelBin"},"content":"","lastModifiedDate":"2024-09-18","isFullCredit":false},{"lineNumber":34,"author":{"gitId":"JarrelBin"},"content":"    @Override","lastModifiedDate":"2024-09-18","isFullCredit":false},{"lineNumber":35,"author":{"gitId":"JarrelBin"},"content":"    public String toString() {","lastModifiedDate":"2024-09-18","isFullCredit":false},{"lineNumber":36,"author":{"gitId":"JarrelBin"},"content":"        return \"[E][ ] \" + super.toString() + \" (from: \" + from + \" to: \" + to + \")\";","lastModifiedDate":"2024-09-18","isFullCredit":false},{"lineNumber":37,"author":{"gitId":"JarrelBin"},"content":"    }","lastModifiedDate":"2024-09-18","isFullCredit":false},{"lineNumber":38,"author":{"gitId":"JarrelBin"},"content":"    @Override","lastModifiedDate":"2024-10-08","isFullCredit":false},{"lineNumber":39,"author":{"gitId":"JarrelBin"},"content":"    public String toSave() { return \"E\" + super.toSave() + \" /from \" + from + \" /to \" + to; }","lastModifiedDate":"2024-10-08","isFullCredit":false},{"lineNumber":40,"author":{"gitId":"JarrelBin"},"content":"}","lastModifiedDate":"2024-09-18","isFullCredit":false}],"authorContributionMap":{"JarrelBin":40}},{"path":"src/main/java/Storage.java","fileType":"java","lines":[{"lineNumber":1,"author":{"gitId":"JarrelBin"},"content":"import java.io.File;","lastModifiedDate":"2024-10-08","isFullCredit":false},{"lineNumber":2,"author":{"gitId":"JarrelBin"},"content":"import java.io.FileNotFoundException;","lastModifiedDate":"2024-10-08","isFullCredit":false},{"lineNumber":3,"author":{"gitId":"JarrelBin"},"content":"import java.nio.file.Files;","lastModifiedDate":"2024-10-08","isFullCredit":false},{"lineNumber":4,"author":{"gitId":"JarrelBin"},"content":"import java.util.ArrayList;","lastModifiedDate":"2024-10-08","isFullCredit":false},{"lineNumber":5,"author":{"gitId":"JarrelBin"},"content":"import java.util.Scanner;","lastModifiedDate":"2024-10-08","isFullCredit":false},{"lineNumber":6,"author":{"gitId":"JarrelBin"},"content":"import java.io.FileWriter;","lastModifiedDate":"2024-10-08","isFullCredit":false},{"lineNumber":7,"author":{"gitId":"JarrelBin"},"content":"import java.io.IOException;","lastModifiedDate":"2024-10-08","isFullCredit":false},{"lineNumber":8,"author":{"gitId":"JarrelBin"},"content":"","lastModifiedDate":"2024-10-08","isFullCredit":false},{"lineNumber":9,"author":{"gitId":"JarrelBin"},"content":"public class Storage {","lastModifiedDate":"2024-10-08","isFullCredit":false},{"lineNumber":10,"author":{"gitId":"JarrelBin"},"content":"    private File f;","lastModifiedDate":"2024-10-08","isFullCredit":false},{"lineNumber":11,"author":{"gitId":"JarrelBin"},"content":"    public static final String defaultName \u003d \"data/duke.txt\";","lastModifiedDate":"2024-10-08","isFullCredit":false},{"lineNumber":12,"author":{"gitId":"JarrelBin"},"content":"","lastModifiedDate":"2024-10-08","isFullCredit":false},{"lineNumber":13,"author":{"gitId":"JarrelBin"},"content":"    public Storage(){","lastModifiedDate":"2024-10-08","isFullCredit":false},{"lineNumber":14,"author":{"gitId":"JarrelBin"},"content":"        this(defaultName);","lastModifiedDate":"2024-10-08","isFullCredit":false},{"lineNumber":15,"author":{"gitId":"JarrelBin"},"content":"    }","lastModifiedDate":"2024-10-08","isFullCredit":false},{"lineNumber":16,"author":{"gitId":"JarrelBin"},"content":"    public Storage(String filePath){","lastModifiedDate":"2024-10-08","isFullCredit":false},{"lineNumber":17,"author":{"gitId":"JarrelBin"},"content":"        f \u003d new File(filePath);","lastModifiedDate":"2024-10-08","isFullCredit":false},{"lineNumber":18,"author":{"gitId":"JarrelBin"},"content":"","lastModifiedDate":"2024-10-08","isFullCredit":false},{"lineNumber":19,"author":{"gitId":"JarrelBin"},"content":"    }","lastModifiedDate":"2024-10-08","isFullCredit":false},{"lineNumber":20,"author":{"gitId":"JarrelBin"},"content":"","lastModifiedDate":"2024-10-08","isFullCredit":false},{"lineNumber":21,"author":{"gitId":"JarrelBin"},"content":"    public ArrayList\u003cTask\u003e load() throws IOException {","lastModifiedDate":"2024-10-08","isFullCredit":false},{"lineNumber":22,"author":{"gitId":"JarrelBin"},"content":"        if(f.createNewFile()){","lastModifiedDate":"2024-10-08","isFullCredit":false},{"lineNumber":23,"author":{"gitId":"JarrelBin"},"content":"            System.out.println(\"new file created\");","lastModifiedDate":"2024-10-08","isFullCredit":false},{"lineNumber":24,"author":{"gitId":"JarrelBin"},"content":"            return new ArrayList\u003c\u003e();","lastModifiedDate":"2024-10-08","isFullCredit":false},{"lineNumber":25,"author":{"gitId":"JarrelBin"},"content":"        }","lastModifiedDate":"2024-10-08","isFullCredit":false},{"lineNumber":26,"author":{"gitId":"JarrelBin"},"content":"        ArrayList\u003cTask\u003e loadList \u003d new ArrayList\u003c\u003e();","lastModifiedDate":"2024-10-08","isFullCredit":false},{"lineNumber":27,"author":{"gitId":"JarrelBin"},"content":"        Scanner s \u003d new Scanner(f); // create a Scanner using the File as the source","lastModifiedDate":"2024-10-08","isFullCredit":false},{"lineNumber":28,"author":{"gitId":"JarrelBin"},"content":"","lastModifiedDate":"2024-10-08","isFullCredit":false},{"lineNumber":29,"author":{"gitId":"JarrelBin"},"content":"        while(s.hasNext()) {","lastModifiedDate":"2024-10-08","isFullCredit":false},{"lineNumber":30,"author":{"gitId":"JarrelBin"},"content":"            String line \u003d s.nextLine();","lastModifiedDate":"2024-10-08","isFullCredit":false},{"lineNumber":31,"author":{"gitId":"JarrelBin"},"content":"            String[] instruction \u003d line.split(\" \");","lastModifiedDate":"2024-10-08","isFullCredit":false},{"lineNumber":32,"author":{"gitId":"JarrelBin"},"content":"            StringBuilder body \u003d new StringBuilder();","lastModifiedDate":"2024-10-08","isFullCredit":false},{"lineNumber":33,"author":{"gitId":"JarrelBin"},"content":"            StringBuilder param \u003d new StringBuilder();","lastModifiedDate":"2024-10-08","isFullCredit":false},{"lineNumber":34,"author":{"gitId":"JarrelBin"},"content":"            StringBuilder param2 \u003d new StringBuilder();","lastModifiedDate":"2024-10-08","isFullCredit":false},{"lineNumber":35,"author":{"gitId":"JarrelBin"},"content":"            int i \u003d 3;","lastModifiedDate":"2024-10-08","isFullCredit":false},{"lineNumber":36,"author":{"gitId":"JarrelBin"},"content":"            switch (instruction[0]) {","lastModifiedDate":"2024-10-08","isFullCredit":false},{"lineNumber":37,"author":{"gitId":"JarrelBin"},"content":"                case \"T\":","lastModifiedDate":"2024-10-08","isFullCredit":false},{"lineNumber":38,"author":{"gitId":"JarrelBin"},"content":"                    if (instruction.length \u003d\u003d 1){","lastModifiedDate":"2024-10-08","isFullCredit":false},{"lineNumber":39,"author":{"gitId":"JarrelBin"},"content":"                        System.out.println(\"The description of todo cannot be empty!\");","lastModifiedDate":"2024-10-08","isFullCredit":false},{"lineNumber":40,"author":{"gitId":"JarrelBin"},"content":"                        break;","lastModifiedDate":"2024-10-08","isFullCredit":false},{"lineNumber":41,"author":{"gitId":"JarrelBin"},"content":"                    }","lastModifiedDate":"2024-10-08","isFullCredit":false},{"lineNumber":42,"author":{"gitId":"JarrelBin"},"content":"                    body.append(instruction[2]);","lastModifiedDate":"2024-10-08","isFullCredit":false},{"lineNumber":43,"author":{"gitId":"JarrelBin"},"content":"                    while (i \u003c instruction.length) {","lastModifiedDate":"2024-10-08","isFullCredit":false},{"lineNumber":44,"author":{"gitId":"JarrelBin"},"content":"                        body.append(\" \").append(instruction[i]);","lastModifiedDate":"2024-10-08","isFullCredit":false},{"lineNumber":45,"author":{"gitId":"JarrelBin"},"content":"                        i++;","lastModifiedDate":"2024-10-08","isFullCredit":false},{"lineNumber":46,"author":{"gitId":"JarrelBin"},"content":"                    }","lastModifiedDate":"2024-10-08","isFullCredit":false},{"lineNumber":47,"author":{"gitId":"JarrelBin"},"content":"                    System.out.println(body.toString() + instruction[1]);","lastModifiedDate":"2024-10-08","isFullCredit":false},{"lineNumber":48,"author":{"gitId":"JarrelBin"},"content":"                    loadList.add(new Todo(body.toString(), Boolean.getBoolean(instruction[1])));","lastModifiedDate":"2024-10-08","isFullCredit":false},{"lineNumber":49,"author":{"gitId":"JarrelBin"},"content":"                    break;","lastModifiedDate":"2024-10-08","isFullCredit":false},{"lineNumber":50,"author":{"gitId":"JarrelBin"},"content":"                case \"D\":","lastModifiedDate":"2024-10-08","isFullCredit":false},{"lineNumber":51,"author":{"gitId":"JarrelBin"},"content":"                    if (instruction.length \u003d\u003d 1) {","lastModifiedDate":"2024-10-08","isFullCredit":false},{"lineNumber":52,"author":{"gitId":"JarrelBin"},"content":"                        System.out.println(\"The description of deadline cannot be empty!\");","lastModifiedDate":"2024-10-08","isFullCredit":false},{"lineNumber":53,"author":{"gitId":"JarrelBin"},"content":"                        break;","lastModifiedDate":"2024-10-08","isFullCredit":false},{"lineNumber":54,"author":{"gitId":"JarrelBin"},"content":"                    }","lastModifiedDate":"2024-10-08","isFullCredit":false},{"lineNumber":55,"author":{"gitId":"JarrelBin"},"content":"                    body.append(instruction[2]);","lastModifiedDate":"2024-10-08","isFullCredit":false},{"lineNumber":56,"author":{"gitId":"JarrelBin"},"content":"                    try {","lastModifiedDate":"2024-10-08","isFullCredit":false},{"lineNumber":57,"author":{"gitId":"JarrelBin"},"content":"                        while (!instruction[i].equals(\"/by\")) {","lastModifiedDate":"2024-10-08","isFullCredit":false},{"lineNumber":58,"author":{"gitId":"JarrelBin"},"content":"                            body.append(\" \").append(instruction[i]);","lastModifiedDate":"2024-10-08","isFullCredit":false},{"lineNumber":59,"author":{"gitId":"JarrelBin"},"content":"                            i++;","lastModifiedDate":"2024-10-08","isFullCredit":false},{"lineNumber":60,"author":{"gitId":"JarrelBin"},"content":"                        }","lastModifiedDate":"2024-10-08","isFullCredit":false},{"lineNumber":61,"author":{"gitId":"JarrelBin"},"content":"                    } catch (ArrayIndexOutOfBoundsException e) {","lastModifiedDate":"2024-10-08","isFullCredit":false},{"lineNumber":62,"author":{"gitId":"JarrelBin"},"content":"                        System.out.println(\"Do include the /by flag!\");","lastModifiedDate":"2024-10-08","isFullCredit":false},{"lineNumber":63,"author":{"gitId":"JarrelBin"},"content":"                        break;","lastModifiedDate":"2024-10-08","isFullCredit":false},{"lineNumber":64,"author":{"gitId":"JarrelBin"},"content":"                    }","lastModifiedDate":"2024-10-08","isFullCredit":false},{"lineNumber":65,"author":{"gitId":"JarrelBin"},"content":"                    i++;","lastModifiedDate":"2024-10-08","isFullCredit":false},{"lineNumber":66,"author":{"gitId":"JarrelBin"},"content":"                    try {","lastModifiedDate":"2024-10-08","isFullCredit":false},{"lineNumber":67,"author":{"gitId":"JarrelBin"},"content":"                        param.append(instruction[i]);","lastModifiedDate":"2024-10-08","isFullCredit":false},{"lineNumber":68,"author":{"gitId":"JarrelBin"},"content":"                    } catch (ArrayIndexOutOfBoundsException e) {","lastModifiedDate":"2024-10-08","isFullCredit":false},{"lineNumber":69,"author":{"gitId":"JarrelBin"},"content":"                        System.out.println(\"Do include the day after /by!\");","lastModifiedDate":"2024-10-08","isFullCredit":false},{"lineNumber":70,"author":{"gitId":"JarrelBin"},"content":"                        break;","lastModifiedDate":"2024-10-08","isFullCredit":false},{"lineNumber":71,"author":{"gitId":"JarrelBin"},"content":"                    }","lastModifiedDate":"2024-10-08","isFullCredit":false},{"lineNumber":72,"author":{"gitId":"JarrelBin"},"content":"","lastModifiedDate":"2024-10-08","isFullCredit":false},{"lineNumber":73,"author":{"gitId":"JarrelBin"},"content":"                    i++;","lastModifiedDate":"2024-10-08","isFullCredit":false},{"lineNumber":74,"author":{"gitId":"JarrelBin"},"content":"                    while (i \u003c instruction.length) {","lastModifiedDate":"2024-10-08","isFullCredit":false},{"lineNumber":75,"author":{"gitId":"JarrelBin"},"content":"                        param.append(\" \").append(instruction[i]);","lastModifiedDate":"2024-10-08","isFullCredit":false},{"lineNumber":76,"author":{"gitId":"JarrelBin"},"content":"                        i++;","lastModifiedDate":"2024-10-08","isFullCredit":false},{"lineNumber":77,"author":{"gitId":"JarrelBin"},"content":"                    }","lastModifiedDate":"2024-10-08","isFullCredit":false},{"lineNumber":78,"author":{"gitId":"JarrelBin"},"content":"                    loadList.add(new Deadline(body.toString(), Boolean.getBoolean(instruction[1]), param.toString()));","lastModifiedDate":"2024-10-08","isFullCredit":false},{"lineNumber":79,"author":{"gitId":"JarrelBin"},"content":"","lastModifiedDate":"2024-10-08","isFullCredit":false},{"lineNumber":80,"author":{"gitId":"JarrelBin"},"content":"                    break;","lastModifiedDate":"2024-10-08","isFullCredit":false},{"lineNumber":81,"author":{"gitId":"JarrelBin"},"content":"                case \"E\":","lastModifiedDate":"2024-10-08","isFullCredit":false},{"lineNumber":82,"author":{"gitId":"JarrelBin"},"content":"                    body.append(instruction[2]);","lastModifiedDate":"2024-10-08","isFullCredit":false},{"lineNumber":83,"author":{"gitId":"JarrelBin"},"content":"                    try {","lastModifiedDate":"2024-10-08","isFullCredit":false},{"lineNumber":84,"author":{"gitId":"JarrelBin"},"content":"                        while (!instruction[i].equals(\"/from\")) {","lastModifiedDate":"2024-10-08","isFullCredit":false},{"lineNumber":85,"author":{"gitId":"JarrelBin"},"content":"                            body.append(\" \").append(instruction[i]);","lastModifiedDate":"2024-10-08","isFullCredit":false},{"lineNumber":86,"author":{"gitId":"JarrelBin"},"content":"                            i++;","lastModifiedDate":"2024-10-08","isFullCredit":false},{"lineNumber":87,"author":{"gitId":"JarrelBin"},"content":"                        }","lastModifiedDate":"2024-10-08","isFullCredit":false},{"lineNumber":88,"author":{"gitId":"JarrelBin"},"content":"                    } catch (ArrayIndexOutOfBoundsException e) {","lastModifiedDate":"2024-10-08","isFullCredit":false},{"lineNumber":89,"author":{"gitId":"JarrelBin"},"content":"                        System.out.println(\"Do include the /from flag!\");","lastModifiedDate":"2024-10-08","isFullCredit":false},{"lineNumber":90,"author":{"gitId":"JarrelBin"},"content":"                        break;","lastModifiedDate":"2024-10-08","isFullCredit":false},{"lineNumber":91,"author":{"gitId":"JarrelBin"},"content":"                    }","lastModifiedDate":"2024-10-08","isFullCredit":false},{"lineNumber":92,"author":{"gitId":"JarrelBin"},"content":"                    i++;","lastModifiedDate":"2024-10-08","isFullCredit":false},{"lineNumber":93,"author":{"gitId":"JarrelBin"},"content":"                    try {","lastModifiedDate":"2024-10-08","isFullCredit":false},{"lineNumber":94,"author":{"gitId":"JarrelBin"},"content":"                        param.append(instruction[i]);","lastModifiedDate":"2024-10-08","isFullCredit":false},{"lineNumber":95,"author":{"gitId":"JarrelBin"},"content":"                    } catch (ArrayIndexOutOfBoundsException e) {","lastModifiedDate":"2024-10-08","isFullCredit":false},{"lineNumber":96,"author":{"gitId":"JarrelBin"},"content":"                        System.out.println(\"Do include the day after /from!\");","lastModifiedDate":"2024-10-08","isFullCredit":false},{"lineNumber":97,"author":{"gitId":"JarrelBin"},"content":"                        break;","lastModifiedDate":"2024-10-08","isFullCredit":false},{"lineNumber":98,"author":{"gitId":"JarrelBin"},"content":"                    }","lastModifiedDate":"2024-10-08","isFullCredit":false},{"lineNumber":99,"author":{"gitId":"JarrelBin"},"content":"                    i++;","lastModifiedDate":"2024-10-08","isFullCredit":false},{"lineNumber":100,"author":{"gitId":"JarrelBin"},"content":"                    try {","lastModifiedDate":"2024-10-08","isFullCredit":false},{"lineNumber":101,"author":{"gitId":"JarrelBin"},"content":"                        while (!instruction[i].equals(\"/to\")) {","lastModifiedDate":"2024-10-08","isFullCredit":false},{"lineNumber":102,"author":{"gitId":"JarrelBin"},"content":"                            param.append(\" \").append(instruction[i]);","lastModifiedDate":"2024-10-08","isFullCredit":false},{"lineNumber":103,"author":{"gitId":"JarrelBin"},"content":"                            i++;","lastModifiedDate":"2024-10-08","isFullCredit":false},{"lineNumber":104,"author":{"gitId":"JarrelBin"},"content":"                        }","lastModifiedDate":"2024-10-08","isFullCredit":false},{"lineNumber":105,"author":{"gitId":"JarrelBin"},"content":"                    } catch (ArrayIndexOutOfBoundsException e) {","lastModifiedDate":"2024-10-08","isFullCredit":false},{"lineNumber":106,"author":{"gitId":"JarrelBin"},"content":"                        System.out.println(\"Do include the /to flag!\");","lastModifiedDate":"2024-10-08","isFullCredit":false},{"lineNumber":107,"author":{"gitId":"JarrelBin"},"content":"                        break;","lastModifiedDate":"2024-10-08","isFullCredit":false},{"lineNumber":108,"author":{"gitId":"JarrelBin"},"content":"                    }","lastModifiedDate":"2024-10-08","isFullCredit":false},{"lineNumber":109,"author":{"gitId":"JarrelBin"},"content":"                    i++;","lastModifiedDate":"2024-10-08","isFullCredit":false},{"lineNumber":110,"author":{"gitId":"JarrelBin"},"content":"                    try {","lastModifiedDate":"2024-10-08","isFullCredit":false},{"lineNumber":111,"author":{"gitId":"JarrelBin"},"content":"                        param2.append(instruction[i]);","lastModifiedDate":"2024-10-08","isFullCredit":false},{"lineNumber":112,"author":{"gitId":"JarrelBin"},"content":"                    } catch (ArrayIndexOutOfBoundsException e) {","lastModifiedDate":"2024-10-08","isFullCredit":false},{"lineNumber":113,"author":{"gitId":"JarrelBin"},"content":"                        System.out.println(\"Do include the day after /to!\");","lastModifiedDate":"2024-10-08","isFullCredit":false},{"lineNumber":114,"author":{"gitId":"JarrelBin"},"content":"                        break;","lastModifiedDate":"2024-10-08","isFullCredit":false},{"lineNumber":115,"author":{"gitId":"JarrelBin"},"content":"                    }","lastModifiedDate":"2024-10-08","isFullCredit":false},{"lineNumber":116,"author":{"gitId":"JarrelBin"},"content":"                    i++;","lastModifiedDate":"2024-10-08","isFullCredit":false},{"lineNumber":117,"author":{"gitId":"JarrelBin"},"content":"                    while (i \u003c instruction.length) {","lastModifiedDate":"2024-10-08","isFullCredit":false},{"lineNumber":118,"author":{"gitId":"JarrelBin"},"content":"                        param2.append(\" \").append(instruction[i]);","lastModifiedDate":"2024-10-08","isFullCredit":false},{"lineNumber":119,"author":{"gitId":"JarrelBin"},"content":"                        i++;","lastModifiedDate":"2024-10-08","isFullCredit":false},{"lineNumber":120,"author":{"gitId":"JarrelBin"},"content":"                    }","lastModifiedDate":"2024-10-08","isFullCredit":false},{"lineNumber":121,"author":{"gitId":"JarrelBin"},"content":"                    loadList.add(new Event(body.toString(), Boolean.getBoolean(instruction[1]), param.toString(), param2.toString()));","lastModifiedDate":"2024-10-08","isFullCredit":false},{"lineNumber":122,"author":{"gitId":"JarrelBin"},"content":"                    break;","lastModifiedDate":"2024-10-08","isFullCredit":false},{"lineNumber":123,"author":{"gitId":"JarrelBin"},"content":"                default:","lastModifiedDate":"2024-10-08","isFullCredit":false},{"lineNumber":124,"author":{"gitId":"JarrelBin"},"content":"                    System.out.println(\"Please put an instruction I can understand :(\");","lastModifiedDate":"2024-10-08","isFullCredit":false},{"lineNumber":125,"author":{"gitId":"JarrelBin"},"content":"            }","lastModifiedDate":"2024-10-08","isFullCredit":false},{"lineNumber":126,"author":{"gitId":"JarrelBin"},"content":"","lastModifiedDate":"2024-10-08","isFullCredit":false},{"lineNumber":127,"author":{"gitId":"JarrelBin"},"content":"        }","lastModifiedDate":"2024-10-08","isFullCredit":false},{"lineNumber":128,"author":{"gitId":"JarrelBin"},"content":"","lastModifiedDate":"2024-10-08","isFullCredit":false},{"lineNumber":129,"author":{"gitId":"JarrelBin"},"content":"        return loadList;","lastModifiedDate":"2024-10-08","isFullCredit":false},{"lineNumber":130,"author":{"gitId":"JarrelBin"},"content":"    }","lastModifiedDate":"2024-10-08","isFullCredit":false},{"lineNumber":131,"author":{"gitId":"JarrelBin"},"content":"","lastModifiedDate":"2024-10-08","isFullCredit":false},{"lineNumber":132,"author":{"gitId":"JarrelBin"},"content":"    public void writeToFile(String filePath, String textToAdd) throws IOException {","lastModifiedDate":"2024-10-08","isFullCredit":false},{"lineNumber":133,"author":{"gitId":"JarrelBin"},"content":"        FileWriter fw \u003d new FileWriter(filePath);","lastModifiedDate":"2024-10-08","isFullCredit":false},{"lineNumber":134,"author":{"gitId":"JarrelBin"},"content":"        fw.write(textToAdd);","lastModifiedDate":"2024-10-08","isFullCredit":false},{"lineNumber":135,"author":{"gitId":"JarrelBin"},"content":"        fw.close();","lastModifiedDate":"2024-10-08","isFullCredit":false},{"lineNumber":136,"author":{"gitId":"JarrelBin"},"content":"    }","lastModifiedDate":"2024-10-08","isFullCredit":false},{"lineNumber":137,"author":{"gitId":"JarrelBin"},"content":"","lastModifiedDate":"2024-10-08","isFullCredit":false},{"lineNumber":138,"author":{"gitId":"JarrelBin"},"content":"","lastModifiedDate":"2024-10-08","isFullCredit":false},{"lineNumber":139,"author":{"gitId":"JarrelBin"},"content":"","lastModifiedDate":"2024-10-08","isFullCredit":false},{"lineNumber":140,"author":{"gitId":"JarrelBin"},"content":"","lastModifiedDate":"2024-10-08","isFullCredit":false},{"lineNumber":141,"author":{"gitId":"JarrelBin"},"content":"}","lastModifiedDate":"2024-10-08","isFullCredit":false}],"authorContributionMap":{"JarrelBin":141}},{"path":"src/main/java/Task.java","fileType":"java","lines":[{"lineNumber":1,"author":{"gitId":"JarrelBin"},"content":"public class Task {","lastModifiedDate":"2024-08-28","isFullCredit":false},{"lineNumber":2,"author":{"gitId":"JarrelBin"},"content":"    protected String description;","lastModifiedDate":"2024-09-18","isFullCredit":false},{"lineNumber":3,"author":{"gitId":"JarrelBin"},"content":"    protected boolean isDone;","lastModifiedDate":"2024-09-02","isFullCredit":false},{"lineNumber":4,"author":{"gitId":"JarrelBin"},"content":"","lastModifiedDate":"2024-09-02","isFullCredit":false},{"lineNumber":5,"author":{"gitId":"JarrelBin"},"content":"    public Task(String description) {","lastModifiedDate":"2024-08-28","isFullCredit":false},{"lineNumber":6,"author":{"gitId":"JarrelBin"},"content":"        this.description \u003d description;","lastModifiedDate":"2024-08-28","isFullCredit":false},{"lineNumber":7,"author":{"gitId":"JarrelBin"},"content":"        this.isDone \u003d false;","lastModifiedDate":"2024-09-02","isFullCredit":false},{"lineNumber":8,"author":{"gitId":"JarrelBin"},"content":"    }","lastModifiedDate":"2024-09-02","isFullCredit":false},{"lineNumber":9,"author":{"gitId":"JarrelBin"},"content":"","lastModifiedDate":"2024-09-02","isFullCredit":false},{"lineNumber":10,"author":{"gitId":"JarrelBin"},"content":"    public Task(String description, boolean isDone) {","lastModifiedDate":"2024-10-08","isFullCredit":false},{"lineNumber":11,"author":{"gitId":"JarrelBin"},"content":"        this.description \u003d description;","lastModifiedDate":"2024-10-08","isFullCredit":false},{"lineNumber":12,"author":{"gitId":"JarrelBin"},"content":"        this.isDone \u003d isDone;","lastModifiedDate":"2024-10-08","isFullCredit":false},{"lineNumber":13,"author":{"gitId":"JarrelBin"},"content":"    }","lastModifiedDate":"2024-10-08","isFullCredit":false},{"lineNumber":14,"author":{"gitId":"JarrelBin"},"content":"","lastModifiedDate":"2024-10-08","isFullCredit":false},{"lineNumber":15,"author":{"gitId":"JarrelBin"},"content":"    public void setDone(boolean b) {","lastModifiedDate":"2024-09-02","isFullCredit":false},{"lineNumber":16,"author":{"gitId":"JarrelBin"},"content":"        this.isDone \u003d b;","lastModifiedDate":"2024-09-02","isFullCredit":false},{"lineNumber":17,"author":{"gitId":"JarrelBin"},"content":"    }","lastModifiedDate":"2024-08-28","isFullCredit":false},{"lineNumber":18,"author":{"gitId":"JarrelBin"},"content":"    public String getDescription() {","lastModifiedDate":"2024-08-28","isFullCredit":false},{"lineNumber":19,"author":{"gitId":"JarrelBin"},"content":"        return description;","lastModifiedDate":"2024-08-28","isFullCredit":false},{"lineNumber":20,"author":{"gitId":"JarrelBin"},"content":"    }","lastModifiedDate":"2024-08-28","isFullCredit":false},{"lineNumber":21,"author":{"gitId":"JarrelBin"},"content":"    @Override","lastModifiedDate":"2024-09-18","isFullCredit":false},{"lineNumber":22,"author":{"gitId":"JarrelBin"},"content":"    public String toString(){","lastModifiedDate":"2024-09-18","isFullCredit":false},{"lineNumber":23,"author":{"gitId":"JarrelBin"},"content":"        return \"description: \" + description;","lastModifiedDate":"2024-09-18","isFullCredit":false},{"lineNumber":24,"author":{"gitId":"JarrelBin"},"content":"    }","lastModifiedDate":"2024-09-18","isFullCredit":false},{"lineNumber":25,"author":{"gitId":"JarrelBin"},"content":"","lastModifiedDate":"2024-10-08","isFullCredit":false},{"lineNumber":26,"author":{"gitId":"JarrelBin"},"content":"    public String toSave(){","lastModifiedDate":"2024-10-08","isFullCredit":false},{"lineNumber":27,"author":{"gitId":"JarrelBin"},"content":"        return (isDone ? \" 1 \" : \" 0 \" ) + description;","lastModifiedDate":"2024-10-08","isFullCredit":false},{"lineNumber":28,"author":{"gitId":"JarrelBin"},"content":"    }","lastModifiedDate":"2024-10-08","isFullCredit":false},{"lineNumber":29,"author":{"gitId":"JarrelBin"},"content":"","lastModifiedDate":"2024-10-08","isFullCredit":false},{"lineNumber":30,"author":{"gitId":"JarrelBin"},"content":"}","lastModifiedDate":"2024-08-28","isFullCredit":false}],"authorContributionMap":{"JarrelBin":30}},{"path":"src/main/java/TaskList.java","fileType":"java","lines":[{"lineNumber":1,"author":{"gitId":"JarrelBin"},"content":"import java.util.ArrayList;","lastModifiedDate":"2024-10-08","isFullCredit":false},{"lineNumber":2,"author":{"gitId":"JarrelBin"},"content":"","lastModifiedDate":"2024-10-08","isFullCredit":false},{"lineNumber":3,"author":{"gitId":"JarrelBin"},"content":"public class TaskList {","lastModifiedDate":"2024-10-08","isFullCredit":false},{"lineNumber":4,"author":{"gitId":"JarrelBin"},"content":"    protected ArrayList\u003cTask\u003e tasks;","lastModifiedDate":"2024-10-08","isFullCredit":false},{"lineNumber":5,"author":{"gitId":"JarrelBin"},"content":"","lastModifiedDate":"2024-10-08","isFullCredit":false},{"lineNumber":6,"author":{"gitId":"JarrelBin"},"content":"    public TaskList(ArrayList\u003cTask\u003e tasks){","lastModifiedDate":"2024-10-08","isFullCredit":false},{"lineNumber":7,"author":{"gitId":"JarrelBin"},"content":"        this.tasks \u003d tasks;","lastModifiedDate":"2024-10-08","isFullCredit":false},{"lineNumber":8,"author":{"gitId":"JarrelBin"},"content":"    }","lastModifiedDate":"2024-10-08","isFullCredit":false},{"lineNumber":9,"author":{"gitId":"JarrelBin"},"content":"    public TaskList(){","lastModifiedDate":"2024-10-08","isFullCredit":false},{"lineNumber":10,"author":{"gitId":"JarrelBin"},"content":"        this(new ArrayList\u003cTask\u003e());","lastModifiedDate":"2024-10-08","isFullCredit":false},{"lineNumber":11,"author":{"gitId":"JarrelBin"},"content":"    }","lastModifiedDate":"2024-10-08","isFullCredit":false},{"lineNumber":12,"author":{"gitId":"JarrelBin"},"content":"","lastModifiedDate":"2024-10-08","isFullCredit":false},{"lineNumber":13,"author":{"gitId":"JarrelBin"},"content":"    public void printTasks(){","lastModifiedDate":"2024-10-08","isFullCredit":false},{"lineNumber":14,"author":{"gitId":"JarrelBin"},"content":"        for (int i \u003d 0; i \u003c tasks.size(); i++){","lastModifiedDate":"2024-10-08","isFullCredit":false},{"lineNumber":15,"author":{"gitId":"JarrelBin"},"content":"            System.out.println((i+1) + \".\" + tasks.get(i).toString());","lastModifiedDate":"2024-10-08","isFullCredit":false},{"lineNumber":16,"author":{"gitId":"JarrelBin"},"content":"        }","lastModifiedDate":"2024-10-08","isFullCredit":false},{"lineNumber":17,"author":{"gitId":"JarrelBin"},"content":"    }","lastModifiedDate":"2024-10-08","isFullCredit":false},{"lineNumber":18,"author":{"gitId":"JarrelBin"},"content":"","lastModifiedDate":"2024-10-08","isFullCredit":false},{"lineNumber":19,"author":{"gitId":"JarrelBin"},"content":"    public Task get(int i) {","lastModifiedDate":"2024-10-08","isFullCredit":false},{"lineNumber":20,"author":{"gitId":"JarrelBin"},"content":"        return tasks.get(i);","lastModifiedDate":"2024-10-08","isFullCredit":false},{"lineNumber":21,"author":{"gitId":"JarrelBin"},"content":"    }","lastModifiedDate":"2024-10-08","isFullCredit":false},{"lineNumber":22,"author":{"gitId":"JarrelBin"},"content":"","lastModifiedDate":"2024-10-08","isFullCredit":false},{"lineNumber":23,"author":{"gitId":"JarrelBin"},"content":"    public void remove(int i) {","lastModifiedDate":"2024-10-08","isFullCredit":false},{"lineNumber":24,"author":{"gitId":"JarrelBin"},"content":"        tasks.remove(i);;","lastModifiedDate":"2024-10-08","isFullCredit":false},{"lineNumber":25,"author":{"gitId":"JarrelBin"},"content":"    }","lastModifiedDate":"2024-10-08","isFullCredit":false},{"lineNumber":26,"author":{"gitId":"JarrelBin"},"content":"","lastModifiedDate":"2024-10-08","isFullCredit":false},{"lineNumber":27,"author":{"gitId":"JarrelBin"},"content":"    public int size() {","lastModifiedDate":"2024-10-08","isFullCredit":false},{"lineNumber":28,"author":{"gitId":"JarrelBin"},"content":"        return tasks.size();","lastModifiedDate":"2024-10-08","isFullCredit":false},{"lineNumber":29,"author":{"gitId":"JarrelBin"},"content":"    }","lastModifiedDate":"2024-10-08","isFullCredit":false},{"lineNumber":30,"author":{"gitId":"JarrelBin"},"content":"","lastModifiedDate":"2024-10-08","isFullCredit":false},{"lineNumber":31,"author":{"gitId":"JarrelBin"},"content":"    public void add(Task task) {","lastModifiedDate":"2024-10-08","isFullCredit":false},{"lineNumber":32,"author":{"gitId":"JarrelBin"},"content":"        tasks.add(task);","lastModifiedDate":"2024-10-08","isFullCredit":false},{"lineNumber":33,"author":{"gitId":"JarrelBin"},"content":"    }","lastModifiedDate":"2024-10-08","isFullCredit":false},{"lineNumber":34,"author":{"gitId":"JarrelBin"},"content":"","lastModifiedDate":"2024-10-08","isFullCredit":false},{"lineNumber":35,"author":{"gitId":"JarrelBin"},"content":"    public Task getLast() {","lastModifiedDate":"2024-10-08","isFullCredit":false},{"lineNumber":36,"author":{"gitId":"JarrelBin"},"content":"        return tasks.getLast();","lastModifiedDate":"2024-10-08","isFullCredit":false},{"lineNumber":37,"author":{"gitId":"JarrelBin"},"content":"    }","lastModifiedDate":"2024-10-08","isFullCredit":false},{"lineNumber":38,"author":{"gitId":"JarrelBin"},"content":"    public String toString(){","lastModifiedDate":"2024-10-08","isFullCredit":false},{"lineNumber":39,"author":{"gitId":"JarrelBin"},"content":"        ArrayList\u003cString\u003e out \u003d new ArrayList\u003c\u003e();","lastModifiedDate":"2024-10-08","isFullCredit":false},{"lineNumber":40,"author":{"gitId":"JarrelBin"},"content":"        for (Task task : tasks) {","lastModifiedDate":"2024-10-08","isFullCredit":false},{"lineNumber":41,"author":{"gitId":"JarrelBin"},"content":"            out.add(task.toSave());","lastModifiedDate":"2024-10-08","isFullCredit":false},{"lineNumber":42,"author":{"gitId":"JarrelBin"},"content":"        }","lastModifiedDate":"2024-10-08","isFullCredit":false},{"lineNumber":43,"author":{"gitId":"JarrelBin"},"content":"        return String.join(\"\\n\", out);","lastModifiedDate":"2024-10-08","isFullCredit":false},{"lineNumber":44,"author":{"gitId":"JarrelBin"},"content":"","lastModifiedDate":"2024-10-08","isFullCredit":false},{"lineNumber":45,"author":{"gitId":"JarrelBin"},"content":"    }","lastModifiedDate":"2024-10-08","isFullCredit":false},{"lineNumber":46,"author":{"gitId":"JarrelBin"},"content":"}","lastModifiedDate":"2024-10-08","isFullCredit":false}],"authorContributionMap":{"JarrelBin":46}},{"path":"src/main/java/Todo.java","fileType":"java","lines":[{"lineNumber":1,"author":{"gitId":"JarrelBin"},"content":"public class Todo extends Task {","lastModifiedDate":"2024-09-18","isFullCredit":false},{"lineNumber":2,"author":{"gitId":"JarrelBin"},"content":"","lastModifiedDate":"2024-09-18","isFullCredit":false},{"lineNumber":3,"author":{"gitId":"JarrelBin"},"content":"    public Todo(String description) {","lastModifiedDate":"2024-09-18","isFullCredit":false},{"lineNumber":4,"author":{"gitId":"JarrelBin"},"content":"        super(description);","lastModifiedDate":"2024-09-18","isFullCredit":false},{"lineNumber":5,"author":{"gitId":"JarrelBin"},"content":"        this.isDone \u003d false;","lastModifiedDate":"2024-09-18","isFullCredit":false},{"lineNumber":6,"author":{"gitId":"JarrelBin"},"content":"    }","lastModifiedDate":"2024-09-18","isFullCredit":false},{"lineNumber":7,"author":{"gitId":"JarrelBin"},"content":"","lastModifiedDate":"2024-09-18","isFullCredit":false},{"lineNumber":8,"author":{"gitId":"JarrelBin"},"content":"    public Todo(String description, boolean isDone) {","lastModifiedDate":"2024-10-08","isFullCredit":false},{"lineNumber":9,"author":{"gitId":"JarrelBin"},"content":"        super(description,isDone);","lastModifiedDate":"2024-10-08","isFullCredit":false},{"lineNumber":10,"author":{"gitId":"JarrelBin"},"content":"    }","lastModifiedDate":"2024-10-08","isFullCredit":false},{"lineNumber":11,"author":{"gitId":"JarrelBin"},"content":"","lastModifiedDate":"2024-10-08","isFullCredit":false},{"lineNumber":12,"author":{"gitId":"JarrelBin"},"content":"","lastModifiedDate":"2024-10-08","isFullCredit":false},{"lineNumber":13,"author":{"gitId":"JarrelBin"},"content":"    public boolean isDone() {","lastModifiedDate":"2024-09-18","isFullCredit":false},{"lineNumber":14,"author":{"gitId":"JarrelBin"},"content":"        return isDone;","lastModifiedDate":"2024-09-18","isFullCredit":false},{"lineNumber":15,"author":{"gitId":"JarrelBin"},"content":"    }","lastModifiedDate":"2024-09-18","isFullCredit":false},{"lineNumber":16,"author":{"gitId":"JarrelBin"},"content":"","lastModifiedDate":"2024-09-18","isFullCredit":false},{"lineNumber":17,"author":{"gitId":"JarrelBin"},"content":"    @Override","lastModifiedDate":"2024-09-18","isFullCredit":false},{"lineNumber":18,"author":{"gitId":"JarrelBin"},"content":"    public String toString(){","lastModifiedDate":"2024-09-18","isFullCredit":false},{"lineNumber":19,"author":{"gitId":"JarrelBin"},"content":"        return \"[T]\" + (isDone ? \"[X] \" : \"[ ] \") + super.toString();","lastModifiedDate":"2024-09-18","isFullCredit":false},{"lineNumber":20,"author":{"gitId":"JarrelBin"},"content":"    }","lastModifiedDate":"2024-09-18","isFullCredit":false},{"lineNumber":21,"author":{"gitId":"JarrelBin"},"content":"    @Override","lastModifiedDate":"2024-10-08","isFullCredit":false},{"lineNumber":22,"author":{"gitId":"JarrelBin"},"content":"    public String toSave() { return \"T\" + super.toSave(); }","lastModifiedDate":"2024-10-08","isFullCredit":false},{"lineNumber":23,"author":{"gitId":"JarrelBin"},"content":"}","lastModifiedDate":"2024-09-18","isFullCredit":false}],"authorContributionMap":{"JarrelBin":23}}]
