[{"path":"src/main/java/Alice.java","fileType":"java","lines":[{"lineNumber":1,"author":{"gitId":"JarrelBin"},"content":"import java.util.Scanner;","lastModifiedDate":"2024-08-28","isFullCredit":false},{"lineNumber":2,"author":{"gitId":"JarrelBin"},"content":"","lastModifiedDate":"2024-08-28","isFullCredit":false},{"lineNumber":3,"author":{"gitId":"JarrelBin"},"content":"public class Alice {","lastModifiedDate":"2024-08-28","isFullCredit":false},{"lineNumber":4,"author":{"gitId":"JarrelBin"},"content":"    private static Task[] Tasks \u003d new Task[100];","lastModifiedDate":"2024-08-28","isFullCredit":false},{"lineNumber":5,"author":{"gitId":"JarrelBin"},"content":"    private static int taskCount \u003d 0;","lastModifiedDate":"2024-08-28","isFullCredit":false},{"lineNumber":6,"author":{"gitId":"JarrelBin"},"content":"","lastModifiedDate":"2024-08-28","isFullCredit":false},{"lineNumber":7,"author":{"gitId":"JarrelBin"},"content":"    public static void addTask(Task t){","lastModifiedDate":"2024-08-28","isFullCredit":false},{"lineNumber":8,"author":{"gitId":"JarrelBin"},"content":"        Tasks[taskCount] \u003d t;","lastModifiedDate":"2024-08-28","isFullCredit":false},{"lineNumber":9,"author":{"gitId":"JarrelBin"},"content":"        taskCount++;","lastModifiedDate":"2024-08-28","isFullCredit":false},{"lineNumber":10,"author":{"gitId":"JarrelBin"},"content":"    }","lastModifiedDate":"2024-08-28","isFullCredit":false},{"lineNumber":11,"author":{"gitId":"JarrelBin"},"content":"","lastModifiedDate":"2024-08-28","isFullCredit":false},{"lineNumber":12,"author":{"gitId":"JarrelBin"},"content":"    public static void printTasks(){","lastModifiedDate":"2024-08-28","isFullCredit":false},{"lineNumber":13,"author":{"gitId":"JarrelBin"},"content":"        for (int i \u003d 0; i \u003c taskCount; i++){","lastModifiedDate":"2024-08-28","isFullCredit":false},{"lineNumber":14,"author":{"gitId":"JarrelBin"},"content":"            System.out.println((i+1) + \".\" + Tasks[i].getStatusIcon() + Tasks[i].getDescription());","lastModifiedDate":"2024-09-02","isFullCredit":false},{"lineNumber":15,"author":{"gitId":"JarrelBin"},"content":"        }","lastModifiedDate":"2024-08-28","isFullCredit":false},{"lineNumber":16,"author":{"gitId":"JarrelBin"},"content":"    }","lastModifiedDate":"2024-08-28","isFullCredit":false},{"lineNumber":17,"author":{"gitId":"JarrelBin"},"content":"","lastModifiedDate":"2024-08-28","isFullCredit":false},{"lineNumber":18,"author":{"gitId":"JarrelBin"},"content":"    public static void main(String[] args) {","lastModifiedDate":"2024-08-28","isFullCredit":false},{"lineNumber":19,"author":{"gitId":"JarrelBin"},"content":"        String separator \u003d \"____________________________________________________________\\n\";","lastModifiedDate":"2024-08-28","isFullCredit":false},{"lineNumber":20,"author":{"gitId":"JarrelBin"},"content":"        String intro \u003d","lastModifiedDate":"2024-08-28","isFullCredit":false},{"lineNumber":21,"author":{"gitId":"JarrelBin"},"content":"                \"____________________________________________________________\\n\" +","lastModifiedDate":"2024-08-28","isFullCredit":false},{"lineNumber":22,"author":{"gitId":"JarrelBin"},"content":"                \"Hello! I\u0027m Alice, here to make you magically organized!\\n\" +","lastModifiedDate":"2024-08-28","isFullCredit":false},{"lineNumber":23,"author":{"gitId":"JarrelBin"},"content":"                        \"How may I help you?\\n\" +","lastModifiedDate":"2024-08-28","isFullCredit":false},{"lineNumber":24,"author":{"gitId":"JarrelBin"},"content":"                \"____________________________________________________________\";","lastModifiedDate":"2024-08-28","isFullCredit":false},{"lineNumber":25,"author":{"gitId":"JarrelBin"},"content":"","lastModifiedDate":"2024-08-28","isFullCredit":false},{"lineNumber":26,"author":{"gitId":"JarrelBin"},"content":"        String ending \u003d","lastModifiedDate":"2024-08-28","isFullCredit":false},{"lineNumber":27,"author":{"gitId":"JarrelBin"},"content":"                \"____________________________________________________________\\n\" +","lastModifiedDate":"2024-08-28","isFullCredit":false},{"lineNumber":28,"author":{"gitId":"JarrelBin"},"content":"                \"Bye. Back to my wonderland!\\n\" +","lastModifiedDate":"2024-08-28","isFullCredit":false},{"lineNumber":29,"author":{"gitId":"JarrelBin"},"content":"                \"____________________________________________________________\";","lastModifiedDate":"2024-08-28","isFullCredit":false},{"lineNumber":30,"author":{"gitId":"JarrelBin"},"content":"","lastModifiedDate":"2024-08-28","isFullCredit":false},{"lineNumber":31,"author":{"gitId":"JarrelBin"},"content":"        System.out.println(intro);","lastModifiedDate":"2024-08-28","isFullCredit":false},{"lineNumber":32,"author":{"gitId":"JarrelBin"},"content":"        String line;","lastModifiedDate":"2024-08-28","isFullCredit":false},{"lineNumber":33,"author":{"gitId":"JarrelBin"},"content":"        Scanner input \u003d new Scanner(System.in);","lastModifiedDate":"2024-08-28","isFullCredit":false},{"lineNumber":34,"author":{"gitId":"JarrelBin"},"content":"        line \u003d input.nextLine();","lastModifiedDate":"2024-08-28","isFullCredit":false},{"lineNumber":35,"author":{"gitId":"JarrelBin"},"content":"        String[] instruction \u003d line.split(\" \");","lastModifiedDate":"2024-09-02","isFullCredit":false},{"lineNumber":36,"author":{"gitId":"JarrelBin"},"content":"        while(!instruction[0].equals(\"bye\")){","lastModifiedDate":"2024-09-02","isFullCredit":false},{"lineNumber":37,"author":{"gitId":"JarrelBin"},"content":"            switch (instruction[0]) {","lastModifiedDate":"2024-09-02","isFullCredit":false},{"lineNumber":38,"author":{"gitId":"JarrelBin"},"content":"                case \"list\":","lastModifiedDate":"2024-08-28","isFullCredit":false},{"lineNumber":39,"author":{"gitId":"JarrelBin"},"content":"                    System.out.print(separator);","lastModifiedDate":"2024-08-28","isFullCredit":false},{"lineNumber":40,"author":{"gitId":"JarrelBin"},"content":"                    printTasks();","lastModifiedDate":"2024-08-28","isFullCredit":false},{"lineNumber":41,"author":{"gitId":"JarrelBin"},"content":"                    System.out.print(separator);","lastModifiedDate":"2024-08-28","isFullCredit":false},{"lineNumber":42,"author":{"gitId":"JarrelBin"},"content":"                    break;","lastModifiedDate":"2024-08-28","isFullCredit":false},{"lineNumber":43,"author":{"gitId":"JarrelBin"},"content":"                case \"mark\":","lastModifiedDate":"2024-09-02","isFullCredit":false},{"lineNumber":44,"author":{"gitId":"JarrelBin"},"content":"                    if (instruction.length \u003d\u003d 1){","lastModifiedDate":"2024-09-02","isFullCredit":false},{"lineNumber":45,"author":{"gitId":"JarrelBin"},"content":"                        System.out.println(\"Do specify the task number!\");","lastModifiedDate":"2024-09-02","isFullCredit":false},{"lineNumber":46,"author":{"gitId":"JarrelBin"},"content":"                        break;","lastModifiedDate":"2024-09-02","isFullCredit":false},{"lineNumber":47,"author":{"gitId":"JarrelBin"},"content":"                    }","lastModifiedDate":"2024-09-02","isFullCredit":false},{"lineNumber":48,"author":{"gitId":"JarrelBin"},"content":"","lastModifiedDate":"2024-09-02","isFullCredit":false},{"lineNumber":49,"author":{"gitId":"JarrelBin"},"content":"                    System.out.print(separator);","lastModifiedDate":"2024-09-02","isFullCredit":false},{"lineNumber":50,"author":{"gitId":"JarrelBin"},"content":"                    Task task_mark \u003d Tasks[Integer.parseInt(instruction[1])-1];","lastModifiedDate":"2024-09-02","isFullCredit":false},{"lineNumber":51,"author":{"gitId":"JarrelBin"},"content":"                    task_mark.setDone(true);","lastModifiedDate":"2024-09-02","isFullCredit":false},{"lineNumber":52,"author":{"gitId":"JarrelBin"},"content":"                    System.out.println(\"Nice! I\u0027ve marked this task as done:)\");","lastModifiedDate":"2024-09-02","isFullCredit":false},{"lineNumber":53,"author":{"gitId":"JarrelBin"},"content":"                    System.out.println(task_mark.getStatusIcon() + task_mark.getDescription());","lastModifiedDate":"2024-09-02","isFullCredit":false},{"lineNumber":54,"author":{"gitId":"JarrelBin"},"content":"                    System.out.print(separator);","lastModifiedDate":"2024-09-02","isFullCredit":false},{"lineNumber":55,"author":{"gitId":"JarrelBin"},"content":"                    break;","lastModifiedDate":"2024-09-02","isFullCredit":false},{"lineNumber":56,"author":{"gitId":"JarrelBin"},"content":"                case \"unmark\":","lastModifiedDate":"2024-09-02","isFullCredit":false},{"lineNumber":57,"author":{"gitId":"JarrelBin"},"content":"                    if (instruction.length \u003d\u003d 1){","lastModifiedDate":"2024-09-02","isFullCredit":false},{"lineNumber":58,"author":{"gitId":"JarrelBin"},"content":"                        System.out.println(\"Do specify the task number!\");","lastModifiedDate":"2024-09-02","isFullCredit":false},{"lineNumber":59,"author":{"gitId":"JarrelBin"},"content":"                        break;","lastModifiedDate":"2024-09-02","isFullCredit":false},{"lineNumber":60,"author":{"gitId":"JarrelBin"},"content":"                    }","lastModifiedDate":"2024-09-02","isFullCredit":false},{"lineNumber":61,"author":{"gitId":"JarrelBin"},"content":"","lastModifiedDate":"2024-09-02","isFullCredit":false},{"lineNumber":62,"author":{"gitId":"JarrelBin"},"content":"                    System.out.print(separator);","lastModifiedDate":"2024-09-02","isFullCredit":false},{"lineNumber":63,"author":{"gitId":"JarrelBin"},"content":"                    Task task_unmark \u003d Tasks[Integer.parseInt(instruction[1])-1];","lastModifiedDate":"2024-09-02","isFullCredit":false},{"lineNumber":64,"author":{"gitId":"JarrelBin"},"content":"                    task_unmark.setDone(false);","lastModifiedDate":"2024-09-02","isFullCredit":false},{"lineNumber":65,"author":{"gitId":"JarrelBin"},"content":"                    System.out.println(\"OK, I\u0027ve marked this task as not done yet:\");","lastModifiedDate":"2024-09-02","isFullCredit":false},{"lineNumber":66,"author":{"gitId":"JarrelBin"},"content":"                    System.out.println(task_unmark.getStatusIcon() + task_unmark.getDescription());","lastModifiedDate":"2024-09-02","isFullCredit":false},{"lineNumber":67,"author":{"gitId":"JarrelBin"},"content":"                    System.out.print(separator);","lastModifiedDate":"2024-09-02","isFullCredit":false},{"lineNumber":68,"author":{"gitId":"JarrelBin"},"content":"                    break;","lastModifiedDate":"2024-09-02","isFullCredit":false},{"lineNumber":69,"author":{"gitId":"JarrelBin"},"content":"                default:","lastModifiedDate":"2024-08-28","isFullCredit":false},{"lineNumber":70,"author":{"gitId":"JarrelBin"},"content":"                    addTask(new Task(line));","lastModifiedDate":"2024-08-28","isFullCredit":false},{"lineNumber":71,"author":{"gitId":"JarrelBin"},"content":"                    System.out.print(separator + \"added: \" + line + \"\\n\" + separator);","lastModifiedDate":"2024-08-28","isFullCredit":false},{"lineNumber":72,"author":{"gitId":"JarrelBin"},"content":"            }","lastModifiedDate":"2024-08-28","isFullCredit":false},{"lineNumber":73,"author":{"gitId":"JarrelBin"},"content":"","lastModifiedDate":"2024-08-28","isFullCredit":false},{"lineNumber":74,"author":{"gitId":"JarrelBin"},"content":"            input \u003d new Scanner(System.in);","lastModifiedDate":"2024-08-28","isFullCredit":false},{"lineNumber":75,"author":{"gitId":"JarrelBin"},"content":"            line \u003d input.nextLine();","lastModifiedDate":"2024-08-28","isFullCredit":false},{"lineNumber":76,"author":{"gitId":"JarrelBin"},"content":"            instruction \u003d line.split(\" \");","lastModifiedDate":"2024-09-02","isFullCredit":false},{"lineNumber":77,"author":{"gitId":"JarrelBin"},"content":"        }","lastModifiedDate":"2024-08-28","isFullCredit":false},{"lineNumber":78,"author":{"gitId":"JarrelBin"},"content":"        System.out.println(ending);","lastModifiedDate":"2024-08-28","isFullCredit":false},{"lineNumber":79,"author":{"gitId":"JarrelBin"},"content":"    }","lastModifiedDate":"2024-08-28","isFullCredit":false},{"lineNumber":80,"author":{"gitId":"JarrelBin"},"content":"}","lastModifiedDate":"2024-08-28","isFullCredit":false}],"authorContributionMap":{"JarrelBin":80}},{"path":"src/main/java/Task.java","fileType":"java","lines":[{"lineNumber":1,"author":{"gitId":"JarrelBin"},"content":"public class Task {","lastModifiedDate":"2024-08-28","isFullCredit":false},{"lineNumber":2,"author":{"gitId":"JarrelBin"},"content":"    protected String description \u003d \"\";","lastModifiedDate":"2024-08-28","isFullCredit":false},{"lineNumber":3,"author":{"gitId":"JarrelBin"},"content":"    protected boolean isDone;","lastModifiedDate":"2024-09-02","isFullCredit":false},{"lineNumber":4,"author":{"gitId":"JarrelBin"},"content":"","lastModifiedDate":"2024-09-02","isFullCredit":false},{"lineNumber":5,"author":{"gitId":"JarrelBin"},"content":"    public Task(String description) {","lastModifiedDate":"2024-08-28","isFullCredit":false},{"lineNumber":6,"author":{"gitId":"JarrelBin"},"content":"        this.description \u003d description;","lastModifiedDate":"2024-08-28","isFullCredit":false},{"lineNumber":7,"author":{"gitId":"JarrelBin"},"content":"        this.isDone \u003d false;","lastModifiedDate":"2024-09-02","isFullCredit":false},{"lineNumber":8,"author":{"gitId":"JarrelBin"},"content":"    }","lastModifiedDate":"2024-09-02","isFullCredit":false},{"lineNumber":9,"author":{"gitId":"JarrelBin"},"content":"","lastModifiedDate":"2024-09-02","isFullCredit":false},{"lineNumber":10,"author":{"gitId":"JarrelBin"},"content":"    public String getStatusIcon() {","lastModifiedDate":"2024-09-02","isFullCredit":false},{"lineNumber":11,"author":{"gitId":"JarrelBin"},"content":"        return (isDone ? \"[X] \" : \"[ ] \"); // mark done task with X","lastModifiedDate":"2024-09-02","isFullCredit":false},{"lineNumber":12,"author":{"gitId":"JarrelBin"},"content":"    }","lastModifiedDate":"2024-09-02","isFullCredit":false},{"lineNumber":13,"author":{"gitId":"JarrelBin"},"content":"","lastModifiedDate":"2024-09-02","isFullCredit":false},{"lineNumber":14,"author":{"gitId":"JarrelBin"},"content":"    public void setDone(boolean b) {","lastModifiedDate":"2024-09-02","isFullCredit":false},{"lineNumber":15,"author":{"gitId":"JarrelBin"},"content":"        this.isDone \u003d b;","lastModifiedDate":"2024-09-02","isFullCredit":false},{"lineNumber":16,"author":{"gitId":"JarrelBin"},"content":"    }","lastModifiedDate":"2024-08-28","isFullCredit":false},{"lineNumber":17,"author":{"gitId":"JarrelBin"},"content":"    public String getDescription() {","lastModifiedDate":"2024-08-28","isFullCredit":false},{"lineNumber":18,"author":{"gitId":"JarrelBin"},"content":"        return description;","lastModifiedDate":"2024-08-28","isFullCredit":false},{"lineNumber":19,"author":{"gitId":"JarrelBin"},"content":"    }","lastModifiedDate":"2024-08-28","isFullCredit":false},{"lineNumber":20,"author":{"gitId":"JarrelBin"},"content":"}","lastModifiedDate":"2024-08-28","isFullCredit":false}],"authorContributionMap":{"JarrelBin":20}}]
