{"authorDailyContributionsMap":{"JarrelBin":[{"date":"2024-08-28","commitResults":[{"hash":"845a25ea29f67d856bb36661ea872842ddd9fbf1","isMergeCommit":false,"messageTitle":"level-0","messageBody":"","tags":["level-0"],"fileTypesAndContributionMap":{"java":{"insertions":17,"deletions":10}}},{"hash":"c2a1fe6c4ea1d9d11b5671673d7a603dad527d6c","isMergeCommit":false,"messageTitle":"level-1","messageBody":"","tags":["level-1"],"fileTypesAndContributionMap":{"java":{"insertions":12,"deletions":1}}},{"hash":"6633c47ba9755708e8631ddf131b901a5c341782","isMergeCommit":false,"messageTitle":"level-2","messageBody":"","tags":["level-2"],"fileTypesAndContributionMap":{"java":{"insertions":34,"deletions":1}}}]},{"date":"2024-09-02","commitResults":[{"hash":"a60be8ebbb3b59f9479adfed5199799b73b58853","isMergeCommit":false,"messageTitle":"level-3","messageBody":"","tags":["level-3"],"fileTypesAndContributionMap":{"java":{"insertions":42,"deletions":3}}}]},{"date":"2024-09-18","commitResults":[{"hash":"145f5b8b5c5c2a5c77631e8774b1b5fcb28e240f","isMergeCommit":false,"messageTitle":"level-4","messageBody":"","tags":["level-4"],"fileTypesAndContributionMap":{"java":{"insertions":145,"deletions":15}}}]}]},"authorFileTypeContributionMap":{"JarrelBin":{"java":211,"md":0,"fxml":0,"sh":0,"bat":0,"gradle":0,"txt":0}},"authorContributionVariance":{"JarrelBin":820.70624},"authorDisplayNameMap":{"JarrelBin":"JARR.. JUN"}}
