{"authorDailyContributionsMap":{"JarrelBin":[{"date":"2024-08-28","commitResults":[{"hash":"845a25ea29f67d856bb36661ea872842ddd9fbf1","isMergeCommit":false,"messageTitle":"level-0","messageBody":"","tags":["level-0"],"fileTypesAndContributionMap":{"java":{"insertions":17,"deletions":10}}},{"hash":"c2a1fe6c4ea1d9d11b5671673d7a603dad527d6c","isMergeCommit":false,"messageTitle":"level-1","messageBody":"","tags":["level-1"],"fileTypesAndContributionMap":{"java":{"insertions":12,"deletions":1}}},{"hash":"6633c47ba9755708e8631ddf131b901a5c341782","isMergeCommit":false,"messageTitle":"level-2","messageBody":"","tags":["level-2"],"fileTypesAndContributionMap":{"java":{"insertions":34,"deletions":1}}}]},{"date":"2024-09-02","commitResults":[{"hash":"a60be8ebbb3b59f9479adfed5199799b73b58853","isMergeCommit":false,"messageTitle":"level-3","messageBody":"","tags":["level-3"],"fileTypesAndContributionMap":{"java":{"insertions":42,"deletions":3}}}]},{"date":"2024-09-18","commitResults":[{"hash":"145f5b8b5c5c2a5c77631e8774b1b5fcb28e240f","isMergeCommit":false,"messageTitle":"level-4","messageBody":"","tags":["level-4"],"fileTypesAndContributionMap":{"java":{"insertions":145,"deletions":15}}}]},{"date":"2024-10-01","commitResults":[{"hash":"813c0d6ec2b50db6d5957c584857bf4b3e306eb9","isMergeCommit":false,"messageTitle":"level-5","messageBody":"","tags":["level-5"],"fileTypesAndContributionMap":{"java":{"insertions":52,"deletions":13}}},{"hash":"e5863325b8df6a688e4b24aa3b49b866f7b9b269","isMergeCommit":false,"messageTitle":"level-6","messageBody":"","tags":["level-6"],"fileTypesAndContributionMap":{"java":{"insertions":57,"deletions":18}}}]},{"date":"2024-10-08","commitResults":[{"hash":"beabcb637b235022961b501e1f94158b2e9f9e79","isMergeCommit":false,"messageTitle":"level-6","messageBody":"","fileTypesAndContributionMap":{"java":{"insertions":23,"deletions":39}}},{"hash":"9b6fb089985e11b9f25dc2ac9944f90793f0e948","isMergeCommit":false,"messageTitle":"level-7","messageBody":"","tags":["level-7"],"fileTypesAndContributionMap":{"java":{"insertions":279,"deletions":48}}}]},{"date":"2024-10-11","commitResults":[{"hash":"d8f8dfe2c73d25025aa3cbdb1d0de57757921e24","isMergeCommit":false,"messageTitle":"A-moreOOP","messageBody":"","fileTypesAndContributionMap":{"java":{"insertions":397,"deletions":205}}}]},{"date":"2024-10-12","commitResults":[{"hash":"b1c2b6f2810cd0aa6ef4464a45e999b4bca4470f","isMergeCommit":false,"messageTitle":"A-moreOOP","messageBody":"","tags":["A-moreOOP"],"fileTypesAndContributionMap":{"java":{"insertions":70,"deletions":64}}}]},{"date":"2024-10-13","commitResults":[{"hash":"436c479df99563868704bac71d92e22bf2dcd3f5","isMergeCommit":false,"messageTitle":"A-Packages","messageBody":"","tags":["A-Packages"],"fileTypesAndContributionMap":{"java":{"insertions":104,"deletions":63}}}]},{"date":"2024-10-16","commitResults":[{"hash":"fc2c485ae3755d2092899c21be06423cf8d46d3a","isMergeCommit":false,"messageTitle":"level-8","messageBody":"","tags":["level-8"],"fileTypesAndContributionMap":{"java":{"insertions":123,"deletions":13}}},{"hash":"9466237dada07411a0505c9d86dbb799b47692cd","isMergeCommit":true,"messageTitle":"Merge remote-tracking branch \u0027upstream/add-gradle-support\u0027","messageBody":"","fileTypesAndContributionMap":{}},{"hash":"702bfce277e4de0aef7744495f1688ffe0786c8b","isMergeCommit":false,"messageTitle":"level-8","messageBody":"","fileTypesAndContributionMap":{"java":{"insertions":16,"deletions":1}}},{"hash":"73cd4362e8ef4fd553c9a63c61aee5e217f35e3f","isMergeCommit":false,"messageTitle":"A-Gradle","messageBody":"","tags":["A-Gradle"],"fileTypesAndContributionMap":{"gradle":{"insertions":1,"deletions":1},"java":{"insertions":9,"deletions":9}}}]},{"date":"2024-10-18","commitResults":[{"hash":"f57772fd2c3d4ff1ddbe20a87cbe8ca8d327bb0e","isMergeCommit":false,"messageTitle":"A-JUnit","messageBody":"","tags":["A-JUnit"],"fileTypesAndContributionMap":{"java":{"insertions":906,"deletions":0}}},{"hash":"c5badb8849afc6fad275f5190123d7686700cd4e","isMergeCommit":false,"messageTitle":"level-8","messageBody":"","fileTypesAndContributionMap":{"java":{"insertions":10,"deletions":6}}},{"hash":"362f7c806b12d467d1989763ae2042532011896f","isMergeCommit":false,"messageTitle":"B-ViewSchedules","messageBody":"","tags":["B-ViewSchedules"],"fileTypesAndContributionMap":{"java":{"insertions":39,"deletions":9}}},{"hash":"aad964e751033c1b41f769c9475b1e9f0f792e18","isMergeCommit":false,"messageTitle":"level-9","messageBody":"","tags":["level-9"],"fileTypesAndContributionMap":{"java":{"insertions":36,"deletions":4}}}]},{"date":"2024-10-25","commitResults":[{"hash":"c1809114c91988c0d7e1e9fa261089e0f5028090","isMergeCommit":false,"messageTitle":"A-CodingStandard","messageBody":"","tags":["A-CodingStandard"],"fileTypesAndContributionMap":{"java":{"insertions":1,"deletions":7}}}]},{"date":"2024-11-02","commitResults":[{"hash":"181dc762f9467b5e232412a02fbe006cd856d092","isMergeCommit":false,"messageTitle":"A-CodeQuality","messageBody":"","tags":["A-CodeQuality"],"fileTypesAndContributionMap":{"java":{"insertions":162,"deletions":111}}},{"hash":"95372cb50893ff39c41a531c6d8d373a4a718b88","isMergeCommit":false,"messageTitle":"C-MassOps","messageBody":"","tags":["C-MassOps"],"fileTypesAndContributionMap":{"java":{"insertions":33,"deletions":8}}},{"hash":"347b65d60a6781d37572fdc66e77ffaf7bf68d8a","isMergeCommit":false,"messageTitle":"A-Assertions","messageBody":"","tags":["A-Assertions"],"fileTypesAndContributionMap":{"java":{"insertions":14,"deletions":0}}}]}]},"authorFileTypeContributionMap":{"JarrelBin":{"java":1943,"md":0,"fxml":0,"sh":0,"bat":0,"gradle":1,"txt":0}},"authorContributionVariance":{"JarrelBin":19811.104},"authorDisplayNameMap":{"JarrelBin":"JARR.. JUN"}}
