[{"path":"src/main/java/Chad.java","fileType":"java","lines":[{"lineNumber":1,"author":{"gitId":"Wen037"},"content":"import java.util.Scanner;","lastModifiedDate":"2024-09-08","isFullCredit":false},{"lineNumber":2,"author":{"gitId":"Wen037"},"content":"import java.util.Arrays;","lastModifiedDate":"2024-09-16","isFullCredit":false},{"lineNumber":3,"author":{"gitId":"Wen037"},"content":"","lastModifiedDate":"2024-09-16","isFullCredit":false},{"lineNumber":4,"author":{"gitId":"Wen037"},"content":"","lastModifiedDate":"2024-09-16","isFullCredit":false},{"lineNumber":5,"author":{"gitId":"Wen037"},"content":"public class Chad {","lastModifiedDate":"2024-09-08","isFullCredit":false},{"lineNumber":6,"author":{"gitId":"Wen037"},"content":"","lastModifiedDate":"2024-09-16","isFullCredit":false},{"lineNumber":7,"author":{"gitId":"Wen037"},"content":"    static Task[] inputList \u003d new Task[100]; ","lastModifiedDate":"2024-09-16","isFullCredit":false},{"lineNumber":8,"author":{"gitId":"Wen037"},"content":"    static int NoOfTask;","lastModifiedDate":"2024-09-16","isFullCredit":false},{"lineNumber":9,"author":{"gitId":"Wen037"},"content":"","lastModifiedDate":"2024-09-16","isFullCredit":false},{"lineNumber":10,"author":{"gitId":"Wen037"},"content":"    public static void processCmd(String cmdString) throws ChadException","lastModifiedDate":"2024-09-19","isFullCredit":false},{"lineNumber":11,"author":{"gitId":"Wen037"},"content":"    {","lastModifiedDate":"2024-09-16","isFullCredit":false},{"lineNumber":12,"author":{"gitId":"Wen037"},"content":"        String arr[] \u003d cmdString.split(\" \");","lastModifiedDate":"2024-09-16","isFullCredit":false},{"lineNumber":13,"author":{"gitId":"Wen037"},"content":"","lastModifiedDate":"2024-09-16","isFullCredit":false},{"lineNumber":14,"author":{"gitId":"Wen037"},"content":"        switch(arr[0]){","lastModifiedDate":"2024-09-16","isFullCredit":false},{"lineNumber":15,"author":{"gitId":"Wen037"},"content":"","lastModifiedDate":"2024-09-16","isFullCredit":false},{"lineNumber":16,"author":{"gitId":"Wen037"},"content":"            case \"list\":","lastModifiedDate":"2024-09-16","isFullCredit":false},{"lineNumber":17,"author":{"gitId":"Wen037"},"content":"            //print chad\u0027s recorded task list","lastModifiedDate":"2024-09-16","isFullCredit":false},{"lineNumber":18,"author":{"gitId":"Wen037"},"content":"            printList();","lastModifiedDate":"2024-09-16","isFullCredit":false},{"lineNumber":19,"author":{"gitId":"Wen037"},"content":"","lastModifiedDate":"2024-09-16","isFullCredit":false},{"lineNumber":20,"author":{"gitId":"Wen037"},"content":"            break;","lastModifiedDate":"2024-09-16","isFullCredit":false},{"lineNumber":21,"author":{"gitId":"Wen037"},"content":"","lastModifiedDate":"2024-09-16","isFullCredit":false},{"lineNumber":22,"author":{"gitId":"Wen037"},"content":"            /* to add: what if user input mark index out of range */","lastModifiedDate":"2024-09-16","isFullCredit":false},{"lineNumber":23,"author":{"gitId":"Wen037"},"content":"            case \"mark\":","lastModifiedDate":"2024-09-16","isFullCredit":false},{"lineNumber":24,"author":{"gitId":"Wen037"},"content":"            //mark a task with its index to is done","lastModifiedDate":"2024-09-16","isFullCredit":false},{"lineNumber":25,"author":{"gitId":"Wen037"},"content":"            int taskIdx\u003dInteger.parseInt(arr[1])-1;","lastModifiedDate":"2024-09-16","isFullCredit":false},{"lineNumber":26,"author":{"gitId":"Wen037"},"content":"","lastModifiedDate":"2024-09-16","isFullCredit":false},{"lineNumber":27,"author":{"gitId":"Wen037"},"content":"            if(inputList[taskIdx]\u003d\u003dnull)","lastModifiedDate":"2024-09-19","isFullCredit":false},{"lineNumber":28,"author":{"gitId":"Wen037"},"content":"            {","lastModifiedDate":"2024-09-16","isFullCredit":false},{"lineNumber":29,"author":{"gitId":"Wen037"},"content":"                //throw ProcessCmdFailException","lastModifiedDate":"2024-09-19","isFullCredit":false},{"lineNumber":30,"author":{"gitId":"Wen037"},"content":"                //bot say:suggest use list to view task\u0027s id","lastModifiedDate":"2024-09-19","isFullCredit":false},{"lineNumber":31,"author":{"gitId":"Wen037"},"content":"                throw new ChadException(\"OOPS!!! Invalid task id to mark\");","lastModifiedDate":"2024-09-19","isFullCredit":false},{"lineNumber":32,"author":{"gitId":"Wen037"},"content":"            }","lastModifiedDate":"2024-09-16","isFullCredit":false},{"lineNumber":33,"author":{"gitId":"Wen037"},"content":"","lastModifiedDate":"2024-09-16","isFullCredit":false},{"lineNumber":34,"author":{"gitId":"Wen037"},"content":"            inputList[taskIdx].setTask();","lastModifiedDate":"2024-09-16","isFullCredit":false},{"lineNumber":35,"author":{"gitId":"Wen037"},"content":"            chadSay(\"Nice! I\u0027ve marked this task as done:\" + System.lineSeparator() + inputList[taskIdx].toString());","lastModifiedDate":"2024-09-16","isFullCredit":false},{"lineNumber":36,"author":{"gitId":"Wen037"},"content":"","lastModifiedDate":"2024-09-16","isFullCredit":false},{"lineNumber":37,"author":{"gitId":"Wen037"},"content":"            break;","lastModifiedDate":"2024-09-16","isFullCredit":false},{"lineNumber":38,"author":{"gitId":"Wen037"},"content":"","lastModifiedDate":"2024-09-16","isFullCredit":false},{"lineNumber":39,"author":{"gitId":"Wen037"},"content":"            case \"unmark\":","lastModifiedDate":"2024-09-16","isFullCredit":false},{"lineNumber":40,"author":{"gitId":"Wen037"},"content":"            //mark a task with its index to not done","lastModifiedDate":"2024-09-16","isFullCredit":false},{"lineNumber":41,"author":{"gitId":"Wen037"},"content":"            int unmarkTaskIdx\u003dInteger.parseInt(arr[1])-1;","lastModifiedDate":"2024-09-16","isFullCredit":false},{"lineNumber":42,"author":{"gitId":"Wen037"},"content":"            if(unmarkTaskIdx\u003c1 || inputList[unmarkTaskIdx]\u003d\u003dnull)","lastModifiedDate":"2024-09-19","isFullCredit":false},{"lineNumber":43,"author":{"gitId":"Wen037"},"content":"            {","lastModifiedDate":"2024-09-16","isFullCredit":false},{"lineNumber":44,"author":{"gitId":"Wen037"},"content":"                //throw ProcessCmdFailException","lastModifiedDate":"2024-09-19","isFullCredit":false},{"lineNumber":45,"author":{"gitId":"Wen037"},"content":"                throw new ChadException(\"OOPS!!! Invalid task id to unmark\");","lastModifiedDate":"2024-09-19","isFullCredit":false},{"lineNumber":46,"author":{"gitId":"Wen037"},"content":"            }","lastModifiedDate":"2024-09-16","isFullCredit":false},{"lineNumber":47,"author":{"gitId":"Wen037"},"content":"","lastModifiedDate":"2024-09-16","isFullCredit":false},{"lineNumber":48,"author":{"gitId":"Wen037"},"content":"            inputList[unmarkTaskIdx].unSetTask();","lastModifiedDate":"2024-09-16","isFullCredit":false},{"lineNumber":49,"author":{"gitId":"Wen037"},"content":"            chadSay(\"OK, I\u0027ve marked this task as not done yet:\" + System.lineSeparator() + inputList[unmarkTaskIdx].toString());","lastModifiedDate":"2024-09-16","isFullCredit":false},{"lineNumber":50,"author":{"gitId":"Wen037"},"content":"            break;","lastModifiedDate":"2024-09-16","isFullCredit":false},{"lineNumber":51,"author":{"gitId":"Wen037"},"content":"","lastModifiedDate":"2024-09-16","isFullCredit":false},{"lineNumber":52,"author":{"gitId":"Wen037"},"content":"            default:","lastModifiedDate":"2024-09-16","isFullCredit":false},{"lineNumber":53,"author":{"gitId":"Wen037"},"content":"            //default case","lastModifiedDate":"2024-09-16","isFullCredit":false},{"lineNumber":54,"author":{"gitId":"Wen037"},"content":"            break;","lastModifiedDate":"2024-09-16","isFullCredit":false},{"lineNumber":55,"author":{"gitId":"Wen037"},"content":"","lastModifiedDate":"2024-09-16","isFullCredit":false},{"lineNumber":56,"author":{"gitId":"Wen037"},"content":"        }","lastModifiedDate":"2024-09-16","isFullCredit":false},{"lineNumber":57,"author":{"gitId":"Wen037"},"content":"        return;","lastModifiedDate":"2024-09-16","isFullCredit":false},{"lineNumber":58,"author":{"gitId":"Wen037"},"content":"","lastModifiedDate":"2024-09-16","isFullCredit":false},{"lineNumber":59,"author":{"gitId":"Wen037"},"content":"    }","lastModifiedDate":"2024-09-16","isFullCredit":false},{"lineNumber":60,"author":{"gitId":"Wen037"},"content":"","lastModifiedDate":"2024-09-16","isFullCredit":false},{"lineNumber":61,"author":{"gitId":"Wen037"},"content":"    public static void chadSay(String chadSay)","lastModifiedDate":"2024-09-16","isFullCredit":false},{"lineNumber":62,"author":{"gitId":"Wen037"},"content":"    {","lastModifiedDate":"2024-09-16","isFullCredit":false},{"lineNumber":63,"author":{"gitId":"Wen037"},"content":"        String myline \u003d \"_________________________________________________________________\";","lastModifiedDate":"2024-09-08","isFullCredit":false},{"lineNumber":64,"author":{"gitId":"Wen037"},"content":"        System.out.println(myline);","lastModifiedDate":"2024-09-08","isFullCredit":false},{"lineNumber":65,"author":{"gitId":"Wen037"},"content":"        System.out.println(chadSay);","lastModifiedDate":"2024-09-16","isFullCredit":false},{"lineNumber":66,"author":{"gitId":"Wen037"},"content":"        System.out.println(myline);","lastModifiedDate":"2024-09-16","isFullCredit":false},{"lineNumber":67,"author":{"gitId":"Wen037"},"content":"        return;","lastModifiedDate":"2024-09-16","isFullCredit":false},{"lineNumber":68,"author":{"gitId":"Wen037"},"content":"    }","lastModifiedDate":"2024-09-16","isFullCredit":false},{"lineNumber":69,"author":{"gitId":"Wen037"},"content":"","lastModifiedDate":"2024-09-16","isFullCredit":false},{"lineNumber":70,"author":{"gitId":"Wen037"},"content":"    public static void printList(){","lastModifiedDate":"2024-09-16","isFullCredit":false},{"lineNumber":71,"author":{"gitId":"Wen037"},"content":"","lastModifiedDate":"2024-09-16","isFullCredit":false},{"lineNumber":72,"author":{"gitId":"Wen037"},"content":"        // TODO: add your code here","lastModifiedDate":"2024-09-16","isFullCredit":false},{"lineNumber":73,"author":{"gitId":"Wen037"},"content":"        String addTaskManual \u003d \"You can add task by: Taskname1\\n\"","lastModifiedDate":"2024-09-19","isFullCredit":false},{"lineNumber":74,"author":{"gitId":"Wen037"},"content":"                                +\"add todo by:todo Mytodo1\\n\"","lastModifiedDate":"2024-09-19","isFullCredit":false},{"lineNumber":75,"author":{"gitId":"Wen037"},"content":"                                +\"add deadline by:deadline myDeadLineName1 /by sometime1\\n\"","lastModifiedDate":"2024-09-19","isFullCredit":false},{"lineNumber":76,"author":{"gitId":"Wen037"},"content":"                                +\"add event by: event MyEventname1 /from time1 /to time2\\n\";","lastModifiedDate":"2024-09-19","isFullCredit":false},{"lineNumber":77,"author":{"gitId":"Wen037"},"content":"        String myline \u003d \"_________________________________________________________________\";    ","lastModifiedDate":"2024-09-16","isFullCredit":false},{"lineNumber":78,"author":{"gitId":"Wen037"},"content":"        System.out.println(myline);","lastModifiedDate":"2024-09-16","isFullCredit":false},{"lineNumber":79,"author":{"gitId":"Wen037"},"content":"        //check if the task list is empty","lastModifiedDate":"2024-09-19","isFullCredit":false},{"lineNumber":80,"author":{"gitId":"Wen037"},"content":"        if(inputList[0]\u003d\u003dnull)","lastModifiedDate":"2024-09-19","isFullCredit":false},{"lineNumber":81,"author":{"gitId":"Wen037"},"content":"        {","lastModifiedDate":"2024-09-19","isFullCredit":false},{"lineNumber":82,"author":{"gitId":"Wen037"},"content":"            System.out.println(\"Your tasks list is empty\");","lastModifiedDate":"2024-09-19","isFullCredit":false},{"lineNumber":83,"author":{"gitId":"Wen037"},"content":"            System.out.println(addTaskManual);","lastModifiedDate":"2024-09-19","isFullCredit":false},{"lineNumber":84,"author":{"gitId":"Wen037"},"content":"            System.out.println(myline);","lastModifiedDate":"2024-09-19","isFullCredit":false},{"lineNumber":85,"author":{"gitId":"Wen037"},"content":"            return;","lastModifiedDate":"2024-09-19","isFullCredit":false},{"lineNumber":86,"author":{"gitId":"Wen037"},"content":"        }","lastModifiedDate":"2024-09-19","isFullCredit":false},{"lineNumber":87,"author":{"gitId":"Wen037"},"content":"        System.out.println(\"Here are the tasks in your list:\");","lastModifiedDate":"2024-09-16","isFullCredit":false},{"lineNumber":88,"author":{"gitId":"Wen037"},"content":"        ","lastModifiedDate":"2024-09-16","isFullCredit":false},{"lineNumber":89,"author":{"gitId":"Wen037"},"content":"        for(int i\u003d0;i\u003cNoOfTask;i++)","lastModifiedDate":"2024-09-16","isFullCredit":false},{"lineNumber":90,"author":{"gitId":"Wen037"},"content":"        {","lastModifiedDate":"2024-09-16","isFullCredit":false},{"lineNumber":91,"author":{"gitId":"Wen037"},"content":"            if(inputList[i]\u003d\u003dnull)","lastModifiedDate":"2024-09-16","isFullCredit":false},{"lineNumber":92,"author":{"gitId":"Wen037"},"content":"            {","lastModifiedDate":"2024-09-16","isFullCredit":false},{"lineNumber":93,"author":{"gitId":"Wen037"},"content":"                break;","lastModifiedDate":"2024-09-16","isFullCredit":false},{"lineNumber":94,"author":{"gitId":"Wen037"},"content":"            }","lastModifiedDate":"2024-09-16","isFullCredit":false},{"lineNumber":95,"author":{"gitId":"Wen037"},"content":"            System.out.println((i+1)+\".\"+inputList[i].toString());","lastModifiedDate":"2024-09-16","isFullCredit":false},{"lineNumber":96,"author":{"gitId":"Wen037"},"content":"        }","lastModifiedDate":"2024-09-16","isFullCredit":false},{"lineNumber":97,"author":{"gitId":"Wen037"},"content":"        System.out.println(myline);","lastModifiedDate":"2024-09-08","isFullCredit":false},{"lineNumber":98,"author":{"gitId":"Wen037"},"content":"        return;","lastModifiedDate":"2024-09-16","isFullCredit":false},{"lineNumber":99,"author":{"gitId":"Wen037"},"content":"    }","lastModifiedDate":"2024-09-16","isFullCredit":false},{"lineNumber":100,"author":{"gitId":"Wen037"},"content":"","lastModifiedDate":"2024-09-08","isFullCredit":false},{"lineNumber":101,"author":{"gitId":"Wen037"},"content":"    public static void addTask(String taskString,int taskID) throws ChadException","lastModifiedDate":"2024-09-19","isFullCredit":false},{"lineNumber":102,"author":{"gitId":"Wen037"},"content":"    {","lastModifiedDate":"2024-09-19","isFullCredit":false},{"lineNumber":103,"author":{"gitId":"Wen037"},"content":"        String arr[] \u003d taskString.split(\" \");","lastModifiedDate":"2024-09-19","isFullCredit":false},{"lineNumber":104,"author":{"gitId":"Wen037"},"content":"","lastModifiedDate":"2024-09-19","isFullCredit":false},{"lineNumber":105,"author":{"gitId":"Wen037"},"content":"","lastModifiedDate":"2024-09-19","isFullCredit":false},{"lineNumber":106,"author":{"gitId":"Wen037"},"content":"        switch(arr[0])","lastModifiedDate":"2024-09-19","isFullCredit":false},{"lineNumber":107,"author":{"gitId":"Wen037"},"content":"            {","lastModifiedDate":"2024-09-19","isFullCredit":false},{"lineNumber":108,"author":{"gitId":"Wen037"},"content":"                case \"todo\":","lastModifiedDate":"2024-09-19","isFullCredit":false},{"lineNumber":109,"author":{"gitId":"Wen037"},"content":"                //add todo, case sensitive not handled","lastModifiedDate":"2024-09-19","isFullCredit":false},{"lineNumber":110,"author":{"gitId":"Wen037"},"content":"                try{","lastModifiedDate":"2024-09-19","isFullCredit":false},{"lineNumber":111,"author":{"gitId":"Wen037"},"content":"                    String todoname \u003d taskString.split(\"todo\")[1];","lastModifiedDate":"2024-09-19","isFullCredit":false},{"lineNumber":112,"author":{"gitId":"Wen037"},"content":"                    Chad.inputList[taskID]\u003dnew Todo(todoname);","lastModifiedDate":"2024-09-19","isFullCredit":false},{"lineNumber":113,"author":{"gitId":"Wen037"},"content":"","lastModifiedDate":"2024-09-19","isFullCredit":false},{"lineNumber":114,"author":{"gitId":"Wen037"},"content":"                }catch (ArrayIndexOutOfBoundsException e)","lastModifiedDate":"2024-09-19","isFullCredit":false},{"lineNumber":115,"author":{"gitId":"Wen037"},"content":"                {","lastModifiedDate":"2024-09-19","isFullCredit":false},{"lineNumber":116,"author":{"gitId":"Wen037"},"content":"                    throw new ChadException(\"Opps!Pls re-write discription for todo\");","lastModifiedDate":"2024-09-19","isFullCredit":false},{"lineNumber":117,"author":{"gitId":"Wen037"},"content":"                }","lastModifiedDate":"2024-09-19","isFullCredit":false},{"lineNumber":118,"author":{"gitId":"Wen037"},"content":"                ","lastModifiedDate":"2024-09-19","isFullCredit":false},{"lineNumber":119,"author":{"gitId":"Wen037"},"content":"          ","lastModifiedDate":"2024-09-19","isFullCredit":false},{"lineNumber":120,"author":{"gitId":"Wen037"},"content":"                break;","lastModifiedDate":"2024-09-19","isFullCredit":false},{"lineNumber":121,"author":{"gitId":"Wen037"},"content":"","lastModifiedDate":"2024-09-19","isFullCredit":false},{"lineNumber":122,"author":{"gitId":"Wen037"},"content":"                case \"deadline\":","lastModifiedDate":"2024-09-19","isFullCredit":false},{"lineNumber":123,"author":{"gitId":"Wen037"},"content":"                //add deadline","lastModifiedDate":"2024-09-19","isFullCredit":false},{"lineNumber":124,"author":{"gitId":"Wen037"},"content":"","lastModifiedDate":"2024-09-19","isFullCredit":false},{"lineNumber":125,"author":{"gitId":"Wen037"},"content":"                String deadlinename,deadlineby;","lastModifiedDate":"2024-09-19","isFullCredit":false},{"lineNumber":126,"author":{"gitId":"Wen037"},"content":"                try{","lastModifiedDate":"2024-09-19","isFullCredit":false},{"lineNumber":127,"author":{"gitId":"Wen037"},"content":"                    deadlinename \u003d taskString.substring(taskString.indexOf(\"deadline\") + 8, taskString.indexOf(\"/by\"));////space is taken into consideration, to allow space index change to +7","lastModifiedDate":"2024-09-19","isFullCredit":false},{"lineNumber":128,"author":{"gitId":"Wen037"},"content":"                    deadlineby\u003dtaskString.split(\"/by\")[1];","lastModifiedDate":"2024-09-19","isFullCredit":false},{"lineNumber":129,"author":{"gitId":"Wen037"},"content":"                    Chad.inputList[taskID]\u003dnew Deadline(deadlinename,deadlineby);","lastModifiedDate":"2024-09-19","isFullCredit":false},{"lineNumber":130,"author":{"gitId":"Wen037"},"content":"                }catch(StringIndexOutOfBoundsException e){","lastModifiedDate":"2024-09-19","isFullCredit":false},{"lineNumber":131,"author":{"gitId":"Wen037"},"content":"                    throw new ChadException(\"Opps!! Add deadline failed!!!Deadline Syntax: deadline task1 /by time1\");","lastModifiedDate":"2024-09-19","isFullCredit":false},{"lineNumber":132,"author":{"gitId":"Wen037"},"content":"                }","lastModifiedDate":"2024-09-19","isFullCredit":false},{"lineNumber":133,"author":{"gitId":"Wen037"},"content":"                //deadlinename \u003d taskString.substring(taskString.indexOf(\"deadline\") + 8, taskString.indexOf(\"/by\"));////space is taken into consideration, to allow space index change to +7","lastModifiedDate":"2024-09-19","isFullCredit":false},{"lineNumber":134,"author":{"gitId":"Wen037"},"content":"                ","lastModifiedDate":"2024-09-19","isFullCredit":false},{"lineNumber":135,"author":{"gitId":"Wen037"},"content":"                ","lastModifiedDate":"2024-09-19","isFullCredit":false},{"lineNumber":136,"author":{"gitId":"Wen037"},"content":"                ","lastModifiedDate":"2024-09-19","isFullCredit":false},{"lineNumber":137,"author":{"gitId":"Wen037"},"content":"","lastModifiedDate":"2024-09-19","isFullCredit":false},{"lineNumber":138,"author":{"gitId":"Wen037"},"content":"                break;","lastModifiedDate":"2024-09-19","isFullCredit":false},{"lineNumber":139,"author":{"gitId":"Wen037"},"content":"","lastModifiedDate":"2024-09-19","isFullCredit":false},{"lineNumber":140,"author":{"gitId":"Wen037"},"content":"                case \"event\":","lastModifiedDate":"2024-09-19","isFullCredit":false},{"lineNumber":141,"author":{"gitId":"Wen037"},"content":"                //add event","lastModifiedDate":"2024-09-19","isFullCredit":false},{"lineNumber":142,"author":{"gitId":"Wen037"},"content":"                String eventname,startsAt,endsAt;","lastModifiedDate":"2024-09-19","isFullCredit":false},{"lineNumber":143,"author":{"gitId":"Wen037"},"content":"                try{","lastModifiedDate":"2024-09-19","isFullCredit":false},{"lineNumber":144,"author":{"gitId":"Wen037"},"content":"                eventname\u003dtaskString.substring(taskString.indexOf(\"event\") + 6, taskString.indexOf(\"/from\")); //space is taken into consideration, to allow space index change to +5","lastModifiedDate":"2024-09-19","isFullCredit":false},{"lineNumber":145,"author":{"gitId":"Wen037"},"content":"                startsAt \u003d taskString.substring(taskString.indexOf(\"/from\") + 6, taskString.indexOf(\"/to\"));//space is taken into consideration, to allow space index change to +5","lastModifiedDate":"2024-09-19","isFullCredit":false},{"lineNumber":146,"author":{"gitId":"Wen037"},"content":"                endsAt\u003dtaskString.split(\"/to\")[1];","lastModifiedDate":"2024-09-19","isFullCredit":false},{"lineNumber":147,"author":{"gitId":"Wen037"},"content":"                Chad.inputList[taskID]\u003dnew Event(eventname,startsAt,endsAt);","lastModifiedDate":"2024-09-19","isFullCredit":false},{"lineNumber":148,"author":{"gitId":"Wen037"},"content":"                }catch(StringIndexOutOfBoundsException e){","lastModifiedDate":"2024-09-19","isFullCredit":false},{"lineNumber":149,"author":{"gitId":"Wen037"},"content":"                    throw new ChadException(\"Opps!! Add event failed!!!Event Syntax: event task1 /from time1 /to time2\");","lastModifiedDate":"2024-09-19","isFullCredit":false},{"lineNumber":150,"author":{"gitId":"Wen037"},"content":"                }","lastModifiedDate":"2024-09-19","isFullCredit":false},{"lineNumber":151,"author":{"gitId":"Wen037"},"content":"                ","lastModifiedDate":"2024-09-19","isFullCredit":false},{"lineNumber":152,"author":{"gitId":"Wen037"},"content":"                break;","lastModifiedDate":"2024-09-19","isFullCredit":false},{"lineNumber":153,"author":{"gitId":"Wen037"},"content":"","lastModifiedDate":"2024-09-19","isFullCredit":false},{"lineNumber":154,"author":{"gitId":"Wen037"},"content":"                default:","lastModifiedDate":"2024-09-19","isFullCredit":false},{"lineNumber":155,"author":{"gitId":"Wen037"},"content":"                //add general task","lastModifiedDate":"2024-09-19","isFullCredit":false},{"lineNumber":156,"author":{"gitId":"Wen037"},"content":"                //all other string will add as a whole as a new task","lastModifiedDate":"2024-09-19","isFullCredit":false},{"lineNumber":157,"author":{"gitId":"Wen037"},"content":"                Chad.inputList[taskID]\u003dnew Task(taskString);","lastModifiedDate":"2024-09-19","isFullCredit":false},{"lineNumber":158,"author":{"gitId":"Wen037"},"content":"                break;","lastModifiedDate":"2024-09-19","isFullCredit":false},{"lineNumber":159,"author":{"gitId":"Wen037"},"content":"            }","lastModifiedDate":"2024-09-19","isFullCredit":false},{"lineNumber":160,"author":{"gitId":"Wen037"},"content":"","lastModifiedDate":"2024-09-19","isFullCredit":false},{"lineNumber":161,"author":{"gitId":"Wen037"},"content":"    }","lastModifiedDate":"2024-09-19","isFullCredit":false},{"lineNumber":162,"author":{"gitId":"Wen037"},"content":"    public static void main(String[] args) {","lastModifiedDate":"2024-09-16","isFullCredit":false},{"lineNumber":163,"author":{"gitId":"Wen037"},"content":"","lastModifiedDate":"2024-09-16","isFullCredit":false},{"lineNumber":164,"author":{"gitId":"Wen037"},"content":"        String myline \u003d \"_________________________________________________________________\";","lastModifiedDate":"2024-09-16","isFullCredit":false},{"lineNumber":165,"author":{"gitId":"Wen037"},"content":"        String logo \u003d \" Chad\\n\";","lastModifiedDate":"2024-09-16","isFullCredit":false},{"lineNumber":166,"author":{"gitId":"Wen037"},"content":"        chadSay(\"Hello from \" + logo+\"\\n\"+\"What can I do for you?\\n\");","lastModifiedDate":"2024-09-16","isFullCredit":false},{"lineNumber":167,"author":{"gitId":"Wen037"},"content":"        String[] chadCommands \u003d {\"list\",\"mark\",\"unmark\"};","lastModifiedDate":"2024-09-16","isFullCredit":false},{"lineNumber":168,"author":{"gitId":"Wen037"},"content":"        //Arrays.asList(yourArray).contains(yourValue)","lastModifiedDate":"2024-09-16","isFullCredit":false},{"lineNumber":169,"author":{"gitId":"Wen037"},"content":"        //https://stackoverflow.com/questions/1128723/how-do-i-determine-whether-an-array-contains-a-particular-value-in-java","lastModifiedDate":"2024-09-16","isFullCredit":false},{"lineNumber":170,"author":{"gitId":"Wen037"},"content":"","lastModifiedDate":"2024-09-16","isFullCredit":false},{"lineNumber":171,"author":{"gitId":"Wen037"},"content":"        String line;","lastModifiedDate":"2024-09-08","isFullCredit":false},{"lineNumber":172,"author":{"gitId":"Wen037"},"content":"        int i\u003d0;","lastModifiedDate":"2024-09-16","isFullCredit":false},{"lineNumber":173,"author":{"gitId":"Wen037"},"content":"        Scanner in \u003d new Scanner(System.in);","lastModifiedDate":"2024-09-08","isFullCredit":false},{"lineNumber":174,"author":{"gitId":"Wen037"},"content":"        line \u003d in.nextLine();","lastModifiedDate":"2024-09-08","isFullCredit":false},{"lineNumber":175,"author":{"gitId":"Wen037"},"content":"","lastModifiedDate":"2024-09-16","isFullCredit":false},{"lineNumber":176,"author":{"gitId":"Wen037"},"content":"        ","lastModifiedDate":"2024-09-16","isFullCredit":false},{"lineNumber":177,"author":{"gitId":"Wen037"},"content":"        ","lastModifiedDate":"2024-09-16","isFullCredit":false},{"lineNumber":178,"author":{"gitId":"Wen037"},"content":"        while(!line.equals(\"bye\"))","lastModifiedDate":"2024-09-08","isFullCredit":false},{"lineNumber":179,"author":{"gitId":"Wen037"},"content":"        {","lastModifiedDate":"2024-09-08","isFullCredit":false},{"lineNumber":180,"author":{"gitId":"Wen037"},"content":"            //group key words to be processed in function instead of use nested if loop","lastModifiedDate":"2024-09-16","isFullCredit":false},{"lineNumber":181,"author":{"gitId":"Wen037"},"content":"            //key words : list, set, unset","lastModifiedDate":"2024-09-16","isFullCredit":false},{"lineNumber":182,"author":{"gitId":"Wen037"},"content":"","lastModifiedDate":"2024-09-16","isFullCredit":false},{"lineNumber":183,"author":{"gitId":"Wen037"},"content":"            //commands may be of format set sth, get set from input line","lastModifiedDate":"2024-09-16","isFullCredit":false},{"lineNumber":184,"author":{"gitId":"Wen037"},"content":"            String arr[] \u003d line.split(\" \");","lastModifiedDate":"2024-09-16","isFullCredit":false},{"lineNumber":185,"author":{"gitId":"Wen037"},"content":"            //arr[0] is the command if user input is a command","lastModifiedDate":"2024-09-16","isFullCredit":false},{"lineNumber":186,"author":{"gitId":"Wen037"},"content":"            boolean isCommand \u003d Arrays.asList(chadCommands).contains(arr[0]);","lastModifiedDate":"2024-09-16","isFullCredit":false},{"lineNumber":187,"author":{"gitId":"Wen037"},"content":"            if(isCommand)","lastModifiedDate":"2024-09-16","isFullCredit":false},{"lineNumber":188,"author":{"gitId":"Wen037"},"content":"            {","lastModifiedDate":"2024-09-16","isFullCredit":false},{"lineNumber":189,"author":{"gitId":"Wen037"},"content":"                //printList(inputList);S","lastModifiedDate":"2024-09-19","isFullCredit":false},{"lineNumber":190,"author":{"gitId":"Wen037"},"content":"                try{","lastModifiedDate":"2024-09-19","isFullCredit":false},{"lineNumber":191,"author":{"gitId":"Wen037"},"content":"                    processCmd(line);","lastModifiedDate":"2024-09-16","isFullCredit":false},{"lineNumber":192,"author":{"gitId":"Wen037"},"content":"                } catch(ChadException e)","lastModifiedDate":"2024-09-19","isFullCredit":false},{"lineNumber":193,"author":{"gitId":"Wen037"},"content":"                {","lastModifiedDate":"2024-09-19","isFullCredit":false},{"lineNumber":194,"author":{"gitId":"Wen037"},"content":"                    System.out.println(e);  ","lastModifiedDate":"2024-09-19","isFullCredit":false},{"lineNumber":195,"author":{"gitId":"Wen037"},"content":"                }","lastModifiedDate":"2024-09-19","isFullCredit":false},{"lineNumber":196,"author":{"gitId":"Wen037"},"content":"                ","lastModifiedDate":"2024-09-19","isFullCredit":false},{"lineNumber":197,"author":{"gitId":"Wen037"},"content":"                line\u003din.nextLine();","lastModifiedDate":"2024-09-08","isFullCredit":false},{"lineNumber":198,"author":{"gitId":"Wen037"},"content":"                continue;","lastModifiedDate":"2024-09-16","isFullCredit":false},{"lineNumber":199,"author":{"gitId":"Wen037"},"content":"            }","lastModifiedDate":"2024-09-08","isFullCredit":false},{"lineNumber":200,"author":{"gitId":"Wen037"},"content":"            ","lastModifiedDate":"2024-09-08","isFullCredit":false},{"lineNumber":201,"author":{"gitId":"Wen037"},"content":"            //according to different task type add to task list.","lastModifiedDate":"2024-09-16","isFullCredit":false},{"lineNumber":202,"author":{"gitId":"Wen037"},"content":"            /*","lastModifiedDate":"2024-09-19","isFullCredit":false},{"lineNumber":203,"author":{"gitId":"Wen037"},"content":"             * Put addlist in separate function to enable exception handle","lastModifiedDate":"2024-09-19","isFullCredit":false},{"lineNumber":204,"author":{"gitId":"Wen037"},"content":"             * try call somefunction() ","lastModifiedDate":"2024-09-19","isFullCredit":false},{"lineNumber":205,"author":{"gitId":"Wen037"},"content":"             * catch exception when have..","lastModifiedDate":"2024-09-19","isFullCredit":false},{"lineNumber":206,"author":{"gitId":"Wen037"},"content":"             * ","lastModifiedDate":"2024-09-19","isFullCredit":false},{"lineNumber":207,"author":{"gitId":"Wen037"},"content":"             * 1.need to re-define function, to follow syntax ... throws exception1,exception2 ...  ","lastModifiedDate":"2024-09-19","isFullCredit":false},{"lineNumber":208,"author":{"gitId":"Wen037"},"content":"             * 2. figure out what exception may happen","lastModifiedDate":"2024-09-19","isFullCredit":false},{"lineNumber":209,"author":{"gitId":"Wen037"},"content":"             *      -add to list,  invaild format,input string not following example syntax","lastModifiedDate":"2024-09-19","isFullCredit":false},{"lineNumber":210,"author":{"gitId":"Wen037"},"content":"             *      -print list,   list is empty?(not a exception, just tell user the list is empty)","lastModifiedDate":"2024-09-19","isFullCredit":false},{"lineNumber":211,"author":{"gitId":"Wen037"},"content":"             *      -processing command mark/unmark with invalid task index, ","lastModifiedDate":"2024-09-19","isFullCredit":false},{"lineNumber":212,"author":{"gitId":"Wen037"},"content":"             * 3. add custom exception class, add custom error msg","lastModifiedDate":"2024-09-19","isFullCredit":false},{"lineNumber":213,"author":{"gitId":"Wen037"},"content":"             * 4. caller part, add try-catch implementation","lastModifiedDate":"2024-09-19","isFullCredit":false},{"lineNumber":214,"author":{"gitId":"Wen037"},"content":"             * ","lastModifiedDate":"2024-09-19","isFullCredit":false},{"lineNumber":215,"author":{"gitId":"Wen037"},"content":"             */","lastModifiedDate":"2024-09-19","isFullCredit":false},{"lineNumber":216,"author":{"gitId":"Wen037"},"content":"            try{","lastModifiedDate":"2024-09-19","isFullCredit":false},{"lineNumber":217,"author":{"gitId":"Wen037"},"content":"                addTask(line,i);","lastModifiedDate":"2024-09-19","isFullCredit":false},{"lineNumber":218,"author":{"gitId":"Wen037"},"content":"                i++;","lastModifiedDate":"2024-09-19","isFullCredit":false},{"lineNumber":219,"author":{"gitId":"Wen037"},"content":"                NoOfTask\u003di;","lastModifiedDate":"2024-09-19","isFullCredit":false},{"lineNumber":220,"author":{"gitId":"Wen037"},"content":"                chadSay( \"Got it. I\u0027ve added this task:\" + System.lineSeparator()+inputList[i-1].toString() +System.lineSeparator() +\"Now you have \"+ NoOfTask+\" tasks in the list.\");","lastModifiedDate":"2024-09-19","isFullCredit":false},{"lineNumber":221,"author":{"gitId":"Wen037"},"content":"","lastModifiedDate":"2024-09-16","isFullCredit":false},{"lineNumber":222,"author":{"gitId":"Wen037"},"content":"            }catch (ChadException e){","lastModifiedDate":"2024-09-19","isFullCredit":false},{"lineNumber":223,"author":{"gitId":"Wen037"},"content":"                //do sth here","lastModifiedDate":"2024-09-19","isFullCredit":false},{"lineNumber":224,"author":{"gitId":"Wen037"},"content":"                System.out.println(e);  ","lastModifiedDate":"2024-09-19","isFullCredit":false},{"lineNumber":225,"author":{"gitId":"Wen037"},"content":"            }","lastModifiedDate":"2024-09-19","isFullCredit":false},{"lineNumber":226,"author":{"gitId":"Wen037"},"content":"            ","lastModifiedDate":"2024-09-16","isFullCredit":false},{"lineNumber":227,"author":{"gitId":"Wen037"},"content":"            ","lastModifiedDate":"2024-09-16","isFullCredit":false},{"lineNumber":228,"author":{"gitId":"Wen037"},"content":"","lastModifiedDate":"2024-09-16","isFullCredit":false},{"lineNumber":229,"author":{"gitId":"Wen037"},"content":"            /*todo, deadline, event ","lastModifiedDate":"2024-09-16","isFullCredit":false},{"lineNumber":230,"author":{"gitId":"Wen037"},"content":"             * task : task name","lastModifiedDate":"2024-09-16","isFullCredit":false},{"lineNumber":231,"author":{"gitId":"Wen037"},"content":"             * todo : todo + space + task name","lastModifiedDate":"2024-09-16","isFullCredit":false},{"lineNumber":232,"author":{"gitId":"Wen037"},"content":"             * deadline: deadline + task name + \"/by\" + by","lastModifiedDate":"2024-09-16","isFullCredit":false},{"lineNumber":233,"author":{"gitId":"Wen037"},"content":"             * event: event + task name + \"/from\" + startsAt + \"/to\" + endsAt","lastModifiedDate":"2024-09-16","isFullCredit":false},{"lineNumber":234,"author":{"gitId":"Wen037"},"content":"            */","lastModifiedDate":"2024-09-16","isFullCredit":false},{"lineNumber":235,"author":{"gitId":"Wen037"},"content":"","lastModifiedDate":"2024-09-16","isFullCredit":false},{"lineNumber":236,"author":{"gitId":"Wen037"},"content":"","lastModifiedDate":"2024-09-16","isFullCredit":false},{"lineNumber":237,"author":{"gitId":"Wen037"},"content":"            line\u003din.nextLine();","lastModifiedDate":"2024-09-16","isFullCredit":false},{"lineNumber":238,"author":{"gitId":"Wen037"},"content":"            ","lastModifiedDate":"2024-09-16","isFullCredit":false},{"lineNumber":239,"author":{"gitId":"Wen037"},"content":"        }","lastModifiedDate":"2024-09-16","isFullCredit":false},{"lineNumber":240,"author":{"gitId":"Wen037"},"content":"        ","lastModifiedDate":"2024-09-16","isFullCredit":false},{"lineNumber":241,"author":{"gitId":"Wen037"},"content":"        chadSay(\"Bye. Hope to see you again soon!\");","lastModifiedDate":"2024-09-16","isFullCredit":false},{"lineNumber":242,"author":{"gitId":"Wen037"},"content":"    }","lastModifiedDate":"2024-09-08","isFullCredit":false},{"lineNumber":243,"author":{"gitId":"Wen037"},"content":"}","lastModifiedDate":"2024-09-08","isFullCredit":false}],"authorContributionMap":{"Wen037":243}},{"path":"src/main/java/ChadException.java","fileType":"java","lines":[{"lineNumber":1,"author":{"gitId":"Wen037"},"content":"public class ChadException extends Exception {  ","lastModifiedDate":"2024-09-19","isFullCredit":false},{"lineNumber":2,"author":{"gitId":"Wen037"},"content":"    public ChadException(String errorMessage) {  ","lastModifiedDate":"2024-09-19","isFullCredit":false},{"lineNumber":3,"author":{"gitId":"Wen037"},"content":"    super(errorMessage);  ","lastModifiedDate":"2024-09-19","isFullCredit":false},{"lineNumber":4,"author":{"gitId":"Wen037"},"content":"    }  ","lastModifiedDate":"2024-09-19","isFullCredit":false},{"lineNumber":5,"author":{"gitId":"Wen037"},"content":"} ","lastModifiedDate":"2024-09-19","isFullCredit":false}],"authorContributionMap":{"Wen037":5}},{"path":"src/main/java/Deadline.java","fileType":"java","lines":[{"lineNumber":1,"author":{"gitId":"Wen037"},"content":"public class Deadline extends Task {","lastModifiedDate":"2024-09-16","isFullCredit":false},{"lineNumber":2,"author":{"gitId":"Wen037"},"content":"","lastModifiedDate":"2024-09-16","isFullCredit":false},{"lineNumber":3,"author":{"gitId":"Wen037"},"content":"    protected String by;","lastModifiedDate":"2024-09-16","isFullCredit":false},{"lineNumber":4,"author":{"gitId":"Wen037"},"content":"","lastModifiedDate":"2024-09-16","isFullCredit":false},{"lineNumber":5,"author":{"gitId":"Wen037"},"content":"    public Deadline(String description, String by) {","lastModifiedDate":"2024-09-16","isFullCredit":false},{"lineNumber":6,"author":{"gitId":"Wen037"},"content":"        super(description);","lastModifiedDate":"2024-09-16","isFullCredit":false},{"lineNumber":7,"author":{"gitId":"Wen037"},"content":"        this.by \u003d by;","lastModifiedDate":"2024-09-16","isFullCredit":false},{"lineNumber":8,"author":{"gitId":"Wen037"},"content":"    }","lastModifiedDate":"2024-09-16","isFullCredit":false},{"lineNumber":9,"author":{"gitId":"Wen037"},"content":"","lastModifiedDate":"2024-09-16","isFullCredit":false},{"lineNumber":10,"author":{"gitId":"Wen037"},"content":"    @Override","lastModifiedDate":"2024-09-16","isFullCredit":false},{"lineNumber":11,"author":{"gitId":"Wen037"},"content":"    public String toString() {","lastModifiedDate":"2024-09-16","isFullCredit":false},{"lineNumber":12,"author":{"gitId":"Wen037"},"content":"        return \"[D]\" + super.toString() + \" (by: \" + by + \")\";","lastModifiedDate":"2024-09-16","isFullCredit":false},{"lineNumber":13,"author":{"gitId":"Wen037"},"content":"    }","lastModifiedDate":"2024-09-16","isFullCredit":false},{"lineNumber":14,"author":{"gitId":"Wen037"},"content":"}","lastModifiedDate":"2024-09-16","isFullCredit":false}],"authorContributionMap":{"Wen037":14}},{"path":"src/main/java/Event.java","fileType":"java","lines":[{"lineNumber":1,"author":{"gitId":"Wen037"},"content":"public class Event extends Task {","lastModifiedDate":"2024-09-16","isFullCredit":false},{"lineNumber":2,"author":{"gitId":"Wen037"},"content":"","lastModifiedDate":"2024-09-16","isFullCredit":false},{"lineNumber":3,"author":{"gitId":"Wen037"},"content":"    protected String startsAt;","lastModifiedDate":"2024-09-16","isFullCredit":false},{"lineNumber":4,"author":{"gitId":"Wen037"},"content":"    protected String endsAt;","lastModifiedDate":"2024-09-16","isFullCredit":false},{"lineNumber":5,"author":{"gitId":"Wen037"},"content":"","lastModifiedDate":"2024-09-16","isFullCredit":false},{"lineNumber":6,"author":{"gitId":"Wen037"},"content":"    public Event(String description, String startsAt,String endsAt) {","lastModifiedDate":"2024-09-16","isFullCredit":false},{"lineNumber":7,"author":{"gitId":"Wen037"},"content":"        super(description);","lastModifiedDate":"2024-09-16","isFullCredit":false},{"lineNumber":8,"author":{"gitId":"Wen037"},"content":"        this.startsAt \u003d startsAt;","lastModifiedDate":"2024-09-16","isFullCredit":false},{"lineNumber":9,"author":{"gitId":"Wen037"},"content":"        this.endsAt\u003dendsAt;","lastModifiedDate":"2024-09-16","isFullCredit":false},{"lineNumber":10,"author":{"gitId":"Wen037"},"content":"    }","lastModifiedDate":"2024-09-16","isFullCredit":false},{"lineNumber":11,"author":{"gitId":"Wen037"},"content":"","lastModifiedDate":"2024-09-16","isFullCredit":false},{"lineNumber":12,"author":{"gitId":"Wen037"},"content":"    @Override","lastModifiedDate":"2024-09-16","isFullCredit":false},{"lineNumber":13,"author":{"gitId":"Wen037"},"content":"    public String toString() {","lastModifiedDate":"2024-09-16","isFullCredit":false},{"lineNumber":14,"author":{"gitId":"Wen037"},"content":"        return \"[E]\" + super.toString() + \" from: \" + startsAt + \"to:\" + endsAt;","lastModifiedDate":"2024-09-16","isFullCredit":false},{"lineNumber":15,"author":{"gitId":"Wen037"},"content":"    }","lastModifiedDate":"2024-09-16","isFullCredit":false},{"lineNumber":16,"author":{"gitId":"Wen037"},"content":"}","lastModifiedDate":"2024-09-16","isFullCredit":false}],"authorContributionMap":{"Wen037":16}},{"path":"src/main/java/Task.java","fileType":"java","lines":[{"lineNumber":1,"author":{"gitId":"Wen037"},"content":"public class Task {","lastModifiedDate":"2024-09-16","isFullCredit":false},{"lineNumber":2,"author":{"gitId":"Wen037"},"content":"    protected String description;","lastModifiedDate":"2024-09-16","isFullCredit":false},{"lineNumber":3,"author":{"gitId":"Wen037"},"content":"    protected boolean isDone;","lastModifiedDate":"2024-09-16","isFullCredit":false},{"lineNumber":4,"author":{"gitId":"Wen037"},"content":"","lastModifiedDate":"2024-09-16","isFullCredit":false},{"lineNumber":5,"author":{"gitId":"Wen037"},"content":"    public Task(String description) {","lastModifiedDate":"2024-09-16","isFullCredit":false},{"lineNumber":6,"author":{"gitId":"Wen037"},"content":"        this.description \u003d description;","lastModifiedDate":"2024-09-16","isFullCredit":false},{"lineNumber":7,"author":{"gitId":"Wen037"},"content":"        this.isDone \u003d false;","lastModifiedDate":"2024-09-16","isFullCredit":false},{"lineNumber":8,"author":{"gitId":"Wen037"},"content":"    }","lastModifiedDate":"2024-09-16","isFullCredit":false},{"lineNumber":9,"author":{"gitId":"Wen037"},"content":"","lastModifiedDate":"2024-09-16","isFullCredit":false},{"lineNumber":10,"author":{"gitId":"Wen037"},"content":"    public String getDescription()","lastModifiedDate":"2024-09-16","isFullCredit":false},{"lineNumber":11,"author":{"gitId":"Wen037"},"content":"    {","lastModifiedDate":"2024-09-16","isFullCredit":false},{"lineNumber":12,"author":{"gitId":"Wen037"},"content":"        return this.description;","lastModifiedDate":"2024-09-16","isFullCredit":false},{"lineNumber":13,"author":{"gitId":"Wen037"},"content":"    }","lastModifiedDate":"2024-09-16","isFullCredit":false},{"lineNumber":14,"author":{"gitId":"Wen037"},"content":"    public void setTask()","lastModifiedDate":"2024-09-16","isFullCredit":false},{"lineNumber":15,"author":{"gitId":"Wen037"},"content":"    {","lastModifiedDate":"2024-09-16","isFullCredit":false},{"lineNumber":16,"author":{"gitId":"Wen037"},"content":"        this.isDone\u003dtrue;","lastModifiedDate":"2024-09-16","isFullCredit":false},{"lineNumber":17,"author":{"gitId":"Wen037"},"content":"    }","lastModifiedDate":"2024-09-16","isFullCredit":false},{"lineNumber":18,"author":{"gitId":"Wen037"},"content":"","lastModifiedDate":"2024-09-16","isFullCredit":false},{"lineNumber":19,"author":{"gitId":"Wen037"},"content":"    public void unSetTask()","lastModifiedDate":"2024-09-16","isFullCredit":false},{"lineNumber":20,"author":{"gitId":"Wen037"},"content":"    {","lastModifiedDate":"2024-09-16","isFullCredit":false},{"lineNumber":21,"author":{"gitId":"Wen037"},"content":"        this.isDone\u003dfalse;","lastModifiedDate":"2024-09-16","isFullCredit":false},{"lineNumber":22,"author":{"gitId":"Wen037"},"content":"    }","lastModifiedDate":"2024-09-16","isFullCredit":false},{"lineNumber":23,"author":{"gitId":"Wen037"},"content":"","lastModifiedDate":"2024-09-16","isFullCredit":false},{"lineNumber":24,"author":{"gitId":"Wen037"},"content":"    public String getStatusIcon() {","lastModifiedDate":"2024-09-16","isFullCredit":false},{"lineNumber":25,"author":{"gitId":"Wen037"},"content":"        return (isDone ? \"[X]\" : \"[ ]\"); // mark done task with X","lastModifiedDate":"2024-09-16","isFullCredit":false},{"lineNumber":26,"author":{"gitId":"Wen037"},"content":"    }","lastModifiedDate":"2024-09-16","isFullCredit":false},{"lineNumber":27,"author":{"gitId":"Wen037"},"content":"","lastModifiedDate":"2024-09-16","isFullCredit":false},{"lineNumber":28,"author":{"gitId":"Wen037"},"content":"    //...","lastModifiedDate":"2024-09-16","isFullCredit":false},{"lineNumber":29,"author":{"gitId":"Wen037"},"content":"","lastModifiedDate":"2024-09-16","isFullCredit":false},{"lineNumber":30,"author":{"gitId":"Wen037"},"content":"    @Override","lastModifiedDate":"2024-09-16","isFullCredit":false},{"lineNumber":31,"author":{"gitId":"Wen037"},"content":"    public String toString() {","lastModifiedDate":"2024-09-16","isFullCredit":false},{"lineNumber":32,"author":{"gitId":"Wen037"},"content":"        return (isDone ? \"[X]\" : \"[ ]\") +\" \" + this.description;","lastModifiedDate":"2024-09-16","isFullCredit":false},{"lineNumber":33,"author":{"gitId":"Wen037"},"content":"    }","lastModifiedDate":"2024-09-16","isFullCredit":false},{"lineNumber":34,"author":{"gitId":"Wen037"},"content":"}","lastModifiedDate":"2024-09-16","isFullCredit":false}],"authorContributionMap":{"Wen037":34}},{"path":"src/main/java/Todo.java","fileType":"java","lines":[{"lineNumber":1,"author":{"gitId":"Wen037"},"content":"public class Todo extends Task {","lastModifiedDate":"2024-09-16","isFullCredit":false},{"lineNumber":2,"author":{"gitId":"Wen037"},"content":"","lastModifiedDate":"2024-09-16","isFullCredit":false},{"lineNumber":3,"author":{"gitId":"Wen037"},"content":"","lastModifiedDate":"2024-09-16","isFullCredit":false},{"lineNumber":4,"author":{"gitId":"Wen037"},"content":"    public Todo(String description) {","lastModifiedDate":"2024-09-16","isFullCredit":false},{"lineNumber":5,"author":{"gitId":"Wen037"},"content":"        super(description);","lastModifiedDate":"2024-09-16","isFullCredit":false},{"lineNumber":6,"author":{"gitId":"Wen037"},"content":"    }","lastModifiedDate":"2024-09-16","isFullCredit":false},{"lineNumber":7,"author":{"gitId":"Wen037"},"content":"","lastModifiedDate":"2024-09-16","isFullCredit":false},{"lineNumber":8,"author":{"gitId":"Wen037"},"content":"    @Override","lastModifiedDate":"2024-09-16","isFullCredit":false},{"lineNumber":9,"author":{"gitId":"Wen037"},"content":"    public String toString() {","lastModifiedDate":"2024-09-16","isFullCredit":false},{"lineNumber":10,"author":{"gitId":"Wen037"},"content":"        return \"[T]\" + super.toString();","lastModifiedDate":"2024-09-16","isFullCredit":false},{"lineNumber":11,"author":{"gitId":"Wen037"},"content":"    }","lastModifiedDate":"2024-09-16","isFullCredit":false},{"lineNumber":12,"author":{"gitId":"Wen037"},"content":"}","lastModifiedDate":"2024-09-16","isFullCredit":false}],"authorContributionMap":{"Wen037":12}},{"path":"src/main/java/tempCodeRunnerFile.java","fileType":"java","lines":[{"lineNumber":1,"author":{"gitId":"Wen037"},"content":"inputList","lastModifiedDate":"2024-09-16","isFullCredit":false}],"authorContributionMap":{"Wen037":1}}]
