[{"path":"src/main/java/Chad.java","fileType":"java","lines":[{"lineNumber":1,"author":{"gitId":"Wen037"},"content":"import java.util.Scanner;","lastModifiedDate":"2024-09-08","isFullCredit":false},{"lineNumber":2,"author":{"gitId":"Wen037"},"content":"","lastModifiedDate":"2024-09-08","isFullCredit":false},{"lineNumber":3,"author":{"gitId":"Wen037"},"content":"public class Chad {","lastModifiedDate":"2024-09-08","isFullCredit":false},{"lineNumber":4,"author":{"gitId":"Wen037"},"content":"    public static void main(String[] args) {","lastModifiedDate":"2024-09-08","isFullCredit":false},{"lineNumber":5,"author":{"gitId":"Wen037"},"content":"        String myline \u003d \"_________________________________________________________________\";","lastModifiedDate":"2024-09-08","isFullCredit":false},{"lineNumber":6,"author":{"gitId":"Wen037"},"content":"        String logo \u003d \" Chad\\n\";","lastModifiedDate":"2024-09-08","isFullCredit":false},{"lineNumber":7,"author":{"gitId":"Wen037"},"content":"        System.out.println(myline);","lastModifiedDate":"2024-09-08","isFullCredit":false},{"lineNumber":8,"author":{"gitId":"Wen037"},"content":"        System.out.println(\"Hello from \" + logo);","lastModifiedDate":"2024-09-08","isFullCredit":false},{"lineNumber":9,"author":{"gitId":"Wen037"},"content":"        System.out.println(\"What can I do for you?\\n\");","lastModifiedDate":"2024-09-08","isFullCredit":false},{"lineNumber":10,"author":{"gitId":"Wen037"},"content":"        System.out.println(myline);","lastModifiedDate":"2024-09-08","isFullCredit":false},{"lineNumber":11,"author":{"gitId":"Wen037"},"content":"","lastModifiedDate":"2024-09-08","isFullCredit":false},{"lineNumber":12,"author":{"gitId":"Wen037"},"content":"        String line;","lastModifiedDate":"2024-09-08","isFullCredit":false},{"lineNumber":13,"author":{"gitId":"Wen037"},"content":"        Scanner in \u003d new Scanner(System.in);","lastModifiedDate":"2024-09-08","isFullCredit":false},{"lineNumber":14,"author":{"gitId":"Wen037"},"content":"        line \u003d in.nextLine();","lastModifiedDate":"2024-09-08","isFullCredit":false},{"lineNumber":15,"author":{"gitId":"Wen037"},"content":"        while(!line.equals(\"bye\"))","lastModifiedDate":"2024-09-08","isFullCredit":false},{"lineNumber":16,"author":{"gitId":"Wen037"},"content":"        {","lastModifiedDate":"2024-09-08","isFullCredit":false},{"lineNumber":17,"author":{"gitId":"Wen037"},"content":"            System.out.println(myline);","lastModifiedDate":"2024-09-08","isFullCredit":false},{"lineNumber":18,"author":{"gitId":"Wen037"},"content":"            System.out.println(\"You said: \" + line);","lastModifiedDate":"2024-09-08","isFullCredit":false},{"lineNumber":19,"author":{"gitId":"Wen037"},"content":"            System.out.println(myline);","lastModifiedDate":"2024-09-08","isFullCredit":false},{"lineNumber":20,"author":{"gitId":"Wen037"},"content":"            line\u003din.nextLine();","lastModifiedDate":"2024-09-08","isFullCredit":false},{"lineNumber":21,"author":{"gitId":"Wen037"},"content":"        }","lastModifiedDate":"2024-09-08","isFullCredit":false},{"lineNumber":22,"author":{"gitId":"Wen037"},"content":"        ","lastModifiedDate":"2024-09-08","isFullCredit":false},{"lineNumber":23,"author":{"gitId":"Wen037"},"content":"","lastModifiedDate":"2024-09-08","isFullCredit":false},{"lineNumber":24,"author":{"gitId":"Wen037"},"content":"        System.out.println(\"Bye. Hope to see you again soon!\");","lastModifiedDate":"2024-09-08","isFullCredit":false},{"lineNumber":25,"author":{"gitId":"Wen037"},"content":"        System.out.println(myline);","lastModifiedDate":"2024-09-08","isFullCredit":false},{"lineNumber":26,"author":{"gitId":"Wen037"},"content":"    }","lastModifiedDate":"2024-09-08","isFullCredit":false},{"lineNumber":27,"author":{"gitId":"Wen037"},"content":"}","lastModifiedDate":"2024-09-08","isFullCredit":false}],"authorContributionMap":{"Wen037":27}}]
