{"authorDailyContributionsMap":{"Wen037":[{"date":"2024-09-08","commitResults":[{"hash":"47829b94e435d02d12d6853fbcfad98b82000adc","isMergeCommit":false,"messageTitle":"Level 0. Rename, Greet, Exit","messageBody":"","tags":["Level0"],"fileTypesAndContributionMap":{"java":{"insertions":11,"deletions":0}}},{"hash":"45930cc4902a8ae7a13971caeaedf6f847fd31d8","isMergeCommit":false,"messageTitle":"Level 1. Echo","messageBody":"","tags":["Level1"],"fileTypesAndContributionMap":{"java":{"insertions":19,"deletions":3}}}]},{"date":"2024-09-16","commitResults":[{"hash":"cd41022f4bfc852108231354bf4c8439e3d9a0c7","isMergeCommit":false,"messageTitle":"level 2 add list","messageBody":"","tags":["level2addList"],"fileTypesAndContributionMap":{"java":{"insertions":46,"deletions":20}}},{"hash":"a801d3378ec2f7a603e1283c93ef163a6d7f7c63","isMergeCommit":false,"messageTitle":"Level 3. Mark as Done","messageBody":"","tags":["Level3MarkasDone"],"fileTypesAndContributionMap":{"java":{"insertions":96,"deletions":10}}},{"hash":"845c9ad353950a60dfd8304ae2b33cf57c967232","isMergeCommit":false,"messageTitle":"Level 4. ToDos, Events, Deadlines","messageBody":"","tags":["level4ToDosEventsDeadlines"],"fileTypesAndContributionMap":{"java":{"insertions":109,"deletions":11}}}]},{"date":"2024-09-19","commitResults":[{"hash":"85af23d787ee1c4003f22a5a8c2765cbc90f131d","isMergeCommit":false,"messageTitle":"Level 5. Handle Errors","messageBody":"","tags":["Level5HandleErrors"],"fileTypesAndContributionMap":{"java":{"insertions":119,"deletions":41}}},{"hash":"12ad6f218c8e6508a3c2bbb3e257c5ffa94097b9","isMergeCommit":false,"messageTitle":"change exception class name","messageBody":"","fileTypesAndContributionMap":{"java":{"insertions":14,"deletions":14}}}]},{"date":"2024-09-25","commitResults":[{"hash":"092777bb3f4ef2f1618d3bb63b7b3c6f816b0935","isMergeCommit":false,"messageTitle":"Level 6. Delete","messageBody":"","tags":["Level6Delete"],"fileTypesAndContributionMap":{"java":{"insertions":154,"deletions":63}}}]}]},"authorFileTypeContributionMap":{"Wen037":{"java":416,"md":0,"fxml":0,"sh":0,"bat":0,"gradle":0,"txt":0}},"authorContributionVariance":{"Wen037":3487.64},"authorDisplayNameMap":{"Wen037":"FU W.. WEN"}}
