{"authorDailyContributionsMap":{"Wen037":[{"date":"2024-09-08","commitResults":[{"hash":"47829b94e435d02d12d6853fbcfad98b82000adc","isMergeCommit":false,"messageTitle":"Level 0. Rename, Greet, Exit","messageBody":"","tags":["Level0"],"fileTypesAndContributionMap":{"java":{"insertions":11,"deletions":0}}},{"hash":"45930cc4902a8ae7a13971caeaedf6f847fd31d8","isMergeCommit":false,"messageTitle":"Level 1. Echo","messageBody":"","tags":["Level1"],"fileTypesAndContributionMap":{"java":{"insertions":19,"deletions":3}}}]},{"date":"2024-09-16","commitResults":[{"hash":"cd41022f4bfc852108231354bf4c8439e3d9a0c7","isMergeCommit":false,"messageTitle":"level 2 add list","messageBody":"","tags":["level2addList"],"fileTypesAndContributionMap":{"java":{"insertions":46,"deletions":20}}},{"hash":"a801d3378ec2f7a603e1283c93ef163a6d7f7c63","isMergeCommit":false,"messageTitle":"Level 3. Mark as Done","messageBody":"","tags":["Level3MarkasDone"],"fileTypesAndContributionMap":{"java":{"insertions":96,"deletions":10}}},{"hash":"845c9ad353950a60dfd8304ae2b33cf57c967232","isMergeCommit":false,"messageTitle":"Level 4. ToDos, Events, Deadlines","messageBody":"","tags":["level4ToDosEventsDeadlines"],"fileTypesAndContributionMap":{"java":{"insertions":109,"deletions":11}}}]}]},"authorFileTypeContributionMap":{"Wen037":{"java":247,"md":0,"fxml":0,"sh":0,"bat":0,"gradle":0,"txt":0}},"authorContributionVariance":{"Wen037":2317.1938},"authorDisplayNameMap":{"Wen037":"FU W.. WEN"}}
