{"authorDailyContributionsMap":{"Wen037":[{"date":"2024-09-08","commitResults":[{"hash":"47829b94e435d02d12d6853fbcfad98b82000adc","isMergeCommit":false,"messageTitle":"Level 0. Rename, Greet, Exit","messageBody":"","tags":["Level0"],"fileTypesAndContributionMap":{"java":{"insertions":11,"deletions":0}}},{"hash":"45930cc4902a8ae7a13971caeaedf6f847fd31d8","isMergeCommit":false,"messageTitle":"Level 1. Echo","messageBody":"","tags":["Level1"],"fileTypesAndContributionMap":{"java":{"insertions":19,"deletions":3}}}]},{"date":"2024-09-16","commitResults":[{"hash":"cd41022f4bfc852108231354bf4c8439e3d9a0c7","isMergeCommit":false,"messageTitle":"level 2 add list","messageBody":"","tags":["level2addList"],"fileTypesAndContributionMap":{"java":{"insertions":46,"deletions":20}}},{"hash":"a801d3378ec2f7a603e1283c93ef163a6d7f7c63","isMergeCommit":false,"messageTitle":"Level 3. Mark as Done","messageBody":"","tags":["Level3MarkasDone"],"fileTypesAndContributionMap":{"java":{"insertions":96,"deletions":10}}},{"hash":"845c9ad353950a60dfd8304ae2b33cf57c967232","isMergeCommit":false,"messageTitle":"Level 4. ToDos, Events, Deadlines","messageBody":"","tags":["level4ToDosEventsDeadlines"],"fileTypesAndContributionMap":{"java":{"insertions":109,"deletions":11}}}]},{"date":"2024-09-19","commitResults":[{"hash":"85af23d787ee1c4003f22a5a8c2765cbc90f131d","isMergeCommit":false,"messageTitle":"Level 5. Handle Errors","messageBody":"","tags":["Level5HandleErrors"],"fileTypesAndContributionMap":{"java":{"insertions":119,"deletions":41}}},{"hash":"12ad6f218c8e6508a3c2bbb3e257c5ffa94097b9","isMergeCommit":false,"messageTitle":"change exception class name","messageBody":"","fileTypesAndContributionMap":{"java":{"insertions":14,"deletions":14}}}]},{"date":"2024-09-25","commitResults":[{"hash":"092777bb3f4ef2f1618d3bb63b7b3c6f816b0935","isMergeCommit":false,"messageTitle":"Level 6. Delete","messageBody":"","tags":["Level6Delete"],"fileTypesAndContributionMap":{"java":{"insertions":154,"deletions":63}}}]},{"date":"2024-11-01","commitResults":[{"hash":"98583865f369cdf0b40d8eaa953fdc28235ae42e","isMergeCommit":false,"messageTitle":"Level-7, A-MoreOOP, A-Packages","messageBody":"","tags":["level7OOP"],"fileTypesAndContributionMap":{"txt":{"insertions":144,"deletions":0},"java":{"insertions":570,"deletions":328}}},{"hash":"2ebdab4ee04bda247bf905270b09e710cc36f935","isMergeCommit":false,"messageTitle":"BranchTest","messageBody":"","fileTypesAndContributionMap":{"txt":{"insertions":1,"deletions":0}}},{"hash":"a4fd85248159fbd6fc0052cc76c5b41a94e168b9","isMergeCommit":true,"messageTitle":"Merge branch \u0027master\u0027 into branch-Level-7","messageBody":"","fileTypesAndContributionMap":{}}]},{"date":"2024-11-03","commitResults":[{"hash":"5b4c63773bd21cd495624d7a8a7b0282b6797c21","isMergeCommit":false,"messageTitle":"Level 8. Dates and Times","messageBody":"","fileTypesAndContributionMap":{"txt":{"insertions":6,"deletions":4},"java":{"insertions":168,"deletions":13}}},{"hash":"1010f43cb2bc2f45ea81b15372e49244cf1eeab3","isMergeCommit":true,"messageTitle":"Merge branch \u0027master\u0027 into add-gradle-support","messageBody":"","tags":["addGradleSupport"],"fileTypesAndContributionMap":{}},{"hash":"2cc0976369d37ab516dab7357cf87f9f6dfedc5a","isMergeCommit":true,"messageTitle":"Merge branch \u0027Level8Date\u0026Time\u0027","messageBody":"","tags":["Level8Date\u0026Time"],"fileTypesAndContributionMap":{}},{"hash":"222f061fd87ebe3500779c839e525f6635a7fbd8","isMergeCommit":true,"messageTitle":"Merge branch \u0027tweak-readme\u0027 of https://github.com/nus-tic2002-AY2425S1/duke","messageBody":"","fileTypesAndContributionMap":{}}]},{"date":"2024-11-05","commitResults":[{"hash":"7b0de6af8f72cfa8c82cd2283c693077bd6e39b9","isMergeCommit":false,"messageTitle":"Level 8 Add Comments and Test","messageBody":"","fileTypesAndContributionMap":{"gradle":{"insertions":92,"deletions":0},"txt":{"insertions":3,"deletions":6},"java":{"insertions":416,"deletions":131}}},{"hash":"cab81ee365f8fbf34eaea03acf2a7484d13550fa","isMergeCommit":false,"messageTitle":"Level 9. Find","messageBody":"","tags":["Level9Find"],"fileTypesAndContributionMap":{"txt":{"insertions":3,"deletions":3},"java":{"insertions":124,"deletions":21}}},{"hash":"57545ac635127f0a657dd62a3c3a764dcdec429e","isMergeCommit":false,"messageTitle":"Add individual feature 1: Statistics and insights","messageBody":"","tags":["AddIndividualFeature1Statistics"],"fileTypesAndContributionMap":{"txt":{"insertions":1,"deletions":3},"java":{"insertions":144,"deletions":3}}},{"hash":"a1f3ea0704c3987d54d76068ff9de845bbd8da7c","isMergeCommit":true,"messageTitle":"Merge branch \u0027individualFeture1Statistics\u0027","messageBody":"","fileTypesAndContributionMap":{}},{"hash":"975037d2bf9bfb1c73663df26f8f17aa82158388","isMergeCommit":false,"messageTitle":"Improve feature statics:1. rearragne code, put method getPeriodbyString() to ChadDate class. 2.can identify various period formats: last day/week/months, 1 day/week/months","messageBody":"","fileTypesAndContributionMap":{"txt":{"insertions":2,"deletions":2},"java":{"insertions":68,"deletions":50}}},{"hash":"e9d64c6675548336a5f87d9541810c1cc98b5fc8","isMergeCommit":true,"messageTitle":"Merge branch \u0027individualFeature1Improve\u0027","messageBody":"","fileTypesAndContributionMap":{}}]}]},"authorFileTypeContributionMap":{"Wen037":{"java":1360,"md":0,"fxml":0,"sh":0,"bat":0,"gradle":92,"txt":142}},"authorContributionVariance":{"Wen037":27152.578},"authorDisplayNameMap":{"Wen037":"FU W.. WEN"}}
