{"authorDailyContributionsMap":{"dancepop":[{"date":"2024-09-02","commitResults":[{"hash":"fbdff6ef21d0fa7385bc77b3d03b16e777377798","isMergeCommit":false,"messageTitle":"level 0 commit, add simple logger and stuff","messageBody":"","tags":["Level-0"],"fileTypesAndContributionMap":{"java":{"insertions":12,"deletions":2},"bat":{"insertions":1,"deletions":1},"sh":{"insertions":1,"deletions":1},"md":{"insertions":3,"deletions":3}}},{"hash":"4649841ed6dac6b4d1f1d28cad1ebbe47d9ca29a","isMergeCommit":false,"messageTitle":"add echo","messageBody":"","tags":["Level-1"],"fileTypesAndContributionMap":{"java":{"insertions":35,"deletions":5}}},{"hash":"519ce59dab39db2ec8598e12f1d76c2b88696e07","isMergeCommit":false,"messageTitle":"add list function","messageBody":"","tags":["Level-2","A-Collections"],"fileTypesAndContributionMap":{"java":{"insertions":42,"deletions":8}}}]},{"date":"2024-09-03","commitResults":[{"hash":"167ca3911f0e5b6b38f96e37c083e902d41049c7","isMergeCommit":false,"messageTitle":"add mark/unmark feature (#1)","messageBody":"Co-authored-by: Tay Song Nian \u003ce1062207@u.nus.edu\u003e","fileTypesAndContributionMap":{"java":{"insertions":189,"deletions":19},"bat":{"insertions":1,"deletions":0},"md":{"insertions":1,"deletions":1}}},{"hash":"bc185e0bea691f18404e0c0678c9238e8d915855","isMergeCommit":false,"messageTitle":"Fix/fix unmark mark feature (#3)","messageBody":"* add skeleton for todos, events, deadline\r\n\r\n* fix mark and unmark\r\n\r\n---------\r\n\r\nCo-authored-by: Tay Song Nian \u003ce1062207@u.nus.edu\u003e\r\nCo-authored-by: Tay Song Nian \u003csong_nian_tay_from.cognizant@tech.gov.sg\u003e","tags":["Level-3","A-Enums","A-Classes"],"fileTypesAndContributionMap":{"java":{"insertions":70,"deletions":31}}},{"hash":"43fd73822d79f9f443d7bb790e75e0ac3e3dfdd7","isMergeCommit":false,"messageTitle":"feat: add command, parser, todos, events, deadline (#2)","messageBody":"* add skeleton for todos, events, deadline\r\n\r\n* add command, ui, parser, todo, event, deadline\r\n\r\n---------\r\n\r\nCo-authored-by: Tay Song Nian \u003ce1062207@u.nus.edu\u003e\r\nCo-authored-by: Tay Song Nian \u003csong_nian_tay_from.cognizant@tech.gov.sg\u003e","tags":["Level-4","A-Inheritance"],"fileTypesAndContributionMap":{"java":{"insertions":258,"deletions":63}}}]},{"date":"2024-09-04","commitResults":[{"hash":"d361894d1b5241ad216e9240c3440b4c19b64d96","isMergeCommit":false,"messageTitle":"Feat/add exception handling (#4)","messageBody":"* add exception iter1\r\n\r\n* add exceptions\r\n\r\n---------\r\n\r\nCo-authored-by: Tay Song Nian \u003csong_nian_tay_from.cognizant@tech.gov.sg\u003e\r\nCo-authored-by: Tay Song Nian \u003ce1062207@u.nus.edu\u003e","fileTypesAndContributionMap":{"java":{"insertions":272,"deletions":53}}},{"hash":"b07fd50e74878983f70d29731d62f0ed3785c1cd","isMergeCommit":false,"messageTitle":"Fix/fix wrong exception build (#5)","messageBody":"* add exception iter1\r\n\r\n* add exceptions\r\n\r\n* fix wrong builder\r\n\r\n---------\r\n\r\nCo-authored-by: Tay Song Nian \u003csong_nian_tay_from.cognizant@tech.gov.sg\u003e\r\nCo-authored-by: Tay Song Nian \u003ce1062207@u.nus.edu\u003e","tags":["Level-5"],"fileTypesAndContributionMap":{"java":{"insertions":2,"deletions":2}}},{"hash":"fa84cbe912728d6a158e3661e4a3a41355e3ba1d","isMergeCommit":false,"messageTitle":"add delete function (#6)","messageBody":"Co-authored-by: Tay Song Nian \u003ce1062207@u.nus.edu\u003e","fileTypesAndContributionMap":{"java":{"insertions":2,"deletions":0}}}]},{"date":"2024-09-06","commitResults":[{"hash":"a995510aaf54791715610fd32c3c8d8af00ca3ea","isMergeCommit":false,"messageTitle":"feat: add file save load (#7)","messageBody":"* Add Gradle support\r\n\r\n* Bump gradle and lib version\r\n\r\n* build.gradle: Prevent generating a second JAR file\r\n\r\nIn build.gradle, the dependencies on distZip and/or distTar causes\r\nthe shadowJar task to generate a second JAR file for which the\r\nmainClass.set(\"seedu.duke.Duke\") does not take effect.\r\nHence, this additional JAR file cannot be run.\r\nFor this product, there is no need to generate a second JAR file\r\nto begin with.\r\n\r\nLet\u0027s remove this dependency from the build.gradle to prevent the\r\nshadowJar task from generating the extra JAR file.\r\n\r\n* add gradle support\r\n\r\n* add junit test for UI\r\n\r\n* add test and parameterized junit test library\r\n\r\n* add file save and load\r\n\r\n---------\r\n\r\nCo-authored-by: damithc \u003cdamithch@damithch-mbp.comp.nus.edu.sg\u003e\r\nCo-authored-by: lzq \u003cli.zhaoqi@dhs.sg\u003e\r\nCo-authored-by: aureliony \u003c39163684+aureliony@users.noreply.github.com\u003e\r\nCo-authored-by: Tay Song Nian \u003ce1062207@u.nus.edu\u003e","tags":["Level-7","A-Packages","A-MoreOOP","A-JUnit"],"fileTypesAndContributionMap":{"gradle":{"insertions":42,"deletions":0},"java":{"insertions":438,"deletions":44},"sh":{"insertions":0,"deletions":0}}}]},{"date":"2024-11-14","commitResults":[{"hash":"a331b60887fc8cb15606adc20d79b92e75a4acbd","isMergeCommit":false,"messageTitle":"feat/level 8 date time support (#10)","messageBody":"* add skeleton\r\n\r\n* add datetimeutil\r\n\r\n* add datetimeutil test\r\n\r\n* add year edgecase\r\n\r\n* add stretch goal and formatting\r\n\r\n---------\r\n\r\nCo-authored-by: Tay Song Nian \u003ce1062207@u.nus.edu\u003e","tags":["Level-8"],"fileTypesAndContributionMap":{"java":{"insertions":560,"deletions":351}}},{"hash":"2814a9cc9e43b992f0edca351b9fe499b92ccb75","isMergeCommit":false,"messageTitle":"add javadocs (#11)","messageBody":"Co-authored-by: Tay Song Nian \u003ce1062207@u.nus.edu\u003e","fileTypesAndContributionMap":{"java":{"insertions":82,"deletions":5}}}]},{"date":"2024-11-16","commitResults":[{"hash":"51e8d8a0c218581b38b92bc8571ee982961cca42","isMergeCommit":false,"messageTitle":"feat: flexible datasource (#12)","messageBody":"* allow saving to specified file name\r\n\r\n* clean up storage\r\n\r\n* add command for load and save\r\n\r\n---------\r\n\r\nCo-authored-by: Tay Song Nian \u003ce1062207@u.nus.edu\u003e","fileTypesAndContributionMap":{"java":{"insertions":212,"deletions":149}}},{"hash":"c206793465988bc58c95cfec86b3f27e8645dd31","isMergeCommit":false,"messageTitle":"feat: find feature and fix load/save validation (#13)","messageBody":"* allow saving to specified file name\r\n\r\n* clean up storage\r\n\r\n* add command for load and save\r\n\r\n* add find feature\r\n\r\n* fix load/save validation\r\n\r\n---------\r\n\r\nCo-authored-by: Tay Song Nian \u003ce1062207@u.nus.edu\u003e","tags":["Level-9","C-FlexibleDataSource"],"fileTypesAndContributionMap":{"java":{"insertions":86,"deletions":27}}}]},{"date":"2024-11-17","commitResults":[{"hash":"e87badd19463634bded17d50eff6be61766eabfe","isMergeCommit":false,"messageTitle":"feat: stretch goals, javadoc, validate csv, assert (#14)","messageBody":"* add test, javadoc, storage validation\r\n\r\n* add asserts\r\n\r\n---------\r\n\r\nCo-authored-by: Tay Song Nian \u003ce1062207@u.nus.edu\u003e","fileTypesAndContributionMap":{"gradle":{"insertions":1,"deletions":1},"java":{"insertions":655,"deletions":67},"md":{"insertions":0,"deletions":1}}},{"hash":"987c981185bed5552f285c2e566eb545d3530678","isMergeCommit":false,"messageTitle":"fix save command error message (#15)","messageBody":"Co-authored-by: Tay Song Nian \u003ce1062207@u.nus.edu\u003e","fileTypesAndContributionMap":{"java":{"insertions":4,"deletions":4}}},{"hash":"63441ba693509a53eb70856241f800782f28ce80","isMergeCommit":false,"messageTitle":"chore: add reference storage, fix storage volume (#16)","messageBody":"* add reference\r\n\r\n* add directory creation\r\n\r\n---------\r\n\r\nCo-authored-by: Tay Song Nian \u003ce1062207@u.nus.edu\u003e","tags":["A-Jar","A-Assertions"],"fileTypesAndContributionMap":{"java":{"insertions":19,"deletions":0}}}]}]},"authorFileTypeContributionMap":{"dancepop":{"java":2115,"md":3,"fxml":0,"sh":1,"bat":2,"gradle":42,"txt":0}},"authorContributionVariance":{"dancepop":24843.223},"authorDisplayNameMap":{"dancepop":"TAY ..NIAN"}}
