[{"path":"data/duke.txt","fileType":"txt","lines":[{"lineNumber":1,"author":{"gitId":"ZHIQIANG-00"},"content":"T | 1 | read book","lastModifiedDate":"2024-10-19","isFullCredit":false},{"lineNumber":2,"author":{"gitId":"ZHIQIANG-00"},"content":"D | 0 | return book | 2024-10-29","lastModifiedDate":"2024-10-19","isFullCredit":false},{"lineNumber":3,"author":{"gitId":"ZHIQIANG-00"},"content":"T | 1 | finish homework","lastModifiedDate":"2024-10-19","isFullCredit":false},{"lineNumber":4,"author":{"gitId":"ZHIQIANG-00"},"content":"D | 0 | submit assignment | 2024-10-31","lastModifiedDate":"2024-10-19","isFullCredit":false},{"lineNumber":5,"author":{"gitId":"ZHIQIANG-00"},"content":"T | 0 | buy groceries","lastModifiedDate":"2024-10-19","isFullCredit":false},{"lineNumber":6,"author":{"gitId":"ZHIQIANG-00"},"content":"E | 0 | borrow book | 2024-10-10 | 2024-10-21","lastModifiedDate":"2024-10-19","isFullCredit":false},{"lineNumber":7,"author":{"gitId":"ZHIQIANG-00"},"content":"D | 0 | play game | sunday","lastModifiedDate":"2024-10-19","isFullCredit":false}],"authorContributionMap":{"ZHIQIANG-00":7}},{"path":"src/main/java/Deadline.java","fileType":"java","lines":[{"lineNumber":1,"author":{"gitId":"ZHIQIANG-00"},"content":"public class Deadline extends Task{","lastModifiedDate":"2024-09-14","isFullCredit":false},{"lineNumber":2,"author":{"gitId":"ZHIQIANG-00"},"content":"    // Add in Deadline variable","lastModifiedDate":"2024-09-14","isFullCredit":false},{"lineNumber":3,"author":{"gitId":"ZHIQIANG-00"},"content":"    protected String by;","lastModifiedDate":"2024-09-14","isFullCredit":false},{"lineNumber":4,"author":{"gitId":"ZHIQIANG-00"},"content":"","lastModifiedDate":"2024-09-14","isFullCredit":false},{"lineNumber":5,"author":{"gitId":"ZHIQIANG-00"},"content":"    public Deadline(String taskName, String by){","lastModifiedDate":"2024-09-15","isFullCredit":false},{"lineNumber":6,"author":{"gitId":"ZHIQIANG-00"},"content":"        super(taskName);","lastModifiedDate":"2024-09-15","isFullCredit":false},{"lineNumber":7,"author":{"gitId":"ZHIQIANG-00"},"content":"        this.by \u003d by;","lastModifiedDate":"2024-09-14","isFullCredit":false},{"lineNumber":8,"author":{"gitId":"ZHIQIANG-00"},"content":"    }","lastModifiedDate":"2024-09-14","isFullCredit":false},{"lineNumber":9,"author":{"gitId":"ZHIQIANG-00"},"content":"","lastModifiedDate":"2024-09-14","isFullCredit":false},{"lineNumber":10,"author":{"gitId":"ZHIQIANG-00"},"content":"    @Override","lastModifiedDate":"2024-09-15","isFullCredit":false},{"lineNumber":11,"author":{"gitId":"ZHIQIANG-00"},"content":"    protected String getTaskType(){","lastModifiedDate":"2024-09-15","isFullCredit":false},{"lineNumber":12,"author":{"gitId":"ZHIQIANG-00"},"content":"        return \"D\";","lastModifiedDate":"2024-09-15","isFullCredit":false},{"lineNumber":13,"author":{"gitId":"ZHIQIANG-00"},"content":"    }","lastModifiedDate":"2024-09-15","isFullCredit":false},{"lineNumber":14,"author":{"gitId":"ZHIQIANG-00"},"content":"","lastModifiedDate":"2024-09-15","isFullCredit":false},{"lineNumber":15,"author":{"gitId":"ZHIQIANG-00"},"content":"    @Override","lastModifiedDate":"2024-09-14","isFullCredit":false},{"lineNumber":16,"author":{"gitId":"ZHIQIANG-00"},"content":"    public String toString() {","lastModifiedDate":"2024-09-14","isFullCredit":false},{"lineNumber":17,"author":{"gitId":"ZHIQIANG-00"},"content":"        return \"[\" + getTaskType() + \"][\" + getStatusIcon() +\"] \" + taskName + \" (by: \" + by +\")\";","lastModifiedDate":"2024-09-15","isFullCredit":false},{"lineNumber":18,"author":{"gitId":"ZHIQIANG-00"},"content":"    }","lastModifiedDate":"2024-09-14","isFullCredit":false},{"lineNumber":19,"author":{"gitId":"ZHIQIANG-00"},"content":"","lastModifiedDate":"2024-10-13","isFullCredit":false},{"lineNumber":20,"author":{"gitId":"ZHIQIANG-00"},"content":"    @Override","lastModifiedDate":"2024-10-13","isFullCredit":false},{"lineNumber":21,"author":{"gitId":"ZHIQIANG-00"},"content":"    public String toFileString() {","lastModifiedDate":"2024-10-13","isFullCredit":false},{"lineNumber":22,"author":{"gitId":"ZHIQIANG-00"},"content":"        return getTaskType() + \" | \" + (isDone ? \"1\" : \"0\") + \" | \" + taskName + \" | \" + by;","lastModifiedDate":"2024-10-13","isFullCredit":false},{"lineNumber":23,"author":{"gitId":"ZHIQIANG-00"},"content":"    }","lastModifiedDate":"2024-10-13","isFullCredit":false},{"lineNumber":24,"author":{"gitId":"ZHIQIANG-00"},"content":"}","lastModifiedDate":"2024-09-14","isFullCredit":false}],"authorContributionMap":{"ZHIQIANG-00":24}},{"path":"src/main/java/ErrorException.java","fileType":"java","lines":[{"lineNumber":1,"author":{"gitId":"ZHIQIANG-00"},"content":"public class ErrorException extends Exception{","lastModifiedDate":"2024-09-21","isFullCredit":false},{"lineNumber":2,"author":{"gitId":"ZHIQIANG-00"},"content":"    public ErrorException(String message){","lastModifiedDate":"2024-09-21","isFullCredit":false},{"lineNumber":3,"author":{"gitId":"ZHIQIANG-00"},"content":"        super(message);","lastModifiedDate":"2024-09-21","isFullCredit":false},{"lineNumber":4,"author":{"gitId":"ZHIQIANG-00"},"content":"    }","lastModifiedDate":"2024-09-21","isFullCredit":false},{"lineNumber":5,"author":{"gitId":"ZHIQIANG-00"},"content":"}","lastModifiedDate":"2024-09-21","isFullCredit":false}],"authorContributionMap":{"ZHIQIANG-00":5}},{"path":"src/main/java/Event.java","fileType":"java","lines":[{"lineNumber":1,"author":{"gitId":"ZHIQIANG-00"},"content":"public class Event extends Task{","lastModifiedDate":"2024-09-14","isFullCredit":false},{"lineNumber":2,"author":{"gitId":"ZHIQIANG-00"},"content":"    protected String from;","lastModifiedDate":"2024-09-14","isFullCredit":false},{"lineNumber":3,"author":{"gitId":"ZHIQIANG-00"},"content":"    protected String to;","lastModifiedDate":"2024-09-14","isFullCredit":false},{"lineNumber":4,"author":{"gitId":"ZHIQIANG-00"},"content":"","lastModifiedDate":"2024-09-14","isFullCredit":false},{"lineNumber":5,"author":{"gitId":"ZHIQIANG-00"},"content":"    // Construct an event task with schedule timing","lastModifiedDate":"2024-09-14","isFullCredit":false},{"lineNumber":6,"author":{"gitId":"ZHIQIANG-00"},"content":"    public Event(String taskName, String from, String to){","lastModifiedDate":"2024-09-14","isFullCredit":false},{"lineNumber":7,"author":{"gitId":"ZHIQIANG-00"},"content":"        super(taskName);","lastModifiedDate":"2024-09-14","isFullCredit":false},{"lineNumber":8,"author":{"gitId":"ZHIQIANG-00"},"content":"        this.from \u003d from;","lastModifiedDate":"2024-09-14","isFullCredit":false},{"lineNumber":9,"author":{"gitId":"ZHIQIANG-00"},"content":"        this.to \u003d to;","lastModifiedDate":"2024-09-14","isFullCredit":false},{"lineNumber":10,"author":{"gitId":"ZHIQIANG-00"},"content":"    }","lastModifiedDate":"2024-09-14","isFullCredit":false},{"lineNumber":11,"author":{"gitId":"ZHIQIANG-00"},"content":"","lastModifiedDate":"2024-09-14","isFullCredit":false},{"lineNumber":12,"author":{"gitId":"ZHIQIANG-00"},"content":"    @Override","lastModifiedDate":"2024-09-15","isFullCredit":false},{"lineNumber":13,"author":{"gitId":"ZHIQIANG-00"},"content":"    protected  String getTaskType(){","lastModifiedDate":"2024-09-15","isFullCredit":false},{"lineNumber":14,"author":{"gitId":"ZHIQIANG-00"},"content":"        return \"E\";","lastModifiedDate":"2024-09-15","isFullCredit":false},{"lineNumber":15,"author":{"gitId":"ZHIQIANG-00"},"content":"    }","lastModifiedDate":"2024-09-15","isFullCredit":false},{"lineNumber":16,"author":{"gitId":"ZHIQIANG-00"},"content":"","lastModifiedDate":"2024-09-15","isFullCredit":false},{"lineNumber":17,"author":{"gitId":"ZHIQIANG-00"},"content":"    // output the event to string with [E] and the schedule timeline for event from till to.","lastModifiedDate":"2024-09-14","isFullCredit":false},{"lineNumber":18,"author":{"gitId":"ZHIQIANG-00"},"content":"    @Override","lastModifiedDate":"2024-09-14","isFullCredit":false},{"lineNumber":19,"author":{"gitId":"ZHIQIANG-00"},"content":"    public String toString(){","lastModifiedDate":"2024-09-14","isFullCredit":false},{"lineNumber":20,"author":{"gitId":"ZHIQIANG-00"},"content":"        return \"[\" + getTaskType() + \"][\" + getStatusIcon() +\"] \" + taskName + \" (from: \" + from + \" to: \" + to + \")\";","lastModifiedDate":"2024-09-15","isFullCredit":false},{"lineNumber":21,"author":{"gitId":"ZHIQIANG-00"},"content":"    }","lastModifiedDate":"2024-09-14","isFullCredit":false},{"lineNumber":22,"author":{"gitId":"ZHIQIANG-00"},"content":"","lastModifiedDate":"2024-10-13","isFullCredit":false},{"lineNumber":23,"author":{"gitId":"ZHIQIANG-00"},"content":"    @Override","lastModifiedDate":"2024-10-13","isFullCredit":false},{"lineNumber":24,"author":{"gitId":"ZHIQIANG-00"},"content":"    public String toFileString() {","lastModifiedDate":"2024-10-13","isFullCredit":false},{"lineNumber":25,"author":{"gitId":"ZHIQIANG-00"},"content":"        return getTaskType() + \" | \" + (isDone ? \"1\" : \"0\") + \" | \" + taskName + \" | \" + from + \" | \" + to;","lastModifiedDate":"2024-10-13","isFullCredit":false},{"lineNumber":26,"author":{"gitId":"ZHIQIANG-00"},"content":"    }","lastModifiedDate":"2024-10-13","isFullCredit":false},{"lineNumber":27,"author":{"gitId":"ZHIQIANG-00"},"content":"","lastModifiedDate":"2024-10-19","isFullCredit":false},{"lineNumber":28,"author":{"gitId":"ZHIQIANG-00"},"content":"}","lastModifiedDate":"2024-09-14","isFullCredit":false}],"authorContributionMap":{"ZHIQIANG-00":28}},{"path":"src/main/java/May.java","fileType":"java","lines":[{"lineNumber":1,"author":{"gitId":"ZHIQIANG-00"},"content":"import java.util.Scanner;","lastModifiedDate":"2024-09-02","isFullCredit":false},{"lineNumber":2,"author":{"gitId":"ZHIQIANG-00"},"content":"import java.util.ArrayList;","lastModifiedDate":"2024-10-05","isFullCredit":false},{"lineNumber":3,"author":{"gitId":"ZHIQIANG-00"},"content":"","lastModifiedDate":"2024-09-02","isFullCredit":false},{"lineNumber":4,"author":{"gitId":"ZHIQIANG-00"},"content":"","lastModifiedDate":"2024-09-02","isFullCredit":false},{"lineNumber":5,"author":{"gitId":"ZHIQIANG-00"},"content":"public class May {","lastModifiedDate":"2024-09-02","isFullCredit":false},{"lineNumber":6,"author":{"gitId":"ZHIQIANG-00"},"content":"","lastModifiedDate":"2024-09-02","isFullCredit":false},{"lineNumber":7,"author":{"gitId":"ZHIQIANG-00"},"content":"    // Using ArrayList","lastModifiedDate":"2024-10-05","isFullCredit":false},{"lineNumber":8,"author":{"gitId":"ZHIQIANG-00"},"content":"    private static ArrayList\u003cTask\u003e taskList \u003d new ArrayList\u003c\u003e();","lastModifiedDate":"2024-10-05","isFullCredit":false},{"lineNumber":9,"author":{"gitId":"ZHIQIANG-00"},"content":"","lastModifiedDate":"2024-09-02","isFullCredit":false},{"lineNumber":10,"author":{"gitId":"ZHIQIANG-00"},"content":"    public static void main(String[] args) {","lastModifiedDate":"2024-09-02","isFullCredit":false},{"lineNumber":11,"author":{"gitId":"ZHIQIANG-00"},"content":"","lastModifiedDate":"2024-09-02","isFullCredit":false},{"lineNumber":12,"author":{"gitId":"ZHIQIANG-00"},"content":"        // Load tasks from file","lastModifiedDate":"2024-10-13","isFullCredit":false},{"lineNumber":13,"author":{"gitId":"ZHIQIANG-00"},"content":"        taskList \u003d SaveAndLoadTask.loadTasks();","lastModifiedDate":"2024-10-19","isFullCredit":false},{"lineNumber":14,"author":{"gitId":"ZHIQIANG-00"},"content":"","lastModifiedDate":"2024-10-13","isFullCredit":false},{"lineNumber":15,"author":{"gitId":"ZHIQIANG-00"},"content":"        //Scanner","lastModifiedDate":"2024-09-02","isFullCredit":false},{"lineNumber":16,"author":{"gitId":"ZHIQIANG-00"},"content":"        Scanner scan \u003d new Scanner(System.in);","lastModifiedDate":"2024-09-02","isFullCredit":false},{"lineNumber":17,"author":{"gitId":"ZHIQIANG-00"},"content":"        String input;","lastModifiedDate":"2024-09-02","isFullCredit":false},{"lineNumber":18,"author":{"gitId":"ZHIQIANG-00"},"content":"","lastModifiedDate":"2024-09-02","isFullCredit":false},{"lineNumber":19,"author":{"gitId":"ZHIQIANG-00"},"content":"        /*Welcome Message*/","lastModifiedDate":"2024-09-02","isFullCredit":false},{"lineNumber":20,"author":{"gitId":"ZHIQIANG-00"},"content":"        System.out.println(\"Hello! I\u0027m May\");","lastModifiedDate":"2024-09-02","isFullCredit":false},{"lineNumber":21,"author":{"gitId":"ZHIQIANG-00"},"content":"        System.out.println(\"What can I do for you?\");","lastModifiedDate":"2024-09-02","isFullCredit":false},{"lineNumber":22,"author":{"gitId":"ZHIQIANG-00"},"content":"","lastModifiedDate":"2024-09-02","isFullCredit":false},{"lineNumber":23,"author":{"gitId":"ZHIQIANG-00"},"content":"        while(true){","lastModifiedDate":"2024-09-02","isFullCredit":false},{"lineNumber":24,"author":{"gitId":"ZHIQIANG-00"},"content":"            try {","lastModifiedDate":"2024-09-21","isFullCredit":false},{"lineNumber":25,"author":{"gitId":"ZHIQIANG-00"},"content":"                // Scan for user input","lastModifiedDate":"2024-09-02","isFullCredit":false},{"lineNumber":26,"author":{"gitId":"ZHIQIANG-00"},"content":"                input \u003d scan.nextLine();","lastModifiedDate":"2024-09-02","isFullCredit":false},{"lineNumber":27,"author":{"gitId":"ZHIQIANG-00"},"content":"","lastModifiedDate":"2024-09-02","isFullCredit":false},{"lineNumber":28,"author":{"gitId":"ZHIQIANG-00"},"content":"                // split the input into two put one for task status other part for description","lastModifiedDate":"2024-09-07","isFullCredit":false},{"lineNumber":29,"author":{"gitId":"ZHIQIANG-00"},"content":"                String[] command \u003d input.split(\" \", 2);","lastModifiedDate":"2024-09-07","isFullCredit":false},{"lineNumber":30,"author":{"gitId":"ZHIQIANG-00"},"content":"","lastModifiedDate":"2024-09-07","isFullCredit":false},{"lineNumber":31,"author":{"gitId":"ZHIQIANG-00"},"content":"                // Check for Exit command \u0026 output exit command message","lastModifiedDate":"2024-09-03","isFullCredit":false},{"lineNumber":32,"author":{"gitId":"ZHIQIANG-00"},"content":"                if (command[0].equalsIgnoreCase(\"bye\")) {","lastModifiedDate":"2024-09-07","isFullCredit":false},{"lineNumber":33,"author":{"gitId":"ZHIQIANG-00"},"content":"                    /*Exit Message*/","lastModifiedDate":"2024-09-02","isFullCredit":false},{"lineNumber":34,"author":{"gitId":"ZHIQIANG-00"},"content":"                    System.out.println(\"Bye. Hope to see you again soon!\");","lastModifiedDate":"2024-09-02","isFullCredit":false},{"lineNumber":35,"author":{"gitId":"ZHIQIANG-00"},"content":"                    break;","lastModifiedDate":"2024-09-02","isFullCredit":false},{"lineNumber":36,"author":{"gitId":"ZHIQIANG-00"},"content":"                }","lastModifiedDate":"2024-09-02","isFullCredit":false},{"lineNumber":37,"author":{"gitId":"ZHIQIANG-00"},"content":"","lastModifiedDate":"2024-09-02","isFullCredit":false},{"lineNumber":38,"author":{"gitId":"ZHIQIANG-00"},"content":"                // Add a normal task (not used in the updated design, can be removed)","lastModifiedDate":"2024-09-15","isFullCredit":false},{"lineNumber":39,"author":{"gitId":"ZHIQIANG-00"},"content":"                else if (command[0].equalsIgnoreCase(\"add\") \u0026\u0026 command.length \u003e 1) {","lastModifiedDate":"2024-09-15","isFullCredit":false},{"lineNumber":40,"author":{"gitId":"ZHIQIANG-00"},"content":"                    addTask(new Task(command[1]));","lastModifiedDate":"2024-09-15","isFullCredit":false},{"lineNumber":41,"author":{"gitId":"ZHIQIANG-00"},"content":"","lastModifiedDate":"2024-10-05","isFullCredit":false},{"lineNumber":42,"author":{"gitId":"ZHIQIANG-00"},"content":"                }","lastModifiedDate":"2024-09-15","isFullCredit":false},{"lineNumber":43,"author":{"gitId":"ZHIQIANG-00"},"content":"","lastModifiedDate":"2024-09-15","isFullCredit":false},{"lineNumber":44,"author":{"gitId":"ZHIQIANG-00"},"content":"                // Check for taskList Command \u0026 output item inside taskList","lastModifiedDate":"2024-09-07","isFullCredit":false},{"lineNumber":45,"author":{"gitId":"ZHIQIANG-00"},"content":"                else if (command[0].equalsIgnoreCase(\"taskList\")) {","lastModifiedDate":"2024-09-07","isFullCredit":false},{"lineNumber":46,"author":{"gitId":"ZHIQIANG-00"},"content":"                    displayTaskList();","lastModifiedDate":"2024-09-15","isFullCredit":false},{"lineNumber":47,"author":{"gitId":"ZHIQIANG-00"},"content":"                }","lastModifiedDate":"2024-09-02","isFullCredit":false},{"lineNumber":48,"author":{"gitId":"ZHIQIANG-00"},"content":"","lastModifiedDate":"2024-09-02","isFullCredit":false},{"lineNumber":49,"author":{"gitId":"ZHIQIANG-00"},"content":"                // Mark the task as done","lastModifiedDate":"2024-09-07","isFullCredit":false},{"lineNumber":50,"author":{"gitId":"ZHIQIANG-00"},"content":"                else if (command[0].equalsIgnoreCase(\"tick\")) {","lastModifiedDate":"2024-09-07","isFullCredit":false},{"lineNumber":51,"author":{"gitId":"ZHIQIANG-00"},"content":"                    int taskIndex \u003d Integer.parseInt(command[1]) - 1;","lastModifiedDate":"2024-09-07","isFullCredit":false},{"lineNumber":52,"author":{"gitId":"ZHIQIANG-00"},"content":"                    // Check for taskIndex is within the task number","lastModifiedDate":"2024-09-07","isFullCredit":false},{"lineNumber":53,"author":{"gitId":"ZHIQIANG-00"},"content":"                    // If it is within the range, then we mark as done","lastModifiedDate":"2024-09-07","isFullCredit":false},{"lineNumber":54,"author":{"gitId":"ZHIQIANG-00"},"content":"                    if (taskIndex \u003c taskList.size()) {","lastModifiedDate":"2024-10-05","isFullCredit":false},{"lineNumber":55,"author":{"gitId":"ZHIQIANG-00"},"content":"                        taskList.get(taskIndex).markAsDone();","lastModifiedDate":"2024-10-05","isFullCredit":false},{"lineNumber":56,"author":{"gitId":"ZHIQIANG-00"},"content":"                        System.out.println(\"Congratulations! You have completed the task! \");","lastModifiedDate":"2024-09-07","isFullCredit":false},{"lineNumber":57,"author":{"gitId":"ZHIQIANG-00"},"content":"                        System.out.println(\" \" + taskList.get(taskIndex));","lastModifiedDate":"2024-10-05","isFullCredit":false},{"lineNumber":58,"author":{"gitId":"ZHIQIANG-00"},"content":"                        SaveAndLoadTask.saveTasks(taskList);","lastModifiedDate":"2024-10-19","isFullCredit":false},{"lineNumber":59,"author":{"gitId":"ZHIQIANG-00"},"content":"                    }","lastModifiedDate":"2024-09-07","isFullCredit":false},{"lineNumber":60,"author":{"gitId":"ZHIQIANG-00"},"content":"                    else {","lastModifiedDate":"2024-09-21","isFullCredit":false},{"lineNumber":61,"author":{"gitId":"ZHIQIANG-00"},"content":"                        // add in error handle","lastModifiedDate":"2024-09-21","isFullCredit":false},{"lineNumber":62,"author":{"gitId":"ZHIQIANG-00"},"content":"                        throw new ErrorException(\"Invalid task index. Please enter a valid task index.\");","lastModifiedDate":"2024-09-21","isFullCredit":false},{"lineNumber":63,"author":{"gitId":"ZHIQIANG-00"},"content":"                    }","lastModifiedDate":"2024-09-21","isFullCredit":false},{"lineNumber":64,"author":{"gitId":"ZHIQIANG-00"},"content":"                }","lastModifiedDate":"2024-09-07","isFullCredit":false},{"lineNumber":65,"author":{"gitId":"ZHIQIANG-00"},"content":"","lastModifiedDate":"2024-09-07","isFullCredit":false},{"lineNumber":66,"author":{"gitId":"ZHIQIANG-00"},"content":"                // Mark the task as cross since it has not done","lastModifiedDate":"2024-09-07","isFullCredit":false},{"lineNumber":67,"author":{"gitId":"ZHIQIANG-00"},"content":"                else if (command[0].equalsIgnoreCase(\"cross\")) {","lastModifiedDate":"2024-09-07","isFullCredit":false},{"lineNumber":68,"author":{"gitId":"ZHIQIANG-00"},"content":"                    int taskIndex \u003d Integer.parseInt(command[1]) - 1;","lastModifiedDate":"2024-09-07","isFullCredit":false},{"lineNumber":69,"author":{"gitId":"ZHIQIANG-00"},"content":"                    // Check for taskIndex is within the task number","lastModifiedDate":"2024-09-07","isFullCredit":false},{"lineNumber":70,"author":{"gitId":"ZHIQIANG-00"},"content":"                    // If it is within the range, then we mark as done","lastModifiedDate":"2024-09-07","isFullCredit":false},{"lineNumber":71,"author":{"gitId":"ZHIQIANG-00"},"content":"                    if (taskIndex \u003c taskList.size()) {","lastModifiedDate":"2024-10-05","isFullCredit":false},{"lineNumber":72,"author":{"gitId":"ZHIQIANG-00"},"content":"                        taskList.get(taskIndex).unmarkAsDone();","lastModifiedDate":"2024-10-05","isFullCredit":false},{"lineNumber":73,"author":{"gitId":"ZHIQIANG-00"},"content":"                        System.out.println(\"Task have not done, Kindly complete the task. \");","lastModifiedDate":"2024-09-07","isFullCredit":false},{"lineNumber":74,"author":{"gitId":"ZHIQIANG-00"},"content":"                        System.out.println(\" \" + taskList.get(taskIndex));","lastModifiedDate":"2024-10-05","isFullCredit":false},{"lineNumber":75,"author":{"gitId":"ZHIQIANG-00"},"content":"                        SaveAndLoadTask.saveTasks(taskList);  // Save after unmarking as done","lastModifiedDate":"2024-10-19","isFullCredit":false},{"lineNumber":76,"author":{"gitId":"ZHIQIANG-00"},"content":"                    }","lastModifiedDate":"2024-09-07","isFullCredit":false},{"lineNumber":77,"author":{"gitId":"ZHIQIANG-00"},"content":"                    else {","lastModifiedDate":"2024-09-21","isFullCredit":false},{"lineNumber":78,"author":{"gitId":"ZHIQIANG-00"},"content":"                        // add in error handle","lastModifiedDate":"2024-09-21","isFullCredit":false},{"lineNumber":79,"author":{"gitId":"ZHIQIANG-00"},"content":"                        throw new ErrorException(\"Invalid task index. Please enter a valid task index.\");","lastModifiedDate":"2024-09-21","isFullCredit":false},{"lineNumber":80,"author":{"gitId":"ZHIQIANG-00"},"content":"                    }","lastModifiedDate":"2024-09-21","isFullCredit":false},{"lineNumber":81,"author":{"gitId":"ZHIQIANG-00"},"content":"                }","lastModifiedDate":"2024-09-07","isFullCredit":false},{"lineNumber":82,"author":{"gitId":"ZHIQIANG-00"},"content":"","lastModifiedDate":"2024-09-07","isFullCredit":false},{"lineNumber":83,"author":{"gitId":"ZHIQIANG-00"},"content":"                // Create \"todo-task\"","lastModifiedDate":"2024-09-21","isFullCredit":false},{"lineNumber":84,"author":{"gitId":"ZHIQIANG-00"},"content":"                else if (command[0].equalsIgnoreCase(\"todo\")) {","lastModifiedDate":"2024-09-21","isFullCredit":false},{"lineNumber":85,"author":{"gitId":"ZHIQIANG-00"},"content":"                    if (command.length \u003c 2 || command[1].trim().isEmpty()) {","lastModifiedDate":"2024-09-21","isFullCredit":false},{"lineNumber":86,"author":{"gitId":"ZHIQIANG-00"},"content":"                        throw new ErrorException(\" \u0027todo\u0027 command cannot be empty.\");","lastModifiedDate":"2024-09-21","isFullCredit":false},{"lineNumber":87,"author":{"gitId":"ZHIQIANG-00"},"content":"                    }","lastModifiedDate":"2024-09-21","isFullCredit":false},{"lineNumber":88,"author":{"gitId":"ZHIQIANG-00"},"content":"                    addOrUpdateTask(new ToDo(command[1]));","lastModifiedDate":"2024-09-21","isFullCredit":false},{"lineNumber":89,"author":{"gitId":"ZHIQIANG-00"},"content":"                }","lastModifiedDate":"2024-09-02","isFullCredit":false},{"lineNumber":90,"author":{"gitId":"ZHIQIANG-00"},"content":"","lastModifiedDate":"2024-09-15","isFullCredit":false},{"lineNumber":91,"author":{"gitId":"ZHIQIANG-00"},"content":"                // Mark the deadline of the task","lastModifiedDate":"2024-09-15","isFullCredit":false},{"lineNumber":92,"author":{"gitId":"ZHIQIANG-00"},"content":"                else if (command[0].equalsIgnoreCase(\"deadline\")) {","lastModifiedDate":"2024-09-21","isFullCredit":false},{"lineNumber":93,"author":{"gitId":"ZHIQIANG-00"},"content":"                    if (command.length \u003c 2) {","lastModifiedDate":"2024-09-21","isFullCredit":false},{"lineNumber":94,"author":{"gitId":"ZHIQIANG-00"},"content":"                        throw new ErrorException(\"\u0027deadline\u0027 command cannot be empty.\");","lastModifiedDate":"2024-09-21","isFullCredit":false},{"lineNumber":95,"author":{"gitId":"ZHIQIANG-00"},"content":"                    }","lastModifiedDate":"2024-09-21","isFullCredit":false},{"lineNumber":96,"author":{"gitId":"ZHIQIANG-00"},"content":"                    String[] doneBy \u003d command[1].split(\"/by \", 2);","lastModifiedDate":"2024-09-15","isFullCredit":false},{"lineNumber":97,"author":{"gitId":"ZHIQIANG-00"},"content":"                    if (doneBy.length \u003c 2) {","lastModifiedDate":"2024-09-21","isFullCredit":false},{"lineNumber":98,"author":{"gitId":"ZHIQIANG-00"},"content":"                        throw new ErrorException(\"Invalid deadline format.\");","lastModifiedDate":"2024-09-21","isFullCredit":false},{"lineNumber":99,"author":{"gitId":"ZHIQIANG-00"},"content":"                    }","lastModifiedDate":"2024-09-07","isFullCredit":false},{"lineNumber":100,"author":{"gitId":"ZHIQIANG-00"},"content":"                    addOrUpdateTask(new Deadline(doneBy[0].trim(), doneBy[1].trim()));","lastModifiedDate":"2024-09-21","isFullCredit":false},{"lineNumber":101,"author":{"gitId":"ZHIQIANG-00"},"content":"                }","lastModifiedDate":"2024-09-07","isFullCredit":false},{"lineNumber":102,"author":{"gitId":"ZHIQIANG-00"},"content":"","lastModifiedDate":"2024-09-15","isFullCredit":false},{"lineNumber":103,"author":{"gitId":"ZHIQIANG-00"},"content":"                // Create upcoming event task","lastModifiedDate":"2024-09-15","isFullCredit":false},{"lineNumber":104,"author":{"gitId":"ZHIQIANG-00"},"content":"                else if (command[0].equalsIgnoreCase(\"event\")) {","lastModifiedDate":"2024-09-21","isFullCredit":false},{"lineNumber":105,"author":{"gitId":"ZHIQIANG-00"},"content":"                    if (command.length \u003c 2) {","lastModifiedDate":"2024-09-21","isFullCredit":false},{"lineNumber":106,"author":{"gitId":"ZHIQIANG-00"},"content":"                        throw new ErrorException(\"\u0027event\u0027 command cannot be empty.\");","lastModifiedDate":"2024-09-21","isFullCredit":false},{"lineNumber":107,"author":{"gitId":"ZHIQIANG-00"},"content":"                    }","lastModifiedDate":"2024-09-21","isFullCredit":false},{"lineNumber":108,"author":{"gitId":"ZHIQIANG-00"},"content":"                    String[] eventTime \u003d command[1].split(\"/from | /to \", 3);","lastModifiedDate":"2024-09-15","isFullCredit":false},{"lineNumber":109,"author":{"gitId":"ZHIQIANG-00"},"content":"                    if (eventTime.length \u003c 3) {","lastModifiedDate":"2024-09-21","isFullCredit":false},{"lineNumber":110,"author":{"gitId":"ZHIQIANG-00"},"content":"                        throw new ErrorException(\"Invalid event format.\");","lastModifiedDate":"2024-09-21","isFullCredit":false},{"lineNumber":111,"author":{"gitId":"ZHIQIANG-00"},"content":"                    }","lastModifiedDate":"2024-09-21","isFullCredit":false},{"lineNumber":112,"author":{"gitId":"ZHIQIANG-00"},"content":"                    addOrUpdateTask(new Event(eventTime[0].trim(), eventTime[1].trim(), eventTime[2].trim()));","lastModifiedDate":"2024-09-15","isFullCredit":false},{"lineNumber":113,"author":{"gitId":"ZHIQIANG-00"},"content":"                }","lastModifiedDate":"2024-09-15","isFullCredit":false},{"lineNumber":114,"author":{"gitId":"ZHIQIANG-00"},"content":"","lastModifiedDate":"2024-09-21","isFullCredit":false},{"lineNumber":115,"author":{"gitId":"ZHIQIANG-00"},"content":"                // Delete task from the list","lastModifiedDate":"2024-10-05","isFullCredit":false},{"lineNumber":116,"author":{"gitId":"ZHIQIANG-00"},"content":"                else if (command[0].equalsIgnoreCase(\"delete\")) {","lastModifiedDate":"2024-10-05","isFullCredit":false},{"lineNumber":117,"author":{"gitId":"ZHIQIANG-00"},"content":"                    int taskIndex \u003d Integer.parseInt(command[1]) - 1;","lastModifiedDate":"2024-10-05","isFullCredit":false},{"lineNumber":118,"author":{"gitId":"ZHIQIANG-00"},"content":"                    if (taskIndex \u003c taskList.size()) {","lastModifiedDate":"2024-10-05","isFullCredit":false},{"lineNumber":119,"author":{"gitId":"ZHIQIANG-00"},"content":"                        Task removedTask \u003d taskList.remove(taskIndex);","lastModifiedDate":"2024-10-05","isFullCredit":false},{"lineNumber":120,"author":{"gitId":"ZHIQIANG-00"},"content":"                        System.out.println(\"Noted. I\u0027ve removed this task:\");","lastModifiedDate":"2024-10-05","isFullCredit":false},{"lineNumber":121,"author":{"gitId":"ZHIQIANG-00"},"content":"                        System.out.println(\" \" + removedTask);","lastModifiedDate":"2024-10-05","isFullCredit":false},{"lineNumber":122,"author":{"gitId":"ZHIQIANG-00"},"content":"                        System.out.println(\"Now you have \" + taskList.size() + \" tasks in the list.\");","lastModifiedDate":"2024-10-05","isFullCredit":false},{"lineNumber":123,"author":{"gitId":"ZHIQIANG-00"},"content":"                        SaveAndLoadTask.saveTasks(taskList);","lastModifiedDate":"2024-10-19","isFullCredit":false},{"lineNumber":124,"author":{"gitId":"ZHIQIANG-00"},"content":"                    } else {","lastModifiedDate":"2024-10-05","isFullCredit":false},{"lineNumber":125,"author":{"gitId":"ZHIQIANG-00"},"content":"                        throw new ErrorException(\"Invalid task index. Please enter a valid task index.\");","lastModifiedDate":"2024-10-05","isFullCredit":false},{"lineNumber":126,"author":{"gitId":"ZHIQIANG-00"},"content":"                    }","lastModifiedDate":"2024-10-05","isFullCredit":false},{"lineNumber":127,"author":{"gitId":"ZHIQIANG-00"},"content":"                }","lastModifiedDate":"2024-10-05","isFullCredit":false},{"lineNumber":128,"author":{"gitId":"ZHIQIANG-00"},"content":"","lastModifiedDate":"2024-10-05","isFullCredit":false},{"lineNumber":129,"author":{"gitId":"ZHIQIANG-00"},"content":"                // Unknown command","lastModifiedDate":"2024-09-21","isFullCredit":false},{"lineNumber":130,"author":{"gitId":"ZHIQIANG-00"},"content":"                else {","lastModifiedDate":"2024-09-15","isFullCredit":false},{"lineNumber":131,"author":{"gitId":"ZHIQIANG-00"},"content":"                    throw new ErrorException(\"I\u0027m sorry, I don\u0027t recognize that command.\");","lastModifiedDate":"2024-10-05","isFullCredit":false},{"lineNumber":132,"author":{"gitId":"ZHIQIANG-00"},"content":"                }","lastModifiedDate":"2024-09-15","isFullCredit":false},{"lineNumber":133,"author":{"gitId":"ZHIQIANG-00"},"content":"            }","lastModifiedDate":"2024-09-02","isFullCredit":false},{"lineNumber":134,"author":{"gitId":"ZHIQIANG-00"},"content":"","lastModifiedDate":"2024-09-02","isFullCredit":false},{"lineNumber":135,"author":{"gitId":"ZHIQIANG-00"},"content":"            // Handle custom error","lastModifiedDate":"2024-09-21","isFullCredit":false},{"lineNumber":136,"author":{"gitId":"ZHIQIANG-00"},"content":"            catch (ErrorException e){","lastModifiedDate":"2024-09-21","isFullCredit":false},{"lineNumber":137,"author":{"gitId":"ZHIQIANG-00"},"content":"                System.out.println(\"OOPS!!! \" + e.getMessage());","lastModifiedDate":"2024-09-21","isFullCredit":false},{"lineNumber":138,"author":{"gitId":"ZHIQIANG-00"},"content":"            }","lastModifiedDate":"2024-09-21","isFullCredit":false},{"lineNumber":139,"author":{"gitId":"ZHIQIANG-00"},"content":"            //Handle tick and cross index error","lastModifiedDate":"2024-09-21","isFullCredit":false},{"lineNumber":140,"author":{"gitId":"ZHIQIANG-00"},"content":"            catch (NumberFormatException e){","lastModifiedDate":"2024-09-21","isFullCredit":false},{"lineNumber":141,"author":{"gitId":"ZHIQIANG-00"},"content":"                System.out.println(\"Please enter a valid number.\");","lastModifiedDate":"2024-09-21","isFullCredit":false},{"lineNumber":142,"author":{"gitId":"ZHIQIANG-00"},"content":"            }","lastModifiedDate":"2024-09-15","isFullCredit":false},{"lineNumber":143,"author":{"gitId":"ZHIQIANG-00"},"content":"            //Handle other unexpected error","lastModifiedDate":"2024-09-21","isFullCredit":false},{"lineNumber":144,"author":{"gitId":"ZHIQIANG-00"},"content":"            catch (Exception e){","lastModifiedDate":"2024-09-21","isFullCredit":false},{"lineNumber":145,"author":{"gitId":"ZHIQIANG-00"},"content":"                System.out.println(\"Something went wrong. Please try again.\");","lastModifiedDate":"2024-09-21","isFullCredit":false},{"lineNumber":146,"author":{"gitId":"ZHIQIANG-00"},"content":"            }","lastModifiedDate":"2024-09-21","isFullCredit":false},{"lineNumber":147,"author":{"gitId":"ZHIQIANG-00"},"content":"","lastModifiedDate":"2024-09-21","isFullCredit":false},{"lineNumber":148,"author":{"gitId":"ZHIQIANG-00"},"content":"        }","lastModifiedDate":"2024-09-15","isFullCredit":false},{"lineNumber":149,"author":{"gitId":"ZHIQIANG-00"},"content":"        // Close Scan","lastModifiedDate":"2024-09-02","isFullCredit":false},{"lineNumber":150,"author":{"gitId":"ZHIQIANG-00"},"content":"        scan.close();","lastModifiedDate":"2024-09-02","isFullCredit":false},{"lineNumber":151,"author":{"gitId":"ZHIQIANG-00"},"content":"    }","lastModifiedDate":"2024-09-02","isFullCredit":false},{"lineNumber":152,"author":{"gitId":"ZHIQIANG-00"},"content":"","lastModifiedDate":"2024-09-15","isFullCredit":false},{"lineNumber":153,"author":{"gitId":"ZHIQIANG-00"},"content":"    // add or update the task","lastModifiedDate":"2024-09-15","isFullCredit":false},{"lineNumber":154,"author":{"gitId":"ZHIQIANG-00"},"content":"    private static void addOrUpdateTask(Task newTask){","lastModifiedDate":"2024-09-15","isFullCredit":false},{"lineNumber":155,"author":{"gitId":"ZHIQIANG-00"},"content":"        for (int i \u003d 0; i \u003c taskList.size(); i++){","lastModifiedDate":"2024-10-05","isFullCredit":false},{"lineNumber":156,"author":{"gitId":"ZHIQIANG-00"},"content":"            if (taskList.get(i).taskName.equals(newTask.taskName)){","lastModifiedDate":"2024-10-05","isFullCredit":false},{"lineNumber":157,"author":{"gitId":"ZHIQIANG-00"},"content":"                taskList.set(i, newTask);","lastModifiedDate":"2024-10-05","isFullCredit":false},{"lineNumber":158,"author":{"gitId":"ZHIQIANG-00"},"content":"                System.out.println(\"Got it, I\u0027ve updated this task:\");","lastModifiedDate":"2024-09-15","isFullCredit":false},{"lineNumber":159,"author":{"gitId":"ZHIQIANG-00"},"content":"                System.out.println(\" \" + taskList.get(i));","lastModifiedDate":"2024-10-05","isFullCredit":false},{"lineNumber":160,"author":{"gitId":"ZHIQIANG-00"},"content":"                System.out.println(\"Now you have \" + taskList.size() + \" tasks in the list.\");","lastModifiedDate":"2024-10-05","isFullCredit":false},{"lineNumber":161,"author":{"gitId":"ZHIQIANG-00"},"content":"                SaveAndLoadTask.saveTasks(taskList);","lastModifiedDate":"2024-10-19","isFullCredit":false},{"lineNumber":162,"author":{"gitId":"ZHIQIANG-00"},"content":"                return;","lastModifiedDate":"2024-09-15","isFullCredit":false},{"lineNumber":163,"author":{"gitId":"ZHIQIANG-00"},"content":"            }","lastModifiedDate":"2024-09-15","isFullCredit":false},{"lineNumber":164,"author":{"gitId":"ZHIQIANG-00"},"content":"        }","lastModifiedDate":"2024-09-15","isFullCredit":false},{"lineNumber":165,"author":{"gitId":"ZHIQIANG-00"},"content":"        addTask(newTask);","lastModifiedDate":"2024-09-15","isFullCredit":false},{"lineNumber":166,"author":{"gitId":"ZHIQIANG-00"},"content":"    }","lastModifiedDate":"2024-09-15","isFullCredit":false},{"lineNumber":167,"author":{"gitId":"ZHIQIANG-00"},"content":"","lastModifiedDate":"2024-09-15","isFullCredit":false},{"lineNumber":168,"author":{"gitId":"ZHIQIANG-00"},"content":"    // Add task to the task-list","lastModifiedDate":"2024-09-21","isFullCredit":false},{"lineNumber":169,"author":{"gitId":"ZHIQIANG-00"},"content":"    private static void addTask(Task task){","lastModifiedDate":"2024-09-15","isFullCredit":false},{"lineNumber":170,"author":{"gitId":"ZHIQIANG-00"},"content":"        taskList.add(task);","lastModifiedDate":"2024-10-05","isFullCredit":false},{"lineNumber":171,"author":{"gitId":"ZHIQIANG-00"},"content":"        System.out.println(\"Got it, I\u0027ve added this task:\");","lastModifiedDate":"2024-09-15","isFullCredit":false},{"lineNumber":172,"author":{"gitId":"ZHIQIANG-00"},"content":"        System.out.println(\" \" + taskList.get(taskList.size() - 1));","lastModifiedDate":"2024-10-05","isFullCredit":false},{"lineNumber":173,"author":{"gitId":"ZHIQIANG-00"},"content":"        System.out.println(\"Now you have \" + taskList.size()  + \" tasks in the task list.\");","lastModifiedDate":"2024-10-05","isFullCredit":false},{"lineNumber":174,"author":{"gitId":"ZHIQIANG-00"},"content":"        SaveAndLoadTask.saveTasks(taskList);","lastModifiedDate":"2024-10-19","isFullCredit":false},{"lineNumber":175,"author":{"gitId":"ZHIQIANG-00"},"content":"    }","lastModifiedDate":"2024-09-15","isFullCredit":false},{"lineNumber":176,"author":{"gitId":"ZHIQIANG-00"},"content":"","lastModifiedDate":"2024-09-15","isFullCredit":false},{"lineNumber":177,"author":{"gitId":"ZHIQIANG-00"},"content":"    //display the task in the task list","lastModifiedDate":"2024-09-15","isFullCredit":false},{"lineNumber":178,"author":{"gitId":"ZHIQIANG-00"},"content":"    private static void displayTaskList() {","lastModifiedDate":"2024-09-15","isFullCredit":false},{"lineNumber":179,"author":{"gitId":"ZHIQIANG-00"},"content":"        if (taskList.isEmpty()) {","lastModifiedDate":"2024-10-05","isFullCredit":false},{"lineNumber":180,"author":{"gitId":"ZHIQIANG-00"},"content":"            System.out.println(\"No tasks in the list.\");","lastModifiedDate":"2024-09-15","isFullCredit":false},{"lineNumber":181,"author":{"gitId":"ZHIQIANG-00"},"content":"        } else {","lastModifiedDate":"2024-09-15","isFullCredit":false},{"lineNumber":182,"author":{"gitId":"ZHIQIANG-00"},"content":"            System.out.println(\"Here are the tasks in your list:\");","lastModifiedDate":"2024-09-15","isFullCredit":false},{"lineNumber":183,"author":{"gitId":"ZHIQIANG-00"},"content":"            for (int i \u003d 0; i \u003c taskList.size(); i++) {","lastModifiedDate":"2024-10-05","isFullCredit":false},{"lineNumber":184,"author":{"gitId":"ZHIQIANG-00"},"content":"                System.out.println((i + 1) + \". \" + taskList.get(i));","lastModifiedDate":"2024-10-05","isFullCredit":false},{"lineNumber":185,"author":{"gitId":"ZHIQIANG-00"},"content":"            }","lastModifiedDate":"2024-09-15","isFullCredit":false},{"lineNumber":186,"author":{"gitId":"ZHIQIANG-00"},"content":"        }","lastModifiedDate":"2024-09-15","isFullCredit":false},{"lineNumber":187,"author":{"gitId":"ZHIQIANG-00"},"content":"    }","lastModifiedDate":"2024-09-15","isFullCredit":false},{"lineNumber":188,"author":{"gitId":"ZHIQIANG-00"},"content":"}","lastModifiedDate":"2024-09-02","isFullCredit":false}],"authorContributionMap":{"ZHIQIANG-00":188}},{"path":"src/main/java/SaveAndLoadTask.java","fileType":"java","lines":[{"lineNumber":1,"author":{"gitId":"ZHIQIANG-00"},"content":"import java.io.*;","lastModifiedDate":"2024-10-19","isFullCredit":false},{"lineNumber":2,"author":{"gitId":"ZHIQIANG-00"},"content":"import java.util.ArrayList;","lastModifiedDate":"2024-10-19","isFullCredit":false},{"lineNumber":3,"author":{"gitId":"ZHIQIANG-00"},"content":"import java.util.Scanner;","lastModifiedDate":"2024-10-19","isFullCredit":false},{"lineNumber":4,"author":{"gitId":"ZHIQIANG-00"},"content":"","lastModifiedDate":"2024-10-19","isFullCredit":false},{"lineNumber":5,"author":{"gitId":"ZHIQIANG-00"},"content":"public class SaveAndLoadTask {","lastModifiedDate":"2024-10-19","isFullCredit":false},{"lineNumber":6,"author":{"gitId":"ZHIQIANG-00"},"content":"    private static final String FILE \u003d \"./data/duke.txt\";","lastModifiedDate":"2024-10-19","isFullCredit":false},{"lineNumber":7,"author":{"gitId":"ZHIQIANG-00"},"content":"","lastModifiedDate":"2024-10-19","isFullCredit":false},{"lineNumber":8,"author":{"gitId":"ZHIQIANG-00"},"content":"    // save all the task in the txt file","lastModifiedDate":"2024-10-19","isFullCredit":false},{"lineNumber":9,"author":{"gitId":"ZHIQIANG-00"},"content":"    public static void saveTasks (ArrayList\u003cTask\u003e taskList){","lastModifiedDate":"2024-10-19","isFullCredit":false},{"lineNumber":10,"author":{"gitId":"ZHIQIANG-00"},"content":"        try{","lastModifiedDate":"2024-10-19","isFullCredit":false},{"lineNumber":11,"author":{"gitId":"ZHIQIANG-00"},"content":"            File file \u003d new File(FILE);","lastModifiedDate":"2024-10-19","isFullCredit":false},{"lineNumber":12,"author":{"gitId":"ZHIQIANG-00"},"content":"            // check if file exist else create the directory file","lastModifiedDate":"2024-10-19","isFullCredit":false},{"lineNumber":13,"author":{"gitId":"ZHIQIANG-00"},"content":"            if (!file.getParentFile().exists()){","lastModifiedDate":"2024-10-19","isFullCredit":false},{"lineNumber":14,"author":{"gitId":"ZHIQIANG-00"},"content":"                file.getParentFile().mkdirs();","lastModifiedDate":"2024-10-19","isFullCredit":false},{"lineNumber":15,"author":{"gitId":"ZHIQIANG-00"},"content":"            }","lastModifiedDate":"2024-10-19","isFullCredit":false},{"lineNumber":16,"author":{"gitId":"ZHIQIANG-00"},"content":"","lastModifiedDate":"2024-10-19","isFullCredit":false},{"lineNumber":17,"author":{"gitId":"ZHIQIANG-00"},"content":"            FileWriter writer \u003d new FileWriter(FILE);","lastModifiedDate":"2024-10-19","isFullCredit":false},{"lineNumber":18,"author":{"gitId":"ZHIQIANG-00"},"content":"","lastModifiedDate":"2024-10-19","isFullCredit":false},{"lineNumber":19,"author":{"gitId":"ZHIQIANG-00"},"content":"//            for (int i \u003d0; i \u003c taskList.size(); i++){","lastModifiedDate":"2024-10-19","isFullCredit":false},{"lineNumber":20,"author":{"gitId":"ZHIQIANG-00"},"content":"//                Task task \u003d taskList.get(i);","lastModifiedDate":"2024-10-19","isFullCredit":false},{"lineNumber":21,"author":{"gitId":"ZHIQIANG-00"},"content":"//                writer.write((i + 1) + \". \" + task.toFileString() + System.lineSeparator());","lastModifiedDate":"2024-10-19","isFullCredit":false},{"lineNumber":22,"author":{"gitId":"ZHIQIANG-00"},"content":"//            }","lastModifiedDate":"2024-10-19","isFullCredit":false},{"lineNumber":23,"author":{"gitId":"ZHIQIANG-00"},"content":"//            writer.close();","lastModifiedDate":"2024-10-19","isFullCredit":false},{"lineNumber":24,"author":{"gitId":"ZHIQIANG-00"},"content":"            for (Task task : taskList) {","lastModifiedDate":"2024-10-19","isFullCredit":false},{"lineNumber":25,"author":{"gitId":"ZHIQIANG-00"},"content":"                writer.write(task.toFileString() + System.lineSeparator());","lastModifiedDate":"2024-10-19","isFullCredit":false},{"lineNumber":26,"author":{"gitId":"ZHIQIANG-00"},"content":"            }","lastModifiedDate":"2024-10-19","isFullCredit":false},{"lineNumber":27,"author":{"gitId":"ZHIQIANG-00"},"content":"            writer.close();","lastModifiedDate":"2024-10-19","isFullCredit":false},{"lineNumber":28,"author":{"gitId":"ZHIQIANG-00"},"content":"        }","lastModifiedDate":"2024-10-19","isFullCredit":false},{"lineNumber":29,"author":{"gitId":"ZHIQIANG-00"},"content":"        catch (IOException e){","lastModifiedDate":"2024-10-19","isFullCredit":false},{"lineNumber":30,"author":{"gitId":"ZHIQIANG-00"},"content":"            System.out.println(\"Error saving tasks: \" + e.getMessage());","lastModifiedDate":"2024-10-19","isFullCredit":false},{"lineNumber":31,"author":{"gitId":"ZHIQIANG-00"},"content":"        }","lastModifiedDate":"2024-10-19","isFullCredit":false},{"lineNumber":32,"author":{"gitId":"ZHIQIANG-00"},"content":"    }","lastModifiedDate":"2024-10-19","isFullCredit":false},{"lineNumber":33,"author":{"gitId":"ZHIQIANG-00"},"content":"","lastModifiedDate":"2024-10-19","isFullCredit":false},{"lineNumber":34,"author":{"gitId":"ZHIQIANG-00"},"content":"    // Load all the task from the task File","lastModifiedDate":"2024-10-19","isFullCredit":false},{"lineNumber":35,"author":{"gitId":"ZHIQIANG-00"},"content":"    public static ArrayList\u003cTask\u003e loadTasks(){","lastModifiedDate":"2024-10-19","isFullCredit":false},{"lineNumber":36,"author":{"gitId":"ZHIQIANG-00"},"content":"        ArrayList\u003cTask\u003e taskList \u003d new ArrayList\u003c\u003e();","lastModifiedDate":"2024-10-19","isFullCredit":false},{"lineNumber":37,"author":{"gitId":"ZHIQIANG-00"},"content":"        File file \u003d new File(FILE);","lastModifiedDate":"2024-10-19","isFullCredit":false},{"lineNumber":38,"author":{"gitId":"ZHIQIANG-00"},"content":"","lastModifiedDate":"2024-10-19","isFullCredit":false},{"lineNumber":39,"author":{"gitId":"ZHIQIANG-00"},"content":"        // If there is no file or file does not exist. return empty list","lastModifiedDate":"2024-10-19","isFullCredit":false},{"lineNumber":40,"author":{"gitId":"ZHIQIANG-00"},"content":"        if (!file.exists()){","lastModifiedDate":"2024-10-19","isFullCredit":false},{"lineNumber":41,"author":{"gitId":"ZHIQIANG-00"},"content":"            System.out.println(\"No task file found, starting with empty task list. \" );","lastModifiedDate":"2024-10-19","isFullCredit":false},{"lineNumber":42,"author":{"gitId":"ZHIQIANG-00"},"content":"            return taskList;","lastModifiedDate":"2024-10-19","isFullCredit":false},{"lineNumber":43,"author":{"gitId":"ZHIQIANG-00"},"content":"        }","lastModifiedDate":"2024-10-19","isFullCredit":false},{"lineNumber":44,"author":{"gitId":"ZHIQIANG-00"},"content":"","lastModifiedDate":"2024-10-19","isFullCredit":false},{"lineNumber":45,"author":{"gitId":"ZHIQIANG-00"},"content":"        try{","lastModifiedDate":"2024-10-19","isFullCredit":false},{"lineNumber":46,"author":{"gitId":"ZHIQIANG-00"},"content":"            Scanner scanner \u003d new Scanner(file);","lastModifiedDate":"2024-10-19","isFullCredit":false},{"lineNumber":47,"author":{"gitId":"ZHIQIANG-00"},"content":"            while (scanner.hasNextLine()) {","lastModifiedDate":"2024-10-19","isFullCredit":false},{"lineNumber":48,"author":{"gitId":"ZHIQIANG-00"},"content":"                String line \u003d scanner.nextLine().trim();","lastModifiedDate":"2024-10-19","isFullCredit":false},{"lineNumber":49,"author":{"gitId":"ZHIQIANG-00"},"content":"","lastModifiedDate":"2024-10-19","isFullCredit":false},{"lineNumber":50,"author":{"gitId":"ZHIQIANG-00"},"content":"                System.out.println(\"Reading line: \" + line); // Debug print","lastModifiedDate":"2024-10-19","isFullCredit":false},{"lineNumber":51,"author":{"gitId":"ZHIQIANG-00"},"content":"","lastModifiedDate":"2024-10-19","isFullCredit":false},{"lineNumber":52,"author":{"gitId":"ZHIQIANG-00"},"content":"                String[] taskDetail \u003d line.split(\" \\\\| \");","lastModifiedDate":"2024-10-19","isFullCredit":false},{"lineNumber":53,"author":{"gitId":"ZHIQIANG-00"},"content":"","lastModifiedDate":"2024-10-19","isFullCredit":false},{"lineNumber":54,"author":{"gitId":"ZHIQIANG-00"},"content":"                // Ensure we have enough details","lastModifiedDate":"2024-10-19","isFullCredit":false},{"lineNumber":55,"author":{"gitId":"ZHIQIANG-00"},"content":"                if (taskDetail.length \u003c 3) {","lastModifiedDate":"2024-10-19","isFullCredit":false},{"lineNumber":56,"author":{"gitId":"ZHIQIANG-00"},"content":"                    System.out.println(\"Skipping line due to insufficient details: \" + line);","lastModifiedDate":"2024-10-19","isFullCredit":false},{"lineNumber":57,"author":{"gitId":"ZHIQIANG-00"},"content":"                    continue; // Skip this line","lastModifiedDate":"2024-10-19","isFullCredit":false},{"lineNumber":58,"author":{"gitId":"ZHIQIANG-00"},"content":"                }","lastModifiedDate":"2024-10-19","isFullCredit":false},{"lineNumber":59,"author":{"gitId":"ZHIQIANG-00"},"content":"","lastModifiedDate":"2024-10-19","isFullCredit":false},{"lineNumber":60,"author":{"gitId":"ZHIQIANG-00"},"content":"                // Get the task type from the first element","lastModifiedDate":"2024-10-19","isFullCredit":false},{"lineNumber":61,"author":{"gitId":"ZHIQIANG-00"},"content":"                String taskType \u003d taskDetail[0].trim();","lastModifiedDate":"2024-10-19","isFullCredit":false},{"lineNumber":62,"author":{"gitId":"ZHIQIANG-00"},"content":"                Task task \u003d null;","lastModifiedDate":"2024-10-19","isFullCredit":false},{"lineNumber":63,"author":{"gitId":"ZHIQIANG-00"},"content":"","lastModifiedDate":"2024-10-19","isFullCredit":false},{"lineNumber":64,"author":{"gitId":"ZHIQIANG-00"},"content":"                // Load task with task type","lastModifiedDate":"2024-10-19","isFullCredit":false},{"lineNumber":65,"author":{"gitId":"ZHIQIANG-00"},"content":"                switch (taskType) {","lastModifiedDate":"2024-10-19","isFullCredit":false},{"lineNumber":66,"author":{"gitId":"ZHIQIANG-00"},"content":"                    case \"T\":","lastModifiedDate":"2024-10-19","isFullCredit":false},{"lineNumber":67,"author":{"gitId":"ZHIQIANG-00"},"content":"                        task \u003d new ToDo(taskDetail[2].trim());","lastModifiedDate":"2024-10-19","isFullCredit":false},{"lineNumber":68,"author":{"gitId":"ZHIQIANG-00"},"content":"                        break;","lastModifiedDate":"2024-10-19","isFullCredit":false},{"lineNumber":69,"author":{"gitId":"ZHIQIANG-00"},"content":"                    case \"D\":","lastModifiedDate":"2024-10-19","isFullCredit":false},{"lineNumber":70,"author":{"gitId":"ZHIQIANG-00"},"content":"                        if (taskDetail.length \u003c 4) {","lastModifiedDate":"2024-10-19","isFullCredit":false},{"lineNumber":71,"author":{"gitId":"ZHIQIANG-00"},"content":"                            System.out.println(\"Skipping line due to insufficient details for Deadline: \" + line);","lastModifiedDate":"2024-10-19","isFullCredit":false},{"lineNumber":72,"author":{"gitId":"ZHIQIANG-00"},"content":"                            continue;","lastModifiedDate":"2024-10-19","isFullCredit":false},{"lineNumber":73,"author":{"gitId":"ZHIQIANG-00"},"content":"                        }","lastModifiedDate":"2024-10-19","isFullCredit":false},{"lineNumber":74,"author":{"gitId":"ZHIQIANG-00"},"content":"                        task \u003d new Deadline(taskDetail[2].trim(), taskDetail[3].trim());","lastModifiedDate":"2024-10-19","isFullCredit":false},{"lineNumber":75,"author":{"gitId":"ZHIQIANG-00"},"content":"                        break;","lastModifiedDate":"2024-10-19","isFullCredit":false},{"lineNumber":76,"author":{"gitId":"ZHIQIANG-00"},"content":"                    case \"E\":","lastModifiedDate":"2024-10-19","isFullCredit":false},{"lineNumber":77,"author":{"gitId":"ZHIQIANG-00"},"content":"                        if (taskDetail.length \u003c 5) {","lastModifiedDate":"2024-10-19","isFullCredit":false},{"lineNumber":78,"author":{"gitId":"ZHIQIANG-00"},"content":"                            System.out.println(\"Skipping line due to insufficient details for Event: \" + line);","lastModifiedDate":"2024-10-19","isFullCredit":false},{"lineNumber":79,"author":{"gitId":"ZHIQIANG-00"},"content":"                            continue;","lastModifiedDate":"2024-10-19","isFullCredit":false},{"lineNumber":80,"author":{"gitId":"ZHIQIANG-00"},"content":"                        }","lastModifiedDate":"2024-10-19","isFullCredit":false},{"lineNumber":81,"author":{"gitId":"ZHIQIANG-00"},"content":"                        task \u003d new Event(taskDetail[2].trim(), taskDetail[3].trim(), taskDetail[4].trim());","lastModifiedDate":"2024-10-19","isFullCredit":false},{"lineNumber":82,"author":{"gitId":"ZHIQIANG-00"},"content":"                        break;","lastModifiedDate":"2024-10-19","isFullCredit":false},{"lineNumber":83,"author":{"gitId":"ZHIQIANG-00"},"content":"                    default:","lastModifiedDate":"2024-10-19","isFullCredit":false},{"lineNumber":84,"author":{"gitId":"ZHIQIANG-00"},"content":"                        System.out.println(\"Invalid task type in the file: \" + taskType);","lastModifiedDate":"2024-10-19","isFullCredit":false},{"lineNumber":85,"author":{"gitId":"ZHIQIANG-00"},"content":"                        continue; // Skip invalid task types","lastModifiedDate":"2024-10-19","isFullCredit":false},{"lineNumber":86,"author":{"gitId":"ZHIQIANG-00"},"content":"                }","lastModifiedDate":"2024-10-19","isFullCredit":false},{"lineNumber":87,"author":{"gitId":"ZHIQIANG-00"},"content":"","lastModifiedDate":"2024-10-19","isFullCredit":false},{"lineNumber":88,"author":{"gitId":"ZHIQIANG-00"},"content":"                // Mark task as done if it\u0027s marked in the file","lastModifiedDate":"2024-10-19","isFullCredit":false},{"lineNumber":89,"author":{"gitId":"ZHIQIANG-00"},"content":"                if (taskDetail[1].trim().equals(\"1\")) {","lastModifiedDate":"2024-10-19","isFullCredit":false},{"lineNumber":90,"author":{"gitId":"ZHIQIANG-00"},"content":"                    task.markAsDone();","lastModifiedDate":"2024-10-19","isFullCredit":false},{"lineNumber":91,"author":{"gitId":"ZHIQIANG-00"},"content":"                }","lastModifiedDate":"2024-10-19","isFullCredit":false},{"lineNumber":92,"author":{"gitId":"ZHIQIANG-00"},"content":"","lastModifiedDate":"2024-10-19","isFullCredit":false},{"lineNumber":93,"author":{"gitId":"ZHIQIANG-00"},"content":"                taskList.add(task);","lastModifiedDate":"2024-10-19","isFullCredit":false},{"lineNumber":94,"author":{"gitId":"ZHIQIANG-00"},"content":"                System.out.println(\"Loaded task: \" + task.toString()); // Debug print","lastModifiedDate":"2024-10-19","isFullCredit":false},{"lineNumber":95,"author":{"gitId":"ZHIQIANG-00"},"content":"            }","lastModifiedDate":"2024-10-19","isFullCredit":false},{"lineNumber":96,"author":{"gitId":"ZHIQIANG-00"},"content":"            scanner.close();","lastModifiedDate":"2024-10-19","isFullCredit":false},{"lineNumber":97,"author":{"gitId":"ZHIQIANG-00"},"content":"        }","lastModifiedDate":"2024-10-19","isFullCredit":false},{"lineNumber":98,"author":{"gitId":"ZHIQIANG-00"},"content":"","lastModifiedDate":"2024-10-19","isFullCredit":false},{"lineNumber":99,"author":{"gitId":"ZHIQIANG-00"},"content":"        catch(FileNotFoundException e){","lastModifiedDate":"2024-10-19","isFullCredit":false},{"lineNumber":100,"author":{"gitId":"ZHIQIANG-00"},"content":"            System.out.println(\"Task file not found.\");","lastModifiedDate":"2024-10-19","isFullCredit":false},{"lineNumber":101,"author":{"gitId":"ZHIQIANG-00"},"content":"        }","lastModifiedDate":"2024-10-19","isFullCredit":false},{"lineNumber":102,"author":{"gitId":"ZHIQIANG-00"},"content":"        catch(Exception e){","lastModifiedDate":"2024-10-19","isFullCredit":false},{"lineNumber":103,"author":{"gitId":"ZHIQIANG-00"},"content":"            System.out.println(\"Error loading tasks: \" + e.getMessage());","lastModifiedDate":"2024-10-19","isFullCredit":false},{"lineNumber":104,"author":{"gitId":"ZHIQIANG-00"},"content":"        }","lastModifiedDate":"2024-10-19","isFullCredit":false},{"lineNumber":105,"author":{"gitId":"ZHIQIANG-00"},"content":"","lastModifiedDate":"2024-10-19","isFullCredit":false},{"lineNumber":106,"author":{"gitId":"ZHIQIANG-00"},"content":"        return taskList;","lastModifiedDate":"2024-10-19","isFullCredit":false},{"lineNumber":107,"author":{"gitId":"ZHIQIANG-00"},"content":"    }","lastModifiedDate":"2024-10-19","isFullCredit":false},{"lineNumber":108,"author":{"gitId":"ZHIQIANG-00"},"content":"}","lastModifiedDate":"2024-10-19","isFullCredit":false},{"lineNumber":109,"author":{"gitId":"ZHIQIANG-00"},"content":"","lastModifiedDate":"2024-10-19","isFullCredit":false}],"authorContributionMap":{"ZHIQIANG-00":109}},{"path":"src/main/java/Task.java","fileType":"java","lines":[{"lineNumber":1,"author":{"gitId":"ZHIQIANG-00"},"content":"public class Task {","lastModifiedDate":"2024-09-03","isFullCredit":false},{"lineNumber":2,"author":{"gitId":"ZHIQIANG-00"},"content":"    protected String taskName;","lastModifiedDate":"2024-09-03","isFullCredit":false},{"lineNumber":3,"author":{"gitId":"ZHIQIANG-00"},"content":"    protected boolean isDone;","lastModifiedDate":"2024-09-03","isFullCredit":false},{"lineNumber":4,"author":{"gitId":"ZHIQIANG-00"},"content":"","lastModifiedDate":"2024-09-03","isFullCredit":false},{"lineNumber":5,"author":{"gitId":"ZHIQIANG-00"},"content":"","lastModifiedDate":"2024-10-05","isFullCredit":false},{"lineNumber":6,"author":{"gitId":"ZHIQIANG-00"},"content":"    // Construct a new task","lastModifiedDate":"2024-09-03","isFullCredit":false},{"lineNumber":7,"author":{"gitId":"ZHIQIANG-00"},"content":"","lastModifiedDate":"2024-10-05","isFullCredit":false},{"lineNumber":8,"author":{"gitId":"ZHIQIANG-00"},"content":"    public Task (String taskName) {","lastModifiedDate":"2024-09-03","isFullCredit":false},{"lineNumber":9,"author":{"gitId":"ZHIQIANG-00"},"content":"        this.taskName \u003d taskName;","lastModifiedDate":"2024-09-03","isFullCredit":false},{"lineNumber":10,"author":{"gitId":"ZHIQIANG-00"},"content":"        this.isDone \u003d false;","lastModifiedDate":"2024-09-03","isFullCredit":false},{"lineNumber":11,"author":{"gitId":"ZHIQIANG-00"},"content":"        //this.taskType \u003d taskType;","lastModifiedDate":"2024-10-05","isFullCredit":false},{"lineNumber":12,"author":{"gitId":"ZHIQIANG-00"},"content":"    }","lastModifiedDate":"2024-09-03","isFullCredit":false},{"lineNumber":13,"author":{"gitId":"ZHIQIANG-00"},"content":"","lastModifiedDate":"2024-09-07","isFullCredit":false},{"lineNumber":14,"author":{"gitId":"ZHIQIANG-00"},"content":"    // Mark done task with X","lastModifiedDate":"2024-09-07","isFullCredit":false},{"lineNumber":15,"author":{"gitId":"ZHIQIANG-00"},"content":"    public String getStatusIcon(){","lastModifiedDate":"2024-09-07","isFullCredit":false},{"lineNumber":16,"author":{"gitId":"ZHIQIANG-00"},"content":"        // ✔ for Done, X for have not complete","lastModifiedDate":"2024-09-07","isFullCredit":false},{"lineNumber":17,"author":{"gitId":"ZHIQIANG-00"},"content":"        return (isDone? \"✔\" : \" \");","lastModifiedDate":"2024-09-10","isFullCredit":false},{"lineNumber":18,"author":{"gitId":"ZHIQIANG-00"},"content":"    }","lastModifiedDate":"2024-09-07","isFullCredit":false},{"lineNumber":19,"author":{"gitId":"ZHIQIANG-00"},"content":"","lastModifiedDate":"2024-09-07","isFullCredit":false},{"lineNumber":20,"author":{"gitId":"ZHIQIANG-00"},"content":"    // Task is Done Set to true.","lastModifiedDate":"2024-09-07","isFullCredit":false},{"lineNumber":21,"author":{"gitId":"ZHIQIANG-00"},"content":"    public void markAsDone(){","lastModifiedDate":"2024-09-07","isFullCredit":false},{"lineNumber":22,"author":{"gitId":"ZHIQIANG-00"},"content":"        isDone \u003d true;","lastModifiedDate":"2024-09-07","isFullCredit":false},{"lineNumber":23,"author":{"gitId":"ZHIQIANG-00"},"content":"    }","lastModifiedDate":"2024-09-07","isFullCredit":false},{"lineNumber":24,"author":{"gitId":"ZHIQIANG-00"},"content":"","lastModifiedDate":"2024-09-07","isFullCredit":false},{"lineNumber":25,"author":{"gitId":"ZHIQIANG-00"},"content":"    // Task have not Done set to false","lastModifiedDate":"2024-09-07","isFullCredit":false},{"lineNumber":26,"author":{"gitId":"ZHIQIANG-00"},"content":"    public void unmarkAsDone(){","lastModifiedDate":"2024-09-07","isFullCredit":false},{"lineNumber":27,"author":{"gitId":"ZHIQIANG-00"},"content":"        isDone \u003d false;","lastModifiedDate":"2024-09-07","isFullCredit":false},{"lineNumber":28,"author":{"gitId":"ZHIQIANG-00"},"content":"    }","lastModifiedDate":"2024-09-07","isFullCredit":false},{"lineNumber":29,"author":{"gitId":"ZHIQIANG-00"},"content":"","lastModifiedDate":"2024-09-07","isFullCredit":false},{"lineNumber":30,"author":{"gitId":"ZHIQIANG-00"},"content":"    // Task type for subclass to override","lastModifiedDate":"2024-09-15","isFullCredit":false},{"lineNumber":31,"author":{"gitId":"ZHIQIANG-00"},"content":"    protected String getTaskType(){","lastModifiedDate":"2024-09-15","isFullCredit":false},{"lineNumber":32,"author":{"gitId":"ZHIQIANG-00"},"content":"        return \" \";","lastModifiedDate":"2024-09-15","isFullCredit":false},{"lineNumber":33,"author":{"gitId":"ZHIQIANG-00"},"content":"    }","lastModifiedDate":"2024-09-15","isFullCredit":false},{"lineNumber":34,"author":{"gitId":"ZHIQIANG-00"},"content":"","lastModifiedDate":"2024-09-15","isFullCredit":false},{"lineNumber":35,"author":{"gitId":"ZHIQIANG-00"},"content":"    // Output task as string","lastModifiedDate":"2024-09-07","isFullCredit":false},{"lineNumber":36,"author":{"gitId":"ZHIQIANG-00"},"content":"    @Override","lastModifiedDate":"2024-09-15","isFullCredit":false},{"lineNumber":37,"author":{"gitId":"ZHIQIANG-00"},"content":"    public String toString() {","lastModifiedDate":"2024-09-07","isFullCredit":false},{"lineNumber":38,"author":{"gitId":"ZHIQIANG-00"},"content":"        return \"[\" + getTaskType() + \"][\" + getStatusIcon() + \"] \" + taskName;","lastModifiedDate":"2024-09-15","isFullCredit":false},{"lineNumber":39,"author":{"gitId":"ZHIQIANG-00"},"content":"    }","lastModifiedDate":"2024-09-07","isFullCredit":false},{"lineNumber":40,"author":{"gitId":"ZHIQIANG-00"},"content":"","lastModifiedDate":"2024-10-13","isFullCredit":false},{"lineNumber":41,"author":{"gitId":"ZHIQIANG-00"},"content":"    // String representation of task for saving to file","lastModifiedDate":"2024-10-13","isFullCredit":false},{"lineNumber":42,"author":{"gitId":"ZHIQIANG-00"},"content":"    public String toFileString() {","lastModifiedDate":"2024-10-13","isFullCredit":false},{"lineNumber":43,"author":{"gitId":"ZHIQIANG-00"},"content":"        return getTaskType() + \" | \" + (isDone ? \"1\" : \"0\") + \" | \" + taskName;","lastModifiedDate":"2024-10-13","isFullCredit":false},{"lineNumber":44,"author":{"gitId":"ZHIQIANG-00"},"content":"    }","lastModifiedDate":"2024-10-13","isFullCredit":false},{"lineNumber":45,"author":{"gitId":"ZHIQIANG-00"},"content":"}","lastModifiedDate":"2024-09-03","isFullCredit":false}],"authorContributionMap":{"ZHIQIANG-00":45}},{"path":"src/main/java/ToDo.java","fileType":"java","lines":[{"lineNumber":1,"author":{"gitId":"ZHIQIANG-00"},"content":"public class ToDo extends Task{","lastModifiedDate":"2024-09-10","isFullCredit":false},{"lineNumber":2,"author":{"gitId":"ZHIQIANG-00"},"content":"","lastModifiedDate":"2024-09-10","isFullCredit":false},{"lineNumber":3,"author":{"gitId":"ZHIQIANG-00"},"content":"    public ToDo (String taskName){","lastModifiedDate":"2024-09-10","isFullCredit":false},{"lineNumber":4,"author":{"gitId":"ZHIQIANG-00"},"content":"        super(taskName);","lastModifiedDate":"2024-09-10","isFullCredit":false},{"lineNumber":5,"author":{"gitId":"ZHIQIANG-00"},"content":"    }","lastModifiedDate":"2024-09-10","isFullCredit":false},{"lineNumber":6,"author":{"gitId":"ZHIQIANG-00"},"content":"","lastModifiedDate":"2024-09-10","isFullCredit":false},{"lineNumber":7,"author":{"gitId":"ZHIQIANG-00"},"content":"    @Override","lastModifiedDate":"2024-09-15","isFullCredit":false},{"lineNumber":8,"author":{"gitId":"ZHIQIANG-00"},"content":"    protected String getTaskType(){","lastModifiedDate":"2024-09-15","isFullCredit":false},{"lineNumber":9,"author":{"gitId":"ZHIQIANG-00"},"content":"        return \"T\";","lastModifiedDate":"2024-09-15","isFullCredit":false},{"lineNumber":10,"author":{"gitId":"ZHIQIANG-00"},"content":"    }","lastModifiedDate":"2024-09-15","isFullCredit":false},{"lineNumber":11,"author":{"gitId":"ZHIQIANG-00"},"content":"","lastModifiedDate":"2024-09-15","isFullCredit":false},{"lineNumber":12,"author":{"gitId":"ZHIQIANG-00"},"content":"    @Override","lastModifiedDate":"2024-09-10","isFullCredit":false},{"lineNumber":13,"author":{"gitId":"ZHIQIANG-00"},"content":"    public String toString(){","lastModifiedDate":"2024-09-10","isFullCredit":false},{"lineNumber":14,"author":{"gitId":"ZHIQIANG-00"},"content":"        return \"[\" + getTaskType() + \"][\" + getStatusIcon() + \"] \" + taskName;","lastModifiedDate":"2024-09-15","isFullCredit":false},{"lineNumber":15,"author":{"gitId":"ZHIQIANG-00"},"content":"    }","lastModifiedDate":"2024-09-10","isFullCredit":false},{"lineNumber":16,"author":{"gitId":"ZHIQIANG-00"},"content":"","lastModifiedDate":"2024-10-19","isFullCredit":false},{"lineNumber":17,"author":{"gitId":"ZHIQIANG-00"},"content":"}","lastModifiedDate":"2024-09-10","isFullCredit":false}],"authorContributionMap":{"ZHIQIANG-00":17}},{"path":"text-ui-test/input.txt","fileType":"txt","lines":[{"lineNumber":1,"author":{"gitId":"ZHIQIANG-00"},"content":"Read Book","lastModifiedDate":"2024-09-03","isFullCredit":false},{"lineNumber":2,"author":{"gitId":"ZHIQIANG-00"},"content":"Closed Book","lastModifiedDate":"2024-09-03","isFullCredit":false},{"lineNumber":3,"author":{"gitId":"ZHIQIANG-00"},"content":"List","lastModifiedDate":"2024-09-03","isFullCredit":false},{"lineNumber":4,"author":{"gitId":"ZHIQIANG-00"},"content":"bye","lastModifiedDate":"2024-09-03","isFullCredit":false}],"authorContributionMap":{"ZHIQIANG-00":4}},{"path":"text-ui-test/runtest.bat","fileType":"bat","lines":[{"lineNumber":1,"author":{"gitId":"-"},"content":"@ECHO OFF","lastModifiedDate":"2020-05-25","isFullCredit":false},{"lineNumber":2,"author":{"gitId":"-"},"content":"","lastModifiedDate":"2020-05-25","isFullCredit":false},{"lineNumber":3,"author":{"gitId":"-"},"content":"REM create bin directory if it doesn\u0027t exist","lastModifiedDate":"2020-05-25","isFullCredit":false},{"lineNumber":4,"author":{"gitId":"-"},"content":"if not exist ..\\bin mkdir ..\\bin","lastModifiedDate":"2020-05-25","isFullCredit":false},{"lineNumber":5,"author":{"gitId":"-"},"content":"","lastModifiedDate":"2020-05-25","isFullCredit":false},{"lineNumber":6,"author":{"gitId":"-"},"content":"REM delete output from previous run","lastModifiedDate":"2020-05-25","isFullCredit":false},{"lineNumber":7,"author":{"gitId":"-"},"content":"if exist ACTUAL.TXT del ACTUAL.TXT","lastModifiedDate":"2020-08-25","isFullCredit":false},{"lineNumber":8,"author":{"gitId":"-"},"content":"","lastModifiedDate":"2020-05-25","isFullCredit":false},{"lineNumber":9,"author":{"gitId":"-"},"content":"REM compile the code into the bin folder","lastModifiedDate":"2020-05-25","isFullCredit":false},{"lineNumber":10,"author":{"gitId":"-"},"content":"javac  -cp ..\\src\\main\\java -Xlint:none -d ..\\bin ..\\src\\main\\java\\*.java","lastModifiedDate":"2020-08-25","isFullCredit":false},{"lineNumber":11,"author":{"gitId":"-"},"content":"IF ERRORLEVEL 1 (","lastModifiedDate":"2020-05-25","isFullCredit":false},{"lineNumber":12,"author":{"gitId":"-"},"content":"    echo ********** BUILD FAILURE **********","lastModifiedDate":"2020-05-25","isFullCredit":false},{"lineNumber":13,"author":{"gitId":"-"},"content":"    exit /b 1","lastModifiedDate":"2020-05-25","isFullCredit":false},{"lineNumber":14,"author":{"gitId":"-"},"content":")","lastModifiedDate":"2020-05-25","isFullCredit":false},{"lineNumber":15,"author":{"gitId":"-"},"content":"REM no error here, errorlevel \u003d\u003d 0","lastModifiedDate":"2020-05-25","isFullCredit":false},{"lineNumber":16,"author":{"gitId":"-"},"content":"","lastModifiedDate":"2020-05-25","isFullCredit":false},{"lineNumber":17,"author":{"gitId":"-"},"content":"REM run the program, feed commands from input.txt file and redirect the output to the ACTUAL.TXT","lastModifiedDate":"2020-05-25","isFullCredit":false},{"lineNumber":18,"author":{"gitId":"ZHIQIANG-00"},"content":"java -classpath ..\\bin May \u003c input.txt \u003e ACTUAL.TXT","lastModifiedDate":"2024-09-03","isFullCredit":false},{"lineNumber":19,"author":{"gitId":"-"},"content":"","lastModifiedDate":"2020-05-25","isFullCredit":false},{"lineNumber":20,"author":{"gitId":"-"},"content":"REM compare the output to the expected output","lastModifiedDate":"2020-05-25","isFullCredit":false},{"lineNumber":21,"author":{"gitId":"-"},"content":"FC ACTUAL.TXT EXPECTED.TXT","lastModifiedDate":"2020-05-25","isFullCredit":false}],"authorContributionMap":{"-":20,"ZHIQIANG-00":1}}]
