[{"path":"src/main/java/Deadline.java","fileType":"java","lines":[{"lineNumber":1,"author":{"gitId":"ZHIQIANG-00"},"content":"public class Deadline extends Task{","lastModifiedDate":"2024-09-14","isFullCredit":false},{"lineNumber":2,"author":{"gitId":"ZHIQIANG-00"},"content":"    // Add in Deadline variable","lastModifiedDate":"2024-09-14","isFullCredit":false},{"lineNumber":3,"author":{"gitId":"ZHIQIANG-00"},"content":"    protected String by;","lastModifiedDate":"2024-09-14","isFullCredit":false},{"lineNumber":4,"author":{"gitId":"ZHIQIANG-00"},"content":"","lastModifiedDate":"2024-09-14","isFullCredit":false},{"lineNumber":5,"author":{"gitId":"ZHIQIANG-00"},"content":"    public Deadline(String taskName, String by){","lastModifiedDate":"2024-09-15","isFullCredit":false},{"lineNumber":6,"author":{"gitId":"ZHIQIANG-00"},"content":"        super(taskName);","lastModifiedDate":"2024-09-15","isFullCredit":false},{"lineNumber":7,"author":{"gitId":"ZHIQIANG-00"},"content":"        this.by \u003d by;","lastModifiedDate":"2024-09-14","isFullCredit":false},{"lineNumber":8,"author":{"gitId":"ZHIQIANG-00"},"content":"    }","lastModifiedDate":"2024-09-14","isFullCredit":false},{"lineNumber":9,"author":{"gitId":"ZHIQIANG-00"},"content":"","lastModifiedDate":"2024-09-14","isFullCredit":false},{"lineNumber":10,"author":{"gitId":"ZHIQIANG-00"},"content":"    @Override","lastModifiedDate":"2024-09-15","isFullCredit":false},{"lineNumber":11,"author":{"gitId":"ZHIQIANG-00"},"content":"    protected String getTaskType(){","lastModifiedDate":"2024-09-15","isFullCredit":false},{"lineNumber":12,"author":{"gitId":"ZHIQIANG-00"},"content":"        return \"D\";","lastModifiedDate":"2024-09-15","isFullCredit":false},{"lineNumber":13,"author":{"gitId":"ZHIQIANG-00"},"content":"    }","lastModifiedDate":"2024-09-15","isFullCredit":false},{"lineNumber":14,"author":{"gitId":"ZHIQIANG-00"},"content":"","lastModifiedDate":"2024-09-15","isFullCredit":false},{"lineNumber":15,"author":{"gitId":"ZHIQIANG-00"},"content":"    @Override","lastModifiedDate":"2024-09-14","isFullCredit":false},{"lineNumber":16,"author":{"gitId":"ZHIQIANG-00"},"content":"    public String toString() {","lastModifiedDate":"2024-09-14","isFullCredit":false},{"lineNumber":17,"author":{"gitId":"ZHIQIANG-00"},"content":"        return \"[\" + getTaskType() + \"][\" + getStatusIcon() +\"] \" + taskName + \" (by: \" + by +\")\";","lastModifiedDate":"2024-09-15","isFullCredit":false},{"lineNumber":18,"author":{"gitId":"ZHIQIANG-00"},"content":"    }","lastModifiedDate":"2024-09-14","isFullCredit":false},{"lineNumber":19,"author":{"gitId":"ZHIQIANG-00"},"content":"}","lastModifiedDate":"2024-09-14","isFullCredit":false}],"authorContributionMap":{"ZHIQIANG-00":19}},{"path":"src/main/java/Event.java","fileType":"java","lines":[{"lineNumber":1,"author":{"gitId":"ZHIQIANG-00"},"content":"public class Event extends Task{","lastModifiedDate":"2024-09-14","isFullCredit":false},{"lineNumber":2,"author":{"gitId":"ZHIQIANG-00"},"content":"    protected String from;","lastModifiedDate":"2024-09-14","isFullCredit":false},{"lineNumber":3,"author":{"gitId":"ZHIQIANG-00"},"content":"    protected String to;","lastModifiedDate":"2024-09-14","isFullCredit":false},{"lineNumber":4,"author":{"gitId":"ZHIQIANG-00"},"content":"","lastModifiedDate":"2024-09-14","isFullCredit":false},{"lineNumber":5,"author":{"gitId":"ZHIQIANG-00"},"content":"    // Construct an event task with schedule timing","lastModifiedDate":"2024-09-14","isFullCredit":false},{"lineNumber":6,"author":{"gitId":"ZHIQIANG-00"},"content":"    public Event(String taskName, String from, String to){","lastModifiedDate":"2024-09-14","isFullCredit":false},{"lineNumber":7,"author":{"gitId":"ZHIQIANG-00"},"content":"        super(taskName);","lastModifiedDate":"2024-09-14","isFullCredit":false},{"lineNumber":8,"author":{"gitId":"ZHIQIANG-00"},"content":"        this.from \u003d from;","lastModifiedDate":"2024-09-14","isFullCredit":false},{"lineNumber":9,"author":{"gitId":"ZHIQIANG-00"},"content":"        this.to \u003d to;","lastModifiedDate":"2024-09-14","isFullCredit":false},{"lineNumber":10,"author":{"gitId":"ZHIQIANG-00"},"content":"    }","lastModifiedDate":"2024-09-14","isFullCredit":false},{"lineNumber":11,"author":{"gitId":"ZHIQIANG-00"},"content":"","lastModifiedDate":"2024-09-14","isFullCredit":false},{"lineNumber":12,"author":{"gitId":"ZHIQIANG-00"},"content":"    @Override","lastModifiedDate":"2024-09-15","isFullCredit":false},{"lineNumber":13,"author":{"gitId":"ZHIQIANG-00"},"content":"    protected  String getTaskType(){","lastModifiedDate":"2024-09-15","isFullCredit":false},{"lineNumber":14,"author":{"gitId":"ZHIQIANG-00"},"content":"        return \"E\";","lastModifiedDate":"2024-09-15","isFullCredit":false},{"lineNumber":15,"author":{"gitId":"ZHIQIANG-00"},"content":"    }","lastModifiedDate":"2024-09-15","isFullCredit":false},{"lineNumber":16,"author":{"gitId":"ZHIQIANG-00"},"content":"","lastModifiedDate":"2024-09-15","isFullCredit":false},{"lineNumber":17,"author":{"gitId":"ZHIQIANG-00"},"content":"    // output the event to string with [E] and the schedule timeline for event from till to.","lastModifiedDate":"2024-09-14","isFullCredit":false},{"lineNumber":18,"author":{"gitId":"ZHIQIANG-00"},"content":"    @Override","lastModifiedDate":"2024-09-14","isFullCredit":false},{"lineNumber":19,"author":{"gitId":"ZHIQIANG-00"},"content":"    public String toString(){","lastModifiedDate":"2024-09-14","isFullCredit":false},{"lineNumber":20,"author":{"gitId":"ZHIQIANG-00"},"content":"        return \"[\" +getTaskType() + \"][\" + getStatusIcon() +\"] \" + taskName + \" (from: \" + from + \" to: \" + to + \")\";","lastModifiedDate":"2024-09-15","isFullCredit":false},{"lineNumber":21,"author":{"gitId":"ZHIQIANG-00"},"content":"    }","lastModifiedDate":"2024-09-14","isFullCredit":false},{"lineNumber":22,"author":{"gitId":"ZHIQIANG-00"},"content":"}","lastModifiedDate":"2024-09-14","isFullCredit":false}],"authorContributionMap":{"ZHIQIANG-00":22}},{"path":"src/main/java/May.java","fileType":"java","lines":[{"lineNumber":1,"author":{"gitId":"ZHIQIANG-00"},"content":"import java.util.Scanner;","lastModifiedDate":"2024-09-02","isFullCredit":false},{"lineNumber":2,"author":{"gitId":"ZHIQIANG-00"},"content":"","lastModifiedDate":"2024-09-02","isFullCredit":false},{"lineNumber":3,"author":{"gitId":"ZHIQIANG-00"},"content":"","lastModifiedDate":"2024-09-02","isFullCredit":false},{"lineNumber":4,"author":{"gitId":"ZHIQIANG-00"},"content":"public class May {","lastModifiedDate":"2024-09-02","isFullCredit":false},{"lineNumber":5,"author":{"gitId":"ZHIQIANG-00"},"content":"","lastModifiedDate":"2024-09-02","isFullCredit":false},{"lineNumber":6,"author":{"gitId":"ZHIQIANG-00"},"content":"    /*Store User Input*/","lastModifiedDate":"2024-09-02","isFullCredit":false},{"lineNumber":7,"author":{"gitId":"ZHIQIANG-00"},"content":"    private static Task[] taskList \u003d new Task[100];","lastModifiedDate":"2024-09-07","isFullCredit":false},{"lineNumber":8,"author":{"gitId":"ZHIQIANG-00"},"content":"    private static int listNum \u003d 0;","lastModifiedDate":"2024-09-02","isFullCredit":false},{"lineNumber":9,"author":{"gitId":"ZHIQIANG-00"},"content":"","lastModifiedDate":"2024-09-02","isFullCredit":false},{"lineNumber":10,"author":{"gitId":"ZHIQIANG-00"},"content":"    public static void main(String[] args) {","lastModifiedDate":"2024-09-02","isFullCredit":false},{"lineNumber":11,"author":{"gitId":"ZHIQIANG-00"},"content":"","lastModifiedDate":"2024-09-02","isFullCredit":false},{"lineNumber":12,"author":{"gitId":"ZHIQIANG-00"},"content":"        //Scanner","lastModifiedDate":"2024-09-02","isFullCredit":false},{"lineNumber":13,"author":{"gitId":"ZHIQIANG-00"},"content":"        Scanner scan \u003d new Scanner(System.in);","lastModifiedDate":"2024-09-02","isFullCredit":false},{"lineNumber":14,"author":{"gitId":"ZHIQIANG-00"},"content":"        String input;","lastModifiedDate":"2024-09-02","isFullCredit":false},{"lineNumber":15,"author":{"gitId":"ZHIQIANG-00"},"content":"","lastModifiedDate":"2024-09-02","isFullCredit":false},{"lineNumber":16,"author":{"gitId":"ZHIQIANG-00"},"content":"        /*Welcome Message*/","lastModifiedDate":"2024-09-02","isFullCredit":false},{"lineNumber":17,"author":{"gitId":"ZHIQIANG-00"},"content":"        System.out.println(\"Hello! I\u0027m May\");","lastModifiedDate":"2024-09-02","isFullCredit":false},{"lineNumber":18,"author":{"gitId":"ZHIQIANG-00"},"content":"        System.out.println(\"What can I do for you?\");","lastModifiedDate":"2024-09-02","isFullCredit":false},{"lineNumber":19,"author":{"gitId":"ZHIQIANG-00"},"content":"","lastModifiedDate":"2024-09-02","isFullCredit":false},{"lineNumber":20,"author":{"gitId":"ZHIQIANG-00"},"content":"        while(true){","lastModifiedDate":"2024-09-02","isFullCredit":false},{"lineNumber":21,"author":{"gitId":"ZHIQIANG-00"},"content":"            // Scan for user input","lastModifiedDate":"2024-09-02","isFullCredit":false},{"lineNumber":22,"author":{"gitId":"ZHIQIANG-00"},"content":"            input \u003d scan.nextLine();","lastModifiedDate":"2024-09-02","isFullCredit":false},{"lineNumber":23,"author":{"gitId":"ZHIQIANG-00"},"content":"","lastModifiedDate":"2024-09-02","isFullCredit":false},{"lineNumber":24,"author":{"gitId":"ZHIQIANG-00"},"content":"            // split the input into two put one for task status other part for description","lastModifiedDate":"2024-09-07","isFullCredit":false},{"lineNumber":25,"author":{"gitId":"ZHIQIANG-00"},"content":"            String[] command \u003d input.split(\" \",2);","lastModifiedDate":"2024-09-07","isFullCredit":false},{"lineNumber":26,"author":{"gitId":"ZHIQIANG-00"},"content":"","lastModifiedDate":"2024-09-07","isFullCredit":false},{"lineNumber":27,"author":{"gitId":"ZHIQIANG-00"},"content":"            // Check for Exit command \u0026 output exit command message","lastModifiedDate":"2024-09-03","isFullCredit":false},{"lineNumber":28,"author":{"gitId":"ZHIQIANG-00"},"content":"            if(command[0].equalsIgnoreCase(\"bye\")){","lastModifiedDate":"2024-09-07","isFullCredit":false},{"lineNumber":29,"author":{"gitId":"ZHIQIANG-00"},"content":"                /*Exit Message*/","lastModifiedDate":"2024-09-02","isFullCredit":false},{"lineNumber":30,"author":{"gitId":"ZHIQIANG-00"},"content":"                System.out.println(\"Bye. Hope to see you again soon!\");","lastModifiedDate":"2024-09-02","isFullCredit":false},{"lineNumber":31,"author":{"gitId":"ZHIQIANG-00"},"content":"                break;","lastModifiedDate":"2024-09-02","isFullCredit":false},{"lineNumber":32,"author":{"gitId":"ZHIQIANG-00"},"content":"            }","lastModifiedDate":"2024-09-02","isFullCredit":false},{"lineNumber":33,"author":{"gitId":"ZHIQIANG-00"},"content":"","lastModifiedDate":"2024-09-02","isFullCredit":false},{"lineNumber":34,"author":{"gitId":"ZHIQIANG-00"},"content":"            // Add a normal task (not used in the updated design, can be removed)","lastModifiedDate":"2024-09-15","isFullCredit":false},{"lineNumber":35,"author":{"gitId":"ZHIQIANG-00"},"content":"            else if (command[0].equalsIgnoreCase(\"add\") \u0026\u0026 command.length \u003e 1) {","lastModifiedDate":"2024-09-15","isFullCredit":false},{"lineNumber":36,"author":{"gitId":"ZHIQIANG-00"},"content":"                addTask(new Task(command[1]));","lastModifiedDate":"2024-09-15","isFullCredit":false},{"lineNumber":37,"author":{"gitId":"ZHIQIANG-00"},"content":"            }","lastModifiedDate":"2024-09-15","isFullCredit":false},{"lineNumber":38,"author":{"gitId":"ZHIQIANG-00"},"content":"","lastModifiedDate":"2024-09-15","isFullCredit":false},{"lineNumber":39,"author":{"gitId":"ZHIQIANG-00"},"content":"            // Check for taskList Command \u0026 output item inside taskList","lastModifiedDate":"2024-09-07","isFullCredit":false},{"lineNumber":40,"author":{"gitId":"ZHIQIANG-00"},"content":"            else if (command[0].equalsIgnoreCase(\"taskList\")){","lastModifiedDate":"2024-09-07","isFullCredit":false},{"lineNumber":41,"author":{"gitId":"ZHIQIANG-00"},"content":"                displayTaskList();","lastModifiedDate":"2024-09-15","isFullCredit":false},{"lineNumber":42,"author":{"gitId":"ZHIQIANG-00"},"content":"            }","lastModifiedDate":"2024-09-02","isFullCredit":false},{"lineNumber":43,"author":{"gitId":"ZHIQIANG-00"},"content":"","lastModifiedDate":"2024-09-02","isFullCredit":false},{"lineNumber":44,"author":{"gitId":"ZHIQIANG-00"},"content":"            // Mark the task as done","lastModifiedDate":"2024-09-07","isFullCredit":false},{"lineNumber":45,"author":{"gitId":"ZHIQIANG-00"},"content":"            else if (command[0].equalsIgnoreCase(\"tick\")){","lastModifiedDate":"2024-09-07","isFullCredit":false},{"lineNumber":46,"author":{"gitId":"ZHIQIANG-00"},"content":"                int taskIndex \u003d Integer.parseInt(command[1])-1;","lastModifiedDate":"2024-09-07","isFullCredit":false},{"lineNumber":47,"author":{"gitId":"ZHIQIANG-00"},"content":"                // Check for taskIndex is within the task number","lastModifiedDate":"2024-09-07","isFullCredit":false},{"lineNumber":48,"author":{"gitId":"ZHIQIANG-00"},"content":"                // If it is within the range, then we mark as done","lastModifiedDate":"2024-09-07","isFullCredit":false},{"lineNumber":49,"author":{"gitId":"ZHIQIANG-00"},"content":"                if (taskIndex \u003c listNum){","lastModifiedDate":"2024-09-07","isFullCredit":false},{"lineNumber":50,"author":{"gitId":"ZHIQIANG-00"},"content":"                   taskList[taskIndex].markAsDone();","lastModifiedDate":"2024-09-07","isFullCredit":false},{"lineNumber":51,"author":{"gitId":"ZHIQIANG-00"},"content":"                   System.out.println(\"Congratulations! You have completed the task! \");","lastModifiedDate":"2024-09-07","isFullCredit":false},{"lineNumber":52,"author":{"gitId":"ZHIQIANG-00"},"content":"                   System.out.println(\" \" + taskList[taskIndex]);","lastModifiedDate":"2024-09-07","isFullCredit":false},{"lineNumber":53,"author":{"gitId":"ZHIQIANG-00"},"content":"                }","lastModifiedDate":"2024-09-07","isFullCredit":false},{"lineNumber":54,"author":{"gitId":"ZHIQIANG-00"},"content":"            }","lastModifiedDate":"2024-09-07","isFullCredit":false},{"lineNumber":55,"author":{"gitId":"ZHIQIANG-00"},"content":"","lastModifiedDate":"2024-09-07","isFullCredit":false},{"lineNumber":56,"author":{"gitId":"ZHIQIANG-00"},"content":"            // Mark the task as cross since it has not done","lastModifiedDate":"2024-09-07","isFullCredit":false},{"lineNumber":57,"author":{"gitId":"ZHIQIANG-00"},"content":"            else if (command[0].equalsIgnoreCase(\"cross\")){","lastModifiedDate":"2024-09-07","isFullCredit":false},{"lineNumber":58,"author":{"gitId":"ZHIQIANG-00"},"content":"                int taskIndex \u003d Integer.parseInt(command[1])-1;","lastModifiedDate":"2024-09-07","isFullCredit":false},{"lineNumber":59,"author":{"gitId":"ZHIQIANG-00"},"content":"                // Check for taskIndex is within the task number","lastModifiedDate":"2024-09-07","isFullCredit":false},{"lineNumber":60,"author":{"gitId":"ZHIQIANG-00"},"content":"                // If it is within the range, then we mark as done","lastModifiedDate":"2024-09-07","isFullCredit":false},{"lineNumber":61,"author":{"gitId":"ZHIQIANG-00"},"content":"                if (taskIndex \u003c listNum){","lastModifiedDate":"2024-09-07","isFullCredit":false},{"lineNumber":62,"author":{"gitId":"ZHIQIANG-00"},"content":"                    taskList[taskIndex].unmarkAsDone();","lastModifiedDate":"2024-09-07","isFullCredit":false},{"lineNumber":63,"author":{"gitId":"ZHIQIANG-00"},"content":"                    System.out.println(\"Task have not done, Kindly complete the task. \");","lastModifiedDate":"2024-09-07","isFullCredit":false},{"lineNumber":64,"author":{"gitId":"ZHIQIANG-00"},"content":"                    System.out.println(\" \" + taskList[taskIndex]);","lastModifiedDate":"2024-09-07","isFullCredit":false},{"lineNumber":65,"author":{"gitId":"ZHIQIANG-00"},"content":"                }","lastModifiedDate":"2024-09-07","isFullCredit":false},{"lineNumber":66,"author":{"gitId":"ZHIQIANG-00"},"content":"            }","lastModifiedDate":"2024-09-07","isFullCredit":false},{"lineNumber":67,"author":{"gitId":"ZHIQIANG-00"},"content":"","lastModifiedDate":"2024-09-07","isFullCredit":false},{"lineNumber":68,"author":{"gitId":"ZHIQIANG-00"},"content":"            //Create the todo Task and output number of task in the list","lastModifiedDate":"2024-09-15","isFullCredit":false},{"lineNumber":69,"author":{"gitId":"ZHIQIANG-00"},"content":"            else if (command[0].equalsIgnoreCase(\"todo\") \u0026\u0026 command.length \u003e 1) {","lastModifiedDate":"2024-09-15","isFullCredit":false},{"lineNumber":70,"author":{"gitId":"ZHIQIANG-00"},"content":"                String description \u003d command[1];","lastModifiedDate":"2024-09-15","isFullCredit":false},{"lineNumber":71,"author":{"gitId":"ZHIQIANG-00"},"content":"                addOrUpdateTask(new ToDo(description));","lastModifiedDate":"2024-09-15","isFullCredit":false},{"lineNumber":72,"author":{"gitId":"ZHIQIANG-00"},"content":"            }","lastModifiedDate":"2024-09-02","isFullCredit":false},{"lineNumber":73,"author":{"gitId":"ZHIQIANG-00"},"content":"","lastModifiedDate":"2024-09-15","isFullCredit":false},{"lineNumber":74,"author":{"gitId":"ZHIQIANG-00"},"content":"            // Mark the deadline of the task","lastModifiedDate":"2024-09-15","isFullCredit":false},{"lineNumber":75,"author":{"gitId":"ZHIQIANG-00"},"content":"            else if (command[0].equalsIgnoreCase(\"deadline\") \u0026\u0026 command.length \u003e 1) {","lastModifiedDate":"2024-09-15","isFullCredit":false},{"lineNumber":76,"author":{"gitId":"ZHIQIANG-00"},"content":"                String[] doneBy \u003d command[1].split(\"/by \", 2);","lastModifiedDate":"2024-09-15","isFullCredit":false},{"lineNumber":77,"author":{"gitId":"ZHIQIANG-00"},"content":"                if (doneBy.length \u003e 1) {","lastModifiedDate":"2024-09-15","isFullCredit":false},{"lineNumber":78,"author":{"gitId":"ZHIQIANG-00"},"content":"                    addOrUpdateTask(new Deadline(doneBy[0].trim(), doneBy[1].trim()));","lastModifiedDate":"2024-09-15","isFullCredit":false},{"lineNumber":79,"author":{"gitId":"ZHIQIANG-00"},"content":"                } else {","lastModifiedDate":"2024-09-15","isFullCredit":false},{"lineNumber":80,"author":{"gitId":"ZHIQIANG-00"},"content":"                    System.out.println(\"Invalid deadline.\");","lastModifiedDate":"2024-09-15","isFullCredit":false},{"lineNumber":81,"author":{"gitId":"ZHIQIANG-00"},"content":"                }","lastModifiedDate":"2024-09-07","isFullCredit":false},{"lineNumber":82,"author":{"gitId":"ZHIQIANG-00"},"content":"            }","lastModifiedDate":"2024-09-07","isFullCredit":false},{"lineNumber":83,"author":{"gitId":"ZHIQIANG-00"},"content":"","lastModifiedDate":"2024-09-15","isFullCredit":false},{"lineNumber":84,"author":{"gitId":"ZHIQIANG-00"},"content":"            // Create upcoming event task","lastModifiedDate":"2024-09-15","isFullCredit":false},{"lineNumber":85,"author":{"gitId":"ZHIQIANG-00"},"content":"            else if (command[0].equalsIgnoreCase(\"event\") \u0026\u0026 command.length \u003e 1) {","lastModifiedDate":"2024-09-15","isFullCredit":false},{"lineNumber":86,"author":{"gitId":"ZHIQIANG-00"},"content":"                String[] eventTime \u003d command[1].split(\"/from | /to \",3);","lastModifiedDate":"2024-09-15","isFullCredit":false},{"lineNumber":87,"author":{"gitId":"ZHIQIANG-00"},"content":"                if (eventTime.length \u003e 2) {","lastModifiedDate":"2024-09-15","isFullCredit":false},{"lineNumber":88,"author":{"gitId":"ZHIQIANG-00"},"content":"                    addOrUpdateTask(new Event(eventTime[0].trim(), eventTime[1].trim(), eventTime[2].trim()));","lastModifiedDate":"2024-09-15","isFullCredit":false},{"lineNumber":89,"author":{"gitId":"ZHIQIANG-00"},"content":"                }","lastModifiedDate":"2024-09-15","isFullCredit":false},{"lineNumber":90,"author":{"gitId":"ZHIQIANG-00"},"content":"                else{","lastModifiedDate":"2024-09-15","isFullCredit":false},{"lineNumber":91,"author":{"gitId":"ZHIQIANG-00"},"content":"                    System.out.println(\"Invalid event.\");","lastModifiedDate":"2024-09-15","isFullCredit":false},{"lineNumber":92,"author":{"gitId":"ZHIQIANG-00"},"content":"                }","lastModifiedDate":"2024-09-15","isFullCredit":false},{"lineNumber":93,"author":{"gitId":"ZHIQIANG-00"},"content":"            }","lastModifiedDate":"2024-09-02","isFullCredit":false},{"lineNumber":94,"author":{"gitId":"ZHIQIANG-00"},"content":"","lastModifiedDate":"2024-09-02","isFullCredit":false},{"lineNumber":95,"author":{"gitId":"ZHIQIANG-00"},"content":"","lastModifiedDate":"2024-09-15","isFullCredit":false},{"lineNumber":96,"author":{"gitId":"ZHIQIANG-00"},"content":"            else {","lastModifiedDate":"2024-09-15","isFullCredit":false},{"lineNumber":97,"author":{"gitId":"ZHIQIANG-00"},"content":"                System.out.println(\"Unknown command\");","lastModifiedDate":"2024-09-15","isFullCredit":false},{"lineNumber":98,"author":{"gitId":"ZHIQIANG-00"},"content":"            }","lastModifiedDate":"2024-09-15","isFullCredit":false},{"lineNumber":99,"author":{"gitId":"ZHIQIANG-00"},"content":"        }","lastModifiedDate":"2024-09-15","isFullCredit":false},{"lineNumber":100,"author":{"gitId":"ZHIQIANG-00"},"content":"        // Close Scan","lastModifiedDate":"2024-09-02","isFullCredit":false},{"lineNumber":101,"author":{"gitId":"ZHIQIANG-00"},"content":"        scan.close();","lastModifiedDate":"2024-09-02","isFullCredit":false},{"lineNumber":102,"author":{"gitId":"ZHIQIANG-00"},"content":"    }","lastModifiedDate":"2024-09-02","isFullCredit":false},{"lineNumber":103,"author":{"gitId":"ZHIQIANG-00"},"content":"","lastModifiedDate":"2024-09-15","isFullCredit":false},{"lineNumber":104,"author":{"gitId":"ZHIQIANG-00"},"content":"    // add or update the task","lastModifiedDate":"2024-09-15","isFullCredit":false},{"lineNumber":105,"author":{"gitId":"ZHIQIANG-00"},"content":"    private static void addOrUpdateTask(Task newTask){","lastModifiedDate":"2024-09-15","isFullCredit":false},{"lineNumber":106,"author":{"gitId":"ZHIQIANG-00"},"content":"        for (int i \u003d 0; i \u003c listNum; i++){","lastModifiedDate":"2024-09-15","isFullCredit":false},{"lineNumber":107,"author":{"gitId":"ZHIQIANG-00"},"content":"            if (taskList[i].taskName.equals(newTask.taskName)){","lastModifiedDate":"2024-09-15","isFullCredit":false},{"lineNumber":108,"author":{"gitId":"ZHIQIANG-00"},"content":"                taskList[i] \u003d newTask;","lastModifiedDate":"2024-09-15","isFullCredit":false},{"lineNumber":109,"author":{"gitId":"ZHIQIANG-00"},"content":"                System.out.println(\"Got it, I\u0027ve updated this task:\");","lastModifiedDate":"2024-09-15","isFullCredit":false},{"lineNumber":110,"author":{"gitId":"ZHIQIANG-00"},"content":"                System.out.println(\" \" + taskList[i]);","lastModifiedDate":"2024-09-15","isFullCredit":false},{"lineNumber":111,"author":{"gitId":"ZHIQIANG-00"},"content":"                System.out.println(\"Now you have \" + listNum + \" tasks in the list.\");","lastModifiedDate":"2024-09-15","isFullCredit":false},{"lineNumber":112,"author":{"gitId":"ZHIQIANG-00"},"content":"                return;","lastModifiedDate":"2024-09-15","isFullCredit":false},{"lineNumber":113,"author":{"gitId":"ZHIQIANG-00"},"content":"            }","lastModifiedDate":"2024-09-15","isFullCredit":false},{"lineNumber":114,"author":{"gitId":"ZHIQIANG-00"},"content":"        }","lastModifiedDate":"2024-09-15","isFullCredit":false},{"lineNumber":115,"author":{"gitId":"ZHIQIANG-00"},"content":"        addTask(newTask);","lastModifiedDate":"2024-09-15","isFullCredit":false},{"lineNumber":116,"author":{"gitId":"ZHIQIANG-00"},"content":"    }","lastModifiedDate":"2024-09-15","isFullCredit":false},{"lineNumber":117,"author":{"gitId":"ZHIQIANG-00"},"content":"","lastModifiedDate":"2024-09-15","isFullCredit":false},{"lineNumber":118,"author":{"gitId":"ZHIQIANG-00"},"content":"    // Add task to the tasklist","lastModifiedDate":"2024-09-15","isFullCredit":false},{"lineNumber":119,"author":{"gitId":"ZHIQIANG-00"},"content":"    private static void addTask(Task task){","lastModifiedDate":"2024-09-15","isFullCredit":false},{"lineNumber":120,"author":{"gitId":"ZHIQIANG-00"},"content":"        taskList[listNum] \u003d task;","lastModifiedDate":"2024-09-15","isFullCredit":false},{"lineNumber":121,"author":{"gitId":"ZHIQIANG-00"},"content":"        listNum++;","lastModifiedDate":"2024-09-15","isFullCredit":false},{"lineNumber":122,"author":{"gitId":"ZHIQIANG-00"},"content":"        System.out.println(\"Got it, I\u0027ve added this task:\");","lastModifiedDate":"2024-09-15","isFullCredit":false},{"lineNumber":123,"author":{"gitId":"ZHIQIANG-00"},"content":"        System.out.println(\" \" + taskList[listNum - 1]);","lastModifiedDate":"2024-09-15","isFullCredit":false},{"lineNumber":124,"author":{"gitId":"ZHIQIANG-00"},"content":"        System.out.println(\"Now you have \" + listNum + \" tasks in the task list.\");","lastModifiedDate":"2024-09-15","isFullCredit":false},{"lineNumber":125,"author":{"gitId":"ZHIQIANG-00"},"content":"    }","lastModifiedDate":"2024-09-15","isFullCredit":false},{"lineNumber":126,"author":{"gitId":"ZHIQIANG-00"},"content":"","lastModifiedDate":"2024-09-15","isFullCredit":false},{"lineNumber":127,"author":{"gitId":"ZHIQIANG-00"},"content":"    //display the task in the task list","lastModifiedDate":"2024-09-15","isFullCredit":false},{"lineNumber":128,"author":{"gitId":"ZHIQIANG-00"},"content":"    private static void displayTaskList() {","lastModifiedDate":"2024-09-15","isFullCredit":false},{"lineNumber":129,"author":{"gitId":"ZHIQIANG-00"},"content":"        if (listNum \u003d\u003d 0) {","lastModifiedDate":"2024-09-15","isFullCredit":false},{"lineNumber":130,"author":{"gitId":"ZHIQIANG-00"},"content":"            System.out.println(\"No tasks in the list.\");","lastModifiedDate":"2024-09-15","isFullCredit":false},{"lineNumber":131,"author":{"gitId":"ZHIQIANG-00"},"content":"        } else {","lastModifiedDate":"2024-09-15","isFullCredit":false},{"lineNumber":132,"author":{"gitId":"ZHIQIANG-00"},"content":"            System.out.println(\"Here are the tasks in your list:\");","lastModifiedDate":"2024-09-15","isFullCredit":false},{"lineNumber":133,"author":{"gitId":"ZHIQIANG-00"},"content":"            for (int i \u003d 0; i \u003c listNum; i++) {","lastModifiedDate":"2024-09-15","isFullCredit":false},{"lineNumber":134,"author":{"gitId":"ZHIQIANG-00"},"content":"                System.out.println((i + 1) + \". \" + taskList[i]);","lastModifiedDate":"2024-09-15","isFullCredit":false},{"lineNumber":135,"author":{"gitId":"ZHIQIANG-00"},"content":"            }","lastModifiedDate":"2024-09-15","isFullCredit":false},{"lineNumber":136,"author":{"gitId":"ZHIQIANG-00"},"content":"        }","lastModifiedDate":"2024-09-15","isFullCredit":false},{"lineNumber":137,"author":{"gitId":"ZHIQIANG-00"},"content":"    }","lastModifiedDate":"2024-09-15","isFullCredit":false},{"lineNumber":138,"author":{"gitId":"ZHIQIANG-00"},"content":"","lastModifiedDate":"2024-09-15","isFullCredit":false},{"lineNumber":139,"author":{"gitId":"ZHIQIANG-00"},"content":"}","lastModifiedDate":"2024-09-02","isFullCredit":false}],"authorContributionMap":{"ZHIQIANG-00":139}},{"path":"src/main/java/Task.java","fileType":"java","lines":[{"lineNumber":1,"author":{"gitId":"ZHIQIANG-00"},"content":"public class Task {","lastModifiedDate":"2024-09-03","isFullCredit":false},{"lineNumber":2,"author":{"gitId":"ZHIQIANG-00"},"content":"    protected String taskName;","lastModifiedDate":"2024-09-03","isFullCredit":false},{"lineNumber":3,"author":{"gitId":"ZHIQIANG-00"},"content":"    protected boolean isDone;","lastModifiedDate":"2024-09-03","isFullCredit":false},{"lineNumber":4,"author":{"gitId":"ZHIQIANG-00"},"content":"","lastModifiedDate":"2024-09-03","isFullCredit":false},{"lineNumber":5,"author":{"gitId":"ZHIQIANG-00"},"content":"    // Construct a new task","lastModifiedDate":"2024-09-03","isFullCredit":false},{"lineNumber":6,"author":{"gitId":"ZHIQIANG-00"},"content":"    public Task (String taskName){","lastModifiedDate":"2024-09-03","isFullCredit":false},{"lineNumber":7,"author":{"gitId":"ZHIQIANG-00"},"content":"        this.taskName \u003d taskName;","lastModifiedDate":"2024-09-03","isFullCredit":false},{"lineNumber":8,"author":{"gitId":"ZHIQIANG-00"},"content":"        this.isDone \u003d false;","lastModifiedDate":"2024-09-03","isFullCredit":false},{"lineNumber":9,"author":{"gitId":"ZHIQIANG-00"},"content":"    }","lastModifiedDate":"2024-09-03","isFullCredit":false},{"lineNumber":10,"author":{"gitId":"ZHIQIANG-00"},"content":"","lastModifiedDate":"2024-09-07","isFullCredit":false},{"lineNumber":11,"author":{"gitId":"ZHIQIANG-00"},"content":"    // Mark done task with X","lastModifiedDate":"2024-09-07","isFullCredit":false},{"lineNumber":12,"author":{"gitId":"ZHIQIANG-00"},"content":"    public String getStatusIcon(){","lastModifiedDate":"2024-09-07","isFullCredit":false},{"lineNumber":13,"author":{"gitId":"ZHIQIANG-00"},"content":"        // ✔ for Done, X for have not complete","lastModifiedDate":"2024-09-07","isFullCredit":false},{"lineNumber":14,"author":{"gitId":"ZHIQIANG-00"},"content":"        return (isDone? \"✔\" : \" \");","lastModifiedDate":"2024-09-10","isFullCredit":false},{"lineNumber":15,"author":{"gitId":"ZHIQIANG-00"},"content":"    }","lastModifiedDate":"2024-09-07","isFullCredit":false},{"lineNumber":16,"author":{"gitId":"ZHIQIANG-00"},"content":"","lastModifiedDate":"2024-09-07","isFullCredit":false},{"lineNumber":17,"author":{"gitId":"ZHIQIANG-00"},"content":"    // Task is Done Set to true.","lastModifiedDate":"2024-09-07","isFullCredit":false},{"lineNumber":18,"author":{"gitId":"ZHIQIANG-00"},"content":"    public void markAsDone(){","lastModifiedDate":"2024-09-07","isFullCredit":false},{"lineNumber":19,"author":{"gitId":"ZHIQIANG-00"},"content":"        isDone \u003d true;","lastModifiedDate":"2024-09-07","isFullCredit":false},{"lineNumber":20,"author":{"gitId":"ZHIQIANG-00"},"content":"    }","lastModifiedDate":"2024-09-07","isFullCredit":false},{"lineNumber":21,"author":{"gitId":"ZHIQIANG-00"},"content":"","lastModifiedDate":"2024-09-07","isFullCredit":false},{"lineNumber":22,"author":{"gitId":"ZHIQIANG-00"},"content":"    // Task have not Done set to false","lastModifiedDate":"2024-09-07","isFullCredit":false},{"lineNumber":23,"author":{"gitId":"ZHIQIANG-00"},"content":"    public void unmarkAsDone(){","lastModifiedDate":"2024-09-07","isFullCredit":false},{"lineNumber":24,"author":{"gitId":"ZHIQIANG-00"},"content":"        isDone \u003d false;","lastModifiedDate":"2024-09-07","isFullCredit":false},{"lineNumber":25,"author":{"gitId":"ZHIQIANG-00"},"content":"    }","lastModifiedDate":"2024-09-07","isFullCredit":false},{"lineNumber":26,"author":{"gitId":"ZHIQIANG-00"},"content":"","lastModifiedDate":"2024-09-07","isFullCredit":false},{"lineNumber":27,"author":{"gitId":"ZHIQIANG-00"},"content":"    // Task type for sub class to override","lastModifiedDate":"2024-09-15","isFullCredit":false},{"lineNumber":28,"author":{"gitId":"ZHIQIANG-00"},"content":"    protected String getTaskType(){","lastModifiedDate":"2024-09-15","isFullCredit":false},{"lineNumber":29,"author":{"gitId":"ZHIQIANG-00"},"content":"        return \" \";","lastModifiedDate":"2024-09-15","isFullCredit":false},{"lineNumber":30,"author":{"gitId":"ZHIQIANG-00"},"content":"    }","lastModifiedDate":"2024-09-15","isFullCredit":false},{"lineNumber":31,"author":{"gitId":"ZHIQIANG-00"},"content":"","lastModifiedDate":"2024-09-15","isFullCredit":false},{"lineNumber":32,"author":{"gitId":"ZHIQIANG-00"},"content":"    // Output task as string","lastModifiedDate":"2024-09-07","isFullCredit":false},{"lineNumber":33,"author":{"gitId":"ZHIQIANG-00"},"content":"    @Override","lastModifiedDate":"2024-09-15","isFullCredit":false},{"lineNumber":34,"author":{"gitId":"ZHIQIANG-00"},"content":"    public String toString() {","lastModifiedDate":"2024-09-07","isFullCredit":false},{"lineNumber":35,"author":{"gitId":"ZHIQIANG-00"},"content":"        return \"[\" + getTaskType() + \"][\" + getStatusIcon() + \"] \" + taskName;","lastModifiedDate":"2024-09-15","isFullCredit":false},{"lineNumber":36,"author":{"gitId":"ZHIQIANG-00"},"content":"    }","lastModifiedDate":"2024-09-07","isFullCredit":false},{"lineNumber":37,"author":{"gitId":"ZHIQIANG-00"},"content":"}","lastModifiedDate":"2024-09-03","isFullCredit":false}],"authorContributionMap":{"ZHIQIANG-00":37}},{"path":"src/main/java/ToDo.java","fileType":"java","lines":[{"lineNumber":1,"author":{"gitId":"ZHIQIANG-00"},"content":"public class ToDo extends Task{","lastModifiedDate":"2024-09-10","isFullCredit":false},{"lineNumber":2,"author":{"gitId":"ZHIQIANG-00"},"content":"","lastModifiedDate":"2024-09-10","isFullCredit":false},{"lineNumber":3,"author":{"gitId":"ZHIQIANG-00"},"content":"    public ToDo (String taskName){","lastModifiedDate":"2024-09-10","isFullCredit":false},{"lineNumber":4,"author":{"gitId":"ZHIQIANG-00"},"content":"        super(taskName);","lastModifiedDate":"2024-09-10","isFullCredit":false},{"lineNumber":5,"author":{"gitId":"ZHIQIANG-00"},"content":"    }","lastModifiedDate":"2024-09-10","isFullCredit":false},{"lineNumber":6,"author":{"gitId":"ZHIQIANG-00"},"content":"","lastModifiedDate":"2024-09-10","isFullCredit":false},{"lineNumber":7,"author":{"gitId":"ZHIQIANG-00"},"content":"    @Override","lastModifiedDate":"2024-09-15","isFullCredit":false},{"lineNumber":8,"author":{"gitId":"ZHIQIANG-00"},"content":"    protected String getTaskType(){","lastModifiedDate":"2024-09-15","isFullCredit":false},{"lineNumber":9,"author":{"gitId":"ZHIQIANG-00"},"content":"        return \"T\";","lastModifiedDate":"2024-09-15","isFullCredit":false},{"lineNumber":10,"author":{"gitId":"ZHIQIANG-00"},"content":"    }","lastModifiedDate":"2024-09-15","isFullCredit":false},{"lineNumber":11,"author":{"gitId":"ZHIQIANG-00"},"content":"","lastModifiedDate":"2024-09-15","isFullCredit":false},{"lineNumber":12,"author":{"gitId":"ZHIQIANG-00"},"content":"    @Override","lastModifiedDate":"2024-09-10","isFullCredit":false},{"lineNumber":13,"author":{"gitId":"ZHIQIANG-00"},"content":"    public String toString(){","lastModifiedDate":"2024-09-10","isFullCredit":false},{"lineNumber":14,"author":{"gitId":"ZHIQIANG-00"},"content":"        return \"[\" + getTaskType() + \"][\" + getStatusIcon() + \"] \" + taskName;","lastModifiedDate":"2024-09-15","isFullCredit":false},{"lineNumber":15,"author":{"gitId":"ZHIQIANG-00"},"content":"    }","lastModifiedDate":"2024-09-10","isFullCredit":false},{"lineNumber":16,"author":{"gitId":"ZHIQIANG-00"},"content":"}","lastModifiedDate":"2024-09-10","isFullCredit":false}],"authorContributionMap":{"ZHIQIANG-00":16}},{"path":"text-ui-test/input.txt","fileType":"txt","lines":[{"lineNumber":1,"author":{"gitId":"ZHIQIANG-00"},"content":"Read Book","lastModifiedDate":"2024-09-03","isFullCredit":false},{"lineNumber":2,"author":{"gitId":"ZHIQIANG-00"},"content":"Closed Book","lastModifiedDate":"2024-09-03","isFullCredit":false},{"lineNumber":3,"author":{"gitId":"ZHIQIANG-00"},"content":"List","lastModifiedDate":"2024-09-03","isFullCredit":false},{"lineNumber":4,"author":{"gitId":"ZHIQIANG-00"},"content":"bye","lastModifiedDate":"2024-09-03","isFullCredit":false}],"authorContributionMap":{"ZHIQIANG-00":4}},{"path":"text-ui-test/runtest.bat","fileType":"bat","lines":[{"lineNumber":1,"author":{"gitId":"-"},"content":"@ECHO OFF","lastModifiedDate":"2020-05-25","isFullCredit":false},{"lineNumber":2,"author":{"gitId":"-"},"content":"","lastModifiedDate":"2020-05-25","isFullCredit":false},{"lineNumber":3,"author":{"gitId":"-"},"content":"REM create bin directory if it doesn\u0027t exist","lastModifiedDate":"2020-05-25","isFullCredit":false},{"lineNumber":4,"author":{"gitId":"-"},"content":"if not exist ..\\bin mkdir ..\\bin","lastModifiedDate":"2020-05-25","isFullCredit":false},{"lineNumber":5,"author":{"gitId":"-"},"content":"","lastModifiedDate":"2020-05-25","isFullCredit":false},{"lineNumber":6,"author":{"gitId":"-"},"content":"REM delete output from previous run","lastModifiedDate":"2020-05-25","isFullCredit":false},{"lineNumber":7,"author":{"gitId":"-"},"content":"if exist ACTUAL.TXT del ACTUAL.TXT","lastModifiedDate":"2020-08-25","isFullCredit":false},{"lineNumber":8,"author":{"gitId":"-"},"content":"","lastModifiedDate":"2020-05-25","isFullCredit":false},{"lineNumber":9,"author":{"gitId":"-"},"content":"REM compile the code into the bin folder","lastModifiedDate":"2020-05-25","isFullCredit":false},{"lineNumber":10,"author":{"gitId":"-"},"content":"javac  -cp ..\\src\\main\\java -Xlint:none -d ..\\bin ..\\src\\main\\java\\*.java","lastModifiedDate":"2020-08-25","isFullCredit":false},{"lineNumber":11,"author":{"gitId":"-"},"content":"IF ERRORLEVEL 1 (","lastModifiedDate":"2020-05-25","isFullCredit":false},{"lineNumber":12,"author":{"gitId":"-"},"content":"    echo ********** BUILD FAILURE **********","lastModifiedDate":"2020-05-25","isFullCredit":false},{"lineNumber":13,"author":{"gitId":"-"},"content":"    exit /b 1","lastModifiedDate":"2020-05-25","isFullCredit":false},{"lineNumber":14,"author":{"gitId":"-"},"content":")","lastModifiedDate":"2020-05-25","isFullCredit":false},{"lineNumber":15,"author":{"gitId":"-"},"content":"REM no error here, errorlevel \u003d\u003d 0","lastModifiedDate":"2020-05-25","isFullCredit":false},{"lineNumber":16,"author":{"gitId":"-"},"content":"","lastModifiedDate":"2020-05-25","isFullCredit":false},{"lineNumber":17,"author":{"gitId":"-"},"content":"REM run the program, feed commands from input.txt file and redirect the output to the ACTUAL.TXT","lastModifiedDate":"2020-05-25","isFullCredit":false},{"lineNumber":18,"author":{"gitId":"ZHIQIANG-00"},"content":"java -classpath ..\\bin May \u003c input.txt \u003e ACTUAL.TXT","lastModifiedDate":"2024-09-03","isFullCredit":false},{"lineNumber":19,"author":{"gitId":"-"},"content":"","lastModifiedDate":"2020-05-25","isFullCredit":false},{"lineNumber":20,"author":{"gitId":"-"},"content":"REM compare the output to the expected output","lastModifiedDate":"2020-05-25","isFullCredit":false},{"lineNumber":21,"author":{"gitId":"-"},"content":"FC ACTUAL.TXT EXPECTED.TXT","lastModifiedDate":"2020-05-25","isFullCredit":false}],"authorContributionMap":{"-":20,"ZHIQIANG-00":1}}]
