{"authorDailyContributionsMap":{"ZHIQIANG-00":[{"date":"2024-08-27","commitResults":[{"hash":"6b8f1a80e3cd3f88917510dbda7365a876813aa6","isMergeCommit":false,"messageTitle":"Testing change","messageBody":"","fileTypesAndContributionMap":{"java":{"insertions":1,"deletions":1}}}]},{"date":"2024-09-02","commitResults":[{"hash":"259df8bab190637878e75ea42a958496acc254f7","isMergeCommit":false,"messageTitle":"Change cahtbot Naming. And perform following task 1. Create Scanner to scan user input. 2. Check for each command for user and perform respective action. 3. Create a list to store user task. 4. output all the list item when command being call. 5. Create welcome message 6. Create exit command for user to exit the chatbot","messageBody":"","fileTypesAndContributionMap":{"java":{"insertions":56,"deletions":10}}}]},{"date":"2024-09-03","commitResults":[{"hash":"9c78ae831a80cf9b49a1f440c09bc3cf0193e4be","isMergeCommit":false,"messageTitle":"Perform A-TextUiTesting","messageBody":"","tags":["A-TextUiTesting"],"fileTypesAndContributionMap":{"txt":{"insertions":4,"deletions":0},"bat":{"insertions":1,"deletions":1}}},{"hash":"42fe4d9f486cf24ec66855f56b09e82bdcad7d98","isMergeCommit":false,"messageTitle":"Create new Task Class 1. Add in task class constructor","messageBody":"","tags":["Task-Class-V1","May-Class-V1"],"fileTypesAndContributionMap":{"java":{"insertions":12,"deletions":1}}}]},{"date":"2024-09-07","commitResults":[{"hash":"657cd199fd910222272553476379bafe2c3c6e54","isMergeCommit":false,"messageTitle":"construct Task class which mark the task as complete and incomplete with tick and X","messageBody":"","tags":["Task-Class-V2"],"fileTypesAndContributionMap":{"java":{"insertions":25,"deletions":8}}},{"hash":"a0b72fb9a6dcb4c3629a3a32b0a4f8133b34d64a","isMergeCommit":false,"messageTitle":"1. To create mark task as done and unmark task command in May. so that to catch tick and cross command to mark the task or cross the task 2. Add item in Class Task instead of string of array","messageBody":"","tags":["May-Class-V2"],"fileTypesAndContributionMap":{"java":{"insertions":43,"deletions":7}}}]},{"date":"2024-09-10","commitResults":[{"hash":"db94eeaca26b5638b63869f70ef1bb90eec74b42","isMergeCommit":false,"messageTitle":"To change or to unmark task using a empty [ ] instead of [ X ]","messageBody":"","fileTypesAndContributionMap":{"java":{"insertions":1,"deletions":1}}},{"hash":"397c6739e7b054fde48a8f1e20b86e95e2c8c246","isMergeCommit":false,"messageTitle":"Add in ToDo class which return [T] for in the task list for those task that schedule to do","messageBody":"","tags":["ToDo-Class-V1"],"fileTypesAndContributionMap":{"java":{"insertions":11,"deletions":0}}}]},{"date":"2024-09-14","commitResults":[{"hash":"b4f7bf737920d14e9853a78a2515ade01ac73b3e","isMergeCommit":false,"messageTitle":"create deadline class with by varialbe which take in the time of the dealine","messageBody":"","tags":["Event-Class-V1","Deadline-Class-V1"],"fileTypesAndContributionMap":{"java":{"insertions":31,"deletions":0}}}]},{"date":"2024-09-15","commitResults":[{"hash":"fdcf92500811290d2d128e595b962f8c3791bc37","isMergeCommit":false,"messageTitle":"change print out format for 1. Deadline class 2. ToDo class 3. Task class 4. event class","messageBody":"","tags":["ToDo-Class-V2","Task-Class-V3","Event-Class-V2","Deadline-Class-V2"],"fileTypesAndContributionMap":{"java":{"insertions":27,"deletions":6}}},{"hash":"2ab7298a9204c8b6ca809a93275b496b0c1b7194","isMergeCommit":false,"messageTitle":"Add in new function to simplify the code in current main class 1. check for existing task and update it (addorUpdateTask) 2. display taskilist (displayTaskList) 3. add a normal task (addTask)","messageBody":"add in ToDo, deadline, event command code to catch the command input for user and update task accordingly\n","tags":["May-Class-V3"],"fileTypesAndContributionMap":{"java":{"insertions":69,"deletions":19}}}]},{"date":"2024-09-21","commitResults":[{"hash":"5afa52c3dbe140735943766dbef5049736de86ae","isMergeCommit":false,"messageTitle":"add in ErrorException class to handle all the invalid command","messageBody":"","tags":["Error-Exception"],"fileTypesAndContributionMap":{"java":{"insertions":5,"deletions":0}}},{"hash":"d9c9273a9848b4b1a8b38f6bfbe8c90e3f354559","isMergeCommit":false,"messageTitle":"edit the code in todo, event, deadline and May. so that when wrong command being input. respectrive error message will be display","messageBody":"","tags":["May-Class-V4"],"fileTypesAndContributionMap":{"java":{"insertions":91,"deletions":62}}}]},{"date":"2024-10-05","commitResults":[{"hash":"c38aab28bbbaccf8ea8447bbffa7b5b608d0f29e","isMergeCommit":false,"messageTitle":"To add in delete function to delete the task in the list","messageBody":"","tags":["May-Class-V5"],"fileTypesAndContributionMap":{"java":{"insertions":44,"deletions":25}}}]},{"date":"2024-10-13","commitResults":[{"hash":"35262b3545dc072766e8e19b47a7c727a5986769","isMergeCommit":false,"messageTitle":"create new class SaveTask class for Duke Level-7 SAVE","messageBody":"","tags":["saveTask-class-V1"],"fileTypesAndContributionMap":{"java":{"insertions":75,"deletions":0}}},{"hash":"12f13b90e5dfc67f5f73a615845330d2fb795ac7","isMergeCommit":false,"messageTitle":"To add in function toFileString in Task class so that task is able to save to file in harddisk and display in string format","messageBody":"","tags":["Task-Class-V4"],"fileTypesAndContributionMap":{"java":{"insertions":5,"deletions":0}}},{"hash":"49bc4ab059f4cb6c424c970fb05cdcaedc8415ba","isMergeCommit":false,"messageTitle":"To add in function toFileString in Deadline class to ensure that the file save in harddisk can be display in string format","messageBody":"","tags":["Deadline-class-V3"],"fileTypesAndContributionMap":{"java":{"insertions":5,"deletions":0}}},{"hash":"b023c54fa216d3622ec20071d260becbfaabf200","isMergeCommit":false,"messageTitle":"To add in function toFileString in Event class to ensure that the file save in harddisk can be display in string format","messageBody":"","tags":["Event-class-V3"],"fileTypesAndContributionMap":{"java":{"insertions":5,"deletions":0}}},{"hash":"ee07280374b54a0329cd0f63f947c7ebe40b26bc","isMergeCommit":false,"messageTitle":"To monify May class to ensure that each task input is able to save in a tasklist using saveTask class. and ensure that task is able to load from the file","messageBody":"","tags":["May-Class-V6"],"fileTypesAndContributionMap":{"java":{"insertions":8,"deletions":0}}},{"hash":"fbed5e62163a91fa0a0602ff2276f7c5c39e6487","isMergeCommit":false,"messageTitle":"txt file generate from current code","messageBody":"","tags":["txt_file_V1"],"fileTypesAndContributionMap":{"txt":{"insertions":2,"deletions":0}}}]},{"date":"2024-10-19","commitResults":[{"hash":"b6d1e256fa7802190b9e59646997031db14c763b","isMergeCommit":false,"messageTitle":"To edit the code so that it is able to load the task list from duke.txt file when run","messageBody":"","fileTypesAndContributionMap":{"txt":{"insertions":3,"deletions":2},"java":{"insertions":32,"deletions":22}}},{"hash":"297decaf0eaeb0d80fe64bad7711210a9416c8c1","isMergeCommit":false,"messageTitle":"delete savetask class and change it to SaveAndLoadTask class. to edit the code so that it is able to load and save task for all the tasktype","messageBody":"","fileTypesAndContributionMap":{"txt":{"insertions":7,"deletions":3},"java":{"insertions":117,"deletions":95}}}]},{"date":"2024-10-20","commitResults":[{"hash":"9857e649ee00bd8d4c874c35a06f1c383ae1128e","isMergeCommit":true,"messageTitle":"Merge branch \u0027SaveClass_Branch\u0027","messageBody":"","fileTypesAndContributionMap":{}},{"hash":"3f96d0d53250a0bff4c3a33773aa23a51278479d","isMergeCommit":false,"messageTitle":"To edit Event and Deadline class so that it is able to save and load local data","messageBody":"","tags":["Event-class-v4","Deadline-class-V4"],"fileTypesAndContributionMap":{"java":{"insertions":24,"deletions":9}}},{"hash":"bd9cbbf5a1d9cd075c02fcd1f9d34af1643bf583","isMergeCommit":false,"messageTitle":"To add in class Parser. to enable using of correct format of date","messageBody":"","tags":["Parse_class_V1"],"fileTypesAndContributionMap":{"txt":{"insertions":7,"deletions":7},"java":{"insertions":24,"deletions":0}}},{"hash":"dfcaf18d6e15944e5353b97a26e20e4bb9910157","isMergeCommit":false,"messageTitle":"edit Dealine class so that it is able to load or save timing as well in HH:mm format. as current only can save date","messageBody":"","tags":["Deadline-Class-V5"],"fileTypesAndContributionMap":{"java":{"insertions":10,"deletions":6}}},{"hash":"9c04c7bcdbac49a86d1afaaffd5b2654bc665960","isMergeCommit":false,"messageTitle":"edit event class to hand specifi time in HH:MM format","messageBody":"","tags":["Event-Class-V5"],"fileTypesAndContributionMap":{"java":{"insertions":13,"deletions":9}}},{"hash":"68ef60b6148a116f10ff17473abd8e7128370214","isMergeCommit":false,"messageTitle":"edit May, Parser, SaveAndLoadTask class so that it can handle time format DD/MM/YYYY HH:MM","messageBody":"","tags":["SaveAndLoadTask-Class-V2","Parser-Class-V2","May-Class-V7"],"fileTypesAndContributionMap":{"java":{"insertions":46,"deletions":12}}},{"hash":"42b672af8ad47086deb12c266dd87f1bc6bbe6e5","isMergeCommit":false,"messageTitle":"sample duke.txt output","messageBody":"","fileTypesAndContributionMap":{"txt":{"insertions":6,"deletions":7}}}]},{"date":"2024-10-21","commitResults":[{"hash":"fe157b33a3a310bebf030bdb09b9a0bddb27a2c8","isMergeCommit":true,"messageTitle":"Merge branch \u0027local_date_and_time_level8\u0027","messageBody":"","fileTypesAndContributionMap":{}},{"hash":"4f4475491d6a0ddf701e61525b9d8023ffba0abf","isMergeCommit":false,"messageTitle":"To try add in some JavaDoc comments. in Parser.java \u0026 Task.java","messageBody":"","fileTypesAndContributionMap":{"java":{"insertions":40,"deletions":7}}},{"hash":"865f50f2ffe9326551122f9388186cecccb527be","isMergeCommit":true,"messageTitle":"Merge branch \u0027add-gradle-support\u0027","messageBody":"","fileTypesAndContributionMap":{}}]},{"date":"2024-10-26","commitResults":[{"hash":"3d05cd584eadd7f4aac98884608ae1948ffca237","isMergeCommit":false,"messageTitle":"add in gradle","messageBody":"","tags":["Gradel"],"fileTypesAndContributionMap":{"gradle":{"insertions":2,"deletions":2}}},{"hash":"9a32a2039c80b791ad46c1340616f7f735732009","isMergeCommit":false,"messageTitle":"To add in ManageTask java so that can create more OOP for May.java","messageBody":"","tags":["ManageTask-Class-V1"],"fileTypesAndContributionMap":{"java":{"insertions":77,"deletions":41}}},{"hash":"19dc8a8d921f8bb9661c69ba748b677a233c6070","isMergeCommit":false,"messageTitle":"To change the code so that when add in normal task. it will create a \"N\" which indicate normal task instead of deadline (D) or ToDo(T) task","messageBody":"","tags":["Task-Class-V5","SaveAndLoad-Class-V2","Parser-Class-V3"],"fileTypesAndContributionMap":{"txt":{"insertions":4,"deletions":2},"java":{"insertions":20,"deletions":2}}},{"hash":"8e09a252f4eba2319c82d4cad12731bc73eb9134","isMergeCommit":false,"messageTitle":"Revert \"To add in ManageTask java so that can create more OOP for May.java\"","messageBody":"This reverts commit 9a32a2039c80b791ad46c1340616f7f735732009.\n","fileTypesAndContributionMap":{"java":{"insertions":41,"deletions":77}}},{"hash":"2a4ca4996d0f508212d1ddf35e9e22246900b0c2","isMergeCommit":false,"messageTitle":"wrong action which reviet the commit. so re-add in Manager task class with Level 9. Find function","messageBody":"","tags":["ManageTask-Class-V2"],"fileTypesAndContributionMap":{"txt":{"insertions":3,"deletions":0},"java":{"insertions":72,"deletions":42}}}]},{"date":"2024-10-27","commitResults":[{"hash":"8be7f72fbfa8f9ee3774ea521cf181c802f1722a","isMergeCommit":false,"messageTitle":"Add in week 10 feature 1 - detectDuplicateds","messageBody":"","tags":["DetectDuplicated-Feature-1"],"fileTypesAndContributionMap":{"txt":{"insertions":0,"deletions":2},"java":{"insertions":21,"deletions":5}}},{"hash":"1639493492a004796ee6ffb64d7bd5222e8dd33a","isMergeCommit":false,"messageTitle":"change naming convesion for DuplicateTask to isDuplicate","messageBody":"","fileTypesAndContributionMap":{"java":{"insertions":2,"deletions":2}}}]},{"date":"2024-10-30","commitResults":[{"hash":"29fdb8a219adb3176340061dc15ff61f3a8e0bc5","isMergeCommit":false,"messageTitle":"To add in some assertions in the code","messageBody":"","fileTypesAndContributionMap":{"txt":{"insertions":1,"deletions":0},"java":{"insertions":43,"deletions":24}}}]},{"date":"2024-10-31","commitResults":[{"hash":"f7b44afb88f54f52a2b2aa0c2cdbcf5c70c12341","isMergeCommit":false,"messageTitle":"1. add in new feacture Statistics and insights","messageBody":"Provide a way to leverage statistics about the items managed by the App e.g., show the number of tasks that have been completed in the past week.\n\n2. create new welcome message\n3. add in some javadoc command\n","tags":["duplicate-feacture-v2","check-completetask-v1","WelcomeMessage-class-v1"],"fileTypesAndContributionMap":{"java":{"insertions":67,"deletions":34}}},{"hash":"a8287287cb6d3847d7a840c0a4c34473e6ad7db6","isMergeCommit":false,"messageTitle":"delete unwanted code","messageBody":"","fileTypesAndContributionMap":{"java":{"insertions":0,"deletions":1}}},{"hash":"396b7ef2c262be261988fc2f9f3890927cdb7750","isMergeCommit":false,"messageTitle":"add in new javadoc command","messageBody":"","fileTypesAndContributionMap":{"java":{"insertions":17,"deletions":12}}},{"hash":"b85211552e92ba2b09e574233c12d8efe619dead","isMergeCommit":false,"messageTitle":"change duplicate task display message","messageBody":"","fileTypesAndContributionMap":{"txt":{"insertions":3,"deletions":3},"java":{"insertions":1,"deletions":1}}}]},{"date":"2024-11-05","commitResults":[{"hash":"5d85773227d2ca1d16ae6287796ff5a724988b66","isMergeCommit":false,"messageTitle":"reformat code in some of the java file","messageBody":"","fileTypesAndContributionMap":{"java":{"insertions":17,"deletions":19}}}]}]},"authorFileTypeContributionMap":{"ZHIQIANG-00":{"java":648,"md":0,"fxml":0,"sh":0,"bat":1,"gradle":2,"txt":14}},"authorContributionVariance":{"ZHIQIANG-00":3677.0386},"authorDisplayNameMap":{"ZHIQIANG-00":"FANG..IANG"}}
