{"authorDailyContributionsMap":{"ZHIQIANG-00":[{"date":"2024-08-27","commitResults":[{"hash":"6b8f1a80e3cd3f88917510dbda7365a876813aa6","isMergeCommit":false,"messageTitle":"Testing change","messageBody":"","fileTypesAndContributionMap":{"java":{"insertions":1,"deletions":1}}}]},{"date":"2024-09-02","commitResults":[{"hash":"259df8bab190637878e75ea42a958496acc254f7","isMergeCommit":false,"messageTitle":"Change cahtbot Naming. And perform following task 1. Create Scanner to scan user input. 2. Check for each command for user and perform respective action. 3. Create a list to store user task. 4. output all the list item when command being call. 5. Create welcome message 6. Create exit command for user to exit the chatbot","messageBody":"","fileTypesAndContributionMap":{"java":{"insertions":56,"deletions":10}}}]},{"date":"2024-09-03","commitResults":[{"hash":"9c78ae831a80cf9b49a1f440c09bc3cf0193e4be","isMergeCommit":false,"messageTitle":"Perform A-TextUiTesting","messageBody":"","tags":["A-TextUiTesting"],"fileTypesAndContributionMap":{"txt":{"insertions":4,"deletions":0},"bat":{"insertions":1,"deletions":1}}},{"hash":"42fe4d9f486cf24ec66855f56b09e82bdcad7d98","isMergeCommit":false,"messageTitle":"Create new Task Class 1. Add in task class constructor","messageBody":"","tags":["Task-Class-V1","May-Class-V1"],"fileTypesAndContributionMap":{"java":{"insertions":12,"deletions":1}}}]},{"date":"2024-09-07","commitResults":[{"hash":"657cd199fd910222272553476379bafe2c3c6e54","isMergeCommit":false,"messageTitle":"construct Task class which mark the task as complete and incomplete with tick and X","messageBody":"","tags":["Task-Class-V2"],"fileTypesAndContributionMap":{"java":{"insertions":25,"deletions":8}}},{"hash":"a0b72fb9a6dcb4c3629a3a32b0a4f8133b34d64a","isMergeCommit":false,"messageTitle":"1. To create mark task as done and unmark task command in May. so that to catch tick and cross command to mark the task or cross the task 2. Add item in Class Task instead of string of array","messageBody":"","tags":["May-Class-V2"],"fileTypesAndContributionMap":{"java":{"insertions":43,"deletions":7}}}]},{"date":"2024-09-10","commitResults":[{"hash":"db94eeaca26b5638b63869f70ef1bb90eec74b42","isMergeCommit":false,"messageTitle":"To change or to unmark task using a empty [ ] instead of [ X ]","messageBody":"","fileTypesAndContributionMap":{"java":{"insertions":1,"deletions":1}}},{"hash":"397c6739e7b054fde48a8f1e20b86e95e2c8c246","isMergeCommit":false,"messageTitle":"Add in ToDo class which return [T] for in the task list for those task that schedule to do","messageBody":"","tags":["ToDo-Class-V1"],"fileTypesAndContributionMap":{"java":{"insertions":11,"deletions":0}}}]},{"date":"2024-09-14","commitResults":[{"hash":"b4f7bf737920d14e9853a78a2515ade01ac73b3e","isMergeCommit":false,"messageTitle":"create deadline class with by varialbe which take in the time of the dealine","messageBody":"","tags":["Event-Class-V1","Deadline-Class-V1"],"fileTypesAndContributionMap":{"java":{"insertions":31,"deletions":0}}}]},{"date":"2024-09-15","commitResults":[{"hash":"fdcf92500811290d2d128e595b962f8c3791bc37","isMergeCommit":false,"messageTitle":"change print out format for 1. Deadline class 2. ToDo class 3. Task class 4. event class","messageBody":"","tags":["ToDo-Class-V2","Task-Class-V3","Event-Class-V2","Deadline-Class-V2"],"fileTypesAndContributionMap":{"java":{"insertions":27,"deletions":6}}},{"hash":"2ab7298a9204c8b6ca809a93275b496b0c1b7194","isMergeCommit":false,"messageTitle":"Add in new function to simplify the code in current main class 1. check for existing task and update it (addorUpdateTask) 2. display taskilist (displayTaskList) 3. add a normal task (addTask)","messageBody":"add in ToDo, deadline, event command code to catch the command input for user and update task accordingly\n","tags":["May-Class-V3"],"fileTypesAndContributionMap":{"java":{"insertions":69,"deletions":19}}}]},{"date":"2024-09-21","commitResults":[{"hash":"5afa52c3dbe140735943766dbef5049736de86ae","isMergeCommit":false,"messageTitle":"add in ErrorException class to handle all the invalid command","messageBody":"","tags":["Error-Exception"],"fileTypesAndContributionMap":{"java":{"insertions":5,"deletions":0}}},{"hash":"d9c9273a9848b4b1a8b38f6bfbe8c90e3f354559","isMergeCommit":false,"messageTitle":"edit the code in todo, event, deadline and May. so that when wrong command being input. respectrive error message will be display","messageBody":"","tags":["May-Class-V4"],"fileTypesAndContributionMap":{"java":{"insertions":91,"deletions":62}}}]}]},"authorFileTypeContributionMap":{"ZHIQIANG-00":{"java":267,"md":0,"fxml":0,"sh":0,"bat":1,"gradle":0,"txt":4}},"authorContributionVariance":{"ZHIQIANG-00":1132.1213},"authorDisplayNameMap":{"ZHIQIANG-00":"FANG..IANG"}}
