[{"path":"data/snitch.txt","fileType":"txt","lines":[{"lineNumber":1,"author":{"gitId":"spoispoi"},"content":"T | 0 | sleep","lastModifiedDate":"2024-11-09","isFullCredit":false},{"lineNumber":2,"author":{"gitId":"spoispoi"},"content":"D | 0 | return book | June 16","lastModifiedDate":"2024-11-09","isFullCredit":false},{"lineNumber":3,"author":{"gitId":"spoispoi"},"content":"T | 0 | dota","lastModifiedDate":"2024-11-09","isFullCredit":false},{"lineNumber":4,"author":{"gitId":"spoispoi"},"content":"E | 0 | project meeting | Mon 2pm | 4pm","lastModifiedDate":"2024-11-09","isFullCredit":false},{"lineNumber":5,"author":{"gitId":"spoispoi"},"content":"T | 0 | sleep","lastModifiedDate":"2024-11-09","isFullCredit":false}],"authorContributionMap":{"spoispoi":5}},{"path":"src/main/java/snitch/Parser.java","fileType":"java","lines":[{"lineNumber":1,"author":{"gitId":"spoispoi"},"content":"package snitch;","lastModifiedDate":"2024-11-09","isFullCredit":false},{"lineNumber":2,"author":{"gitId":"spoispoi"},"content":"","lastModifiedDate":"2024-11-09","isFullCredit":false},{"lineNumber":3,"author":{"gitId":"spoispoi"},"content":"import snitch.command.*;","lastModifiedDate":"2024-11-09","isFullCredit":false},{"lineNumber":4,"author":{"gitId":"spoispoi"},"content":"import snitch.SnitchException;","lastModifiedDate":"2024-11-09","isFullCredit":false},{"lineNumber":5,"author":{"gitId":"spoispoi"},"content":"","lastModifiedDate":"2024-11-09","isFullCredit":false},{"lineNumber":6,"author":{"gitId":"spoispoi"},"content":"public class Parser {","lastModifiedDate":"2024-11-09","isFullCredit":false},{"lineNumber":7,"author":{"gitId":"spoispoi"},"content":"    public static Command parse(String input) throws SnitchException {","lastModifiedDate":"2024-11-09","isFullCredit":false},{"lineNumber":8,"author":{"gitId":"spoispoi"},"content":"        if (input.equalsIgnoreCase(\"bye\")) {","lastModifiedDate":"2024-11-09","isFullCredit":false},{"lineNumber":9,"author":{"gitId":"spoispoi"},"content":"            return new ByeCommand();","lastModifiedDate":"2024-11-09","isFullCredit":false},{"lineNumber":10,"author":{"gitId":"spoispoi"},"content":"        } else if (input.equalsIgnoreCase(\"list\")) {","lastModifiedDate":"2024-11-09","isFullCredit":false},{"lineNumber":11,"author":{"gitId":"spoispoi"},"content":"            return new ListCommand();","lastModifiedDate":"2024-11-09","isFullCredit":false},{"lineNumber":12,"author":{"gitId":"spoispoi"},"content":"        } else if (input.startsWith(\"todo\") || input.startsWith(\"deadline\") || input.startsWith(\"event\")) {","lastModifiedDate":"2024-11-09","isFullCredit":false},{"lineNumber":13,"author":{"gitId":"spoispoi"},"content":"            return new AddCommand(input);","lastModifiedDate":"2024-11-09","isFullCredit":false},{"lineNumber":14,"author":{"gitId":"spoispoi"},"content":"        } else if (input.startsWith(\"delete\")) {","lastModifiedDate":"2024-11-09","isFullCredit":false},{"lineNumber":15,"author":{"gitId":"spoispoi"},"content":"            try {","lastModifiedDate":"2024-11-09","isFullCredit":false},{"lineNumber":16,"author":{"gitId":"spoispoi"},"content":"                return new DeleteCommand(Integer.parseInt(input.substring(7).trim()));","lastModifiedDate":"2024-11-09","isFullCredit":false},{"lineNumber":17,"author":{"gitId":"spoispoi"},"content":"            } catch (NumberFormatException e) {","lastModifiedDate":"2024-11-09","isFullCredit":false},{"lineNumber":18,"author":{"gitId":"spoispoi"},"content":"                throw new SnitchException(\"Invalid task number format. Please enter a valid number.\");","lastModifiedDate":"2024-11-09","isFullCredit":false},{"lineNumber":19,"author":{"gitId":"spoispoi"},"content":"            }","lastModifiedDate":"2024-11-09","isFullCredit":false},{"lineNumber":20,"author":{"gitId":"spoispoi"},"content":"        } else {","lastModifiedDate":"2024-11-09","isFullCredit":false},{"lineNumber":21,"author":{"gitId":"spoispoi"},"content":"            throw new SnitchException(\"Come on man!!! I don\u0027t know what that means.\");","lastModifiedDate":"2024-11-09","isFullCredit":false},{"lineNumber":22,"author":{"gitId":"spoispoi"},"content":"        }","lastModifiedDate":"2024-11-09","isFullCredit":false},{"lineNumber":23,"author":{"gitId":"spoispoi"},"content":"    }","lastModifiedDate":"2024-11-09","isFullCredit":false},{"lineNumber":24,"author":{"gitId":"spoispoi"},"content":"}","lastModifiedDate":"2024-11-09","isFullCredit":false}],"authorContributionMap":{"spoispoi":24}},{"path":"src/main/java/snitch/Snitch.java","fileType":"java","lines":[{"lineNumber":1,"author":{"gitId":"spoispoi"},"content":"package snitch;","lastModifiedDate":"2024-11-09","isFullCredit":false},{"lineNumber":2,"author":{"gitId":"spoispoi"},"content":"","lastModifiedDate":"2024-11-09","isFullCredit":false},{"lineNumber":3,"author":{"gitId":"spoispoi"},"content":"import snitch.command.Command;","lastModifiedDate":"2024-11-09","isFullCredit":false},{"lineNumber":4,"author":{"gitId":"spoispoi"},"content":"import snitch.task.TaskList;","lastModifiedDate":"2024-11-09","isFullCredit":false},{"lineNumber":5,"author":{"gitId":"spoispoi"},"content":"","lastModifiedDate":"2024-11-09","isFullCredit":false},{"lineNumber":6,"author":{"gitId":"spoispoi"},"content":"public class Snitch {","lastModifiedDate":"2024-09-08","isFullCredit":false},{"lineNumber":7,"author":{"gitId":"spoispoi"},"content":"    private Storage storage;","lastModifiedDate":"2024-11-09","isFullCredit":false},{"lineNumber":8,"author":{"gitId":"spoispoi"},"content":"    private TaskList tasks;","lastModifiedDate":"2024-11-09","isFullCredit":false},{"lineNumber":9,"author":{"gitId":"spoispoi"},"content":"    private Ui ui;","lastModifiedDate":"2024-11-09","isFullCredit":false},{"lineNumber":10,"author":{"gitId":"spoispoi"},"content":"","lastModifiedDate":"2024-09-08","isFullCredit":false},{"lineNumber":11,"author":{"gitId":"spoispoi"},"content":"    public Snitch(String filePath) {","lastModifiedDate":"2024-11-09","isFullCredit":false},{"lineNumber":12,"author":{"gitId":"spoispoi"},"content":"        ui \u003d new Ui();","lastModifiedDate":"2024-11-09","isFullCredit":false},{"lineNumber":13,"author":{"gitId":"spoispoi"},"content":"        ui.showWelcome();","lastModifiedDate":"2024-11-09","isFullCredit":false},{"lineNumber":14,"author":{"gitId":"spoispoi"},"content":"        storage \u003d new Storage(filePath);","lastModifiedDate":"2024-11-09","isFullCredit":false},{"lineNumber":15,"author":{"gitId":"spoispoi"},"content":"        try {","lastModifiedDate":"2024-11-09","isFullCredit":false},{"lineNumber":16,"author":{"gitId":"spoispoi"},"content":"            tasks \u003d new TaskList(storage.load());","lastModifiedDate":"2024-11-09","isFullCredit":false},{"lineNumber":17,"author":{"gitId":"spoispoi"},"content":"            System.out.println(\"Previous Tasks loaded successfully.\");","lastModifiedDate":"2024-11-09","isFullCredit":false},{"lineNumber":18,"author":{"gitId":"spoispoi"},"content":"        } catch (SnitchException e) {","lastModifiedDate":"2024-11-09","isFullCredit":false},{"lineNumber":19,"author":{"gitId":"spoispoi"},"content":"            System.out.println(\"Failed to load tasks: \" + e.getMessage());","lastModifiedDate":"2024-11-09","isFullCredit":false},{"lineNumber":20,"author":{"gitId":"spoispoi"},"content":"            tasks \u003d new TaskList(); // Default to empty task list if loading fails","lastModifiedDate":"2024-11-09","isFullCredit":false},{"lineNumber":21,"author":{"gitId":"spoispoi"},"content":"        }","lastModifiedDate":"2024-11-09","isFullCredit":false},{"lineNumber":22,"author":{"gitId":"spoispoi"},"content":"    }","lastModifiedDate":"2024-11-09","isFullCredit":false},{"lineNumber":23,"author":{"gitId":"spoispoi"},"content":"","lastModifiedDate":"2024-09-16","isFullCredit":false},{"lineNumber":24,"author":{"gitId":"spoispoi"},"content":"    public void run() {","lastModifiedDate":"2024-11-09","isFullCredit":false},{"lineNumber":25,"author":{"gitId":"spoispoi"},"content":"        //ui.showWelcome(); // Display welcome message","lastModifiedDate":"2024-11-09","isFullCredit":false},{"lineNumber":26,"author":{"gitId":"spoispoi"},"content":"        while (true) {","lastModifiedDate":"2024-09-08","isFullCredit":false},{"lineNumber":27,"author":{"gitId":"spoispoi"},"content":"            try {","lastModifiedDate":"2024-10-21","isFullCredit":false},{"lineNumber":28,"author":{"gitId":"spoispoi"},"content":"                String userInput \u003d ui.readCommand(); // Get user input","lastModifiedDate":"2024-11-09","isFullCredit":false},{"lineNumber":29,"author":{"gitId":"spoispoi"},"content":"","lastModifiedDate":"2024-09-08","isFullCredit":false},{"lineNumber":30,"author":{"gitId":"spoispoi"},"content":"                if (userInput.equalsIgnoreCase(\"bye\")) {","lastModifiedDate":"2024-09-08","isFullCredit":false},{"lineNumber":31,"author":{"gitId":"spoispoi"},"content":"                    ui.showGoodbye();","lastModifiedDate":"2024-11-09","isFullCredit":false},{"lineNumber":32,"author":{"gitId":"spoispoi"},"content":"                    break; // Exit the loop","lastModifiedDate":"2024-09-16","isFullCredit":false},{"lineNumber":33,"author":{"gitId":"-"},"content":"                }","lastModifiedDate":"2019-07-29","isFullCredit":false},{"lineNumber":34,"author":{"gitId":"spoispoi"},"content":"","lastModifiedDate":"2024-09-16","isFullCredit":false},{"lineNumber":35,"author":{"gitId":"spoispoi"},"content":"                if (userInput.equalsIgnoreCase(\"list\")) {","lastModifiedDate":"2024-09-08","isFullCredit":false},{"lineNumber":36,"author":{"gitId":"spoispoi"},"content":"                    if (tasks.isEmpty()) {","lastModifiedDate":"2024-10-21","isFullCredit":false},{"lineNumber":37,"author":{"gitId":"spoispoi"},"content":"                        throw new SnitchException(\"Your task list is empty.\");","lastModifiedDate":"2024-10-21","isFullCredit":false},{"lineNumber":38,"author":{"gitId":"spoispoi"},"content":"                    }","lastModifiedDate":"2024-10-21","isFullCredit":false},{"lineNumber":39,"author":{"gitId":"spoispoi"},"content":"                    ui.showTasks(tasks);","lastModifiedDate":"2024-11-09","isFullCredit":false},{"lineNumber":40,"author":{"gitId":"spoispoi"},"content":"                } else {","lastModifiedDate":"2024-10-21","isFullCredit":false},{"lineNumber":41,"author":{"gitId":"spoispoi"},"content":"                    Command command \u003d Parser.parse(userInput);","lastModifiedDate":"2024-11-09","isFullCredit":false},{"lineNumber":42,"author":{"gitId":"spoispoi"},"content":"                    command.execute(tasks, ui, storage);","lastModifiedDate":"2024-11-09","isFullCredit":false},{"lineNumber":43,"author":{"gitId":"spoispoi"},"content":"                }","lastModifiedDate":"2024-09-08","isFullCredit":false},{"lineNumber":44,"author":{"gitId":"spoispoi"},"content":"","lastModifiedDate":"2024-11-09","isFullCredit":false},{"lineNumber":45,"author":{"gitId":"spoispoi"},"content":"            } catch (SnitchException e) {","lastModifiedDate":"2024-10-21","isFullCredit":false},{"lineNumber":46,"author":{"gitId":"spoispoi"},"content":"                ui.showError(e.getMessage());","lastModifiedDate":"2024-11-09","isFullCredit":false},{"lineNumber":47,"author":{"gitId":"spoispoi"},"content":"            } catch (Exception e) {","lastModifiedDate":"2024-10-21","isFullCredit":false},{"lineNumber":48,"author":{"gitId":"spoispoi"},"content":"                ui.showError(\"Something went wrong: \" + e.getMessage());","lastModifiedDate":"2024-11-09","isFullCredit":false},{"lineNumber":49,"author":{"gitId":"spoispoi"},"content":"            }","lastModifiedDate":"2024-11-09","isFullCredit":false},{"lineNumber":50,"author":{"gitId":"-"},"content":"        }","lastModifiedDate":"2019-07-29","isFullCredit":false},{"lineNumber":51,"author":{"gitId":"spoispoi"},"content":"    }","lastModifiedDate":"2024-09-16","isFullCredit":false},{"lineNumber":52,"author":{"gitId":"spoispoi"},"content":"","lastModifiedDate":"2024-09-16","isFullCredit":false},{"lineNumber":53,"author":{"gitId":"spoispoi"},"content":"    public static void main(String[] args) {","lastModifiedDate":"2024-11-09","isFullCredit":false},{"lineNumber":54,"author":{"gitId":"spoispoi"},"content":"        new Snitch(\"./data/snitch.txt\").run(); // Start the app","lastModifiedDate":"2024-11-09","isFullCredit":false},{"lineNumber":55,"author":{"gitId":"spoispoi"},"content":"    }","lastModifiedDate":"2024-09-08","isFullCredit":false},{"lineNumber":56,"author":{"gitId":"spoispoi"},"content":"}","lastModifiedDate":"2024-09-08","isFullCredit":false}],"authorContributionMap":{"spoispoi":54,"-":2}},{"path":"src/main/java/snitch/SnitchException.java","fileType":"java","lines":[{"lineNumber":1,"author":{"gitId":"spoispoi"},"content":"package snitch;","lastModifiedDate":"2024-11-09","isFullCredit":false},{"lineNumber":2,"author":{"gitId":"spoispoi"},"content":"","lastModifiedDate":"2024-11-09","isFullCredit":false},{"lineNumber":3,"author":{"gitId":"spoispoi"},"content":"public class SnitchException extends Exception {","lastModifiedDate":"2024-10-21","isFullCredit":false},{"lineNumber":4,"author":{"gitId":"spoispoi"},"content":"    public SnitchException(String message) {","lastModifiedDate":"2024-10-21","isFullCredit":false},{"lineNumber":5,"author":{"gitId":"spoispoi"},"content":"        super(message);","lastModifiedDate":"2024-10-21","isFullCredit":false},{"lineNumber":6,"author":{"gitId":"spoispoi"},"content":"    }","lastModifiedDate":"2024-10-21","isFullCredit":false},{"lineNumber":7,"author":{"gitId":"spoispoi"},"content":"}","lastModifiedDate":"2024-10-21","isFullCredit":false}],"authorContributionMap":{"spoispoi":7}},{"path":"src/main/java/snitch/Storage.java","fileType":"java","lines":[{"lineNumber":1,"author":{"gitId":"spoispoi"},"content":"package snitch;","lastModifiedDate":"2024-11-09","isFullCredit":false},{"lineNumber":2,"author":{"gitId":"spoispoi"},"content":"","lastModifiedDate":"2024-11-09","isFullCredit":false},{"lineNumber":3,"author":{"gitId":"spoispoi"},"content":"import snitch.task.Task;","lastModifiedDate":"2024-11-09","isFullCredit":false},{"lineNumber":4,"author":{"gitId":"spoispoi"},"content":"import snitch.task.Deadline;","lastModifiedDate":"2024-11-09","isFullCredit":false},{"lineNumber":5,"author":{"gitId":"spoispoi"},"content":"import snitch.task.Todo;","lastModifiedDate":"2024-11-09","isFullCredit":false},{"lineNumber":6,"author":{"gitId":"spoispoi"},"content":"import snitch.task.Event;","lastModifiedDate":"2024-11-09","isFullCredit":false},{"lineNumber":7,"author":{"gitId":"spoispoi"},"content":"import snitch.task.TaskList;","lastModifiedDate":"2024-11-09","isFullCredit":false},{"lineNumber":8,"author":{"gitId":"spoispoi"},"content":"","lastModifiedDate":"2024-11-09","isFullCredit":false},{"lineNumber":9,"author":{"gitId":"spoispoi"},"content":"import java.io.*;","lastModifiedDate":"2024-11-09","isFullCredit":false},{"lineNumber":10,"author":{"gitId":"spoispoi"},"content":"import java.nio.file.*;","lastModifiedDate":"2024-11-09","isFullCredit":false},{"lineNumber":11,"author":{"gitId":"spoispoi"},"content":"import java.util.ArrayList;","lastModifiedDate":"2024-11-09","isFullCredit":false},{"lineNumber":12,"author":{"gitId":"spoispoi"},"content":"import snitch.task.*;","lastModifiedDate":"2024-11-09","isFullCredit":false},{"lineNumber":13,"author":{"gitId":"spoispoi"},"content":"","lastModifiedDate":"2024-11-09","isFullCredit":false},{"lineNumber":14,"author":{"gitId":"spoispoi"},"content":"","lastModifiedDate":"2024-11-09","isFullCredit":false},{"lineNumber":15,"author":{"gitId":"spoispoi"},"content":"","lastModifiedDate":"2024-11-09","isFullCredit":false},{"lineNumber":16,"author":{"gitId":"spoispoi"},"content":"public class Storage {","lastModifiedDate":"2024-11-09","isFullCredit":false},{"lineNumber":17,"author":{"gitId":"spoispoi"},"content":"    private final Path filePath;","lastModifiedDate":"2024-11-09","isFullCredit":false},{"lineNumber":18,"author":{"gitId":"spoispoi"},"content":"","lastModifiedDate":"2024-11-09","isFullCredit":false},{"lineNumber":19,"author":{"gitId":"spoispoi"},"content":"    public Storage(String filePath) {","lastModifiedDate":"2024-11-09","isFullCredit":false},{"lineNumber":20,"author":{"gitId":"spoispoi"},"content":"        this.filePath \u003d Paths.get(filePath);","lastModifiedDate":"2024-11-09","isFullCredit":false},{"lineNumber":21,"author":{"gitId":"spoispoi"},"content":"    }","lastModifiedDate":"2024-11-09","isFullCredit":false},{"lineNumber":22,"author":{"gitId":"spoispoi"},"content":"","lastModifiedDate":"2024-11-09","isFullCredit":false},{"lineNumber":23,"author":{"gitId":"spoispoi"},"content":"    public ArrayList\u003cTask\u003e load() throws SnitchException {","lastModifiedDate":"2024-11-09","isFullCredit":false},{"lineNumber":24,"author":{"gitId":"spoispoi"},"content":"        ArrayList\u003cTask\u003e tasks \u003d new ArrayList\u003c\u003e();","lastModifiedDate":"2024-11-09","isFullCredit":false},{"lineNumber":25,"author":{"gitId":"spoispoi"},"content":"        if (!Files.exists(filePath)) {","lastModifiedDate":"2024-11-09","isFullCredit":false},{"lineNumber":26,"author":{"gitId":"spoispoi"},"content":"            try {","lastModifiedDate":"2024-11-09","isFullCredit":false},{"lineNumber":27,"author":{"gitId":"spoispoi"},"content":"                Files.createDirectories(filePath.getParent());","lastModifiedDate":"2024-11-09","isFullCredit":false},{"lineNumber":28,"author":{"gitId":"spoispoi"},"content":"                Files.createFile(filePath);","lastModifiedDate":"2024-11-09","isFullCredit":false},{"lineNumber":29,"author":{"gitId":"spoispoi"},"content":"            } catch (IOException e) {","lastModifiedDate":"2024-11-09","isFullCredit":false},{"lineNumber":30,"author":{"gitId":"spoispoi"},"content":"                throw new SnitchException(\"Error creating storage file: \" + e.getMessage());","lastModifiedDate":"2024-11-09","isFullCredit":false},{"lineNumber":31,"author":{"gitId":"spoispoi"},"content":"            }","lastModifiedDate":"2024-11-09","isFullCredit":false},{"lineNumber":32,"author":{"gitId":"spoispoi"},"content":"            return tasks;","lastModifiedDate":"2024-11-09","isFullCredit":false},{"lineNumber":33,"author":{"gitId":"spoispoi"},"content":"        }","lastModifiedDate":"2024-11-09","isFullCredit":false},{"lineNumber":34,"author":{"gitId":"spoispoi"},"content":"","lastModifiedDate":"2024-11-09","isFullCredit":false},{"lineNumber":35,"author":{"gitId":"spoispoi"},"content":"        try (BufferedReader reader \u003d Files.newBufferedReader(filePath)) {","lastModifiedDate":"2024-11-09","isFullCredit":false},{"lineNumber":36,"author":{"gitId":"spoispoi"},"content":"            String line;","lastModifiedDate":"2024-11-09","isFullCredit":false},{"lineNumber":37,"author":{"gitId":"spoispoi"},"content":"            while ((line \u003d reader.readLine()) !\u003d null) {","lastModifiedDate":"2024-11-09","isFullCredit":false},{"lineNumber":38,"author":{"gitId":"spoispoi"},"content":"                String[] parts \u003d line.split(\" \\\\| \");","lastModifiedDate":"2024-11-09","isFullCredit":false},{"lineNumber":39,"author":{"gitId":"spoispoi"},"content":"                Task task;","lastModifiedDate":"2024-11-09","isFullCredit":false},{"lineNumber":40,"author":{"gitId":"spoispoi"},"content":"                switch (parts[0]) {","lastModifiedDate":"2024-11-09","isFullCredit":false},{"lineNumber":41,"author":{"gitId":"spoispoi"},"content":"                    case \"T\": task \u003d new Todo(parts[2]); break;","lastModifiedDate":"2024-11-09","isFullCredit":false},{"lineNumber":42,"author":{"gitId":"spoispoi"},"content":"                    case \"D\": task \u003d new Deadline(parts[2], parts[3]); break;","lastModifiedDate":"2024-11-09","isFullCredit":false},{"lineNumber":43,"author":{"gitId":"spoispoi"},"content":"                    case \"E\": task \u003d new Event(parts[2], parts[3], parts[4]); break;","lastModifiedDate":"2024-11-09","isFullCredit":false},{"lineNumber":44,"author":{"gitId":"spoispoi"},"content":"                    default: throw new SnitchException(\"Corrupted data in file.\");","lastModifiedDate":"2024-11-09","isFullCredit":false},{"lineNumber":45,"author":{"gitId":"spoispoi"},"content":"                }","lastModifiedDate":"2024-11-09","isFullCredit":false},{"lineNumber":46,"author":{"gitId":"spoispoi"},"content":"                if (parts[1].equals(\"1\")) task.markAsDone();","lastModifiedDate":"2024-11-09","isFullCredit":false},{"lineNumber":47,"author":{"gitId":"spoispoi"},"content":"                tasks.add(task);","lastModifiedDate":"2024-11-09","isFullCredit":false},{"lineNumber":48,"author":{"gitId":"spoispoi"},"content":"            }","lastModifiedDate":"2024-11-09","isFullCredit":false},{"lineNumber":49,"author":{"gitId":"spoispoi"},"content":"        } catch (IOException e) {","lastModifiedDate":"2024-11-09","isFullCredit":false},{"lineNumber":50,"author":{"gitId":"spoispoi"},"content":"            throw new SnitchException(\"Error reading storage file: \" + e.getMessage());","lastModifiedDate":"2024-11-09","isFullCredit":false},{"lineNumber":51,"author":{"gitId":"spoispoi"},"content":"        }","lastModifiedDate":"2024-11-09","isFullCredit":false},{"lineNumber":52,"author":{"gitId":"spoispoi"},"content":"        return tasks;","lastModifiedDate":"2024-11-09","isFullCredit":false},{"lineNumber":53,"author":{"gitId":"spoispoi"},"content":"    }","lastModifiedDate":"2024-11-09","isFullCredit":false},{"lineNumber":54,"author":{"gitId":"spoispoi"},"content":"","lastModifiedDate":"2024-11-09","isFullCredit":false},{"lineNumber":55,"author":{"gitId":"spoispoi"},"content":"    public void save(TaskList tasks) throws SnitchException {","lastModifiedDate":"2024-11-09","isFullCredit":false},{"lineNumber":56,"author":{"gitId":"spoispoi"},"content":"        try (BufferedWriter writer \u003d Files.newBufferedWriter(filePath)) {","lastModifiedDate":"2024-11-09","isFullCredit":false},{"lineNumber":57,"author":{"gitId":"spoispoi"},"content":"            for (Task task : tasks.getAllTasks()) {","lastModifiedDate":"2024-11-09","isFullCredit":false},{"lineNumber":58,"author":{"gitId":"spoispoi"},"content":"                writer.write(taskToFileFormat(task));","lastModifiedDate":"2024-11-09","isFullCredit":false},{"lineNumber":59,"author":{"gitId":"spoispoi"},"content":"                writer.newLine();","lastModifiedDate":"2024-11-09","isFullCredit":false},{"lineNumber":60,"author":{"gitId":"spoispoi"},"content":"            }","lastModifiedDate":"2024-11-09","isFullCredit":false},{"lineNumber":61,"author":{"gitId":"spoispoi"},"content":"        } catch (IOException e) {","lastModifiedDate":"2024-11-09","isFullCredit":false},{"lineNumber":62,"author":{"gitId":"spoispoi"},"content":"            throw new SnitchException(\"Error writing to storage file: \" + e.getMessage());","lastModifiedDate":"2024-11-09","isFullCredit":false},{"lineNumber":63,"author":{"gitId":"spoispoi"},"content":"        }","lastModifiedDate":"2024-11-09","isFullCredit":false},{"lineNumber":64,"author":{"gitId":"spoispoi"},"content":"    }","lastModifiedDate":"2024-11-09","isFullCredit":false},{"lineNumber":65,"author":{"gitId":"spoispoi"},"content":"","lastModifiedDate":"2024-11-09","isFullCredit":false},{"lineNumber":66,"author":{"gitId":"spoispoi"},"content":"    private String taskToFileFormat(Task task) {","lastModifiedDate":"2024-11-09","isFullCredit":false},{"lineNumber":67,"author":{"gitId":"spoispoi"},"content":"        if (task instanceof Todo) {","lastModifiedDate":"2024-11-09","isFullCredit":false},{"lineNumber":68,"author":{"gitId":"spoispoi"},"content":"            return \"T | \" + (task.isDone ? \"1\" : \"0\") + \" | \" + task.description;","lastModifiedDate":"2024-11-09","isFullCredit":false},{"lineNumber":69,"author":{"gitId":"spoispoi"},"content":"        } else if (task instanceof Deadline) {","lastModifiedDate":"2024-11-09","isFullCredit":false},{"lineNumber":70,"author":{"gitId":"spoispoi"},"content":"            return \"D | \" + (task.isDone ? \"1\" : \"0\") + \" | \" + task.description + \" | \" + ((Deadline) task).by;","lastModifiedDate":"2024-11-09","isFullCredit":false},{"lineNumber":71,"author":{"gitId":"spoispoi"},"content":"        } else if (task instanceof Event) {","lastModifiedDate":"2024-11-09","isFullCredit":false},{"lineNumber":72,"author":{"gitId":"spoispoi"},"content":"            return \"E | \" + (task.isDone ? \"1\" : \"0\") + \" | \" + task.description + \" | \" + ((Event) task).from + \" | \" + ((Event) task).to;","lastModifiedDate":"2024-11-09","isFullCredit":false},{"lineNumber":73,"author":{"gitId":"spoispoi"},"content":"        }","lastModifiedDate":"2024-11-09","isFullCredit":false},{"lineNumber":74,"author":{"gitId":"spoispoi"},"content":"        return \"\";","lastModifiedDate":"2024-11-09","isFullCredit":false},{"lineNumber":75,"author":{"gitId":"spoispoi"},"content":"    }","lastModifiedDate":"2024-11-09","isFullCredit":false},{"lineNumber":76,"author":{"gitId":"spoispoi"},"content":"}","lastModifiedDate":"2024-11-09","isFullCredit":false}],"authorContributionMap":{"spoispoi":76}},{"path":"src/main/java/snitch/Ui.java","fileType":"java","lines":[{"lineNumber":1,"author":{"gitId":"spoispoi"},"content":"package snitch;","lastModifiedDate":"2024-11-09","isFullCredit":false},{"lineNumber":2,"author":{"gitId":"spoispoi"},"content":"","lastModifiedDate":"2024-11-09","isFullCredit":false},{"lineNumber":3,"author":{"gitId":"spoispoi"},"content":"import snitch.task.TaskList;","lastModifiedDate":"2024-11-09","isFullCredit":false},{"lineNumber":4,"author":{"gitId":"spoispoi"},"content":"import snitch.task.Task;","lastModifiedDate":"2024-11-09","isFullCredit":false},{"lineNumber":5,"author":{"gitId":"spoispoi"},"content":"import java.util.Scanner;","lastModifiedDate":"2024-11-09","isFullCredit":false},{"lineNumber":6,"author":{"gitId":"spoispoi"},"content":"","lastModifiedDate":"2024-11-09","isFullCredit":false},{"lineNumber":7,"author":{"gitId":"spoispoi"},"content":"import java.util.Scanner;","lastModifiedDate":"2024-11-09","isFullCredit":false},{"lineNumber":8,"author":{"gitId":"spoispoi"},"content":"","lastModifiedDate":"2024-11-09","isFullCredit":false},{"lineNumber":9,"author":{"gitId":"spoispoi"},"content":"public class Ui {","lastModifiedDate":"2024-11-09","isFullCredit":false},{"lineNumber":10,"author":{"gitId":"spoispoi"},"content":"    private final Scanner scanner;","lastModifiedDate":"2024-11-09","isFullCredit":false},{"lineNumber":11,"author":{"gitId":"spoispoi"},"content":"","lastModifiedDate":"2024-11-09","isFullCredit":false},{"lineNumber":12,"author":{"gitId":"spoispoi"},"content":"    public Ui() {","lastModifiedDate":"2024-11-09","isFullCredit":false},{"lineNumber":13,"author":{"gitId":"spoispoi"},"content":"        this.scanner \u003d new Scanner(System.in);","lastModifiedDate":"2024-11-09","isFullCredit":false},{"lineNumber":14,"author":{"gitId":"spoispoi"},"content":"    }","lastModifiedDate":"2024-11-09","isFullCredit":false},{"lineNumber":15,"author":{"gitId":"spoispoi"},"content":"","lastModifiedDate":"2024-11-09","isFullCredit":false},{"lineNumber":16,"author":{"gitId":"spoispoi"},"content":"    public String readCommand() {","lastModifiedDate":"2024-11-09","isFullCredit":false},{"lineNumber":17,"author":{"gitId":"spoispoi"},"content":"        return scanner.nextLine();","lastModifiedDate":"2024-11-09","isFullCredit":false},{"lineNumber":18,"author":{"gitId":"spoispoi"},"content":"    }","lastModifiedDate":"2024-11-09","isFullCredit":false},{"lineNumber":19,"author":{"gitId":"spoispoi"},"content":"","lastModifiedDate":"2024-11-09","isFullCredit":false},{"lineNumber":20,"author":{"gitId":"spoispoi"},"content":"    public void showWelcome() {","lastModifiedDate":"2024-11-09","isFullCredit":false},{"lineNumber":21,"author":{"gitId":"spoispoi"},"content":"        String logo \u003d \" ____        _        \\n\"","lastModifiedDate":"2024-11-09","isFullCredit":false},{"lineNumber":22,"author":{"gitId":"spoispoi"},"content":"                + \"|  _ \\\\ _   _| | _____ \\n\"","lastModifiedDate":"2024-11-09","isFullCredit":false},{"lineNumber":23,"author":{"gitId":"spoispoi"},"content":"                + \"| | | | | | | |/ / _ \\\\\\n\"","lastModifiedDate":"2024-11-09","isFullCredit":false},{"lineNumber":24,"author":{"gitId":"spoispoi"},"content":"                + \"| |_| | |_| |   \u003c  __/\\n\"","lastModifiedDate":"2024-11-09","isFullCredit":false},{"lineNumber":25,"author":{"gitId":"spoispoi"},"content":"                + \"|____/ \\\\__,_|_|\\\\_\\\\___|\\n\";","lastModifiedDate":"2024-11-09","isFullCredit":false},{"lineNumber":26,"author":{"gitId":"spoispoi"},"content":"        System.out.println(logo);","lastModifiedDate":"2024-11-09","isFullCredit":false},{"lineNumber":27,"author":{"gitId":"spoispoi"},"content":"        System.out.println(\"Hello! I\u0027m Snitch!\\nWhat can I do for you?\\n\");","lastModifiedDate":"2024-11-09","isFullCredit":false},{"lineNumber":28,"author":{"gitId":"spoispoi"},"content":"    }","lastModifiedDate":"2024-11-09","isFullCredit":false},{"lineNumber":29,"author":{"gitId":"spoispoi"},"content":"","lastModifiedDate":"2024-11-09","isFullCredit":false},{"lineNumber":30,"author":{"gitId":"spoispoi"},"content":"    public void showGoodbye() {","lastModifiedDate":"2024-11-09","isFullCredit":false},{"lineNumber":31,"author":{"gitId":"spoispoi"},"content":"        System.out.println(\"Bye. Hope to see you again soon man!\");","lastModifiedDate":"2024-11-09","isFullCredit":false},{"lineNumber":32,"author":{"gitId":"spoispoi"},"content":"    }","lastModifiedDate":"2024-11-09","isFullCredit":false},{"lineNumber":33,"author":{"gitId":"spoispoi"},"content":"","lastModifiedDate":"2024-11-09","isFullCredit":false},{"lineNumber":34,"author":{"gitId":"spoispoi"},"content":"    public void showError(String message) {","lastModifiedDate":"2024-11-09","isFullCredit":false},{"lineNumber":35,"author":{"gitId":"spoispoi"},"content":"        System.out.println(\"____________________________________________________________\");","lastModifiedDate":"2024-11-09","isFullCredit":false},{"lineNumber":36,"author":{"gitId":"spoispoi"},"content":"        System.out.println(message);","lastModifiedDate":"2024-11-09","isFullCredit":false},{"lineNumber":37,"author":{"gitId":"spoispoi"},"content":"        System.out.println(\"____________________________________________________________\");","lastModifiedDate":"2024-11-09","isFullCredit":false},{"lineNumber":38,"author":{"gitId":"spoispoi"},"content":"    }","lastModifiedDate":"2024-11-09","isFullCredit":false},{"lineNumber":39,"author":{"gitId":"spoispoi"},"content":"","lastModifiedDate":"2024-11-09","isFullCredit":false},{"lineNumber":40,"author":{"gitId":"spoispoi"},"content":"    public void showTasks(TaskList tasks) {","lastModifiedDate":"2024-11-09","isFullCredit":false},{"lineNumber":41,"author":{"gitId":"spoispoi"},"content":"        System.out.println(\"Here are the tasks in your list:\");","lastModifiedDate":"2024-11-09","isFullCredit":false},{"lineNumber":42,"author":{"gitId":"spoispoi"},"content":"        for (int i \u003d 0; i \u003c tasks.size(); i++) {","lastModifiedDate":"2024-11-09","isFullCredit":false},{"lineNumber":43,"author":{"gitId":"spoispoi"},"content":"            System.out.println((i + 1) + \".\" + tasks.get(i));","lastModifiedDate":"2024-11-09","isFullCredit":false},{"lineNumber":44,"author":{"gitId":"spoispoi"},"content":"        }","lastModifiedDate":"2024-11-09","isFullCredit":false},{"lineNumber":45,"author":{"gitId":"spoispoi"},"content":"    }","lastModifiedDate":"2024-11-09","isFullCredit":false},{"lineNumber":46,"author":{"gitId":"spoispoi"},"content":"","lastModifiedDate":"2024-11-09","isFullCredit":false},{"lineNumber":47,"author":{"gitId":"spoispoi"},"content":"    public void showTaskAdded(Task task, int taskCount) {","lastModifiedDate":"2024-11-09","isFullCredit":false},{"lineNumber":48,"author":{"gitId":"spoispoi"},"content":"        System.out.println(\"Got it. I\u0027ve added this task:\");","lastModifiedDate":"2024-11-09","isFullCredit":false},{"lineNumber":49,"author":{"gitId":"spoispoi"},"content":"        System.out.println(\"  \" + task);","lastModifiedDate":"2024-11-09","isFullCredit":false},{"lineNumber":50,"author":{"gitId":"spoispoi"},"content":"        System.out.println(\"Now you have \" + taskCount + \" tasks in the list.\");","lastModifiedDate":"2024-11-09","isFullCredit":false},{"lineNumber":51,"author":{"gitId":"spoispoi"},"content":"    }","lastModifiedDate":"2024-11-09","isFullCredit":false},{"lineNumber":52,"author":{"gitId":"spoispoi"},"content":"","lastModifiedDate":"2024-11-09","isFullCredit":false},{"lineNumber":53,"author":{"gitId":"spoispoi"},"content":"    public void showTaskRemoved(Task task, int taskCount) {","lastModifiedDate":"2024-11-09","isFullCredit":false},{"lineNumber":54,"author":{"gitId":"spoispoi"},"content":"        System.out.println(\"Got it. I\u0027ve removed this task:\");","lastModifiedDate":"2024-11-09","isFullCredit":false},{"lineNumber":55,"author":{"gitId":"spoispoi"},"content":"        System.out.println(\"  \" + task);","lastModifiedDate":"2024-11-09","isFullCredit":false},{"lineNumber":56,"author":{"gitId":"spoispoi"},"content":"        System.out.println(\"Now you have \" + taskCount + \" tasks in the list.\");","lastModifiedDate":"2024-11-09","isFullCredit":false},{"lineNumber":57,"author":{"gitId":"spoispoi"},"content":"    }","lastModifiedDate":"2024-11-09","isFullCredit":false},{"lineNumber":58,"author":{"gitId":"spoispoi"},"content":"}","lastModifiedDate":"2024-11-09","isFullCredit":false}],"authorContributionMap":{"spoispoi":58}},{"path":"src/main/java/snitch/command/AddCommand.java","fileType":"java","lines":[{"lineNumber":1,"author":{"gitId":"spoispoi"},"content":"package snitch.command;","lastModifiedDate":"2024-11-09","isFullCredit":false},{"lineNumber":2,"author":{"gitId":"spoispoi"},"content":"","lastModifiedDate":"2024-11-09","isFullCredit":false},{"lineNumber":3,"author":{"gitId":"spoispoi"},"content":"import snitch.task.TaskList;","lastModifiedDate":"2024-11-09","isFullCredit":false},{"lineNumber":4,"author":{"gitId":"spoispoi"},"content":"import snitch.task.Deadline;","lastModifiedDate":"2024-11-09","isFullCredit":false},{"lineNumber":5,"author":{"gitId":"spoispoi"},"content":"import snitch.task.Todo;","lastModifiedDate":"2024-11-09","isFullCredit":false},{"lineNumber":6,"author":{"gitId":"spoispoi"},"content":"import snitch.task.Event;","lastModifiedDate":"2024-11-09","isFullCredit":false},{"lineNumber":7,"author":{"gitId":"spoispoi"},"content":"import snitch.Ui;","lastModifiedDate":"2024-11-09","isFullCredit":false},{"lineNumber":8,"author":{"gitId":"spoispoi"},"content":"import snitch.Storage;","lastModifiedDate":"2024-11-09","isFullCredit":false},{"lineNumber":9,"author":{"gitId":"spoispoi"},"content":"import snitch.SnitchException;","lastModifiedDate":"2024-11-09","isFullCredit":false},{"lineNumber":10,"author":{"gitId":"spoispoi"},"content":"import snitch.task.Task;","lastModifiedDate":"2024-11-09","isFullCredit":false},{"lineNumber":11,"author":{"gitId":"spoispoi"},"content":"","lastModifiedDate":"2024-11-09","isFullCredit":false},{"lineNumber":12,"author":{"gitId":"spoispoi"},"content":"public class AddCommand implements Command {","lastModifiedDate":"2024-11-09","isFullCredit":false},{"lineNumber":13,"author":{"gitId":"spoispoi"},"content":"    private final String fullCommand;","lastModifiedDate":"2024-11-09","isFullCredit":false},{"lineNumber":14,"author":{"gitId":"spoispoi"},"content":"","lastModifiedDate":"2024-11-09","isFullCredit":false},{"lineNumber":15,"author":{"gitId":"spoispoi"},"content":"    public AddCommand(String fullCommand) {","lastModifiedDate":"2024-11-09","isFullCredit":false},{"lineNumber":16,"author":{"gitId":"spoispoi"},"content":"        this.fullCommand \u003d fullCommand;","lastModifiedDate":"2024-11-09","isFullCredit":false},{"lineNumber":17,"author":{"gitId":"spoispoi"},"content":"    }","lastModifiedDate":"2024-11-09","isFullCredit":false},{"lineNumber":18,"author":{"gitId":"spoispoi"},"content":"","lastModifiedDate":"2024-11-09","isFullCredit":false},{"lineNumber":19,"author":{"gitId":"spoispoi"},"content":"    @Override","lastModifiedDate":"2024-11-09","isFullCredit":false},{"lineNumber":20,"author":{"gitId":"spoispoi"},"content":"    public void execute(TaskList tasks, Ui ui, Storage storage) throws SnitchException {","lastModifiedDate":"2024-11-09","isFullCredit":false},{"lineNumber":21,"author":{"gitId":"spoispoi"},"content":"        if (fullCommand.startsWith(\"todo\")) {","lastModifiedDate":"2024-11-09","isFullCredit":false},{"lineNumber":22,"author":{"gitId":"spoispoi"},"content":"            String description \u003d fullCommand.substring(5).trim();","lastModifiedDate":"2024-11-09","isFullCredit":false},{"lineNumber":23,"author":{"gitId":"spoispoi"},"content":"            if (description.isEmpty()) {","lastModifiedDate":"2024-11-09","isFullCredit":false},{"lineNumber":24,"author":{"gitId":"spoispoi"},"content":"                throw new SnitchException(\"Come on man!!! The description of a todo cannot be empty.\");","lastModifiedDate":"2024-11-09","isFullCredit":false},{"lineNumber":25,"author":{"gitId":"spoispoi"},"content":"            }","lastModifiedDate":"2024-11-09","isFullCredit":false},{"lineNumber":26,"author":{"gitId":"spoispoi"},"content":"            Task newTask \u003d new Todo(description);","lastModifiedDate":"2024-11-09","isFullCredit":false},{"lineNumber":27,"author":{"gitId":"spoispoi"},"content":"            tasks.add(newTask);","lastModifiedDate":"2024-11-09","isFullCredit":false},{"lineNumber":28,"author":{"gitId":"spoispoi"},"content":"            ui.showTaskAdded(newTask, tasks.size());","lastModifiedDate":"2024-11-09","isFullCredit":false},{"lineNumber":29,"author":{"gitId":"spoispoi"},"content":"        } else if (fullCommand.startsWith(\"deadline\")) {","lastModifiedDate":"2024-11-09","isFullCredit":false},{"lineNumber":30,"author":{"gitId":"spoispoi"},"content":"            String[] parts \u003d fullCommand.split(\"/by \");","lastModifiedDate":"2024-11-09","isFullCredit":false},{"lineNumber":31,"author":{"gitId":"spoispoi"},"content":"            if (parts.length \u003c 2) {","lastModifiedDate":"2024-11-09","isFullCredit":false},{"lineNumber":32,"author":{"gitId":"spoispoi"},"content":"                throw new SnitchException(\"Come on man!!! The deadline description cannot be empty or the format is wrong. (Do it like this: deadline task /by xxxx)\");","lastModifiedDate":"2024-11-09","isFullCredit":false},{"lineNumber":33,"author":{"gitId":"spoispoi"},"content":"            }","lastModifiedDate":"2024-11-09","isFullCredit":false},{"lineNumber":34,"author":{"gitId":"spoispoi"},"content":"            String description \u003d parts[0].substring(9).trim();","lastModifiedDate":"2024-11-09","isFullCredit":false},{"lineNumber":35,"author":{"gitId":"spoispoi"},"content":"            String by \u003d parts[1].trim();","lastModifiedDate":"2024-11-09","isFullCredit":false},{"lineNumber":36,"author":{"gitId":"spoispoi"},"content":"            Task newTask \u003d new Deadline(description, by);","lastModifiedDate":"2024-11-09","isFullCredit":false},{"lineNumber":37,"author":{"gitId":"spoispoi"},"content":"            tasks.add(newTask);","lastModifiedDate":"2024-11-09","isFullCredit":false},{"lineNumber":38,"author":{"gitId":"spoispoi"},"content":"            ui.showTaskAdded(newTask, tasks.size());","lastModifiedDate":"2024-11-09","isFullCredit":false},{"lineNumber":39,"author":{"gitId":"spoispoi"},"content":"        } else if (fullCommand.startsWith(\"event\")) {","lastModifiedDate":"2024-11-09","isFullCredit":false},{"lineNumber":40,"author":{"gitId":"spoispoi"},"content":"            String[] parts \u003d fullCommand.split(\"/from \");","lastModifiedDate":"2024-11-09","isFullCredit":false},{"lineNumber":41,"author":{"gitId":"spoispoi"},"content":"            if (parts.length \u003c 2 || !parts[1].contains(\"/to \")) {","lastModifiedDate":"2024-11-09","isFullCredit":false},{"lineNumber":42,"author":{"gitId":"spoispoi"},"content":"                throw new SnitchException(\"Come on man!!! The event format is incorrect.\");","lastModifiedDate":"2024-11-09","isFullCredit":false},{"lineNumber":43,"author":{"gitId":"spoispoi"},"content":"            }","lastModifiedDate":"2024-11-09","isFullCredit":false},{"lineNumber":44,"author":{"gitId":"spoispoi"},"content":"            String description \u003d parts[0].substring(6).trim();","lastModifiedDate":"2024-11-09","isFullCredit":false},{"lineNumber":45,"author":{"gitId":"spoispoi"},"content":"            String[] timeParts \u003d parts[1].split(\" /to \");","lastModifiedDate":"2024-11-09","isFullCredit":false},{"lineNumber":46,"author":{"gitId":"spoispoi"},"content":"            String from \u003d timeParts[0].trim();","lastModifiedDate":"2024-11-09","isFullCredit":false},{"lineNumber":47,"author":{"gitId":"spoispoi"},"content":"            String to \u003d timeParts[1].trim();","lastModifiedDate":"2024-11-09","isFullCredit":false},{"lineNumber":48,"author":{"gitId":"spoispoi"},"content":"            Task newTask \u003d new Event(description, from, to);","lastModifiedDate":"2024-11-09","isFullCredit":false},{"lineNumber":49,"author":{"gitId":"spoispoi"},"content":"            tasks.add(newTask);","lastModifiedDate":"2024-11-09","isFullCredit":false},{"lineNumber":50,"author":{"gitId":"spoispoi"},"content":"            ui.showTaskAdded(newTask, tasks.size());","lastModifiedDate":"2024-11-09","isFullCredit":false},{"lineNumber":51,"author":{"gitId":"spoispoi"},"content":"        } else {","lastModifiedDate":"2024-11-09","isFullCredit":false},{"lineNumber":52,"author":{"gitId":"spoispoi"},"content":"            throw new SnitchException(\"Invalid command for adding tasks.\");","lastModifiedDate":"2024-11-09","isFullCredit":false},{"lineNumber":53,"author":{"gitId":"spoispoi"},"content":"        }","lastModifiedDate":"2024-11-09","isFullCredit":false},{"lineNumber":54,"author":{"gitId":"spoispoi"},"content":"","lastModifiedDate":"2024-11-09","isFullCredit":false},{"lineNumber":55,"author":{"gitId":"spoispoi"},"content":"        // Save tasks after adding","lastModifiedDate":"2024-11-09","isFullCredit":false},{"lineNumber":56,"author":{"gitId":"spoispoi"},"content":"        storage.save(tasks);","lastModifiedDate":"2024-11-09","isFullCredit":false},{"lineNumber":57,"author":{"gitId":"spoispoi"},"content":"    }","lastModifiedDate":"2024-11-09","isFullCredit":false},{"lineNumber":58,"author":{"gitId":"spoispoi"},"content":"}","lastModifiedDate":"2024-11-09","isFullCredit":false}],"authorContributionMap":{"spoispoi":58}},{"path":"src/main/java/snitch/command/ByeCommand.java","fileType":"java","lines":[{"lineNumber":1,"author":{"gitId":"spoispoi"},"content":"package snitch.command;","lastModifiedDate":"2024-11-09","isFullCredit":false},{"lineNumber":2,"author":{"gitId":"spoispoi"},"content":"","lastModifiedDate":"2024-11-09","isFullCredit":false},{"lineNumber":3,"author":{"gitId":"spoispoi"},"content":"","lastModifiedDate":"2024-11-09","isFullCredit":false},{"lineNumber":4,"author":{"gitId":"spoispoi"},"content":"import snitch.task.TaskList;","lastModifiedDate":"2024-11-09","isFullCredit":false},{"lineNumber":5,"author":{"gitId":"spoispoi"},"content":"import snitch.Ui;","lastModifiedDate":"2024-11-09","isFullCredit":false},{"lineNumber":6,"author":{"gitId":"spoispoi"},"content":"import snitch.Storage;","lastModifiedDate":"2024-11-09","isFullCredit":false},{"lineNumber":7,"author":{"gitId":"spoispoi"},"content":"","lastModifiedDate":"2024-11-09","isFullCredit":false},{"lineNumber":8,"author":{"gitId":"spoispoi"},"content":"","lastModifiedDate":"2024-11-09","isFullCredit":false},{"lineNumber":9,"author":{"gitId":"spoispoi"},"content":"public class ByeCommand implements Command {","lastModifiedDate":"2024-11-09","isFullCredit":false},{"lineNumber":10,"author":{"gitId":"spoispoi"},"content":"","lastModifiedDate":"2024-11-09","isFullCredit":false},{"lineNumber":11,"author":{"gitId":"spoispoi"},"content":"    @Override","lastModifiedDate":"2024-11-09","isFullCredit":false},{"lineNumber":12,"author":{"gitId":"spoispoi"},"content":"    public void execute(TaskList tasks, Ui ui, Storage storage) {","lastModifiedDate":"2024-11-09","isFullCredit":false},{"lineNumber":13,"author":{"gitId":"spoispoi"},"content":"        ui.showGoodbye();","lastModifiedDate":"2024-11-09","isFullCredit":false},{"lineNumber":14,"author":{"gitId":"spoispoi"},"content":"    }","lastModifiedDate":"2024-11-09","isFullCredit":false},{"lineNumber":15,"author":{"gitId":"spoispoi"},"content":"}","lastModifiedDate":"2024-11-09","isFullCredit":false}],"authorContributionMap":{"spoispoi":15}},{"path":"src/main/java/snitch/command/Command.java","fileType":"java","lines":[{"lineNumber":1,"author":{"gitId":"spoispoi"},"content":"package snitch.command;","lastModifiedDate":"2024-11-09","isFullCredit":false},{"lineNumber":2,"author":{"gitId":"spoispoi"},"content":"","lastModifiedDate":"2024-11-09","isFullCredit":false},{"lineNumber":3,"author":{"gitId":"spoispoi"},"content":"import snitch.task.TaskList;","lastModifiedDate":"2024-11-09","isFullCredit":false},{"lineNumber":4,"author":{"gitId":"spoispoi"},"content":"import snitch.Ui;","lastModifiedDate":"2024-11-09","isFullCredit":false},{"lineNumber":5,"author":{"gitId":"spoispoi"},"content":"import snitch.Storage;","lastModifiedDate":"2024-11-09","isFullCredit":false},{"lineNumber":6,"author":{"gitId":"spoispoi"},"content":"import snitch.SnitchException;","lastModifiedDate":"2024-11-09","isFullCredit":false},{"lineNumber":7,"author":{"gitId":"spoispoi"},"content":"","lastModifiedDate":"2024-11-09","isFullCredit":false},{"lineNumber":8,"author":{"gitId":"spoispoi"},"content":"public interface Command {","lastModifiedDate":"2024-11-09","isFullCredit":false},{"lineNumber":9,"author":{"gitId":"spoispoi"},"content":"    void execute(TaskList tasks, Ui ui, Storage storage) throws SnitchException;","lastModifiedDate":"2024-11-09","isFullCredit":false},{"lineNumber":10,"author":{"gitId":"spoispoi"},"content":"}","lastModifiedDate":"2024-11-09","isFullCredit":false}],"authorContributionMap":{"spoispoi":10}},{"path":"src/main/java/snitch/command/DeleteCommand.java","fileType":"java","lines":[{"lineNumber":1,"author":{"gitId":"spoispoi"},"content":"package snitch.command;","lastModifiedDate":"2024-11-09","isFullCredit":false},{"lineNumber":2,"author":{"gitId":"spoispoi"},"content":"","lastModifiedDate":"2024-11-09","isFullCredit":false},{"lineNumber":3,"author":{"gitId":"spoispoi"},"content":"","lastModifiedDate":"2024-11-09","isFullCredit":false},{"lineNumber":4,"author":{"gitId":"spoispoi"},"content":"import snitch.task.TaskList;","lastModifiedDate":"2024-11-09","isFullCredit":false},{"lineNumber":5,"author":{"gitId":"spoispoi"},"content":"import snitch.Ui;","lastModifiedDate":"2024-11-09","isFullCredit":false},{"lineNumber":6,"author":{"gitId":"spoispoi"},"content":"import snitch.Storage;","lastModifiedDate":"2024-11-09","isFullCredit":false},{"lineNumber":7,"author":{"gitId":"spoispoi"},"content":"import snitch.SnitchException;","lastModifiedDate":"2024-11-09","isFullCredit":false},{"lineNumber":8,"author":{"gitId":"spoispoi"},"content":"import snitch.task.Task;","lastModifiedDate":"2024-11-09","isFullCredit":false},{"lineNumber":9,"author":{"gitId":"spoispoi"},"content":"","lastModifiedDate":"2024-11-09","isFullCredit":false},{"lineNumber":10,"author":{"gitId":"spoispoi"},"content":"public class DeleteCommand implements Command {","lastModifiedDate":"2024-11-09","isFullCredit":false},{"lineNumber":11,"author":{"gitId":"spoispoi"},"content":"    private final int taskIndex;","lastModifiedDate":"2024-11-09","isFullCredit":false},{"lineNumber":12,"author":{"gitId":"spoispoi"},"content":"","lastModifiedDate":"2024-11-09","isFullCredit":false},{"lineNumber":13,"author":{"gitId":"spoispoi"},"content":"    public DeleteCommand(int taskIndex) {","lastModifiedDate":"2024-11-09","isFullCredit":false},{"lineNumber":14,"author":{"gitId":"spoispoi"},"content":"        this.taskIndex \u003d taskIndex - 1; // Convert 1-based index to 0-based","lastModifiedDate":"2024-11-09","isFullCredit":false},{"lineNumber":15,"author":{"gitId":"spoispoi"},"content":"    }","lastModifiedDate":"2024-11-09","isFullCredit":false},{"lineNumber":16,"author":{"gitId":"spoispoi"},"content":"","lastModifiedDate":"2024-11-09","isFullCredit":false},{"lineNumber":17,"author":{"gitId":"spoispoi"},"content":"    @Override","lastModifiedDate":"2024-11-09","isFullCredit":false},{"lineNumber":18,"author":{"gitId":"spoispoi"},"content":"    public void execute(TaskList tasks, Ui ui, Storage storage) throws SnitchException {","lastModifiedDate":"2024-11-09","isFullCredit":false},{"lineNumber":19,"author":{"gitId":"spoispoi"},"content":"        if (taskIndex \u003c 0 || taskIndex \u003e\u003d tasks.size()) {","lastModifiedDate":"2024-11-09","isFullCredit":false},{"lineNumber":20,"author":{"gitId":"spoispoi"},"content":"            throw new SnitchException(\"Invalid task number.\");","lastModifiedDate":"2024-11-09","isFullCredit":false},{"lineNumber":21,"author":{"gitId":"spoispoi"},"content":"        }","lastModifiedDate":"2024-11-09","isFullCredit":false},{"lineNumber":22,"author":{"gitId":"spoispoi"},"content":"        Task removedTask \u003d tasks.remove(taskIndex);","lastModifiedDate":"2024-11-09","isFullCredit":false},{"lineNumber":23,"author":{"gitId":"spoispoi"},"content":"        ui.showTaskRemoved(removedTask, tasks.size());","lastModifiedDate":"2024-11-09","isFullCredit":false},{"lineNumber":24,"author":{"gitId":"spoispoi"},"content":"","lastModifiedDate":"2024-11-09","isFullCredit":false},{"lineNumber":25,"author":{"gitId":"spoispoi"},"content":"        // Save tasks after deletion","lastModifiedDate":"2024-11-09","isFullCredit":false},{"lineNumber":26,"author":{"gitId":"spoispoi"},"content":"        storage.save(tasks);","lastModifiedDate":"2024-11-09","isFullCredit":false},{"lineNumber":27,"author":{"gitId":"spoispoi"},"content":"    }","lastModifiedDate":"2024-11-09","isFullCredit":false},{"lineNumber":28,"author":{"gitId":"spoispoi"},"content":"}","lastModifiedDate":"2024-11-09","isFullCredit":false}],"authorContributionMap":{"spoispoi":28}},{"path":"src/main/java/snitch/command/ListCommand.java","fileType":"java","lines":[{"lineNumber":1,"author":{"gitId":"spoispoi"},"content":"package snitch.command;","lastModifiedDate":"2024-11-09","isFullCredit":false},{"lineNumber":2,"author":{"gitId":"spoispoi"},"content":"","lastModifiedDate":"2024-11-09","isFullCredit":false},{"lineNumber":3,"author":{"gitId":"spoispoi"},"content":"","lastModifiedDate":"2024-11-09","isFullCredit":false},{"lineNumber":4,"author":{"gitId":"spoispoi"},"content":"import snitch.task.TaskList;","lastModifiedDate":"2024-11-09","isFullCredit":false},{"lineNumber":5,"author":{"gitId":"spoispoi"},"content":"import snitch.Ui;","lastModifiedDate":"2024-11-09","isFullCredit":false},{"lineNumber":6,"author":{"gitId":"spoispoi"},"content":"import snitch.Storage;","lastModifiedDate":"2024-11-09","isFullCredit":false},{"lineNumber":7,"author":{"gitId":"spoispoi"},"content":"","lastModifiedDate":"2024-11-09","isFullCredit":false},{"lineNumber":8,"author":{"gitId":"spoispoi"},"content":"public class ListCommand implements Command {","lastModifiedDate":"2024-11-09","isFullCredit":false},{"lineNumber":9,"author":{"gitId":"spoispoi"},"content":"","lastModifiedDate":"2024-11-09","isFullCredit":false},{"lineNumber":10,"author":{"gitId":"spoispoi"},"content":"    @Override","lastModifiedDate":"2024-11-09","isFullCredit":false},{"lineNumber":11,"author":{"gitId":"spoispoi"},"content":"    public void execute(TaskList tasks, Ui ui, Storage storage) {","lastModifiedDate":"2024-11-09","isFullCredit":false},{"lineNumber":12,"author":{"gitId":"spoispoi"},"content":"        if (tasks.isEmpty()) {","lastModifiedDate":"2024-11-09","isFullCredit":false},{"lineNumber":13,"author":{"gitId":"spoispoi"},"content":"            ui.showError(\"Your task list is empty.\");","lastModifiedDate":"2024-11-09","isFullCredit":false},{"lineNumber":14,"author":{"gitId":"spoispoi"},"content":"        } else {","lastModifiedDate":"2024-11-09","isFullCredit":false},{"lineNumber":15,"author":{"gitId":"spoispoi"},"content":"            ui.showTasks(tasks);","lastModifiedDate":"2024-11-09","isFullCredit":false},{"lineNumber":16,"author":{"gitId":"spoispoi"},"content":"        }","lastModifiedDate":"2024-11-09","isFullCredit":false},{"lineNumber":17,"author":{"gitId":"spoispoi"},"content":"    }","lastModifiedDate":"2024-11-09","isFullCredit":false},{"lineNumber":18,"author":{"gitId":"spoispoi"},"content":"}","lastModifiedDate":"2024-11-09","isFullCredit":false}],"authorContributionMap":{"spoispoi":18}},{"path":"src/main/java/snitch/task/Deadline.java","fileType":"java","lines":[{"lineNumber":1,"author":{"gitId":"spoispoi"},"content":"package snitch.task;","lastModifiedDate":"2024-11-09","isFullCredit":false},{"lineNumber":2,"author":{"gitId":"spoispoi"},"content":"","lastModifiedDate":"2024-11-09","isFullCredit":false},{"lineNumber":3,"author":{"gitId":"spoispoi"},"content":"public class Deadline extends Task {","lastModifiedDate":"2024-09-16","isFullCredit":false},{"lineNumber":4,"author":{"gitId":"spoispoi"},"content":"    public String by;","lastModifiedDate":"2024-11-09","isFullCredit":false},{"lineNumber":5,"author":{"gitId":"spoispoi"},"content":"","lastModifiedDate":"2024-09-16","isFullCredit":false},{"lineNumber":6,"author":{"gitId":"spoispoi"},"content":"    public Deadline(String description, String by) {","lastModifiedDate":"2024-09-16","isFullCredit":false},{"lineNumber":7,"author":{"gitId":"spoispoi"},"content":"        super(description);","lastModifiedDate":"2024-09-16","isFullCredit":false},{"lineNumber":8,"author":{"gitId":"spoispoi"},"content":"        this.by \u003d by;","lastModifiedDate":"2024-09-16","isFullCredit":false},{"lineNumber":9,"author":{"gitId":"spoispoi"},"content":"    }","lastModifiedDate":"2024-09-16","isFullCredit":false},{"lineNumber":10,"author":{"gitId":"spoispoi"},"content":"","lastModifiedDate":"2024-09-16","isFullCredit":false},{"lineNumber":11,"author":{"gitId":"spoispoi"},"content":"    @Override","lastModifiedDate":"2024-09-16","isFullCredit":false},{"lineNumber":12,"author":{"gitId":"spoispoi"},"content":"    public String toString() {","lastModifiedDate":"2024-09-16","isFullCredit":false},{"lineNumber":13,"author":{"gitId":"spoispoi"},"content":"        return \"[D]\" + super.toString() + \" (by: \" + by + \")\";","lastModifiedDate":"2024-09-16","isFullCredit":false},{"lineNumber":14,"author":{"gitId":"spoispoi"},"content":"    }","lastModifiedDate":"2024-09-16","isFullCredit":false},{"lineNumber":15,"author":{"gitId":"spoispoi"},"content":"}","lastModifiedDate":"2024-09-16","isFullCredit":false}],"authorContributionMap":{"spoispoi":15}},{"path":"src/main/java/snitch/task/Event.java","fileType":"java","lines":[{"lineNumber":1,"author":{"gitId":"spoispoi"},"content":"package snitch.task;","lastModifiedDate":"2024-11-09","isFullCredit":false},{"lineNumber":2,"author":{"gitId":"spoispoi"},"content":"","lastModifiedDate":"2024-11-09","isFullCredit":false},{"lineNumber":3,"author":{"gitId":"spoispoi"},"content":"public class Event extends Task {","lastModifiedDate":"2024-09-16","isFullCredit":false},{"lineNumber":4,"author":{"gitId":"spoispoi"},"content":"    public String from;","lastModifiedDate":"2024-11-09","isFullCredit":false},{"lineNumber":5,"author":{"gitId":"spoispoi"},"content":"    public String to;","lastModifiedDate":"2024-11-09","isFullCredit":false},{"lineNumber":6,"author":{"gitId":"spoispoi"},"content":"","lastModifiedDate":"2024-09-16","isFullCredit":false},{"lineNumber":7,"author":{"gitId":"spoispoi"},"content":"    public Event(String description, String from, String to) {","lastModifiedDate":"2024-09-16","isFullCredit":false},{"lineNumber":8,"author":{"gitId":"spoispoi"},"content":"        super(description);","lastModifiedDate":"2024-09-16","isFullCredit":false},{"lineNumber":9,"author":{"gitId":"spoispoi"},"content":"        this.from \u003d from;","lastModifiedDate":"2024-09-16","isFullCredit":false},{"lineNumber":10,"author":{"gitId":"spoispoi"},"content":"        this.to \u003d to;","lastModifiedDate":"2024-09-16","isFullCredit":false},{"lineNumber":11,"author":{"gitId":"spoispoi"},"content":"    }","lastModifiedDate":"2024-09-16","isFullCredit":false},{"lineNumber":12,"author":{"gitId":"spoispoi"},"content":"","lastModifiedDate":"2024-09-16","isFullCredit":false},{"lineNumber":13,"author":{"gitId":"spoispoi"},"content":"    @Override","lastModifiedDate":"2024-09-16","isFullCredit":false},{"lineNumber":14,"author":{"gitId":"spoispoi"},"content":"    public String toString() {","lastModifiedDate":"2024-09-16","isFullCredit":false},{"lineNumber":15,"author":{"gitId":"spoispoi"},"content":"        return \"[E]\" + super.toString() + \" (from: \" + from + \" to: \" + to + \")\";","lastModifiedDate":"2024-09-16","isFullCredit":false},{"lineNumber":16,"author":{"gitId":"spoispoi"},"content":"    }","lastModifiedDate":"2024-09-16","isFullCredit":false},{"lineNumber":17,"author":{"gitId":"spoispoi"},"content":"}","lastModifiedDate":"2024-09-16","isFullCredit":false}],"authorContributionMap":{"spoispoi":17}},{"path":"src/main/java/snitch/task/Task.java","fileType":"java","lines":[{"lineNumber":1,"author":{"gitId":"spoispoi"},"content":"package snitch.task;","lastModifiedDate":"2024-11-09","isFullCredit":false},{"lineNumber":2,"author":{"gitId":"spoispoi"},"content":"","lastModifiedDate":"2024-11-09","isFullCredit":false},{"lineNumber":3,"author":{"gitId":"spoispoi"},"content":"public abstract class Task {","lastModifiedDate":"2024-11-09","isFullCredit":false},{"lineNumber":4,"author":{"gitId":"spoispoi"},"content":"    public String description;","lastModifiedDate":"2024-11-09","isFullCredit":false},{"lineNumber":5,"author":{"gitId":"spoispoi"},"content":"    public boolean isDone;","lastModifiedDate":"2024-11-09","isFullCredit":false},{"lineNumber":6,"author":{"gitId":"spoispoi"},"content":"","lastModifiedDate":"2024-09-16","isFullCredit":false},{"lineNumber":7,"author":{"gitId":"spoispoi"},"content":"    public Task(String description) {","lastModifiedDate":"2024-09-16","isFullCredit":false},{"lineNumber":8,"author":{"gitId":"spoispoi"},"content":"        this.description \u003d description;","lastModifiedDate":"2024-09-16","isFullCredit":false},{"lineNumber":9,"author":{"gitId":"spoispoi"},"content":"        this.isDone \u003d false;","lastModifiedDate":"2024-09-16","isFullCredit":false},{"lineNumber":10,"author":{"gitId":"spoispoi"},"content":"    }","lastModifiedDate":"2024-09-16","isFullCredit":false},{"lineNumber":11,"author":{"gitId":"spoispoi"},"content":"","lastModifiedDate":"2024-09-16","isFullCredit":false},{"lineNumber":12,"author":{"gitId":"spoispoi"},"content":"    public void markAsDone() {","lastModifiedDate":"2024-09-16","isFullCredit":false},{"lineNumber":13,"author":{"gitId":"spoispoi"},"content":"        this.isDone \u003d true;","lastModifiedDate":"2024-09-16","isFullCredit":false},{"lineNumber":14,"author":{"gitId":"spoispoi"},"content":"    }","lastModifiedDate":"2024-09-16","isFullCredit":false},{"lineNumber":15,"author":{"gitId":"spoispoi"},"content":"","lastModifiedDate":"2024-09-16","isFullCredit":false},{"lineNumber":16,"author":{"gitId":"spoispoi"},"content":"    public String getStatusIcon() {","lastModifiedDate":"2024-09-16","isFullCredit":false},{"lineNumber":17,"author":{"gitId":"spoispoi"},"content":"        return (isDone ? \"[X]\" : \"[ ]\");","lastModifiedDate":"2024-11-09","isFullCredit":false},{"lineNumber":18,"author":{"gitId":"spoispoi"},"content":"    }","lastModifiedDate":"2024-09-16","isFullCredit":false},{"lineNumber":19,"author":{"gitId":"spoispoi"},"content":"","lastModifiedDate":"2024-09-16","isFullCredit":false},{"lineNumber":20,"author":{"gitId":"spoispoi"},"content":"    @Override","lastModifiedDate":"2024-09-16","isFullCredit":false},{"lineNumber":21,"author":{"gitId":"spoispoi"},"content":"    public String toString() {","lastModifiedDate":"2024-09-16","isFullCredit":false},{"lineNumber":22,"author":{"gitId":"spoispoi"},"content":"        return getStatusIcon() + \" \" + description;","lastModifiedDate":"2024-09-16","isFullCredit":false},{"lineNumber":23,"author":{"gitId":"spoispoi"},"content":"    }","lastModifiedDate":"2024-09-16","isFullCredit":false},{"lineNumber":24,"author":{"gitId":"spoispoi"},"content":"}","lastModifiedDate":"2024-09-16","isFullCredit":false}],"authorContributionMap":{"spoispoi":24}},{"path":"src/main/java/snitch/task/TaskList.java","fileType":"java","lines":[{"lineNumber":1,"author":{"gitId":"spoispoi"},"content":"package snitch.task;","lastModifiedDate":"2024-11-09","isFullCredit":false},{"lineNumber":2,"author":{"gitId":"spoispoi"},"content":"","lastModifiedDate":"2024-11-09","isFullCredit":false},{"lineNumber":3,"author":{"gitId":"spoispoi"},"content":"import java.util.ArrayList;","lastModifiedDate":"2024-11-09","isFullCredit":false},{"lineNumber":4,"author":{"gitId":"spoispoi"},"content":"","lastModifiedDate":"2024-11-09","isFullCredit":false},{"lineNumber":5,"author":{"gitId":"spoispoi"},"content":"public class TaskList {","lastModifiedDate":"2024-11-09","isFullCredit":false},{"lineNumber":6,"author":{"gitId":"spoispoi"},"content":"    private final ArrayList\u003cTask\u003e tasks;","lastModifiedDate":"2024-11-09","isFullCredit":false},{"lineNumber":7,"author":{"gitId":"spoispoi"},"content":"","lastModifiedDate":"2024-11-09","isFullCredit":false},{"lineNumber":8,"author":{"gitId":"spoispoi"},"content":"    public TaskList() {","lastModifiedDate":"2024-11-09","isFullCredit":false},{"lineNumber":9,"author":{"gitId":"spoispoi"},"content":"        this.tasks \u003d new ArrayList\u003c\u003e();","lastModifiedDate":"2024-11-09","isFullCredit":false},{"lineNumber":10,"author":{"gitId":"spoispoi"},"content":"    }","lastModifiedDate":"2024-11-09","isFullCredit":false},{"lineNumber":11,"author":{"gitId":"spoispoi"},"content":"","lastModifiedDate":"2024-11-09","isFullCredit":false},{"lineNumber":12,"author":{"gitId":"spoispoi"},"content":"    public TaskList(ArrayList\u003cTask\u003e tasks) {","lastModifiedDate":"2024-11-09","isFullCredit":false},{"lineNumber":13,"author":{"gitId":"spoispoi"},"content":"        this.tasks \u003d tasks;","lastModifiedDate":"2024-11-09","isFullCredit":false},{"lineNumber":14,"author":{"gitId":"spoispoi"},"content":"    }","lastModifiedDate":"2024-11-09","isFullCredit":false},{"lineNumber":15,"author":{"gitId":"spoispoi"},"content":"","lastModifiedDate":"2024-11-09","isFullCredit":false},{"lineNumber":16,"author":{"gitId":"spoispoi"},"content":"    public void add(Task task) {","lastModifiedDate":"2024-11-09","isFullCredit":false},{"lineNumber":17,"author":{"gitId":"spoispoi"},"content":"        tasks.add(task);","lastModifiedDate":"2024-11-09","isFullCredit":false},{"lineNumber":18,"author":{"gitId":"spoispoi"},"content":"    }","lastModifiedDate":"2024-11-09","isFullCredit":false},{"lineNumber":19,"author":{"gitId":"spoispoi"},"content":"","lastModifiedDate":"2024-11-09","isFullCredit":false},{"lineNumber":20,"author":{"gitId":"spoispoi"},"content":"    public Task get(int index) {","lastModifiedDate":"2024-11-09","isFullCredit":false},{"lineNumber":21,"author":{"gitId":"spoispoi"},"content":"        return tasks.get(index);","lastModifiedDate":"2024-11-09","isFullCredit":false},{"lineNumber":22,"author":{"gitId":"spoispoi"},"content":"    }","lastModifiedDate":"2024-11-09","isFullCredit":false},{"lineNumber":23,"author":{"gitId":"spoispoi"},"content":"","lastModifiedDate":"2024-11-09","isFullCredit":false},{"lineNumber":24,"author":{"gitId":"spoispoi"},"content":"    public Task remove(int index) {","lastModifiedDate":"2024-11-09","isFullCredit":false},{"lineNumber":25,"author":{"gitId":"spoispoi"},"content":"        return tasks.remove(index);","lastModifiedDate":"2024-11-09","isFullCredit":false},{"lineNumber":26,"author":{"gitId":"spoispoi"},"content":"    }","lastModifiedDate":"2024-11-09","isFullCredit":false},{"lineNumber":27,"author":{"gitId":"spoispoi"},"content":"","lastModifiedDate":"2024-11-09","isFullCredit":false},{"lineNumber":28,"author":{"gitId":"spoispoi"},"content":"    public int size() {","lastModifiedDate":"2024-11-09","isFullCredit":false},{"lineNumber":29,"author":{"gitId":"spoispoi"},"content":"        return tasks.size();","lastModifiedDate":"2024-11-09","isFullCredit":false},{"lineNumber":30,"author":{"gitId":"spoispoi"},"content":"    }","lastModifiedDate":"2024-11-09","isFullCredit":false},{"lineNumber":31,"author":{"gitId":"spoispoi"},"content":"","lastModifiedDate":"2024-11-09","isFullCredit":false},{"lineNumber":32,"author":{"gitId":"spoispoi"},"content":"    public boolean isEmpty() {","lastModifiedDate":"2024-11-09","isFullCredit":false},{"lineNumber":33,"author":{"gitId":"spoispoi"},"content":"        return tasks.isEmpty();","lastModifiedDate":"2024-11-09","isFullCredit":false},{"lineNumber":34,"author":{"gitId":"spoispoi"},"content":"    }","lastModifiedDate":"2024-11-09","isFullCredit":false},{"lineNumber":35,"author":{"gitId":"spoispoi"},"content":"","lastModifiedDate":"2024-11-09","isFullCredit":false},{"lineNumber":36,"author":{"gitId":"spoispoi"},"content":"    public ArrayList\u003cTask\u003e getAllTasks() {","lastModifiedDate":"2024-11-09","isFullCredit":false},{"lineNumber":37,"author":{"gitId":"spoispoi"},"content":"        return tasks;","lastModifiedDate":"2024-11-09","isFullCredit":false},{"lineNumber":38,"author":{"gitId":"spoispoi"},"content":"    }","lastModifiedDate":"2024-11-09","isFullCredit":false},{"lineNumber":39,"author":{"gitId":"spoispoi"},"content":"}","lastModifiedDate":"2024-11-09","isFullCredit":false}],"authorContributionMap":{"spoispoi":39}},{"path":"src/main/java/snitch/task/Todo.java","fileType":"java","lines":[{"lineNumber":1,"author":{"gitId":"spoispoi"},"content":"package snitch.task;","lastModifiedDate":"2024-11-09","isFullCredit":false},{"lineNumber":2,"author":{"gitId":"spoispoi"},"content":"","lastModifiedDate":"2024-11-09","isFullCredit":false},{"lineNumber":3,"author":{"gitId":"spoispoi"},"content":"public class Todo extends Task {","lastModifiedDate":"2024-09-16","isFullCredit":false},{"lineNumber":4,"author":{"gitId":"spoispoi"},"content":"    public Todo(String description) {","lastModifiedDate":"2024-09-16","isFullCredit":false},{"lineNumber":5,"author":{"gitId":"spoispoi"},"content":"        super(description);","lastModifiedDate":"2024-09-16","isFullCredit":false},{"lineNumber":6,"author":{"gitId":"spoispoi"},"content":"    }","lastModifiedDate":"2024-09-16","isFullCredit":false},{"lineNumber":7,"author":{"gitId":"spoispoi"},"content":"","lastModifiedDate":"2024-09-16","isFullCredit":false},{"lineNumber":8,"author":{"gitId":"spoispoi"},"content":"    @Override","lastModifiedDate":"2024-09-16","isFullCredit":false},{"lineNumber":9,"author":{"gitId":"spoispoi"},"content":"    public String toString() {","lastModifiedDate":"2024-09-16","isFullCredit":false},{"lineNumber":10,"author":{"gitId":"spoispoi"},"content":"        return \"[T]\" + super.toString();","lastModifiedDate":"2024-09-16","isFullCredit":false},{"lineNumber":11,"author":{"gitId":"spoispoi"},"content":"    }","lastModifiedDate":"2024-09-16","isFullCredit":false},{"lineNumber":12,"author":{"gitId":"spoispoi"},"content":"}","lastModifiedDate":"2024-09-16","isFullCredit":false}],"authorContributionMap":{"spoispoi":12}}]
