[{"path":"src/main/java/Deadline.java","fileType":"java","lines":[{"lineNumber":1,"author":{"gitId":"spoispoi"},"content":"public class Deadline extends Task {","lastModifiedDate":"2024-09-16","isFullCredit":false},{"lineNumber":2,"author":{"gitId":"spoispoi"},"content":"    protected String by;","lastModifiedDate":"2024-09-16","isFullCredit":false},{"lineNumber":3,"author":{"gitId":"spoispoi"},"content":"","lastModifiedDate":"2024-09-16","isFullCredit":false},{"lineNumber":4,"author":{"gitId":"spoispoi"},"content":"    public Deadline(String description, String by) {","lastModifiedDate":"2024-09-16","isFullCredit":false},{"lineNumber":5,"author":{"gitId":"spoispoi"},"content":"        super(description);","lastModifiedDate":"2024-09-16","isFullCredit":false},{"lineNumber":6,"author":{"gitId":"spoispoi"},"content":"        this.by \u003d by;","lastModifiedDate":"2024-09-16","isFullCredit":false},{"lineNumber":7,"author":{"gitId":"spoispoi"},"content":"    }","lastModifiedDate":"2024-09-16","isFullCredit":false},{"lineNumber":8,"author":{"gitId":"spoispoi"},"content":"","lastModifiedDate":"2024-09-16","isFullCredit":false},{"lineNumber":9,"author":{"gitId":"spoispoi"},"content":"    @Override","lastModifiedDate":"2024-09-16","isFullCredit":false},{"lineNumber":10,"author":{"gitId":"spoispoi"},"content":"    public String toString() {","lastModifiedDate":"2024-09-16","isFullCredit":false},{"lineNumber":11,"author":{"gitId":"spoispoi"},"content":"        return \"[D]\" + super.toString() + \" (by: \" + by + \")\";","lastModifiedDate":"2024-09-16","isFullCredit":false},{"lineNumber":12,"author":{"gitId":"spoispoi"},"content":"    }","lastModifiedDate":"2024-09-16","isFullCredit":false},{"lineNumber":13,"author":{"gitId":"spoispoi"},"content":"}","lastModifiedDate":"2024-09-16","isFullCredit":false}],"authorContributionMap":{"spoispoi":13}},{"path":"src/main/java/Event.java","fileType":"java","lines":[{"lineNumber":1,"author":{"gitId":"spoispoi"},"content":"public class Event extends Task {","lastModifiedDate":"2024-09-16","isFullCredit":false},{"lineNumber":2,"author":{"gitId":"spoispoi"},"content":"    protected String from;","lastModifiedDate":"2024-09-16","isFullCredit":false},{"lineNumber":3,"author":{"gitId":"spoispoi"},"content":"    protected String to;","lastModifiedDate":"2024-09-16","isFullCredit":false},{"lineNumber":4,"author":{"gitId":"spoispoi"},"content":"","lastModifiedDate":"2024-09-16","isFullCredit":false},{"lineNumber":5,"author":{"gitId":"spoispoi"},"content":"    public Event(String description, String from, String to) {","lastModifiedDate":"2024-09-16","isFullCredit":false},{"lineNumber":6,"author":{"gitId":"spoispoi"},"content":"        super(description);","lastModifiedDate":"2024-09-16","isFullCredit":false},{"lineNumber":7,"author":{"gitId":"spoispoi"},"content":"        this.from \u003d from;","lastModifiedDate":"2024-09-16","isFullCredit":false},{"lineNumber":8,"author":{"gitId":"spoispoi"},"content":"        this.to \u003d to;","lastModifiedDate":"2024-09-16","isFullCredit":false},{"lineNumber":9,"author":{"gitId":"spoispoi"},"content":"    }","lastModifiedDate":"2024-09-16","isFullCredit":false},{"lineNumber":10,"author":{"gitId":"spoispoi"},"content":"","lastModifiedDate":"2024-09-16","isFullCredit":false},{"lineNumber":11,"author":{"gitId":"spoispoi"},"content":"    @Override","lastModifiedDate":"2024-09-16","isFullCredit":false},{"lineNumber":12,"author":{"gitId":"spoispoi"},"content":"    public String toString() {","lastModifiedDate":"2024-09-16","isFullCredit":false},{"lineNumber":13,"author":{"gitId":"spoispoi"},"content":"        return \"[E]\" + super.toString() + \" (from: \" + from + \" to: \" + to + \")\";","lastModifiedDate":"2024-09-16","isFullCredit":false},{"lineNumber":14,"author":{"gitId":"spoispoi"},"content":"    }","lastModifiedDate":"2024-09-16","isFullCredit":false},{"lineNumber":15,"author":{"gitId":"spoispoi"},"content":"}","lastModifiedDate":"2024-09-16","isFullCredit":false}],"authorContributionMap":{"spoispoi":15}},{"path":"src/main/java/Snitch.java","fileType":"java","lines":[{"lineNumber":1,"author":{"gitId":"spoispoi"},"content":"import java.util.Scanner;","lastModifiedDate":"2024-09-08","isFullCredit":false},{"lineNumber":2,"author":{"gitId":"spoispoi"},"content":"import java.util.ArrayList;","lastModifiedDate":"2024-09-08","isFullCredit":false},{"lineNumber":3,"author":{"gitId":"spoispoi"},"content":"","lastModifiedDate":"2024-09-08","isFullCredit":false},{"lineNumber":4,"author":{"gitId":"spoispoi"},"content":"public class Snitch {","lastModifiedDate":"2024-09-08","isFullCredit":false},{"lineNumber":5,"author":{"gitId":"-"},"content":"    public static void main(String[] args) {","lastModifiedDate":"2019-07-29","isFullCredit":false},{"lineNumber":6,"author":{"gitId":"-"},"content":"        String logo \u003d \" ____        _        \\n\"","lastModifiedDate":"2019-07-29","isFullCredit":false},{"lineNumber":7,"author":{"gitId":"-"},"content":"                + \"|  _ \\\\ _   _| | _____ \\n\"","lastModifiedDate":"2019-07-29","isFullCredit":false},{"lineNumber":8,"author":{"gitId":"-"},"content":"                + \"| | | | | | | |/ / _ \\\\\\n\"","lastModifiedDate":"2019-07-29","isFullCredit":false},{"lineNumber":9,"author":{"gitId":"-"},"content":"                + \"| |_| | |_| |   \u003c  __/\\n\"","lastModifiedDate":"2019-07-29","isFullCredit":false},{"lineNumber":10,"author":{"gitId":"-"},"content":"                + \"|____/ \\\\__,_|_|\\\\_\\\\___|\\n\";","lastModifiedDate":"2019-07-29","isFullCredit":false},{"lineNumber":11,"author":{"gitId":"spoispoi"},"content":"        System.out.println(\"Hello! I\u0027m Snitch!\\n\" + \"What can I do for you?\\n\" );","lastModifiedDate":"2024-09-08","isFullCredit":false},{"lineNumber":12,"author":{"gitId":"spoispoi"},"content":"","lastModifiedDate":"2024-09-08","isFullCredit":false},{"lineNumber":13,"author":{"gitId":"spoispoi"},"content":"        // Set up for user input","lastModifiedDate":"2024-09-08","isFullCredit":false},{"lineNumber":14,"author":{"gitId":"spoispoi"},"content":"        Scanner scanner \u003d new Scanner(System.in);","lastModifiedDate":"2024-09-08","isFullCredit":false},{"lineNumber":15,"author":{"gitId":"spoispoi"},"content":"","lastModifiedDate":"2024-09-08","isFullCredit":false},{"lineNumber":16,"author":{"gitId":"spoispoi"},"content":"        // Create a fixed-size array to store up to 100 tasks","lastModifiedDate":"2024-09-16","isFullCredit":false},{"lineNumber":17,"author":{"gitId":"spoispoi"},"content":"        Task[] tasks \u003d new Task[100];","lastModifiedDate":"2024-09-16","isFullCredit":false},{"lineNumber":18,"author":{"gitId":"spoispoi"},"content":"        int taskCount \u003d 0;  // To track the number of tasks added","lastModifiedDate":"2024-09-16","isFullCredit":false},{"lineNumber":19,"author":{"gitId":"spoispoi"},"content":"","lastModifiedDate":"2024-09-16","isFullCredit":false},{"lineNumber":20,"author":{"gitId":"spoispoi"},"content":"        //  keep accepting user input","lastModifiedDate":"2024-09-08","isFullCredit":false},{"lineNumber":21,"author":{"gitId":"spoispoi"},"content":"        while (true) {","lastModifiedDate":"2024-09-08","isFullCredit":false},{"lineNumber":22,"author":{"gitId":"spoispoi"},"content":"            // Get input from the user","lastModifiedDate":"2024-09-08","isFullCredit":false},{"lineNumber":23,"author":{"gitId":"spoispoi"},"content":"            String userInput \u003d scanner.nextLine();","lastModifiedDate":"2024-09-08","isFullCredit":false},{"lineNumber":24,"author":{"gitId":"spoispoi"},"content":"","lastModifiedDate":"2024-09-08","isFullCredit":false},{"lineNumber":25,"author":{"gitId":"spoispoi"},"content":"            // Check if the user types \"bye\"","lastModifiedDate":"2024-09-08","isFullCredit":false},{"lineNumber":26,"author":{"gitId":"spoispoi"},"content":"            if (userInput.equalsIgnoreCase(\"bye\")) {","lastModifiedDate":"2024-09-08","isFullCredit":false},{"lineNumber":27,"author":{"gitId":"spoispoi"},"content":"                System.out.println(\"Bye. Hope to see you again soon!\");","lastModifiedDate":"2024-09-08","isFullCredit":false},{"lineNumber":28,"author":{"gitId":"spoispoi"},"content":"                break;  // Exit the loop","lastModifiedDate":"2024-09-16","isFullCredit":false},{"lineNumber":29,"author":{"gitId":"-"},"content":"            }","lastModifiedDate":"2019-07-29","isFullCredit":false},{"lineNumber":30,"author":{"gitId":"spoispoi"},"content":"","lastModifiedDate":"2024-09-16","isFullCredit":false},{"lineNumber":31,"author":{"gitId":"spoispoi"},"content":"            // Check if the user types \"list\"","lastModifiedDate":"2024-09-08","isFullCredit":false},{"lineNumber":32,"author":{"gitId":"spoispoi"},"content":"            if (userInput.equalsIgnoreCase(\"list\")) {","lastModifiedDate":"2024-09-08","isFullCredit":false},{"lineNumber":33,"author":{"gitId":"spoispoi"},"content":"                System.out.println(\"Here are the tasks in your list:\");","lastModifiedDate":"2024-09-16","isFullCredit":false},{"lineNumber":34,"author":{"gitId":"spoispoi"},"content":"                for (int i \u003d 0; i \u003c taskCount; i++) {","lastModifiedDate":"2024-09-16","isFullCredit":false},{"lineNumber":35,"author":{"gitId":"spoispoi"},"content":"                    System.out.println((i + 1) + \".\" + tasks[i].toString());","lastModifiedDate":"2024-09-16","isFullCredit":false},{"lineNumber":36,"author":{"gitId":"spoispoi"},"content":"                }","lastModifiedDate":"2024-09-16","isFullCredit":false},{"lineNumber":37,"author":{"gitId":"spoispoi"},"content":"            }","lastModifiedDate":"2024-09-16","isFullCredit":false},{"lineNumber":38,"author":{"gitId":"spoispoi"},"content":"            // Adding tasks: ToDo, Deadline, Event","lastModifiedDate":"2024-09-16","isFullCredit":false},{"lineNumber":39,"author":{"gitId":"spoispoi"},"content":"            else if (userInput.startsWith(\"todo\")) {","lastModifiedDate":"2024-09-16","isFullCredit":false},{"lineNumber":40,"author":{"gitId":"spoispoi"},"content":"                String description \u003d userInput.substring(5);","lastModifiedDate":"2024-09-16","isFullCredit":false},{"lineNumber":41,"author":{"gitId":"spoispoi"},"content":"                tasks[taskCount] \u003d new Todo(description);","lastModifiedDate":"2024-09-16","isFullCredit":false},{"lineNumber":42,"author":{"gitId":"spoispoi"},"content":"                taskCount++;","lastModifiedDate":"2024-09-16","isFullCredit":false},{"lineNumber":43,"author":{"gitId":"spoispoi"},"content":"                System.out.println(\"Got it. I\u0027ve added this task:\");","lastModifiedDate":"2024-09-16","isFullCredit":false},{"lineNumber":44,"author":{"gitId":"spoispoi"},"content":"                System.out.println(\"  \" + tasks[taskCount - 1]);","lastModifiedDate":"2024-09-16","isFullCredit":false},{"lineNumber":45,"author":{"gitId":"spoispoi"},"content":"                System.out.println(\"Now you have \" + taskCount + \" tasks in the list.\");","lastModifiedDate":"2024-09-16","isFullCredit":false},{"lineNumber":46,"author":{"gitId":"spoispoi"},"content":"            }","lastModifiedDate":"2024-09-16","isFullCredit":false},{"lineNumber":47,"author":{"gitId":"spoispoi"},"content":"            else if (userInput.startsWith(\"deadline\")) {","lastModifiedDate":"2024-09-16","isFullCredit":false},{"lineNumber":48,"author":{"gitId":"spoispoi"},"content":"                String[] parts \u003d userInput.split(\"/by \");","lastModifiedDate":"2024-09-16","isFullCredit":false},{"lineNumber":49,"author":{"gitId":"spoispoi"},"content":"                String description \u003d parts[0].substring(9);","lastModifiedDate":"2024-09-16","isFullCredit":false},{"lineNumber":50,"author":{"gitId":"spoispoi"},"content":"                String by \u003d parts[1];","lastModifiedDate":"2024-09-16","isFullCredit":false},{"lineNumber":51,"author":{"gitId":"spoispoi"},"content":"                tasks[taskCount] \u003d new Deadline(description, by);","lastModifiedDate":"2024-09-16","isFullCredit":false},{"lineNumber":52,"author":{"gitId":"spoispoi"},"content":"                taskCount++;","lastModifiedDate":"2024-09-16","isFullCredit":false},{"lineNumber":53,"author":{"gitId":"spoispoi"},"content":"                System.out.println(\"Got it. I\u0027ve added this task:\");","lastModifiedDate":"2024-09-16","isFullCredit":false},{"lineNumber":54,"author":{"gitId":"spoispoi"},"content":"                System.out.println(\"  \" + tasks[taskCount - 1]);","lastModifiedDate":"2024-09-16","isFullCredit":false},{"lineNumber":55,"author":{"gitId":"spoispoi"},"content":"                System.out.println(\"Now you have \" + taskCount + \" tasks in the list.\");","lastModifiedDate":"2024-09-16","isFullCredit":false},{"lineNumber":56,"author":{"gitId":"spoispoi"},"content":"            }","lastModifiedDate":"2024-09-08","isFullCredit":false},{"lineNumber":57,"author":{"gitId":"spoispoi"},"content":"            else if (userInput.startsWith(\"event\")) {","lastModifiedDate":"2024-09-16","isFullCredit":false},{"lineNumber":58,"author":{"gitId":"spoispoi"},"content":"                String[] parts \u003d userInput.split(\"/from | /to \");","lastModifiedDate":"2024-09-16","isFullCredit":false},{"lineNumber":59,"author":{"gitId":"spoispoi"},"content":"                String description \u003d parts[0].substring(6);","lastModifiedDate":"2024-09-16","isFullCredit":false},{"lineNumber":60,"author":{"gitId":"spoispoi"},"content":"                String from \u003d parts[1];","lastModifiedDate":"2024-09-16","isFullCredit":false},{"lineNumber":61,"author":{"gitId":"spoispoi"},"content":"                String to \u003d parts[2];","lastModifiedDate":"2024-09-16","isFullCredit":false},{"lineNumber":62,"author":{"gitId":"spoispoi"},"content":"                tasks[taskCount] \u003d new Event(description, from, to);","lastModifiedDate":"2024-09-16","isFullCredit":false},{"lineNumber":63,"author":{"gitId":"spoispoi"},"content":"                taskCount++;","lastModifiedDate":"2024-09-16","isFullCredit":false},{"lineNumber":64,"author":{"gitId":"spoispoi"},"content":"                System.out.println(\"Got it. I\u0027ve added this task:\");","lastModifiedDate":"2024-09-16","isFullCredit":false},{"lineNumber":65,"author":{"gitId":"spoispoi"},"content":"                System.out.println(\"  \" + tasks[taskCount - 1]);","lastModifiedDate":"2024-09-16","isFullCredit":false},{"lineNumber":66,"author":{"gitId":"spoispoi"},"content":"                System.out.println(\"Now you have \" + taskCount + \" tasks in the list.\");","lastModifiedDate":"2024-09-16","isFullCredit":false},{"lineNumber":67,"author":{"gitId":"spoispoi"},"content":"            }","lastModifiedDate":"2024-09-08","isFullCredit":false},{"lineNumber":68,"author":{"gitId":"spoispoi"},"content":"            else {","lastModifiedDate":"2024-09-16","isFullCredit":false},{"lineNumber":69,"author":{"gitId":"spoispoi"},"content":"                System.out.println(\"What are you asking??\");","lastModifiedDate":"2024-09-16","isFullCredit":false},{"lineNumber":70,"author":{"gitId":"-"},"content":"            }","lastModifiedDate":"2019-07-29","isFullCredit":false},{"lineNumber":71,"author":{"gitId":"spoispoi"},"content":"        }","lastModifiedDate":"2024-09-16","isFullCredit":false},{"lineNumber":72,"author":{"gitId":"spoispoi"},"content":"","lastModifiedDate":"2024-09-16","isFullCredit":false},{"lineNumber":73,"author":{"gitId":"spoispoi"},"content":"        // Close the scanner","lastModifiedDate":"2024-09-08","isFullCredit":false},{"lineNumber":74,"author":{"gitId":"spoispoi"},"content":"        scanner.close();","lastModifiedDate":"2024-09-08","isFullCredit":false},{"lineNumber":75,"author":{"gitId":"spoispoi"},"content":"    }","lastModifiedDate":"2024-09-08","isFullCredit":false},{"lineNumber":76,"author":{"gitId":"spoispoi"},"content":"}","lastModifiedDate":"2024-09-08","isFullCredit":false}],"authorContributionMap":{"spoispoi":68,"-":8}},{"path":"src/main/java/Task.java","fileType":"java","lines":[{"lineNumber":1,"author":{"gitId":"spoispoi"},"content":"public class Task {","lastModifiedDate":"2024-09-16","isFullCredit":false},{"lineNumber":2,"author":{"gitId":"spoispoi"},"content":"    protected String description;","lastModifiedDate":"2024-09-16","isFullCredit":false},{"lineNumber":3,"author":{"gitId":"spoispoi"},"content":"    protected boolean isDone;","lastModifiedDate":"2024-09-16","isFullCredit":false},{"lineNumber":4,"author":{"gitId":"spoispoi"},"content":"","lastModifiedDate":"2024-09-16","isFullCredit":false},{"lineNumber":5,"author":{"gitId":"spoispoi"},"content":"    public Task(String description) {","lastModifiedDate":"2024-09-16","isFullCredit":false},{"lineNumber":6,"author":{"gitId":"spoispoi"},"content":"        this.description \u003d description;","lastModifiedDate":"2024-09-16","isFullCredit":false},{"lineNumber":7,"author":{"gitId":"spoispoi"},"content":"        this.isDone \u003d false;","lastModifiedDate":"2024-09-16","isFullCredit":false},{"lineNumber":8,"author":{"gitId":"spoispoi"},"content":"    }","lastModifiedDate":"2024-09-16","isFullCredit":false},{"lineNumber":9,"author":{"gitId":"spoispoi"},"content":"","lastModifiedDate":"2024-09-16","isFullCredit":false},{"lineNumber":10,"author":{"gitId":"spoispoi"},"content":"    public void markAsDone() {","lastModifiedDate":"2024-09-16","isFullCredit":false},{"lineNumber":11,"author":{"gitId":"spoispoi"},"content":"        this.isDone \u003d true;","lastModifiedDate":"2024-09-16","isFullCredit":false},{"lineNumber":12,"author":{"gitId":"spoispoi"},"content":"    }","lastModifiedDate":"2024-09-16","isFullCredit":false},{"lineNumber":13,"author":{"gitId":"spoispoi"},"content":"","lastModifiedDate":"2024-09-16","isFullCredit":false},{"lineNumber":14,"author":{"gitId":"spoispoi"},"content":"    public String getStatusIcon() {","lastModifiedDate":"2024-09-16","isFullCredit":false},{"lineNumber":15,"author":{"gitId":"spoispoi"},"content":"        return (isDone ? \"[X]\" : \"[ ]\"); // mark done task with X","lastModifiedDate":"2024-09-16","isFullCredit":false},{"lineNumber":16,"author":{"gitId":"spoispoi"},"content":"    }","lastModifiedDate":"2024-09-16","isFullCredit":false},{"lineNumber":17,"author":{"gitId":"spoispoi"},"content":"","lastModifiedDate":"2024-09-16","isFullCredit":false},{"lineNumber":18,"author":{"gitId":"spoispoi"},"content":"    @Override","lastModifiedDate":"2024-09-16","isFullCredit":false},{"lineNumber":19,"author":{"gitId":"spoispoi"},"content":"    public String toString() {","lastModifiedDate":"2024-09-16","isFullCredit":false},{"lineNumber":20,"author":{"gitId":"spoispoi"},"content":"        return getStatusIcon() + \" \" + description;","lastModifiedDate":"2024-09-16","isFullCredit":false},{"lineNumber":21,"author":{"gitId":"spoispoi"},"content":"    }","lastModifiedDate":"2024-09-16","isFullCredit":false},{"lineNumber":22,"author":{"gitId":"spoispoi"},"content":"}","lastModifiedDate":"2024-09-16","isFullCredit":false}],"authorContributionMap":{"spoispoi":22}},{"path":"src/main/java/Todo.java","fileType":"java","lines":[{"lineNumber":1,"author":{"gitId":"spoispoi"},"content":"public class Todo extends Task {","lastModifiedDate":"2024-09-16","isFullCredit":false},{"lineNumber":2,"author":{"gitId":"spoispoi"},"content":"","lastModifiedDate":"2024-09-16","isFullCredit":false},{"lineNumber":3,"author":{"gitId":"spoispoi"},"content":"    public Todo(String description) {","lastModifiedDate":"2024-09-16","isFullCredit":false},{"lineNumber":4,"author":{"gitId":"spoispoi"},"content":"        super(description);","lastModifiedDate":"2024-09-16","isFullCredit":false},{"lineNumber":5,"author":{"gitId":"spoispoi"},"content":"    }","lastModifiedDate":"2024-09-16","isFullCredit":false},{"lineNumber":6,"author":{"gitId":"spoispoi"},"content":"","lastModifiedDate":"2024-09-16","isFullCredit":false},{"lineNumber":7,"author":{"gitId":"spoispoi"},"content":"    @Override","lastModifiedDate":"2024-09-16","isFullCredit":false},{"lineNumber":8,"author":{"gitId":"spoispoi"},"content":"    public String toString() {","lastModifiedDate":"2024-09-16","isFullCredit":false},{"lineNumber":9,"author":{"gitId":"spoispoi"},"content":"        return \"[T]\" + super.toString();","lastModifiedDate":"2024-09-16","isFullCredit":false},{"lineNumber":10,"author":{"gitId":"spoispoi"},"content":"    }","lastModifiedDate":"2024-09-16","isFullCredit":false},{"lineNumber":11,"author":{"gitId":"spoispoi"},"content":"}","lastModifiedDate":"2024-09-16","isFullCredit":false}],"authorContributionMap":{"spoispoi":11}}]
