{"authorDailyContributionsMap":{"spoispoi":[{"date":"2024-09-08","commitResults":[{"hash":"24dada98257ccadfd56fd7ee099c12ff37efa459","isMergeCommit":false,"messageTitle":"Level-0: Rename, Greet, Exit","messageBody":"","tags":["Level-0"],"fileTypesAndContributionMap":{"java":{"insertions":2,"deletions":2}}},{"hash":"38a5cead943d0f2f6060c28c02ff951ecfee00fd","isMergeCommit":false,"messageTitle":"Level-1: Echo","messageBody":"","tags":["Level-1"],"fileTypesAndContributionMap":{"java":{"insertions":27,"deletions":2}}},{"hash":"981ba53f83a063e0e0a1a31db9c1355645045ad1","isMergeCommit":false,"messageTitle":"Level-2: Add, List","messageBody":"","tags":["Level-2"],"fileTypesAndContributionMap":{"java":{"insertions":13,"deletions":4}}}]},{"date":"2024-09-16","commitResults":[{"hash":"60cb289cf38626632495b0b1c76cd5b5bc136d14","isMergeCommit":false,"messageTitle":"Level-4","messageBody":"","tags":["Level-4"],"fileTypesAndContributionMap":{"java":{"insertions":106,"deletions":13}}}]},{"date":"2024-10-21","commitResults":[{"hash":"5fcc71380f980ac8f2bc65af4b259ca8938103bb","isMergeCommit":false,"messageTitle":"Level-5: Handle Errors","messageBody":"","tags":["Level-5"],"fileTypesAndContributionMap":{"java":{"insertions":94,"deletions":66}}},{"hash":"db65c8ee875ab3ba2f18e021aa19a1c025b64f25","isMergeCommit":false,"messageTitle":"Level-6: Delete","messageBody":"","tags":["Level-6"],"fileTypesAndContributionMap":{"java":{"insertions":95,"deletions":82}}}]},{"date":"2024-11-09","commitResults":[{"hash":"8385d503c32d96c895c5268b007371431a1e5c17","isMergeCommit":false,"messageTitle":"Level-7: Save","messageBody":"","tags":["Level-7"],"fileTypesAndContributionMap":{"txt":{"insertions":2,"deletions":0},"java":{"insertions":98,"deletions":3}}},{"hash":"a7b9629f9ef3f3dd1ce52529c166cb674a8ffbf4","isMergeCommit":false,"messageTitle":"Level-7: A-More OOP","messageBody":"","tags":["Level-7-MoreOOP"],"fileTypesAndContributionMap":{"txt":{"insertions":2,"deletions":0},"java":{"insertions":214,"deletions":133}}},{"hash":"5521ab5bae53361d74ad8d6f5ef703be3e35cd1b","isMergeCommit":false,"messageTitle":"Level-7: A-Packages","messageBody":"","tags":["Level-7-Packages"],"fileTypesAndContributionMap":{"txt":{"insertions":1,"deletions":0},"java":{"insertions":115,"deletions":12}}},{"hash":"719ebf914461d5ff4a7e328dcfefbbb6c1720a9c","isMergeCommit":true,"messageTitle":"Merge branch \u0027add-gradle-support\u0027 of https://github.com/nus-tic2002-AY2425S1/duke","messageBody":"","fileTypesAndContributionMap":{}}]},{"date":"2024-11-10","commitResults":[{"hash":"74c4be8c009e19045ee3adf9a600f4b4b1e8a529","isMergeCommit":false,"messageTitle":"Level-8, A-JavaDoc, A-Gradle, A-JUnit","messageBody":"","tags":["Level-8-A-JavaDoc-A-Gradle-A-JUnit"],"fileTypesAndContributionMap":{"gradle":{"insertions":1,"deletions":1},"txt":{"insertions":0,"deletions":5},"java":{"insertions":638,"deletions":91}}},{"hash":"70060da0dfaaec9efa4b810d74b1a07c85542b35","isMergeCommit":false,"messageTitle":"Level-9.Find Individual Feature C-Better Search","messageBody":"","tags":["Level-9-Find-IndividualFeature-C-BetterSearch"],"fileTypesAndContributionMap":{"txt":{"insertions":6,"deletions":0},"java":{"insertions":115,"deletions":2}}},{"hash":"f8b68240be92c90c6a65e41d97e35edc98adf0ea","isMergeCommit":false,"messageTitle":"Level-10.Improved better search.Assertions","messageBody":"","tags":["Level-10-ImprovedBetterSearch-Assertions"],"fileTypesAndContributionMap":{"txt":{"insertions":0,"deletions":1},"java":{"insertions":34,"deletions":4}}},{"hash":"cda23ca54fa3a694c9cc27098a6ef5ef3b22bbce","isMergeCommit":false,"messageTitle":"Level-10.Improved better search.Assertions 2","messageBody":"","tags":["V1.0.0","Level-10-ImprovedBetterSearch-Assertions-2"],"fileTypesAndContributionMap":{"java":{"insertions":22,"deletions":10}}},{"hash":"705cdd2be7c72e64903a4b70b475fc01d60c519b","isMergeCommit":false,"messageTitle":"Level-10.Improved better search.Assertions 3","messageBody":"","tags":["Level-10-ImprovedBetterSearch-Assertions-3"],"fileTypesAndContributionMap":{"java":{"insertions":89,"deletions":1}}},{"hash":"5cf905a540b4e882b1511819626f33fc9d5b266b","isMergeCommit":false,"messageTitle":"adding mark unmark for intro","messageBody":"","tags":["V1.0.1"],"fileTypesAndContributionMap":{"java":{"insertions":1,"deletions":0}}}]},{"date":"2024-11-11","commitResults":[{"hash":"27a080994656a2899ce01707b87015e939a3b02a","isMergeCommit":false,"messageTitle":"deadline support for string and date","messageBody":"","fileTypesAndContributionMap":{"txt":{"insertions":4,"deletions":4},"java":{"insertions":41,"deletions":14}}},{"hash":"00af12ab08ee736121f7307775363b8b47233385","isMergeCommit":false,"messageTitle":"editing Testing files","messageBody":"","tags":["Editing-Testing-Files"],"fileTypesAndContributionMap":{"txt":{"insertions":1,"deletions":5},"java":{"insertions":24,"deletions":28}}}]}]},"authorFileTypeContributionMap":{"spoispoi":{"java":1269,"md":0,"fxml":0,"sh":0,"bat":0,"gradle":1,"txt":1}},"authorContributionVariance":{"spoispoi":15975.6045},"authorDisplayNameMap":{"spoispoi":"RODR..LUPO"}}
