{"authorDailyContributionsMap":{"spoispoi":[{"date":"2024-09-08","commitResults":[{"hash":"24dada98257ccadfd56fd7ee099c12ff37efa459","isMergeCommit":false,"messageTitle":"Level-0: Rename, Greet, Exit","messageBody":"","tags":["Level-0"],"fileTypesAndContributionMap":{"java":{"insertions":2,"deletions":2}}},{"hash":"38a5cead943d0f2f6060c28c02ff951ecfee00fd","isMergeCommit":false,"messageTitle":"Level-1: Echo","messageBody":"","tags":["Level-1"],"fileTypesAndContributionMap":{"java":{"insertions":27,"deletions":2}}},{"hash":"981ba53f83a063e0e0a1a31db9c1355645045ad1","isMergeCommit":false,"messageTitle":"Level-2: Add, List","messageBody":"","tags":["Level-2"],"fileTypesAndContributionMap":{"java":{"insertions":13,"deletions":4}}}]},{"date":"2024-09-16","commitResults":[{"hash":"60cb289cf38626632495b0b1c76cd5b5bc136d14","isMergeCommit":false,"messageTitle":"Level-4","messageBody":"","tags":["Level-4"],"fileTypesAndContributionMap":{"java":{"insertions":106,"deletions":13}}}]},{"date":"2024-10-21","commitResults":[{"hash":"5fcc71380f980ac8f2bc65af4b259ca8938103bb","isMergeCommit":false,"messageTitle":"Level-5: Handle Errors","messageBody":"","tags":["Level-5"],"fileTypesAndContributionMap":{"java":{"insertions":94,"deletions":66}}},{"hash":"db65c8ee875ab3ba2f18e021aa19a1c025b64f25","isMergeCommit":false,"messageTitle":"Level-6: Delete","messageBody":"","tags":["Level-6"],"fileTypesAndContributionMap":{"java":{"insertions":95,"deletions":82}}}]}]},"authorFileTypeContributionMap":{"spoispoi":{"java":170,"md":0,"fxml":0,"sh":0,"bat":0,"gradle":0,"txt":0}},"authorContributionVariance":{"spoispoi":1783.4347},"authorDisplayNameMap":{"spoispoi":"RODR..LUPO"}}
