[{"path":"README.md","fileType":"md","lines":[{"lineNumber":1,"author":{"gitId":"e0895780"},"content":"# Denny project template","lastModifiedDate":"2024-08-31","isFullCredit":false},{"lineNumber":2,"author":{"gitId":"-"},"content":"","lastModifiedDate":"2020-05-25","isFullCredit":false},{"lineNumber":3,"author":{"gitId":"-"},"content":"This is a project template for a greenfield Java project. It\u0027s named after the Java mascot _Duke_. Given below are instructions on how to use it.","lastModifiedDate":"2020-05-25","isFullCredit":false},{"lineNumber":4,"author":{"gitId":"-"},"content":"","lastModifiedDate":"2020-05-25","isFullCredit":false},{"lineNumber":5,"author":{"gitId":"-"},"content":"## Setting up in Intellij","lastModifiedDate":"2020-05-25","isFullCredit":false},{"lineNumber":6,"author":{"gitId":"-"},"content":"","lastModifiedDate":"2020-05-25","isFullCredit":false},{"lineNumber":7,"author":{"gitId":"-"},"content":"Prerequisites: JDK 17, update Intellij to the most recent version.","lastModifiedDate":"2024-07-11","isFullCredit":false},{"lineNumber":8,"author":{"gitId":"-"},"content":"","lastModifiedDate":"2020-05-25","isFullCredit":false},{"lineNumber":9,"author":{"gitId":"-"},"content":"1. Open Intellij (if you are not in the welcome screen, click `File` \u003e `Close Project` to close the existing project first)","lastModifiedDate":"2021-01-17","isFullCredit":false},{"lineNumber":10,"author":{"gitId":"-"},"content":"1. Open the project into Intellij as follows:","lastModifiedDate":"2021-01-17","isFullCredit":false},{"lineNumber":11,"author":{"gitId":"-"},"content":"   1. Click `Open`.","lastModifiedDate":"2021-01-17","isFullCredit":false},{"lineNumber":12,"author":{"gitId":"-"},"content":"   1. Select the project directory, and click `OK`.","lastModifiedDate":"2021-01-17","isFullCredit":false},{"lineNumber":13,"author":{"gitId":"-"},"content":"   1. If there are any further prompts, accept the defaults.","lastModifiedDate":"2020-05-25","isFullCredit":false},{"lineNumber":14,"author":{"gitId":"-"},"content":"1. Configure the project to use **JDK 17** (not other versions) as explained in [here](https://www.jetbrains.com/help/idea/sdk.html#set-up-jdk).\u003cbr\u003e","lastModifiedDate":"2024-07-11","isFullCredit":false},{"lineNumber":15,"author":{"gitId":"-"},"content":"   In the same dialog, set the **Project language level** field to the `SDK default` option.","lastModifiedDate":"2021-07-29","isFullCredit":false},{"lineNumber":16,"author":{"gitId":"e0895780"},"content":"3. After that, locate the `src/main/java/Denny.java` file, right-click it, and choose `Run Denny.main()` (if the code editor is showing compile errors, try restarting the IDE). If the setup is correct, you should see something like the below as the output:","lastModifiedDate":"2024-08-31","isFullCredit":false},{"lineNumber":17,"author":{"gitId":"-"},"content":"   ```","lastModifiedDate":"2020-05-25","isFullCredit":false},{"lineNumber":18,"author":{"gitId":"-"},"content":"   Hello from","lastModifiedDate":"2020-05-25","isFullCredit":false},{"lineNumber":19,"author":{"gitId":"e0895780"},"content":"   ____                         ","lastModifiedDate":"2024-09-04","isFullCredit":false},{"lineNumber":20,"author":{"gitId":"e0895780"},"content":"   |  _ \\  ___ _ __  _ __  _   _ ","lastModifiedDate":"2024-09-04","isFullCredit":false},{"lineNumber":21,"author":{"gitId":"e0895780"},"content":"   | | | |/ _ \\ \u0027_ \\| \u0027_ \\| | | |","lastModifiedDate":"2024-09-04","isFullCredit":false},{"lineNumber":22,"author":{"gitId":"e0895780"},"content":"   | |_| |  __/ | | | | | | |_| |","lastModifiedDate":"2024-09-04","isFullCredit":false},{"lineNumber":23,"author":{"gitId":"e0895780"},"content":"   |____/ \\___|_| |_|_| |_|\\__, |","lastModifiedDate":"2024-09-04","isFullCredit":false},{"lineNumber":24,"author":{"gitId":"e0895780"},"content":"                           |___/ ","lastModifiedDate":"2024-09-04","isFullCredit":false},{"lineNumber":25,"author":{"gitId":"-"},"content":"   ```","lastModifiedDate":"2020-05-25","isFullCredit":false}],"authorContributionMap":{"e0895780":8,"-":17}},{"path":"docs/README.md","fileType":"md","lines":[{"lineNumber":1,"author":{"gitId":"e0895780"},"content":"# Denny User Guide","lastModifiedDate":"2024-08-31","isFullCredit":false},{"lineNumber":2,"author":{"gitId":"-"},"content":"","lastModifiedDate":"2019-07-29","isFullCredit":false},{"lineNumber":3,"author":{"gitId":"-"},"content":"// Update the title above to match the actual product name","lastModifiedDate":"2024-01-07","isFullCredit":false},{"lineNumber":4,"author":{"gitId":"-"},"content":"","lastModifiedDate":"2019-07-29","isFullCredit":false},{"lineNumber":5,"author":{"gitId":"-"},"content":"// Product screenshot goes here","lastModifiedDate":"2024-01-07","isFullCredit":false},{"lineNumber":6,"author":{"gitId":"-"},"content":"","lastModifiedDate":"2021-07-17","isFullCredit":false},{"lineNumber":7,"author":{"gitId":"-"},"content":"// Product intro goes here","lastModifiedDate":"2024-01-07","isFullCredit":false},{"lineNumber":8,"author":{"gitId":"-"},"content":"","lastModifiedDate":"2021-07-17","isFullCredit":false},{"lineNumber":9,"author":{"gitId":"-"},"content":"## Adding deadlines","lastModifiedDate":"2024-01-07","isFullCredit":false},{"lineNumber":10,"author":{"gitId":"-"},"content":"","lastModifiedDate":"2021-07-17","isFullCredit":false},{"lineNumber":11,"author":{"gitId":"-"},"content":"// Describe the action and its outcome.","lastModifiedDate":"2024-01-07","isFullCredit":false},{"lineNumber":12,"author":{"gitId":"-"},"content":"","lastModifiedDate":"2019-07-29","isFullCredit":false},{"lineNumber":13,"author":{"gitId":"-"},"content":"// Give examples of usage","lastModifiedDate":"2024-01-07","isFullCredit":false},{"lineNumber":14,"author":{"gitId":"-"},"content":"","lastModifiedDate":"2019-07-29","isFullCredit":false},{"lineNumber":15,"author":{"gitId":"-"},"content":"Example: `keyword (optional arguments)`","lastModifiedDate":"2024-01-07","isFullCredit":false},{"lineNumber":16,"author":{"gitId":"-"},"content":"","lastModifiedDate":"2019-07-29","isFullCredit":false},{"lineNumber":17,"author":{"gitId":"-"},"content":"// A description of the expected outcome goes here","lastModifiedDate":"2024-01-07","isFullCredit":false},{"lineNumber":18,"author":{"gitId":"-"},"content":"","lastModifiedDate":"2019-07-29","isFullCredit":false},{"lineNumber":19,"author":{"gitId":"-"},"content":"```","lastModifiedDate":"2024-01-07","isFullCredit":false},{"lineNumber":20,"author":{"gitId":"-"},"content":"expected output","lastModifiedDate":"2024-01-07","isFullCredit":false},{"lineNumber":21,"author":{"gitId":"-"},"content":"```","lastModifiedDate":"2024-01-07","isFullCredit":false},{"lineNumber":22,"author":{"gitId":"-"},"content":"","lastModifiedDate":"2019-07-29","isFullCredit":false},{"lineNumber":23,"author":{"gitId":"-"},"content":"## Feature ABC","lastModifiedDate":"2024-01-07","isFullCredit":false},{"lineNumber":24,"author":{"gitId":"-"},"content":"","lastModifiedDate":"2019-07-29","isFullCredit":false},{"lineNumber":25,"author":{"gitId":"-"},"content":"// Feature details","lastModifiedDate":"2024-01-07","isFullCredit":false},{"lineNumber":26,"author":{"gitId":"-"},"content":"","lastModifiedDate":"2019-07-29","isFullCredit":false},{"lineNumber":27,"author":{"gitId":"-"},"content":"","lastModifiedDate":"2021-07-17","isFullCredit":false},{"lineNumber":28,"author":{"gitId":"-"},"content":"## Feature XYZ","lastModifiedDate":"2024-01-07","isFullCredit":false},{"lineNumber":29,"author":{"gitId":"-"},"content":"","lastModifiedDate":"2024-01-07","isFullCredit":false},{"lineNumber":30,"author":{"gitId":"-"},"content":"// Feature details","lastModifiedDate":"2024-01-07","isFullCredit":false}],"authorContributionMap":{"e0895780":1,"-":29}},{"path":"src/main/java/Deadline.java","fileType":"java","lines":[{"lineNumber":1,"author":{"gitId":"e0895780"},"content":"public class Deadline extends Task {","lastModifiedDate":"2024-09-10","isFullCredit":false},{"lineNumber":2,"author":{"gitId":"e0895780"},"content":"    protected String by;","lastModifiedDate":"2024-09-10","isFullCredit":false},{"lineNumber":3,"author":{"gitId":"e0895780"},"content":"","lastModifiedDate":"2024-09-10","isFullCredit":false},{"lineNumber":4,"author":{"gitId":"e0895780"},"content":"    public Deadline(String description, String by) {","lastModifiedDate":"2024-09-10","isFullCredit":false},{"lineNumber":5,"author":{"gitId":"e0895780"},"content":"        super(description);","lastModifiedDate":"2024-09-10","isFullCredit":false},{"lineNumber":6,"author":{"gitId":"e0895780"},"content":"        this.by \u003d by;","lastModifiedDate":"2024-09-10","isFullCredit":false},{"lineNumber":7,"author":{"gitId":"e0895780"},"content":"    }","lastModifiedDate":"2024-09-10","isFullCredit":false},{"lineNumber":8,"author":{"gitId":"e0895780"},"content":"    @Override","lastModifiedDate":"2024-09-10","isFullCredit":false},{"lineNumber":9,"author":{"gitId":"e0895780"},"content":"    public String toString() {","lastModifiedDate":"2024-09-10","isFullCredit":false},{"lineNumber":10,"author":{"gitId":"e0895780"},"content":"        return \"[D]\" + super.toString() + \" (by: \" + by + \")\";","lastModifiedDate":"2024-09-10","isFullCredit":false},{"lineNumber":11,"author":{"gitId":"e0895780"},"content":"    }","lastModifiedDate":"2024-09-10","isFullCredit":false},{"lineNumber":12,"author":{"gitId":"e0895780"},"content":"}","lastModifiedDate":"2024-09-10","isFullCredit":false}],"authorContributionMap":{"e0895780":12}},{"path":"src/main/java/Denny.java","fileType":"java","lines":[{"lineNumber":1,"author":{"gitId":"e0895780"},"content":"import java.util.Scanner;","lastModifiedDate":"2024-08-31","isFullCredit":false},{"lineNumber":2,"author":{"gitId":"e0895780"},"content":"","lastModifiedDate":"2024-08-31","isFullCredit":false},{"lineNumber":3,"author":{"gitId":"e0895780"},"content":"public class Denny {","lastModifiedDate":"2024-08-31","isFullCredit":false},{"lineNumber":4,"author":{"gitId":"e0895780"},"content":"    private static final int MAX_TASKS \u003d 100;","lastModifiedDate":"2024-09-12","isFullCredit":false},{"lineNumber":5,"author":{"gitId":"e0895780"},"content":"    private static final Task[] tasks \u003d new Task[MAX_TASKS];","lastModifiedDate":"2024-09-12","isFullCredit":false},{"lineNumber":6,"author":{"gitId":"e0895780"},"content":"    private static int taskCount \u003d 0;","lastModifiedDate":"2024-09-12","isFullCredit":false},{"lineNumber":7,"author":{"gitId":"e0895780"},"content":"","lastModifiedDate":"2024-09-12","isFullCredit":false},{"lineNumber":8,"author":{"gitId":"e0895780"},"content":"    public static void main(String[] args) {","lastModifiedDate":"2024-08-31","isFullCredit":false},{"lineNumber":9,"author":{"gitId":"e0895780"},"content":"        UIUtil.printGreeting();","lastModifiedDate":"2024-09-18","isFullCredit":false},{"lineNumber":10,"author":{"gitId":"e0895780"},"content":"        processUserInput();","lastModifiedDate":"2024-09-12","isFullCredit":false},{"lineNumber":11,"author":{"gitId":"e0895780"},"content":"        UIUtil.printExitMessage();","lastModifiedDate":"2024-09-18","isFullCredit":false},{"lineNumber":12,"author":{"gitId":"e0895780"},"content":"    }","lastModifiedDate":"2024-09-12","isFullCredit":false},{"lineNumber":13,"author":{"gitId":"e0895780"},"content":"","lastModifiedDate":"2024-08-31","isFullCredit":false},{"lineNumber":14,"author":{"gitId":"e0895780"},"content":"    private static void processUserInput() {","lastModifiedDate":"2024-09-12","isFullCredit":false},{"lineNumber":15,"author":{"gitId":"e0895780"},"content":"        Scanner scanner \u003d new Scanner(System.in);","lastModifiedDate":"2024-08-31","isFullCredit":false},{"lineNumber":16,"author":{"gitId":"e0895780"},"content":"        String userInput;","lastModifiedDate":"2024-08-31","isFullCredit":false},{"lineNumber":17,"author":{"gitId":"e0895780"},"content":"","lastModifiedDate":"2024-08-31","isFullCredit":false},{"lineNumber":18,"author":{"gitId":"e0895780"},"content":"        while (true) {","lastModifiedDate":"2024-08-31","isFullCredit":false},{"lineNumber":19,"author":{"gitId":"e0895780"},"content":"            userInput \u003d scanner.nextLine();","lastModifiedDate":"2024-08-31","isFullCredit":false},{"lineNumber":20,"author":{"gitId":"e0895780"},"content":"","lastModifiedDate":"2024-08-31","isFullCredit":false},{"lineNumber":21,"author":{"gitId":"e0895780"},"content":"            if (userInput.equalsIgnoreCase(\"bye\")) {","lastModifiedDate":"2024-08-31","isFullCredit":false},{"lineNumber":22,"author":{"gitId":"e0895780"},"content":"                break;","lastModifiedDate":"2024-08-31","isFullCredit":false},{"lineNumber":23,"author":{"gitId":"e0895780"},"content":"            }","lastModifiedDate":"2024-09-12","isFullCredit":false},{"lineNumber":24,"author":{"gitId":"e0895780"},"content":"","lastModifiedDate":"2024-09-12","isFullCredit":false},{"lineNumber":25,"author":{"gitId":"e0895780"},"content":"            try {","lastModifiedDate":"2024-09-18","isFullCredit":false},{"lineNumber":26,"author":{"gitId":"e0895780"},"content":"                if (userInput.equalsIgnoreCase(\"list\")) {","lastModifiedDate":"2024-09-12","isFullCredit":false},{"lineNumber":27,"author":{"gitId":"e0895780"},"content":"                    listTasks();","lastModifiedDate":"2024-09-12","isFullCredit":false},{"lineNumber":28,"author":{"gitId":"e0895780"},"content":"                } else if (userInput.toLowerCase().startsWith(\"mark\")) {","lastModifiedDate":"2024-09-12","isFullCredit":false},{"lineNumber":29,"author":{"gitId":"e0895780"},"content":"                    markTaskAsDone(userInput);","lastModifiedDate":"2024-09-12","isFullCredit":false},{"lineNumber":30,"author":{"gitId":"e0895780"},"content":"                } else if (userInput.toLowerCase().startsWith(\"unmark\")) {","lastModifiedDate":"2024-09-12","isFullCredit":false},{"lineNumber":31,"author":{"gitId":"e0895780"},"content":"                    unmarkTask(userInput);","lastModifiedDate":"2024-09-12","isFullCredit":false},{"lineNumber":32,"author":{"gitId":"e0895780"},"content":"                } else if (userInput.toLowerCase().startsWith(\"todo\")) {","lastModifiedDate":"2024-09-12","isFullCredit":false},{"lineNumber":33,"author":{"gitId":"e0895780"},"content":"                    addTodoTask(userInput);","lastModifiedDate":"2024-09-12","isFullCredit":false},{"lineNumber":34,"author":{"gitId":"e0895780"},"content":"                } else if (userInput.toLowerCase().startsWith(\"deadline\")) {","lastModifiedDate":"2024-09-12","isFullCredit":false},{"lineNumber":35,"author":{"gitId":"e0895780"},"content":"                    addDeadlineTask(userInput);","lastModifiedDate":"2024-09-12","isFullCredit":false},{"lineNumber":36,"author":{"gitId":"e0895780"},"content":"                } else if (userInput.toLowerCase().startsWith(\"event\")) {","lastModifiedDate":"2024-09-12","isFullCredit":false},{"lineNumber":37,"author":{"gitId":"e0895780"},"content":"                    addEventTask(userInput);","lastModifiedDate":"2024-09-12","isFullCredit":false},{"lineNumber":38,"author":{"gitId":"e0895780"},"content":"                } else {","lastModifiedDate":"2024-09-12","isFullCredit":false},{"lineNumber":39,"author":{"gitId":"e0895780"},"content":"                    throw new IllegalArgumentException(\"Unknown command: \" + userInput);","lastModifiedDate":"2024-09-18","isFullCredit":false},{"lineNumber":40,"author":{"gitId":"e0895780"},"content":"                }","lastModifiedDate":"2024-09-18","isFullCredit":false},{"lineNumber":41,"author":{"gitId":"e0895780"},"content":"            } catch (IllegalArgumentException e) {","lastModifiedDate":"2024-09-18","isFullCredit":false},{"lineNumber":42,"author":{"gitId":"e0895780"},"content":"                UIUtil.printUnknownCommand(e.getMessage());","lastModifiedDate":"2024-09-18","isFullCredit":false},{"lineNumber":43,"author":{"gitId":"e0895780"},"content":"            } catch (Exception e) {","lastModifiedDate":"2024-09-18","isFullCredit":false},{"lineNumber":44,"author":{"gitId":"e0895780"},"content":"                UIUtil.printError(\" An unexpected error occurred: \" + e.getMessage());","lastModifiedDate":"2024-09-18","isFullCredit":false},{"lineNumber":45,"author":{"gitId":"e0895780"},"content":"            }","lastModifiedDate":"2024-09-12","isFullCredit":false},{"lineNumber":46,"author":{"gitId":"e0895780"},"content":"        }","lastModifiedDate":"2024-09-12","isFullCredit":false},{"lineNumber":47,"author":{"gitId":"e0895780"},"content":"        scanner.close();","lastModifiedDate":"2024-09-12","isFullCredit":false},{"lineNumber":48,"author":{"gitId":"e0895780"},"content":"    }","lastModifiedDate":"2024-09-12","isFullCredit":false},{"lineNumber":49,"author":{"gitId":"e0895780"},"content":"","lastModifiedDate":"2024-09-12","isFullCredit":false},{"lineNumber":50,"author":{"gitId":"e0895780"},"content":"    private static void listTasks() {","lastModifiedDate":"2024-09-12","isFullCredit":false},{"lineNumber":51,"author":{"gitId":"e0895780"},"content":"        UIUtil.printListTasksHeader();","lastModifiedDate":"2024-09-18","isFullCredit":false},{"lineNumber":52,"author":{"gitId":"e0895780"},"content":"        for (int i \u003d 0; i \u003c taskCount; i++) {","lastModifiedDate":"2024-08-31","isFullCredit":false},{"lineNumber":53,"author":{"gitId":"e0895780"},"content":"            System.out.println(\" \" + (i + 1) + \". \" + tasks[i]);","lastModifiedDate":"2024-08-31","isFullCredit":false},{"lineNumber":54,"author":{"gitId":"e0895780"},"content":"        }","lastModifiedDate":"2024-08-31","isFullCredit":false},{"lineNumber":55,"author":{"gitId":"e0895780"},"content":"        System.out.println(\"____________________________________________________________\");","lastModifiedDate":"2024-08-31","isFullCredit":false},{"lineNumber":56,"author":{"gitId":"e0895780"},"content":"    }","lastModifiedDate":"2024-09-12","isFullCredit":false},{"lineNumber":57,"author":{"gitId":"e0895780"},"content":"","lastModifiedDate":"2024-09-12","isFullCredit":false},{"lineNumber":58,"author":{"gitId":"e0895780"},"content":"    private static void markTaskAsDone(String userInput) {","lastModifiedDate":"2024-09-12","isFullCredit":false},{"lineNumber":59,"author":{"gitId":"e0895780"},"content":"        try {","lastModifiedDate":"2024-09-18","isFullCredit":false},{"lineNumber":60,"author":{"gitId":"e0895780"},"content":"            int taskIndex \u003d getTaskIndex(userInput);","lastModifiedDate":"2024-09-12","isFullCredit":false},{"lineNumber":61,"author":{"gitId":"e0895780"},"content":"            if (taskIndex !\u003d -1) {","lastModifiedDate":"2024-09-12","isFullCredit":false},{"lineNumber":62,"author":{"gitId":"e0895780"},"content":"                tasks[taskIndex].markAsDone();","lastModifiedDate":"2024-09-05","isFullCredit":false},{"lineNumber":63,"author":{"gitId":"e0895780"},"content":"                UIUtil.printTaskMarkedDone(tasks[taskIndex]);","lastModifiedDate":"2024-09-18","isFullCredit":false},{"lineNumber":64,"author":{"gitId":"e0895780"},"content":"            }","lastModifiedDate":"2024-09-18","isFullCredit":false},{"lineNumber":65,"author":{"gitId":"e0895780"},"content":"        } catch (Exception e) {","lastModifiedDate":"2024-09-18","isFullCredit":false},{"lineNumber":66,"author":{"gitId":"e0895780"},"content":"            UIUtil.printError(\"Error marking task as done: \" + e.getMessage());","lastModifiedDate":"2024-09-18","isFullCredit":false},{"lineNumber":67,"author":{"gitId":"e0895780"},"content":"        }","lastModifiedDate":"2024-09-12","isFullCredit":false},{"lineNumber":68,"author":{"gitId":"e0895780"},"content":"    }","lastModifiedDate":"2024-09-12","isFullCredit":false},{"lineNumber":69,"author":{"gitId":"e0895780"},"content":"","lastModifiedDate":"2024-09-12","isFullCredit":false},{"lineNumber":70,"author":{"gitId":"e0895780"},"content":"    private static void unmarkTask(String userInput) {","lastModifiedDate":"2024-09-12","isFullCredit":false},{"lineNumber":71,"author":{"gitId":"e0895780"},"content":"        try {","lastModifiedDate":"2024-09-18","isFullCredit":false},{"lineNumber":72,"author":{"gitId":"e0895780"},"content":"            int taskIndex \u003d getTaskIndex(userInput);","lastModifiedDate":"2024-09-12","isFullCredit":false},{"lineNumber":73,"author":{"gitId":"e0895780"},"content":"            if (taskIndex !\u003d -1) {","lastModifiedDate":"2024-09-12","isFullCredit":false},{"lineNumber":74,"author":{"gitId":"e0895780"},"content":"                tasks[taskIndex].markAsNotDone();","lastModifiedDate":"2024-09-05","isFullCredit":false},{"lineNumber":75,"author":{"gitId":"e0895780"},"content":"                UIUtil.printTaskUnmarked(tasks[taskIndex]);","lastModifiedDate":"2024-09-18","isFullCredit":false},{"lineNumber":76,"author":{"gitId":"e0895780"},"content":"            }","lastModifiedDate":"2024-09-18","isFullCredit":false},{"lineNumber":77,"author":{"gitId":"e0895780"},"content":"        } catch (Exception e) {","lastModifiedDate":"2024-09-18","isFullCredit":false},{"lineNumber":78,"author":{"gitId":"e0895780"},"content":"            UIUtil.printError(\"Error unmarking task: \" + e.getMessage());","lastModifiedDate":"2024-09-18","isFullCredit":false},{"lineNumber":79,"author":{"gitId":"e0895780"},"content":"        }","lastModifiedDate":"2024-09-12","isFullCredit":false},{"lineNumber":80,"author":{"gitId":"e0895780"},"content":"    }","lastModifiedDate":"2024-09-12","isFullCredit":false},{"lineNumber":81,"author":{"gitId":"e0895780"},"content":"","lastModifiedDate":"2024-09-12","isFullCredit":false},{"lineNumber":82,"author":{"gitId":"e0895780"},"content":"    private static void addTodoTask(String userInput) {","lastModifiedDate":"2024-09-12","isFullCredit":false},{"lineNumber":83,"author":{"gitId":"e0895780"},"content":"        try {","lastModifiedDate":"2024-09-18","isFullCredit":false},{"lineNumber":84,"author":{"gitId":"e0895780"},"content":"            if (userInput.length() \u003c\u003d 5) { // Check if input is too short","lastModifiedDate":"2024-09-18","isFullCredit":false},{"lineNumber":85,"author":{"gitId":"e0895780"},"content":"                throw new IllegalArgumentException(\"The description of a todo cannot be empty.\");","lastModifiedDate":"2024-09-18","isFullCredit":false},{"lineNumber":86,"author":{"gitId":"e0895780"},"content":"            }","lastModifiedDate":"2024-09-18","isFullCredit":false},{"lineNumber":87,"author":{"gitId":"e0895780"},"content":"            String description \u003d userInput.substring(5).trim(); // Extract the description","lastModifiedDate":"2024-09-18","isFullCredit":false},{"lineNumber":88,"author":{"gitId":"e0895780"},"content":"            if (description.isEmpty()) {","lastModifiedDate":"2024-09-18","isFullCredit":false},{"lineNumber":89,"author":{"gitId":"e0895780"},"content":"                throw new IllegalArgumentException(\"The description of a todo cannot be empty.\");","lastModifiedDate":"2024-09-18","isFullCredit":false},{"lineNumber":90,"author":{"gitId":"e0895780"},"content":"            }","lastModifiedDate":"2024-09-18","isFullCredit":false},{"lineNumber":91,"author":{"gitId":"e0895780"},"content":"            tasks[taskCount] \u003d new ToDo(description);","lastModifiedDate":"2024-09-10","isFullCredit":false},{"lineNumber":92,"author":{"gitId":"e0895780"},"content":"            taskCount++;","lastModifiedDate":"2024-09-10","isFullCredit":false},{"lineNumber":93,"author":{"gitId":"e0895780"},"content":"            UIUtil.printTaskAddedMessage(tasks[taskCount - 1]);","lastModifiedDate":"2024-09-18","isFullCredit":false},{"lineNumber":94,"author":{"gitId":"e0895780"},"content":"        } catch (StringIndexOutOfBoundsException e) {","lastModifiedDate":"2024-09-18","isFullCredit":false},{"lineNumber":95,"author":{"gitId":"e0895780"},"content":"            UIUtil.printError(\"An error occurred while processing your todo task. Please make sure you provide a description.\");","lastModifiedDate":"2024-09-18","isFullCredit":false},{"lineNumber":96,"author":{"gitId":"e0895780"},"content":"        } catch (IllegalArgumentException e) {","lastModifiedDate":"2024-09-18","isFullCredit":false},{"lineNumber":97,"author":{"gitId":"e0895780"},"content":"            UIUtil.printError(e.getMessage());","lastModifiedDate":"2024-09-18","isFullCredit":false},{"lineNumber":98,"author":{"gitId":"e0895780"},"content":"        } catch (Exception e) {","lastModifiedDate":"2024-09-18","isFullCredit":false},{"lineNumber":99,"author":{"gitId":"e0895780"},"content":"            UIUtil.printError(\"An unexpected error occurred: \" + e.getMessage());","lastModifiedDate":"2024-09-18","isFullCredit":false},{"lineNumber":100,"author":{"gitId":"e0895780"},"content":"        }","lastModifiedDate":"2024-09-18","isFullCredit":false},{"lineNumber":101,"author":{"gitId":"e0895780"},"content":"    }","lastModifiedDate":"2024-09-12","isFullCredit":false},{"lineNumber":102,"author":{"gitId":"e0895780"},"content":"","lastModifiedDate":"2024-09-12","isFullCredit":false},{"lineNumber":103,"author":{"gitId":"e0895780"},"content":"    private static void addDeadlineTask(String userInput) {","lastModifiedDate":"2024-09-12","isFullCredit":false},{"lineNumber":104,"author":{"gitId":"e0895780"},"content":"        try {","lastModifiedDate":"2024-09-18","isFullCredit":false},{"lineNumber":105,"author":{"gitId":"e0895780"},"content":"            if (!userInput.contains(\" /by \")) {","lastModifiedDate":"2024-09-18","isFullCredit":false},{"lineNumber":106,"author":{"gitId":"e0895780"},"content":"                throw new IllegalArgumentException(\"Please provide a valid deadline format: \u0027deadline \u003cdescription\u003e /by \u003cdate\u003e\u0027.\");","lastModifiedDate":"2024-09-18","isFullCredit":false},{"lineNumber":107,"author":{"gitId":"e0895780"},"content":"            }","lastModifiedDate":"2024-09-18","isFullCredit":false},{"lineNumber":108,"author":{"gitId":"e0895780"},"content":"            String[] parts \u003d userInput.split(\" /by \", 2);","lastModifiedDate":"2024-09-18","isFullCredit":false},{"lineNumber":109,"author":{"gitId":"e0895780"},"content":"            if (parts.length \u003c 2) {","lastModifiedDate":"2024-09-18","isFullCredit":false},{"lineNumber":110,"author":{"gitId":"e0895780"},"content":"                throw new IllegalArgumentException(\"Please provide the deadline in the format: deadline \u003cdescription\u003e /by \u003cdate\u003e\");","lastModifiedDate":"2024-09-18","isFullCredit":false},{"lineNumber":111,"author":{"gitId":"e0895780"},"content":"            }","lastModifiedDate":"2024-09-18","isFullCredit":false},{"lineNumber":112,"author":{"gitId":"e0895780"},"content":"            String description \u003d parts[0].substring(9).trim();","lastModifiedDate":"2024-09-18","isFullCredit":false},{"lineNumber":113,"author":{"gitId":"e0895780"},"content":"            String by \u003d parts[1].trim();","lastModifiedDate":"2024-09-18","isFullCredit":false},{"lineNumber":114,"author":{"gitId":"e0895780"},"content":"            tasks[taskCount] \u003d new Deadline(description, by);","lastModifiedDate":"2024-09-10","isFullCredit":false},{"lineNumber":115,"author":{"gitId":"e0895780"},"content":"            taskCount++;","lastModifiedDate":"2024-09-10","isFullCredit":false},{"lineNumber":116,"author":{"gitId":"e0895780"},"content":"            UIUtil.printTaskAddedMessage(tasks[taskCount - 1]);","lastModifiedDate":"2024-09-18","isFullCredit":false},{"lineNumber":117,"author":{"gitId":"e0895780"},"content":"        } catch (StringIndexOutOfBoundsException e) {","lastModifiedDate":"2024-09-18","isFullCredit":false},{"lineNumber":118,"author":{"gitId":"e0895780"},"content":"            UIUtil.printError(\"An error occurred while processing your deadline task. Please make sure the description is properly formatted.\");","lastModifiedDate":"2024-09-18","isFullCredit":false},{"lineNumber":119,"author":{"gitId":"e0895780"},"content":"        } catch (IllegalArgumentException e) {","lastModifiedDate":"2024-09-18","isFullCredit":false},{"lineNumber":120,"author":{"gitId":"e0895780"},"content":"            UIUtil.printError(e.getMessage());","lastModifiedDate":"2024-09-18","isFullCredit":false},{"lineNumber":121,"author":{"gitId":"e0895780"},"content":"        } catch (Exception e) {","lastModifiedDate":"2024-09-18","isFullCredit":false},{"lineNumber":122,"author":{"gitId":"e0895780"},"content":"            UIUtil.printError(\"An unexpected error occurred: \" + e.getMessage());","lastModifiedDate":"2024-09-18","isFullCredit":false},{"lineNumber":123,"author":{"gitId":"e0895780"},"content":"        }","lastModifiedDate":"2024-09-18","isFullCredit":false},{"lineNumber":124,"author":{"gitId":"e0895780"},"content":"    }","lastModifiedDate":"2024-09-12","isFullCredit":false},{"lineNumber":125,"author":{"gitId":"e0895780"},"content":"","lastModifiedDate":"2024-09-12","isFullCredit":false},{"lineNumber":126,"author":{"gitId":"e0895780"},"content":"    private static void addEventTask(String userInput) {","lastModifiedDate":"2024-09-12","isFullCredit":false},{"lineNumber":127,"author":{"gitId":"e0895780"},"content":"        try {","lastModifiedDate":"2024-09-18","isFullCredit":false},{"lineNumber":128,"author":{"gitId":"e0895780"},"content":"            String[] parts \u003d userInput.split(\" /from | /to \");","lastModifiedDate":"2024-09-10","isFullCredit":false},{"lineNumber":129,"author":{"gitId":"e0895780"},"content":"            if (parts.length \u003c 3) {","lastModifiedDate":"2024-09-18","isFullCredit":false},{"lineNumber":130,"author":{"gitId":"e0895780"},"content":"                throw new IllegalArgumentException(\"Please provide the event details in the format: event \u003cdescription\u003e /from \u003cstart date\u003e /to \u003cend date\u003e\");","lastModifiedDate":"2024-09-18","isFullCredit":false},{"lineNumber":131,"author":{"gitId":"e0895780"},"content":"            }","lastModifiedDate":"2024-09-18","isFullCredit":false},{"lineNumber":132,"author":{"gitId":"e0895780"},"content":"            String description \u003d parts[0].substring(6).trim();","lastModifiedDate":"2024-09-18","isFullCredit":false},{"lineNumber":133,"author":{"gitId":"e0895780"},"content":"            String from \u003d parts[1].trim();","lastModifiedDate":"2024-09-18","isFullCredit":false},{"lineNumber":134,"author":{"gitId":"e0895780"},"content":"            String to \u003d parts[2].trim();","lastModifiedDate":"2024-09-18","isFullCredit":false},{"lineNumber":135,"author":{"gitId":"e0895780"},"content":"            if (description.isEmpty() || from.isEmpty() || to.isEmpty()) {","lastModifiedDate":"2024-09-18","isFullCredit":false},{"lineNumber":136,"author":{"gitId":"e0895780"},"content":"                throw new IllegalArgumentException(\"None of the event details can be empty.\");","lastModifiedDate":"2024-09-18","isFullCredit":false},{"lineNumber":137,"author":{"gitId":"e0895780"},"content":"            }","lastModifiedDate":"2024-09-18","isFullCredit":false},{"lineNumber":138,"author":{"gitId":"e0895780"},"content":"            tasks[taskCount] \u003d new Event(description, from, to);","lastModifiedDate":"2024-09-10","isFullCredit":false},{"lineNumber":139,"author":{"gitId":"e0895780"},"content":"            taskCount++;","lastModifiedDate":"2024-08-31","isFullCredit":false},{"lineNumber":140,"author":{"gitId":"e0895780"},"content":"            UIUtil.printTaskAddedMessage(tasks[taskCount - 1]);","lastModifiedDate":"2024-09-18","isFullCredit":false},{"lineNumber":141,"author":{"gitId":"e0895780"},"content":"        } catch (IllegalArgumentException e) {","lastModifiedDate":"2024-09-18","isFullCredit":false},{"lineNumber":142,"author":{"gitId":"e0895780"},"content":"            UIUtil.printError(e.getMessage());","lastModifiedDate":"2024-09-18","isFullCredit":false},{"lineNumber":143,"author":{"gitId":"e0895780"},"content":"        }","lastModifiedDate":"2024-09-12","isFullCredit":false},{"lineNumber":144,"author":{"gitId":"e0895780"},"content":"    }","lastModifiedDate":"2024-09-12","isFullCredit":false},{"lineNumber":145,"author":{"gitId":"e0895780"},"content":"","lastModifiedDate":"2024-09-12","isFullCredit":false},{"lineNumber":146,"author":{"gitId":"e0895780"},"content":"    private static int getTaskIndex(String userInput) {","lastModifiedDate":"2024-09-12","isFullCredit":false},{"lineNumber":147,"author":{"gitId":"e0895780"},"content":"        try {","lastModifiedDate":"2024-09-12","isFullCredit":false},{"lineNumber":148,"author":{"gitId":"e0895780"},"content":"            String[] parts \u003d userInput.split(\" \");","lastModifiedDate":"2024-09-12","isFullCredit":false},{"lineNumber":149,"author":{"gitId":"e0895780"},"content":"            int taskIndex \u003d Integer.parseInt(parts[1]) - 1;","lastModifiedDate":"2024-09-12","isFullCredit":false},{"lineNumber":150,"author":{"gitId":"e0895780"},"content":"            if (taskIndex \u003e\u003d 0 \u0026\u0026 taskIndex \u003c taskCount) {","lastModifiedDate":"2024-09-12","isFullCredit":false},{"lineNumber":151,"author":{"gitId":"e0895780"},"content":"                return taskIndex;","lastModifiedDate":"2024-09-12","isFullCredit":false},{"lineNumber":152,"author":{"gitId":"e0895780"},"content":"            } else {","lastModifiedDate":"2024-09-10","isFullCredit":false},{"lineNumber":153,"author":{"gitId":"e0895780"},"content":"                throw new IndexOutOfBoundsException(\"Task index out of bounds.\");","lastModifiedDate":"2024-09-18","isFullCredit":false},{"lineNumber":154,"author":{"gitId":"e0895780"},"content":"            }","lastModifiedDate":"2024-08-31","isFullCredit":false},{"lineNumber":155,"author":{"gitId":"e0895780"},"content":"        } catch (NumberFormatException e) {","lastModifiedDate":"2024-09-18","isFullCredit":false},{"lineNumber":156,"author":{"gitId":"e0895780"},"content":"            throw new IllegalArgumentException(\"Invalid task number format.\");","lastModifiedDate":"2024-09-18","isFullCredit":false},{"lineNumber":157,"author":{"gitId":"e0895780"},"content":"        } catch (ArrayIndexOutOfBoundsException e) {","lastModifiedDate":"2024-09-18","isFullCredit":false},{"lineNumber":158,"author":{"gitId":"e0895780"},"content":"            throw new IllegalArgumentException(\"Invalid task number. Please enter a valid number.\");","lastModifiedDate":"2024-09-18","isFullCredit":false},{"lineNumber":159,"author":{"gitId":"e0895780"},"content":"        } catch (IndexOutOfBoundsException e) {","lastModifiedDate":"2024-09-18","isFullCredit":false},{"lineNumber":160,"author":{"gitId":"e0895780"},"content":"            throw new IllegalArgumentException(e.getMessage());","lastModifiedDate":"2024-09-18","isFullCredit":false},{"lineNumber":161,"author":{"gitId":"e0895780"},"content":"        }","lastModifiedDate":"2024-08-31","isFullCredit":false},{"lineNumber":162,"author":{"gitId":"e0895780"},"content":"    }","lastModifiedDate":"2024-08-31","isFullCredit":false},{"lineNumber":163,"author":{"gitId":"e0895780"},"content":"}","lastModifiedDate":"2024-08-31","isFullCredit":false}],"authorContributionMap":{"e0895780":163}},{"path":"src/main/java/Event.java","fileType":"java","lines":[{"lineNumber":1,"author":{"gitId":"e0895780"},"content":"public class Event extends Task {","lastModifiedDate":"2024-09-10","isFullCredit":false},{"lineNumber":2,"author":{"gitId":"e0895780"},"content":"    protected String from;","lastModifiedDate":"2024-09-10","isFullCredit":false},{"lineNumber":3,"author":{"gitId":"e0895780"},"content":"    protected String to;","lastModifiedDate":"2024-09-10","isFullCredit":false},{"lineNumber":4,"author":{"gitId":"e0895780"},"content":"","lastModifiedDate":"2024-09-10","isFullCredit":false},{"lineNumber":5,"author":{"gitId":"e0895780"},"content":"    public Event(String description, String from, String to) {","lastModifiedDate":"2024-09-10","isFullCredit":false},{"lineNumber":6,"author":{"gitId":"e0895780"},"content":"        super(description);","lastModifiedDate":"2024-09-10","isFullCredit":false},{"lineNumber":7,"author":{"gitId":"e0895780"},"content":"        this.from \u003d from;","lastModifiedDate":"2024-09-10","isFullCredit":false},{"lineNumber":8,"author":{"gitId":"e0895780"},"content":"        this.to \u003d to;","lastModifiedDate":"2024-09-10","isFullCredit":false},{"lineNumber":9,"author":{"gitId":"e0895780"},"content":"    }","lastModifiedDate":"2024-09-10","isFullCredit":false},{"lineNumber":10,"author":{"gitId":"e0895780"},"content":"","lastModifiedDate":"2024-09-10","isFullCredit":false},{"lineNumber":11,"author":{"gitId":"e0895780"},"content":"    @Override","lastModifiedDate":"2024-09-10","isFullCredit":false},{"lineNumber":12,"author":{"gitId":"e0895780"},"content":"    public String toString() {","lastModifiedDate":"2024-09-10","isFullCredit":false},{"lineNumber":13,"author":{"gitId":"e0895780"},"content":"        return \"[E]\" + super.toString() + \" (from: \" + from + \" to: \" + to + \")\";","lastModifiedDate":"2024-09-10","isFullCredit":false},{"lineNumber":14,"author":{"gitId":"e0895780"},"content":"    }","lastModifiedDate":"2024-09-10","isFullCredit":false},{"lineNumber":15,"author":{"gitId":"e0895780"},"content":"}","lastModifiedDate":"2024-09-10","isFullCredit":false}],"authorContributionMap":{"e0895780":15}},{"path":"src/main/java/Task.java","fileType":"java","lines":[{"lineNumber":1,"author":{"gitId":"e0895780"},"content":"public class Task {","lastModifiedDate":"2024-09-05","isFullCredit":false},{"lineNumber":2,"author":{"gitId":"e0895780"},"content":"    protected String description;","lastModifiedDate":"2024-09-05","isFullCredit":false},{"lineNumber":3,"author":{"gitId":"e0895780"},"content":"    protected boolean isDone;","lastModifiedDate":"2024-09-05","isFullCredit":false},{"lineNumber":4,"author":{"gitId":"e0895780"},"content":"","lastModifiedDate":"2024-09-05","isFullCredit":false},{"lineNumber":5,"author":{"gitId":"e0895780"},"content":"    public Task(String description) {","lastModifiedDate":"2024-09-05","isFullCredit":false},{"lineNumber":6,"author":{"gitId":"e0895780"},"content":"        this.description \u003d description;","lastModifiedDate":"2024-09-05","isFullCredit":false},{"lineNumber":7,"author":{"gitId":"e0895780"},"content":"        this.isDone \u003d false;","lastModifiedDate":"2024-09-05","isFullCredit":false},{"lineNumber":8,"author":{"gitId":"e0895780"},"content":"    }","lastModifiedDate":"2024-09-05","isFullCredit":false},{"lineNumber":9,"author":{"gitId":"e0895780"},"content":"","lastModifiedDate":"2024-09-05","isFullCredit":false},{"lineNumber":10,"author":{"gitId":"e0895780"},"content":"    public String getStatusIcon() {","lastModifiedDate":"2024-09-05","isFullCredit":false},{"lineNumber":11,"author":{"gitId":"e0895780"},"content":"        return (isDone ? \"X\" : \" \"); // mark done task with X","lastModifiedDate":"2024-09-05","isFullCredit":false},{"lineNumber":12,"author":{"gitId":"e0895780"},"content":"    }","lastModifiedDate":"2024-09-05","isFullCredit":false},{"lineNumber":13,"author":{"gitId":"e0895780"},"content":"","lastModifiedDate":"2024-09-05","isFullCredit":false},{"lineNumber":14,"author":{"gitId":"e0895780"},"content":"    public void markAsDone() {","lastModifiedDate":"2024-09-05","isFullCredit":false},{"lineNumber":15,"author":{"gitId":"e0895780"},"content":"        this.isDone \u003d true;","lastModifiedDate":"2024-09-05","isFullCredit":false},{"lineNumber":16,"author":{"gitId":"e0895780"},"content":"    }","lastModifiedDate":"2024-09-05","isFullCredit":false},{"lineNumber":17,"author":{"gitId":"e0895780"},"content":"","lastModifiedDate":"2024-09-05","isFullCredit":false},{"lineNumber":18,"author":{"gitId":"e0895780"},"content":"    public void markAsNotDone() {","lastModifiedDate":"2024-09-05","isFullCredit":false},{"lineNumber":19,"author":{"gitId":"e0895780"},"content":"        this.isDone \u003d false;","lastModifiedDate":"2024-09-05","isFullCredit":false},{"lineNumber":20,"author":{"gitId":"e0895780"},"content":"    }","lastModifiedDate":"2024-09-05","isFullCredit":false},{"lineNumber":21,"author":{"gitId":"e0895780"},"content":"","lastModifiedDate":"2024-09-05","isFullCredit":false},{"lineNumber":22,"author":{"gitId":"e0895780"},"content":"    @Override","lastModifiedDate":"2024-09-05","isFullCredit":false},{"lineNumber":23,"author":{"gitId":"e0895780"},"content":"    public String toString() {","lastModifiedDate":"2024-09-05","isFullCredit":false},{"lineNumber":24,"author":{"gitId":"e0895780"},"content":"        return \"[\" + getStatusIcon() + \"] \" + description;","lastModifiedDate":"2024-09-05","isFullCredit":false},{"lineNumber":25,"author":{"gitId":"e0895780"},"content":"    }","lastModifiedDate":"2024-09-05","isFullCredit":false},{"lineNumber":26,"author":{"gitId":"e0895780"},"content":"}","lastModifiedDate":"2024-09-05","isFullCredit":false}],"authorContributionMap":{"e0895780":26}},{"path":"src/main/java/ToDo.java","fileType":"java","lines":[{"lineNumber":1,"author":{"gitId":"e0895780"},"content":"public class ToDo extends Task {","lastModifiedDate":"2024-09-10","isFullCredit":false},{"lineNumber":2,"author":{"gitId":"e0895780"},"content":"    public ToDo(String description) {","lastModifiedDate":"2024-09-10","isFullCredit":false},{"lineNumber":3,"author":{"gitId":"e0895780"},"content":"        super(description);","lastModifiedDate":"2024-09-10","isFullCredit":false},{"lineNumber":4,"author":{"gitId":"e0895780"},"content":"    }","lastModifiedDate":"2024-09-10","isFullCredit":false},{"lineNumber":5,"author":{"gitId":"e0895780"},"content":"","lastModifiedDate":"2024-09-10","isFullCredit":false},{"lineNumber":6,"author":{"gitId":"e0895780"},"content":"    @Override","lastModifiedDate":"2024-09-10","isFullCredit":false},{"lineNumber":7,"author":{"gitId":"e0895780"},"content":"    public String toString() {","lastModifiedDate":"2024-09-10","isFullCredit":false},{"lineNumber":8,"author":{"gitId":"e0895780"},"content":"        return \"[T]\" + super.toString();","lastModifiedDate":"2024-09-10","isFullCredit":false},{"lineNumber":9,"author":{"gitId":"e0895780"},"content":"    }","lastModifiedDate":"2024-09-10","isFullCredit":false},{"lineNumber":10,"author":{"gitId":"e0895780"},"content":"}","lastModifiedDate":"2024-09-10","isFullCredit":false},{"lineNumber":11,"author":{"gitId":"e0895780"},"content":"","lastModifiedDate":"2024-09-10","isFullCredit":false}],"authorContributionMap":{"e0895780":11}},{"path":"src/main/java/UIUtil.java","fileType":"java","lines":[{"lineNumber":1,"author":{"gitId":"e0895780"},"content":"public class UIUtil {","lastModifiedDate":"2024-09-18","isFullCredit":false},{"lineNumber":2,"author":{"gitId":"e0895780"},"content":"","lastModifiedDate":"2024-09-18","isFullCredit":false},{"lineNumber":3,"author":{"gitId":"e0895780"},"content":"    public static void printGreeting() {","lastModifiedDate":"2024-09-18","isFullCredit":false},{"lineNumber":4,"author":{"gitId":"e0895780"},"content":"        String logo \u003d \"____                         \\n\"","lastModifiedDate":"2024-09-18","isFullCredit":false},{"lineNumber":5,"author":{"gitId":"e0895780"},"content":"                + \"|  _ \\\\  ___ _ __  _ __  _   _ \\n\"","lastModifiedDate":"2024-09-18","isFullCredit":false},{"lineNumber":6,"author":{"gitId":"e0895780"},"content":"                + \"| | | |/ _ \\\\ \u0027_ \\\\| \u0027_ \\\\| | | |\\n\"","lastModifiedDate":"2024-09-18","isFullCredit":false},{"lineNumber":7,"author":{"gitId":"e0895780"},"content":"                + \"| |_| |  __/ | | | | | | |_| |\\n\"","lastModifiedDate":"2024-09-18","isFullCredit":false},{"lineNumber":8,"author":{"gitId":"e0895780"},"content":"                + \"|____/ \\\\___|_| |_|_| |_|\\\\__, |\\n\"","lastModifiedDate":"2024-09-18","isFullCredit":false},{"lineNumber":9,"author":{"gitId":"e0895780"},"content":"                + \"                        |___/ \\n\";","lastModifiedDate":"2024-09-18","isFullCredit":false},{"lineNumber":10,"author":{"gitId":"e0895780"},"content":"        System.out.println(\"Hello from\\n\" + logo);","lastModifiedDate":"2024-09-18","isFullCredit":false},{"lineNumber":11,"author":{"gitId":"e0895780"},"content":"        System.out.println(\"____________________________________________________________\");","lastModifiedDate":"2024-09-18","isFullCredit":false},{"lineNumber":12,"author":{"gitId":"e0895780"},"content":"        System.out.println(\" Hello! I\u0027m Denny\");","lastModifiedDate":"2024-09-18","isFullCredit":false},{"lineNumber":13,"author":{"gitId":"e0895780"},"content":"        System.out.println(\" What can I do for you?\");","lastModifiedDate":"2024-09-18","isFullCredit":false},{"lineNumber":14,"author":{"gitId":"e0895780"},"content":"        System.out.println(\"____________________________________________________________\");","lastModifiedDate":"2024-09-18","isFullCredit":false},{"lineNumber":15,"author":{"gitId":"e0895780"},"content":"    }","lastModifiedDate":"2024-09-18","isFullCredit":false},{"lineNumber":16,"author":{"gitId":"e0895780"},"content":"","lastModifiedDate":"2024-09-18","isFullCredit":false},{"lineNumber":17,"author":{"gitId":"e0895780"},"content":"    public static void printListTasksHeader() {","lastModifiedDate":"2024-09-18","isFullCredit":false},{"lineNumber":18,"author":{"gitId":"e0895780"},"content":"        System.out.println(\"____________________________________________________________\");","lastModifiedDate":"2024-09-18","isFullCredit":false},{"lineNumber":19,"author":{"gitId":"e0895780"},"content":"        System.out.println(\" Here are the tasks in your list:\");","lastModifiedDate":"2024-09-18","isFullCredit":false},{"lineNumber":20,"author":{"gitId":"e0895780"},"content":"    }","lastModifiedDate":"2024-09-18","isFullCredit":false},{"lineNumber":21,"author":{"gitId":"e0895780"},"content":"","lastModifiedDate":"2024-09-18","isFullCredit":false},{"lineNumber":22,"author":{"gitId":"e0895780"},"content":"    public static void printTaskAddedMessage(Task task) {","lastModifiedDate":"2024-09-18","isFullCredit":false},{"lineNumber":23,"author":{"gitId":"e0895780"},"content":"        System.out.println(\"____________________________________________________________\");","lastModifiedDate":"2024-09-18","isFullCredit":false},{"lineNumber":24,"author":{"gitId":"e0895780"},"content":"        System.out.println(\" Got it. I\u0027ve added this task:\");","lastModifiedDate":"2024-09-18","isFullCredit":false},{"lineNumber":25,"author":{"gitId":"e0895780"},"content":"        System.out.println(\"   \" + task);","lastModifiedDate":"2024-09-18","isFullCredit":false},{"lineNumber":26,"author":{"gitId":"e0895780"},"content":"        System.out.println(\"____________________________________________________________\");","lastModifiedDate":"2024-09-18","isFullCredit":false},{"lineNumber":27,"author":{"gitId":"e0895780"},"content":"    }","lastModifiedDate":"2024-09-18","isFullCredit":false},{"lineNumber":28,"author":{"gitId":"e0895780"},"content":"","lastModifiedDate":"2024-09-18","isFullCredit":false},{"lineNumber":29,"author":{"gitId":"e0895780"},"content":"    public static void printTaskMarkedDone(Task task) {","lastModifiedDate":"2024-09-18","isFullCredit":false},{"lineNumber":30,"author":{"gitId":"e0895780"},"content":"        System.out.println(\"____________________________________________________________\");","lastModifiedDate":"2024-09-18","isFullCredit":false},{"lineNumber":31,"author":{"gitId":"e0895780"},"content":"        System.out.println(\" Nice! I\u0027ve marked this task as done:\");","lastModifiedDate":"2024-09-18","isFullCredit":false},{"lineNumber":32,"author":{"gitId":"e0895780"},"content":"        System.out.println(\"   \" + task);","lastModifiedDate":"2024-09-18","isFullCredit":false},{"lineNumber":33,"author":{"gitId":"e0895780"},"content":"        System.out.println(\"____________________________________________________________\");","lastModifiedDate":"2024-09-18","isFullCredit":false},{"lineNumber":34,"author":{"gitId":"e0895780"},"content":"    }","lastModifiedDate":"2024-09-18","isFullCredit":false},{"lineNumber":35,"author":{"gitId":"e0895780"},"content":"","lastModifiedDate":"2024-09-18","isFullCredit":false},{"lineNumber":36,"author":{"gitId":"e0895780"},"content":"    public static void printTaskUnmarked(Task task) {","lastModifiedDate":"2024-09-18","isFullCredit":false},{"lineNumber":37,"author":{"gitId":"e0895780"},"content":"        System.out.println(\"____________________________________________________________\");","lastModifiedDate":"2024-09-18","isFullCredit":false},{"lineNumber":38,"author":{"gitId":"e0895780"},"content":"        System.out.println(\" OK, I\u0027ve marked this task as not done yet:\");","lastModifiedDate":"2024-09-18","isFullCredit":false},{"lineNumber":39,"author":{"gitId":"e0895780"},"content":"        System.out.println(\"   \" + task);","lastModifiedDate":"2024-09-18","isFullCredit":false},{"lineNumber":40,"author":{"gitId":"e0895780"},"content":"        System.out.println(\"____________________________________________________________\");","lastModifiedDate":"2024-09-18","isFullCredit":false},{"lineNumber":41,"author":{"gitId":"e0895780"},"content":"    }","lastModifiedDate":"2024-09-18","isFullCredit":false},{"lineNumber":42,"author":{"gitId":"e0895780"},"content":"","lastModifiedDate":"2024-09-18","isFullCredit":false},{"lineNumber":43,"author":{"gitId":"e0895780"},"content":"    public static void printError(String message) {","lastModifiedDate":"2024-09-18","isFullCredit":false},{"lineNumber":44,"author":{"gitId":"e0895780"},"content":"        System.out.println(\"____________________________________________________________\");","lastModifiedDate":"2024-09-18","isFullCredit":false},{"lineNumber":45,"author":{"gitId":"e0895780"},"content":"        System.out.println(\" Oops! \" + message);","lastModifiedDate":"2024-09-18","isFullCredit":false},{"lineNumber":46,"author":{"gitId":"e0895780"},"content":"        System.out.println(\"____________________________________________________________\");","lastModifiedDate":"2024-09-18","isFullCredit":false},{"lineNumber":47,"author":{"gitId":"e0895780"},"content":"    }","lastModifiedDate":"2024-09-18","isFullCredit":false},{"lineNumber":48,"author":{"gitId":"e0895780"},"content":"","lastModifiedDate":"2024-09-18","isFullCredit":false},{"lineNumber":49,"author":{"gitId":"e0895780"},"content":"    public static void printUnknownCommand(String message) {","lastModifiedDate":"2024-09-18","isFullCredit":false},{"lineNumber":50,"author":{"gitId":"e0895780"},"content":"        System.out.println(\"____________________________________________________________\");","lastModifiedDate":"2024-09-18","isFullCredit":false},{"lineNumber":51,"author":{"gitId":"e0895780"},"content":"        System.out.println(\" Sorry, I didn\u0027t understand that command. \" + message);","lastModifiedDate":"2024-09-18","isFullCredit":false},{"lineNumber":52,"author":{"gitId":"e0895780"},"content":"        System.out.println(\"____________________________________________________________\");","lastModifiedDate":"2024-09-18","isFullCredit":false},{"lineNumber":53,"author":{"gitId":"e0895780"},"content":"    }","lastModifiedDate":"2024-09-18","isFullCredit":false},{"lineNumber":54,"author":{"gitId":"e0895780"},"content":"","lastModifiedDate":"2024-09-18","isFullCredit":false},{"lineNumber":55,"author":{"gitId":"e0895780"},"content":"    public static void printExitMessage() {","lastModifiedDate":"2024-09-18","isFullCredit":false},{"lineNumber":56,"author":{"gitId":"e0895780"},"content":"        System.out.println(\" Bye. Hope to see you again soon!\");","lastModifiedDate":"2024-09-18","isFullCredit":false},{"lineNumber":57,"author":{"gitId":"e0895780"},"content":"        System.out.println(\"____________________________________________________________\");","lastModifiedDate":"2024-09-18","isFullCredit":false},{"lineNumber":58,"author":{"gitId":"e0895780"},"content":"    }","lastModifiedDate":"2024-09-18","isFullCredit":false},{"lineNumber":59,"author":{"gitId":"e0895780"},"content":"}","lastModifiedDate":"2024-09-18","isFullCredit":false}],"authorContributionMap":{"e0895780":59}},{"path":"text-ui-test/input.txt","fileType":"txt","lines":[{"lineNumber":1,"author":{"gitId":"e0895780"},"content":"testinvalidcommand","lastModifiedDate":"2024-09-18","isFullCredit":false},{"lineNumber":2,"author":{"gitId":"e0895780"},"content":"todo","lastModifiedDate":"2024-09-18","isFullCredit":false},{"lineNumber":3,"author":{"gitId":"e0895780"},"content":"todo ","lastModifiedDate":"2024-09-18","isFullCredit":false},{"lineNumber":4,"author":{"gitId":"e0895780"},"content":"todo read book","lastModifiedDate":"2024-09-10","isFullCredit":false},{"lineNumber":5,"author":{"gitId":"e0895780"},"content":"todo return book","lastModifiedDate":"2024-09-10","isFullCredit":false},{"lineNumber":6,"author":{"gitId":"e0895780"},"content":"todo buy book","lastModifiedDate":"2024-09-10","isFullCredit":false},{"lineNumber":7,"author":{"gitId":"e0895780"},"content":"list","lastModifiedDate":"2024-09-10","isFullCredit":false},{"lineNumber":8,"author":{"gitId":"e0895780"},"content":"mark 1","lastModifiedDate":"2024-09-10","isFullCredit":false},{"lineNumber":9,"author":{"gitId":"e0895780"},"content":"mark 2","lastModifiedDate":"2024-09-10","isFullCredit":false},{"lineNumber":10,"author":{"gitId":"e0895780"},"content":"mark 10","lastModifiedDate":"2024-09-18","isFullCredit":false},{"lineNumber":11,"author":{"gitId":"e0895780"},"content":"list","lastModifiedDate":"2024-09-10","isFullCredit":false},{"lineNumber":12,"author":{"gitId":"e0895780"},"content":"unmark 2","lastModifiedDate":"2024-09-10","isFullCredit":false},{"lineNumber":13,"author":{"gitId":"e0895780"},"content":"unmark 10","lastModifiedDate":"2024-09-18","isFullCredit":false},{"lineNumber":14,"author":{"gitId":"e0895780"},"content":"list","lastModifiedDate":"2024-09-10","isFullCredit":false},{"lineNumber":15,"author":{"gitId":"e0895780"},"content":"todo borrow book","lastModifiedDate":"2024-09-10","isFullCredit":false},{"lineNumber":16,"author":{"gitId":"e0895780"},"content":"list","lastModifiedDate":"2024-09-10","isFullCredit":false},{"lineNumber":17,"author":{"gitId":"e0895780"},"content":"deadline","lastModifiedDate":"2024-09-18","isFullCredit":false},{"lineNumber":18,"author":{"gitId":"e0895780"},"content":"deadline return book","lastModifiedDate":"2024-09-18","isFullCredit":false},{"lineNumber":19,"author":{"gitId":"e0895780"},"content":"deadline /by Sunday","lastModifiedDate":"2024-09-18","isFullCredit":false},{"lineNumber":20,"author":{"gitId":"e0895780"},"content":"deadline /by","lastModifiedDate":"2024-09-18","isFullCredit":false},{"lineNumber":21,"author":{"gitId":"e0895780"},"content":"deadline return book /by Sunday","lastModifiedDate":"2024-09-10","isFullCredit":false},{"lineNumber":22,"author":{"gitId":"e0895780"},"content":"event ","lastModifiedDate":"2024-09-18","isFullCredit":false},{"lineNumber":23,"author":{"gitId":"e0895780"},"content":"event project meeting ","lastModifiedDate":"2024-09-18","isFullCredit":false},{"lineNumber":24,"author":{"gitId":"e0895780"},"content":"event project meeting /from Mon 2pm","lastModifiedDate":"2024-09-18","isFullCredit":false},{"lineNumber":25,"author":{"gitId":"e0895780"},"content":"event project meeting /from /to","lastModifiedDate":"2024-09-18","isFullCredit":false},{"lineNumber":26,"author":{"gitId":"e0895780"},"content":"event project meeting /from /to 4pm","lastModifiedDate":"2024-09-18","isFullCredit":false},{"lineNumber":27,"author":{"gitId":"e0895780"},"content":"event project meeting /from Mon 2pm /to 4pm","lastModifiedDate":"2024-09-10","isFullCredit":false},{"lineNumber":28,"author":{"gitId":"e0895780"},"content":"list","lastModifiedDate":"2024-09-10","isFullCredit":false},{"lineNumber":29,"author":{"gitId":"e0895780"},"content":"bye","lastModifiedDate":"2024-09-10","isFullCredit":false}],"authorContributionMap":{"e0895780":29}},{"path":"text-ui-test/runtest.bat","fileType":"bat","lines":[{"lineNumber":1,"author":{"gitId":"-"},"content":"@ECHO OFF","lastModifiedDate":"2020-05-25","isFullCredit":false},{"lineNumber":2,"author":{"gitId":"-"},"content":"","lastModifiedDate":"2020-05-25","isFullCredit":false},{"lineNumber":3,"author":{"gitId":"-"},"content":"REM create bin directory if it doesn\u0027t exist","lastModifiedDate":"2020-05-25","isFullCredit":false},{"lineNumber":4,"author":{"gitId":"-"},"content":"if not exist ..\\bin mkdir ..\\bin","lastModifiedDate":"2020-05-25","isFullCredit":false},{"lineNumber":5,"author":{"gitId":"-"},"content":"","lastModifiedDate":"2020-05-25","isFullCredit":false},{"lineNumber":6,"author":{"gitId":"-"},"content":"REM delete output from previous run","lastModifiedDate":"2020-05-25","isFullCredit":false},{"lineNumber":7,"author":{"gitId":"-"},"content":"if exist ACTUAL.TXT del ACTUAL.TXT","lastModifiedDate":"2020-08-25","isFullCredit":false},{"lineNumber":8,"author":{"gitId":"-"},"content":"","lastModifiedDate":"2020-05-25","isFullCredit":false},{"lineNumber":9,"author":{"gitId":"-"},"content":"REM compile the code into the bin folder","lastModifiedDate":"2020-05-25","isFullCredit":false},{"lineNumber":10,"author":{"gitId":"-"},"content":"javac  -cp ..\\src\\main\\java -Xlint:none -d ..\\bin ..\\src\\main\\java\\*.java","lastModifiedDate":"2020-08-25","isFullCredit":false},{"lineNumber":11,"author":{"gitId":"-"},"content":"IF ERRORLEVEL 1 (","lastModifiedDate":"2020-05-25","isFullCredit":false},{"lineNumber":12,"author":{"gitId":"-"},"content":"    echo ********** BUILD FAILURE **********","lastModifiedDate":"2020-05-25","isFullCredit":false},{"lineNumber":13,"author":{"gitId":"-"},"content":"    exit /b 1","lastModifiedDate":"2020-05-25","isFullCredit":false},{"lineNumber":14,"author":{"gitId":"-"},"content":")","lastModifiedDate":"2020-05-25","isFullCredit":false},{"lineNumber":15,"author":{"gitId":"-"},"content":"REM no error here, errorlevel \u003d\u003d 0","lastModifiedDate":"2020-05-25","isFullCredit":false},{"lineNumber":16,"author":{"gitId":"-"},"content":"","lastModifiedDate":"2020-05-25","isFullCredit":false},{"lineNumber":17,"author":{"gitId":"-"},"content":"REM run the program, feed commands from input.txt file and redirect the output to the ACTUAL.TXT","lastModifiedDate":"2020-05-25","isFullCredit":false},{"lineNumber":18,"author":{"gitId":"e0895780"},"content":"java -classpath ..\\bin Denny \u003c input.txt \u003e ACTUAL.TXT","lastModifiedDate":"2024-08-31","isFullCredit":false},{"lineNumber":19,"author":{"gitId":"-"},"content":"","lastModifiedDate":"2020-05-25","isFullCredit":false},{"lineNumber":20,"author":{"gitId":"-"},"content":"REM compare the output to the expected output","lastModifiedDate":"2020-05-25","isFullCredit":false},{"lineNumber":21,"author":{"gitId":"-"},"content":"FC ACTUAL.TXT EXPECTED.TXT","lastModifiedDate":"2020-05-25","isFullCredit":false}],"authorContributionMap":{"e0895780":1,"-":20}}]
