{"authorDailyContributionsMap":{"e0895780":[{"date":"2024-08-31","commitResults":[{"hash":"7fe1f550df2228d5bdc7947e806d648d99c3ab18","isMergeCommit":false,"messageTitle":"Level 0. Rename, Greet, Exit","messageBody":"","tags":["Level-0"],"fileTypesAndContributionMap":{"java":{"insertions":13,"deletions":10},"bat":{"insertions":1,"deletions":1},"md":{"insertions":3,"deletions":3}}},{"hash":"62439f5bf6241fc368fc7897958f45c027de60a9","isMergeCommit":false,"messageTitle":"Level 1. Echo","messageBody":"","tags":["Level-1"],"fileTypesAndContributionMap":{"java":{"insertions":19,"deletions":0}}},{"hash":"cec29296dc8372bd431646aec555714f4cd6b166","isMergeCommit":false,"messageTitle":"Level 2. Add, List","messageBody":"","tags":["Level-2"],"fileTypesAndContributionMap":{"java":{"insertions":22,"deletions":0}}}]},{"date":"2024-09-04","commitResults":[{"hash":"d7e75f90e5274839b665c20b15c6020a4a030c50","isMergeCommit":false,"messageTitle":"Update ASCII art to Denny","messageBody":"","fileTypesAndContributionMap":{"java":{"insertions":8,"deletions":0},"md":{"insertions":6,"deletions":5}}}]},{"date":"2024-09-05","commitResults":[{"hash":"436e49fe3ec39cb6c3b1db45ce14a10922620516","isMergeCommit":false,"messageTitle":"Level 3. Mark as Done","messageBody":"","tags":["Level-3"],"fileTypesAndContributionMap":{"java":{"insertions":54,"deletions":15}}}]},{"date":"2024-09-10","commitResults":[{"hash":"37ea1fa12e9ffa23a3f9431146783d6b2c220907","isMergeCommit":false,"messageTitle":"Update command for automating testing up to level 3","messageBody":"","fileTypesAndContributionMap":{"txt":{"insertions":10,"deletions":0}}},{"hash":"f009404469df96d051fb337bcef10875bfca04c0","isMergeCommit":false,"messageTitle":"Level 4. ToDos, Events, Deadlines","messageBody":"","tags":["Level-4"],"fileTypesAndContributionMap":{"txt":{"insertions":8,"deletions":3},"java":{"insertions":72,"deletions":4}}}]},{"date":"2024-09-12","commitResults":[{"hash":"3ec55cba60c37b3ccb35a88dc5e9be1066c7c026","isMergeCommit":false,"messageTitle":"Refactor long else if code","messageBody":"","fileTypesAndContributionMap":{"java":{"insertions":111,"deletions":68}}}]}]},"authorFileTypeContributionMap":{"e0895780":{"java":212,"md":9,"fxml":0,"sh":0,"bat":1,"gradle":0,"txt":15}},"authorContributionVariance":{"e0895780":1431.7344},"authorDisplayNameMap":{"e0895780":"HEE ..ENNY"}}
