{"authorDailyContributionsMap":{"e0895780":[{"date":"2024-08-31","commitResults":[{"hash":"7fe1f550df2228d5bdc7947e806d648d99c3ab18","isMergeCommit":false,"messageTitle":"Level 0. Rename, Greet, Exit","messageBody":"","tags":["Level-0"],"fileTypesAndContributionMap":{"java":{"insertions":13,"deletions":10},"bat":{"insertions":1,"deletions":1},"md":{"insertions":3,"deletions":3}}},{"hash":"62439f5bf6241fc368fc7897958f45c027de60a9","isMergeCommit":false,"messageTitle":"Level 1. Echo","messageBody":"","tags":["Level-1"],"fileTypesAndContributionMap":{"java":{"insertions":19,"deletions":0}}},{"hash":"cec29296dc8372bd431646aec555714f4cd6b166","isMergeCommit":false,"messageTitle":"Level 2. Add, List","messageBody":"","tags":["Level-2"],"fileTypesAndContributionMap":{"java":{"insertions":22,"deletions":0}}}]},{"date":"2024-09-04","commitResults":[{"hash":"d7e75f90e5274839b665c20b15c6020a4a030c50","isMergeCommit":false,"messageTitle":"Update ASCII art to Denny","messageBody":"","fileTypesAndContributionMap":{"java":{"insertions":8,"deletions":0},"md":{"insertions":6,"deletions":5}}}]},{"date":"2024-09-05","commitResults":[{"hash":"436e49fe3ec39cb6c3b1db45ce14a10922620516","isMergeCommit":false,"messageTitle":"Level 3. Mark as Done","messageBody":"","tags":["Level-3"],"fileTypesAndContributionMap":{"java":{"insertions":54,"deletions":15}}}]},{"date":"2024-09-10","commitResults":[{"hash":"37ea1fa12e9ffa23a3f9431146783d6b2c220907","isMergeCommit":false,"messageTitle":"Update command for automating testing up to level 3","messageBody":"","fileTypesAndContributionMap":{"txt":{"insertions":10,"deletions":0}}},{"hash":"f009404469df96d051fb337bcef10875bfca04c0","isMergeCommit":false,"messageTitle":"Level 4. ToDos, Events, Deadlines","messageBody":"","tags":["Level-4"],"fileTypesAndContributionMap":{"txt":{"insertions":8,"deletions":3},"java":{"insertions":72,"deletions":4}}}]},{"date":"2024-09-12","commitResults":[{"hash":"3ec55cba60c37b3ccb35a88dc5e9be1066c7c026","isMergeCommit":false,"messageTitle":"Refactor long else if code","messageBody":"","fileTypesAndContributionMap":{"java":{"insertions":111,"deletions":68}}}]},{"date":"2024-09-18","commitResults":[{"hash":"5110e8a96afa3812baa3dd5f8ddf2ee282e4268f","isMergeCommit":false,"messageTitle":"Level-5","messageBody":"","tags":["Level-5"],"fileTypesAndContributionMap":{"txt":{"insertions":14,"deletions":0},"java":{"insertions":160,"deletions":86}}},{"hash":"6a0aca10eb37c2358cfe679f38c3478eaf119670","isMergeCommit":false,"messageTitle":"Level 5. Handle Errors","messageBody":"","fileTypesAndContributionMap":{"txt":{"insertions":14,"deletions":0},"java":{"insertions":160,"deletions":86}}}]},{"date":"2024-10-03","commitResults":[{"hash":"868bdae4ebe1bd7392faa0ed05236ef81e9697b0","isMergeCommit":false,"messageTitle":"Level 6. Delete, A-Collections \u0026 A-Enums","messageBody":"","tags":["Level-6"],"fileTypesAndContributionMap":{"txt":{"insertions":4,"deletions":0},"java":{"insertions":100,"deletions":45}}}]},{"date":"2024-10-05","commitResults":[{"hash":"e7cabdc4ef0cf3ad7f9359a3b25e22fd3e998537","isMergeCommit":false,"messageTitle":"Refactor processUserInput and mark/unmark task","messageBody":"","fileTypesAndContributionMap":{"java":{"insertions":37,"deletions":52}}},{"hash":"aa23bba99b6d1803c4b822aa911b15099037798a","isMergeCommit":false,"messageTitle":"Added extractDescription and refactor addTodoTask, addDeadlineTask, addEventTask, deleteTask and getTaskIndex","messageBody":"","fileTypesAndContributionMap":{"java":{"insertions":15,"deletions":32}}}]},{"date":"2024-10-09","commitResults":[{"hash":"a7917738ff94f0162a91a4e659c2cf89ea12f423","isMergeCommit":false,"messageTitle":"Level-7: Save","messageBody":"","fileTypesAndContributionMap":{"txt":{"insertions":5,"deletions":0},"java":{"insertions":181,"deletions":22}}},{"hash":"883e02df73bb7dcda0d776010a419b3454a0e5d5","isMergeCommit":true,"messageTitle":"Merge branch \u0027Level-7-Save\u0027","messageBody":"","tags":["Level-7-Save"],"fileTypesAndContributionMap":{}},{"hash":"374cc6fb911043f8b2aadf59e3fd445740ed0b12","isMergeCommit":false,"messageTitle":"Level-7: A-MoreOOP","messageBody":"","fileTypesAndContributionMap":{"txt":{"insertions":0,"deletions":0},"java":{"insertions":403,"deletions":339}}},{"hash":"fca74db49acbc3c4e000c8f4faa23c3df160292c","isMergeCommit":true,"messageTitle":"Merge branch \u0027Level-7-A-MoreOOP\u0027","messageBody":"","fileTypesAndContributionMap":{}},{"hash":"0e079091e1f1af95d814369619e469c537896ae0","isMergeCommit":false,"messageTitle":"Update Storage to create folder data if its not available and add some error handling","messageBody":"","fileTypesAndContributionMap":{"java":{"insertions":16,"deletions":2}}}]},{"date":"2024-10-11","commitResults":[{"hash":"ae060d5f5b15c4e6cb1b47a294bf47d1c0ad7d81","isMergeCommit":false,"messageTitle":"Level 7: A-Packages","messageBody":"","tags":["Level-7_A-MoreOOP_A-Packages"],"fileTypesAndContributionMap":{"txt":{"insertions":3,"deletions":0},"java":{"insertions":103,"deletions":1},"bat":{"insertions":2,"deletions":2},"sh":{"insertions":1,"deletions":1},"md":{"insertions":3,"deletions":3}}}]},{"date":"2024-10-26","commitResults":[{"hash":"cf6f2bad49f733c53e2ed52f4786a029e0b59011","isMergeCommit":false,"messageTitle":"Level 8. Dates and Times (Minimal)","messageBody":"","tags":["Level-8-Dates\u0026Times(Minimal)"],"fileTypesAndContributionMap":{"txt":{"insertions":8,"deletions":6},"java":{"insertions":167,"deletions":46}}},{"hash":"9648e5c74551be41feaadfe61d65b4553ce2c22e","isMergeCommit":false,"messageTitle":"Level-8:A-JavaDoc","messageBody":"","tags":["Level-8_A-JavaDoc"],"fileTypesAndContributionMap":{"java":{"insertions":352,"deletions":2}}}]}]},"authorFileTypeContributionMap":{"e0895780":{"java":1119,"md":9,"fxml":0,"sh":1,"bat":2,"gradle":0,"txt":43}},"authorContributionVariance":{"e0895780":20266.494},"authorDisplayNameMap":{"e0895780":"HEE ..ENNY"}}
