[{"path":"src/main/java/jibberJabber.java","fileType":"java","lines":[{"lineNumber":1,"author":{"gitId":"ChiaAmeline"},"content":"import java.util.Arrays;","lastModifiedDate":"2024-10-07","isFullCredit":false},{"lineNumber":2,"author":{"gitId":"ChiaAmeline"},"content":"import java.util.Scanner;","lastModifiedDate":"2024-10-07","isFullCredit":false},{"lineNumber":3,"author":{"gitId":"ChiaAmeline"},"content":"import java.util.regex.Matcher;","lastModifiedDate":"2024-10-07","isFullCredit":false},{"lineNumber":4,"author":{"gitId":"ChiaAmeline"},"content":"import java.util.regex.Pattern;","lastModifiedDate":"2024-10-07","isFullCredit":false},{"lineNumber":5,"author":{"gitId":"ChiaAmeline"},"content":"","lastModifiedDate":"2024-10-07","isFullCredit":false},{"lineNumber":6,"author":{"gitId":"ChiaAmeline"},"content":"public class jibberJabber {","lastModifiedDate":"2024-09-28","isFullCredit":false},{"lineNumber":7,"author":{"gitId":"ChiaAmeline"},"content":"    public static void main(String[] args) {","lastModifiedDate":"2024-09-28","isFullCredit":false},{"lineNumber":8,"author":{"gitId":"ChiaAmeline"},"content":"        // Welcome message","lastModifiedDate":"2024-10-07","isFullCredit":false},{"lineNumber":9,"author":{"gitId":"ChiaAmeline"},"content":"        message.printWelcomeMessage(\"Jibber Jabber\");","lastModifiedDate":"2024-09-28","isFullCredit":false},{"lineNumber":10,"author":{"gitId":"ChiaAmeline"},"content":"","lastModifiedDate":"2024-10-07","isFullCredit":false},{"lineNumber":11,"author":{"gitId":"ChiaAmeline"},"content":"        // Initializationgit ","lastModifiedDate":"2024-10-09","isFullCredit":false},{"lineNumber":12,"author":{"gitId":"ChiaAmeline"},"content":"        int sizeOfArray \u003d 100;","lastModifiedDate":"2024-10-09","isFullCredit":false},{"lineNumber":13,"author":{"gitId":"ChiaAmeline"},"content":"        String[] todoArray \u003d new String[sizeOfArray];","lastModifiedDate":"2024-10-09","isFullCredit":false},{"lineNumber":14,"author":{"gitId":"ChiaAmeline"},"content":"","lastModifiedDate":"2024-10-09","isFullCredit":false},{"lineNumber":15,"author":{"gitId":"ChiaAmeline"},"content":"        // (Wk 3) Level-1 capture task to complete from user input","lastModifiedDate":"2024-10-07","isFullCredit":false},{"lineNumber":16,"author":{"gitId":"ChiaAmeline"},"content":"        Scanner scanner \u003d new Scanner(System.in);","lastModifiedDate":"2024-10-07","isFullCredit":false},{"lineNumber":17,"author":{"gitId":"ChiaAmeline"},"content":"        String todoTask \u003d \"\";","lastModifiedDate":"2024-10-07","isFullCredit":false},{"lineNumber":18,"author":{"gitId":"ChiaAmeline"},"content":"        // Regex code below adopted from https://www.w3schools.com/java/java_regex.asp","lastModifiedDate":"2024-10-07","isFullCredit":false},{"lineNumber":19,"author":{"gitId":"ChiaAmeline"},"content":"        Pattern byePattern \u003d Pattern.compile(\"bye\", Pattern.CASE_INSENSITIVE);","lastModifiedDate":"2024-10-09","isFullCredit":false},{"lineNumber":20,"author":{"gitId":"ChiaAmeline"},"content":"        Pattern listPattern \u003d Pattern.compile(\"list\", Pattern.CASE_INSENSITIVE);","lastModifiedDate":"2024-10-09","isFullCredit":false},{"lineNumber":21,"author":{"gitId":"ChiaAmeline"},"content":"","lastModifiedDate":"2024-10-09","isFullCredit":false},{"lineNumber":22,"author":{"gitId":"ChiaAmeline"},"content":"        for (int counter \u003d 0; counter \u003c sizeOfArray; counter++){","lastModifiedDate":"2024-10-09","isFullCredit":false},{"lineNumber":23,"author":{"gitId":"ChiaAmeline"},"content":"            todoTask \u003d scanner.nextLine();","lastModifiedDate":"2024-10-07","isFullCredit":false},{"lineNumber":24,"author":{"gitId":"ChiaAmeline"},"content":"            // Check if the input value is \"bye\" or \"list\"","lastModifiedDate":"2024-10-09","isFullCredit":false},{"lineNumber":25,"author":{"gitId":"ChiaAmeline"},"content":"            Matcher byeText \u003d byePattern.matcher(todoTask);","lastModifiedDate":"2024-10-09","isFullCredit":false},{"lineNumber":26,"author":{"gitId":"ChiaAmeline"},"content":"            Matcher listText \u003d listPattern.matcher(todoTask);","lastModifiedDate":"2024-10-09","isFullCredit":false},{"lineNumber":27,"author":{"gitId":"ChiaAmeline"},"content":"","lastModifiedDate":"2024-10-09","isFullCredit":false},{"lineNumber":28,"author":{"gitId":"ChiaAmeline"},"content":"            if (byeText.find()){","lastModifiedDate":"2024-10-09","isFullCredit":false},{"lineNumber":29,"author":{"gitId":"ChiaAmeline"},"content":"                message.printEndingMessage();","lastModifiedDate":"2024-09-28","isFullCredit":false},{"lineNumber":30,"author":{"gitId":"ChiaAmeline"},"content":"                break;","lastModifiedDate":"2024-10-07","isFullCredit":false},{"lineNumber":31,"author":{"gitId":"ChiaAmeline"},"content":"            } else if (listText.find()){","lastModifiedDate":"2024-10-09","isFullCredit":false},{"lineNumber":32,"author":{"gitId":"ChiaAmeline"},"content":"                // (Wk 3) Level-2 Check for \"list\" key word, then print task list","lastModifiedDate":"2024-10-09","isFullCredit":false},{"lineNumber":33,"author":{"gitId":"ChiaAmeline"},"content":"                task.printTaskList(todoArray);","lastModifiedDate":"2024-10-09","isFullCredit":false},{"lineNumber":34,"author":{"gitId":"ChiaAmeline"},"content":"                continue;","lastModifiedDate":"2024-10-09","isFullCredit":false},{"lineNumber":35,"author":{"gitId":"ChiaAmeline"},"content":"            }","lastModifiedDate":"2024-10-07","isFullCredit":false},{"lineNumber":36,"author":{"gitId":"ChiaAmeline"},"content":"","lastModifiedDate":"2024-10-09","isFullCredit":false},{"lineNumber":37,"author":{"gitId":"ChiaAmeline"},"content":"            task inputTask \u003d new task(todoTask);","lastModifiedDate":"2024-10-09","isFullCredit":false},{"lineNumber":38,"author":{"gitId":"ChiaAmeline"},"content":"            todoArray[counter] \u003d inputTask.getTaskName();","lastModifiedDate":"2024-10-09","isFullCredit":false},{"lineNumber":39,"author":{"gitId":"ChiaAmeline"},"content":"            task.printAddedTask(todoArray[counter]);","lastModifiedDate":"2024-10-09","isFullCredit":false},{"lineNumber":40,"author":{"gitId":"ChiaAmeline"},"content":"        }","lastModifiedDate":"2024-10-07","isFullCredit":false},{"lineNumber":41,"author":{"gitId":"ChiaAmeline"},"content":"    }","lastModifiedDate":"2024-09-28","isFullCredit":false},{"lineNumber":42,"author":{"gitId":"ChiaAmeline"},"content":"}","lastModifiedDate":"2024-09-28","isFullCredit":false}],"authorContributionMap":{"ChiaAmeline":42}},{"path":"src/main/java/message.java","fileType":"java","lines":[{"lineNumber":1,"author":{"gitId":"ChiaAmeline"},"content":"public class message {","lastModifiedDate":"2024-09-28","isFullCredit":false},{"lineNumber":2,"author":{"gitId":"ChiaAmeline"},"content":"","lastModifiedDate":"2024-09-28","isFullCredit":false},{"lineNumber":3,"author":{"gitId":"ChiaAmeline"},"content":"    private String textMessage;","lastModifiedDate":"2024-10-07","isFullCredit":false},{"lineNumber":4,"author":{"gitId":"ChiaAmeline"},"content":"","lastModifiedDate":"2024-10-07","isFullCredit":false},{"lineNumber":5,"author":{"gitId":"ChiaAmeline"},"content":"    public message(String textMessage) {","lastModifiedDate":"2024-10-07","isFullCredit":false},{"lineNumber":6,"author":{"gitId":"ChiaAmeline"},"content":"        this.textMessage \u003d textMessage;","lastModifiedDate":"2024-10-07","isFullCredit":false},{"lineNumber":7,"author":{"gitId":"ChiaAmeline"},"content":"    }","lastModifiedDate":"2024-09-28","isFullCredit":false},{"lineNumber":8,"author":{"gitId":"ChiaAmeline"},"content":"    public String getTextMessage() {","lastModifiedDate":"2024-10-07","isFullCredit":false},{"lineNumber":9,"author":{"gitId":"ChiaAmeline"},"content":"        return textMessage;","lastModifiedDate":"2024-10-07","isFullCredit":false},{"lineNumber":10,"author":{"gitId":"ChiaAmeline"},"content":"    }","lastModifiedDate":"2024-10-07","isFullCredit":false},{"lineNumber":11,"author":{"gitId":"ChiaAmeline"},"content":"    public void setTextMessage(String textMessage) {","lastModifiedDate":"2024-10-07","isFullCredit":false},{"lineNumber":12,"author":{"gitId":"ChiaAmeline"},"content":"        this.textMessage \u003d textMessage;","lastModifiedDate":"2024-10-07","isFullCredit":false},{"lineNumber":13,"author":{"gitId":"ChiaAmeline"},"content":"    }","lastModifiedDate":"2024-09-28","isFullCredit":false},{"lineNumber":14,"author":{"gitId":"ChiaAmeline"},"content":"    public static void printHorizontalLines(){","lastModifiedDate":"2024-10-07","isFullCredit":false},{"lineNumber":15,"author":{"gitId":"ChiaAmeline"},"content":"        System.out.println(\"____________________________________________________________\");","lastModifiedDate":"2024-10-07","isFullCredit":false},{"lineNumber":16,"author":{"gitId":"ChiaAmeline"},"content":"    }","lastModifiedDate":"2024-10-07","isFullCredit":false},{"lineNumber":17,"author":{"gitId":"ChiaAmeline"},"content":"    // (Wk 3) Level-0 Print welcome message","lastModifiedDate":"2024-10-09","isFullCredit":false},{"lineNumber":18,"author":{"gitId":"ChiaAmeline"},"content":"    public static void printWelcomeMessage(String systemName) {","lastModifiedDate":"2024-09-28","isFullCredit":false},{"lineNumber":19,"author":{"gitId":"ChiaAmeline"},"content":"        printHorizontalLines();","lastModifiedDate":"2024-09-28","isFullCredit":false},{"lineNumber":20,"author":{"gitId":"ChiaAmeline"},"content":"        System.out.println(\"Hello! I\u0027m \" + systemName);","lastModifiedDate":"2024-09-28","isFullCredit":false},{"lineNumber":21,"author":{"gitId":"ChiaAmeline"},"content":"        System.out.println(\"What can I do for you?\");","lastModifiedDate":"2024-09-28","isFullCredit":false},{"lineNumber":22,"author":{"gitId":"ChiaAmeline"},"content":"        printHorizontalLines();","lastModifiedDate":"2024-09-28","isFullCredit":false},{"lineNumber":23,"author":{"gitId":"ChiaAmeline"},"content":"    }","lastModifiedDate":"2024-09-28","isFullCredit":false},{"lineNumber":24,"author":{"gitId":"ChiaAmeline"},"content":"    public static void printEndingMessage(){","lastModifiedDate":"2024-10-07","isFullCredit":false},{"lineNumber":25,"author":{"gitId":"ChiaAmeline"},"content":"        printHorizontalLines();","lastModifiedDate":"2024-10-07","isFullCredit":false},{"lineNumber":26,"author":{"gitId":"ChiaAmeline"},"content":"        System.out.print(\"Bye. Hope to see you again soon!\\n\");","lastModifiedDate":"2024-10-07","isFullCredit":false},{"lineNumber":27,"author":{"gitId":"ChiaAmeline"},"content":"        printHorizontalLines();","lastModifiedDate":"2024-10-07","isFullCredit":false},{"lineNumber":28,"author":{"gitId":"ChiaAmeline"},"content":"    }","lastModifiedDate":"2024-10-07","isFullCredit":false},{"lineNumber":29,"author":{"gitId":"ChiaAmeline"},"content":"}","lastModifiedDate":"2024-09-28","isFullCredit":false}],"authorContributionMap":{"ChiaAmeline":29}},{"path":"src/main/java/task.java","fileType":"java","lines":[{"lineNumber":1,"author":{"gitId":"ChiaAmeline"},"content":"import java.lang.reflect.Array;","lastModifiedDate":"2024-10-09","isFullCredit":false},{"lineNumber":2,"author":{"gitId":"ChiaAmeline"},"content":"","lastModifiedDate":"2024-10-09","isFullCredit":false},{"lineNumber":3,"author":{"gitId":"ChiaAmeline"},"content":"public class task {","lastModifiedDate":"2024-10-07","isFullCredit":false},{"lineNumber":4,"author":{"gitId":"ChiaAmeline"},"content":"    private String taskName;","lastModifiedDate":"2024-10-07","isFullCredit":false},{"lineNumber":5,"author":{"gitId":"ChiaAmeline"},"content":"    // (Wk 3) Level-2 Include class level members to dynamically count total number of task","lastModifiedDate":"2024-10-09","isFullCredit":false},{"lineNumber":6,"author":{"gitId":"ChiaAmeline"},"content":"    private static int totalNumberOfTodoTask \u003d 0;","lastModifiedDate":"2024-10-09","isFullCredit":false},{"lineNumber":7,"author":{"gitId":"ChiaAmeline"},"content":"","lastModifiedDate":"2024-10-07","isFullCredit":false},{"lineNumber":8,"author":{"gitId":"ChiaAmeline"},"content":"    public task(String taskName) {","lastModifiedDate":"2024-10-07","isFullCredit":false},{"lineNumber":9,"author":{"gitId":"ChiaAmeline"},"content":"        this.taskName \u003d taskName;","lastModifiedDate":"2024-10-07","isFullCredit":false},{"lineNumber":10,"author":{"gitId":"ChiaAmeline"},"content":"        totalNumberOfTodoTask++;","lastModifiedDate":"2024-10-09","isFullCredit":false},{"lineNumber":11,"author":{"gitId":"ChiaAmeline"},"content":"    }","lastModifiedDate":"2024-10-09","isFullCredit":false},{"lineNumber":12,"author":{"gitId":"ChiaAmeline"},"content":"    public static int getTotalNumberOfTodoTask(){","lastModifiedDate":"2024-10-09","isFullCredit":false},{"lineNumber":13,"author":{"gitId":"ChiaAmeline"},"content":"        return totalNumberOfTodoTask;","lastModifiedDate":"2024-10-09","isFullCredit":false},{"lineNumber":14,"author":{"gitId":"ChiaAmeline"},"content":"    }","lastModifiedDate":"2024-10-07","isFullCredit":false},{"lineNumber":15,"author":{"gitId":"ChiaAmeline"},"content":"    public String getTaskName() {","lastModifiedDate":"2024-10-07","isFullCredit":false},{"lineNumber":16,"author":{"gitId":"ChiaAmeline"},"content":"        return taskName;","lastModifiedDate":"2024-10-07","isFullCredit":false},{"lineNumber":17,"author":{"gitId":"ChiaAmeline"},"content":"    }","lastModifiedDate":"2024-10-07","isFullCredit":false},{"lineNumber":18,"author":{"gitId":"ChiaAmeline"},"content":"    public void setTaskName(String taskName) {","lastModifiedDate":"2024-10-07","isFullCredit":false},{"lineNumber":19,"author":{"gitId":"ChiaAmeline"},"content":"        this.taskName \u003d taskName;","lastModifiedDate":"2024-10-07","isFullCredit":false},{"lineNumber":20,"author":{"gitId":"ChiaAmeline"},"content":"    }","lastModifiedDate":"2024-10-07","isFullCredit":false},{"lineNumber":21,"author":{"gitId":"ChiaAmeline"},"content":"    // (Wk 3) Level-1 Echo item and print in format","lastModifiedDate":"2024-10-09","isFullCredit":false},{"lineNumber":22,"author":{"gitId":"ChiaAmeline"},"content":"    public static void printAddedTask(String taskName) {","lastModifiedDate":"2024-10-09","isFullCredit":false},{"lineNumber":23,"author":{"gitId":"ChiaAmeline"},"content":"        message m \u003d new message(taskName);","lastModifiedDate":"2024-10-07","isFullCredit":false},{"lineNumber":24,"author":{"gitId":"ChiaAmeline"},"content":"        message.printHorizontalLines();","lastModifiedDate":"2024-10-07","isFullCredit":false},{"lineNumber":25,"author":{"gitId":"ChiaAmeline"},"content":"        // (Wk 3) Level-2 Add to list","lastModifiedDate":"2024-10-09","isFullCredit":false},{"lineNumber":26,"author":{"gitId":"ChiaAmeline"},"content":"        System.out.println(\"added: \" + m.getTextMessage());","lastModifiedDate":"2024-10-09","isFullCredit":false},{"lineNumber":27,"author":{"gitId":"ChiaAmeline"},"content":"        message.printHorizontalLines();","lastModifiedDate":"2024-10-09","isFullCredit":false},{"lineNumber":28,"author":{"gitId":"ChiaAmeline"},"content":"    }","lastModifiedDate":"2024-10-09","isFullCredit":false},{"lineNumber":29,"author":{"gitId":"ChiaAmeline"},"content":"    // (Wk 3) Level-2 Print out task list","lastModifiedDate":"2024-10-09","isFullCredit":false},{"lineNumber":30,"author":{"gitId":"ChiaAmeline"},"content":"    public static void printTaskList(String[] taskList) {","lastModifiedDate":"2024-10-09","isFullCredit":false},{"lineNumber":31,"author":{"gitId":"ChiaAmeline"},"content":"        message.printHorizontalLines();","lastModifiedDate":"2024-10-09","isFullCredit":false},{"lineNumber":32,"author":{"gitId":"ChiaAmeline"},"content":"        for (int counter \u003d 0; counter \u003c totalNumberOfTodoTask; counter++) {","lastModifiedDate":"2024-10-09","isFullCredit":false},{"lineNumber":33,"author":{"gitId":"ChiaAmeline"},"content":"            int listIndex \u003d counter + 1;","lastModifiedDate":"2024-10-09","isFullCredit":false},{"lineNumber":34,"author":{"gitId":"ChiaAmeline"},"content":"            System.out.println(listIndex + \". \" + taskList[counter]);","lastModifiedDate":"2024-10-09","isFullCredit":false},{"lineNumber":35,"author":{"gitId":"ChiaAmeline"},"content":"        }","lastModifiedDate":"2024-10-09","isFullCredit":false},{"lineNumber":36,"author":{"gitId":"ChiaAmeline"},"content":"        message.printHorizontalLines();","lastModifiedDate":"2024-10-07","isFullCredit":false},{"lineNumber":37,"author":{"gitId":"ChiaAmeline"},"content":"    }","lastModifiedDate":"2024-10-07","isFullCredit":false},{"lineNumber":38,"author":{"gitId":"ChiaAmeline"},"content":"}","lastModifiedDate":"2024-10-07","isFullCredit":false}],"authorContributionMap":{"ChiaAmeline":38}}]
