[{"path":"src/main/java/exceptionHandling.java","fileType":"java","lines":[{"lineNumber":1,"author":{"gitId":"ChiaAmeline"},"content":"import java.util.ArrayList;","lastModifiedDate":"2024-10-14","isFullCredit":false},{"lineNumber":2,"author":{"gitId":"ChiaAmeline"},"content":"","lastModifiedDate":"2024-10-14","isFullCredit":false},{"lineNumber":3,"author":{"gitId":"ChiaAmeline"},"content":"public class exceptionHandling {","lastModifiedDate":"2024-10-14","isFullCredit":false},{"lineNumber":4,"author":{"gitId":"ChiaAmeline"},"content":"    //Solution below adapted from https://www.quora.com/What-is-the-function-of-a-isInteger-in-Java","lastModifiedDate":"2024-10-14","isFullCredit":false},{"lineNumber":5,"author":{"gitId":"ChiaAmeline"},"content":"    public static boolean isInteger(String input) {","lastModifiedDate":"2024-10-14","isFullCredit":false},{"lineNumber":6,"author":{"gitId":"ChiaAmeline"},"content":"        try {","lastModifiedDate":"2024-10-14","isFullCredit":false},{"lineNumber":7,"author":{"gitId":"ChiaAmeline"},"content":"            Integer.parseInt( input );","lastModifiedDate":"2024-10-14","isFullCredit":false},{"lineNumber":8,"author":{"gitId":"ChiaAmeline"},"content":"            return true;","lastModifiedDate":"2024-10-14","isFullCredit":false},{"lineNumber":9,"author":{"gitId":"ChiaAmeline"},"content":"        }","lastModifiedDate":"2024-10-14","isFullCredit":false},{"lineNumber":10,"author":{"gitId":"ChiaAmeline"},"content":"        catch (NumberFormatException e) {","lastModifiedDate":"2024-10-14","isFullCredit":false},{"lineNumber":11,"author":{"gitId":"ChiaAmeline"},"content":"            return false;","lastModifiedDate":"2024-10-14","isFullCredit":false},{"lineNumber":12,"author":{"gitId":"ChiaAmeline"},"content":"        }","lastModifiedDate":"2024-10-14","isFullCredit":false},{"lineNumber":13,"author":{"gitId":"ChiaAmeline"},"content":"    }","lastModifiedDate":"2024-10-14","isFullCredit":false},{"lineNumber":14,"author":{"gitId":"ChiaAmeline"},"content":"    public static boolean isEmptyInput(String input) {","lastModifiedDate":"2024-10-14","isFullCredit":false},{"lineNumber":15,"author":{"gitId":"ChiaAmeline"},"content":"        return input.trim().isEmpty();","lastModifiedDate":"2024-10-14","isFullCredit":false},{"lineNumber":16,"author":{"gitId":"ChiaAmeline"},"content":"    }","lastModifiedDate":"2024-10-14","isFullCredit":false},{"lineNumber":17,"author":{"gitId":"ChiaAmeline"},"content":"    public static boolean isTaskDuplicated(ArrayList\u003ctask\u003e todoArray, String newTask) {","lastModifiedDate":"2024-10-14","isFullCredit":false},{"lineNumber":18,"author":{"gitId":"ChiaAmeline"},"content":"        for (task task : todoArray) {","lastModifiedDate":"2024-10-14","isFullCredit":false},{"lineNumber":19,"author":{"gitId":"ChiaAmeline"},"content":"            if (task !\u003d null \u0026\u0026 task.getTaskName().equals(newTask)) {","lastModifiedDate":"2024-10-14","isFullCredit":false},{"lineNumber":20,"author":{"gitId":"ChiaAmeline"},"content":"                return true;","lastModifiedDate":"2024-10-14","isFullCredit":false},{"lineNumber":21,"author":{"gitId":"ChiaAmeline"},"content":"            }","lastModifiedDate":"2024-10-14","isFullCredit":false},{"lineNumber":22,"author":{"gitId":"ChiaAmeline"},"content":"        }","lastModifiedDate":"2024-10-14","isFullCredit":false},{"lineNumber":23,"author":{"gitId":"ChiaAmeline"},"content":"        return false;","lastModifiedDate":"2024-10-14","isFullCredit":false},{"lineNumber":24,"author":{"gitId":"ChiaAmeline"},"content":"    }","lastModifiedDate":"2024-10-14","isFullCredit":false},{"lineNumber":25,"author":{"gitId":"ChiaAmeline"},"content":"    public static boolean isTaskMarked(ArrayList\u003ctask\u003e todoArray, int index, boolean isDone){","lastModifiedDate":"2024-10-14","isFullCredit":false},{"lineNumber":26,"author":{"gitId":"ChiaAmeline"},"content":"        try{","lastModifiedDate":"2024-10-14","isFullCredit":false},{"lineNumber":27,"author":{"gitId":"ChiaAmeline"},"content":"            index --;","lastModifiedDate":"2024-10-14","isFullCredit":false},{"lineNumber":28,"author":{"gitId":"ChiaAmeline"},"content":"            return todoArray.get(index).isDone \u003d\u003d isDone;","lastModifiedDate":"2024-10-14","isFullCredit":false},{"lineNumber":29,"author":{"gitId":"ChiaAmeline"},"content":"        } catch (Exception e){","lastModifiedDate":"2024-10-14","isFullCredit":false},{"lineNumber":30,"author":{"gitId":"ChiaAmeline"},"content":"            return false;","lastModifiedDate":"2024-10-14","isFullCredit":false},{"lineNumber":31,"author":{"gitId":"ChiaAmeline"},"content":"        }","lastModifiedDate":"2024-10-14","isFullCredit":false},{"lineNumber":32,"author":{"gitId":"ChiaAmeline"},"content":"    }","lastModifiedDate":"2024-10-14","isFullCredit":false},{"lineNumber":33,"author":{"gitId":"ChiaAmeline"},"content":"}","lastModifiedDate":"2024-10-14","isFullCredit":false}],"authorContributionMap":{"ChiaAmeline":33}},{"path":"src/main/java/jibberJabber.java","fileType":"java","lines":[{"lineNumber":1,"author":{"gitId":"ChiaAmeline"},"content":"import java.util.ArrayList;","lastModifiedDate":"2024-10-14","isFullCredit":false},{"lineNumber":2,"author":{"gitId":"-"},"content":"import java.util.Scanner;","lastModifiedDate":"2024-10-07","isFullCredit":false},{"lineNumber":3,"author":{"gitId":"-"},"content":"","lastModifiedDate":"2024-10-07","isFullCredit":false},{"lineNumber":4,"author":{"gitId":"-"},"content":"public class jibberJabber {","lastModifiedDate":"2024-09-28","isFullCredit":false},{"lineNumber":5,"author":{"gitId":"ChiaAmeline"},"content":"    public static void addNewTask(ArrayList\u003ctask\u003e todoArray, String todoTask){","lastModifiedDate":"2024-10-14","isFullCredit":false},{"lineNumber":6,"author":{"gitId":"ChiaAmeline"},"content":"        if (exceptionHandling.isTaskDuplicated(todoArray, todoTask)){","lastModifiedDate":"2024-10-14","isFullCredit":false},{"lineNumber":7,"author":{"gitId":"ChiaAmeline"},"content":"            message.printDuplicateMessage();","lastModifiedDate":"2024-10-14","isFullCredit":false},{"lineNumber":8,"author":{"gitId":"ChiaAmeline"},"content":"        } else {","lastModifiedDate":"2024-10-14","isFullCredit":false},{"lineNumber":9,"author":{"gitId":"ChiaAmeline"},"content":"            task inputTask \u003d  new task(todoTask);","lastModifiedDate":"2024-10-14","isFullCredit":false},{"lineNumber":10,"author":{"gitId":"ChiaAmeline"},"content":"            todoArray.add(inputTask) ;","lastModifiedDate":"2024-10-14","isFullCredit":false},{"lineNumber":11,"author":{"gitId":"ChiaAmeline"},"content":"            task.printAddedTask(inputTask);","lastModifiedDate":"2024-10-14","isFullCredit":false},{"lineNumber":12,"author":{"gitId":"ChiaAmeline"},"content":"        }","lastModifiedDate":"2024-10-14","isFullCredit":false},{"lineNumber":13,"author":{"gitId":"ChiaAmeline"},"content":"    }","lastModifiedDate":"2024-10-14","isFullCredit":false},{"lineNumber":14,"author":{"gitId":"-"},"content":"    public static void main(String[] args) {","lastModifiedDate":"2024-09-28","isFullCredit":false},{"lineNumber":15,"author":{"gitId":"-"},"content":"        // Welcome message","lastModifiedDate":"2024-10-07","isFullCredit":false},{"lineNumber":16,"author":{"gitId":"-"},"content":"        message.printWelcomeMessage(\"Jibber Jabber\");","lastModifiedDate":"2024-09-28","isFullCredit":false},{"lineNumber":17,"author":{"gitId":"-"},"content":"","lastModifiedDate":"2024-10-07","isFullCredit":false},{"lineNumber":18,"author":{"gitId":"ChiaAmeline"},"content":"        ArrayList\u003ctask\u003e todoArray \u003d new ArrayList\u003c\u003e();","lastModifiedDate":"2024-10-14","isFullCredit":false},{"lineNumber":19,"author":{"gitId":"ChiaAmeline"},"content":"","lastModifiedDate":"2024-10-09","isFullCredit":false},{"lineNumber":20,"author":{"gitId":"-"},"content":"        // (Wk 3) Level-1 capture task to complete from user input","lastModifiedDate":"2024-10-07","isFullCredit":false},{"lineNumber":21,"author":{"gitId":"-"},"content":"        Scanner scanner \u003d new Scanner(System.in);","lastModifiedDate":"2024-10-07","isFullCredit":false},{"lineNumber":22,"author":{"gitId":"ChiaAmeline"},"content":"        String todoTask;","lastModifiedDate":"2024-10-14","isFullCredit":false},{"lineNumber":23,"author":{"gitId":"ChiaAmeline"},"content":"","lastModifiedDate":"2024-10-09","isFullCredit":false},{"lineNumber":24,"author":{"gitId":"ChiaAmeline"},"content":"        while(true){","lastModifiedDate":"2024-10-14","isFullCredit":false},{"lineNumber":25,"author":{"gitId":"ChiaAmeline"},"content":"            int totalNumberOfTaskObj \u003d  task.getTotalNumberOfTodoTask();","lastModifiedDate":"2024-10-14","isFullCredit":false},{"lineNumber":26,"author":{"gitId":"-"},"content":"            todoTask \u003d scanner.nextLine();","lastModifiedDate":"2024-10-07","isFullCredit":false},{"lineNumber":27,"author":{"gitId":"ChiaAmeline"},"content":"            // Check for empty input string","lastModifiedDate":"2024-10-14","isFullCredit":false},{"lineNumber":28,"author":{"gitId":"ChiaAmeline"},"content":"            if(exceptionHandling.isEmptyInput(todoTask)){","lastModifiedDate":"2024-10-14","isFullCredit":false},{"lineNumber":29,"author":{"gitId":"ChiaAmeline"},"content":"                message.printEmptyMessage(false);","lastModifiedDate":"2024-10-14","isFullCredit":false},{"lineNumber":30,"author":{"gitId":"ChiaAmeline"},"content":"                continue;","lastModifiedDate":"2024-10-14","isFullCredit":false},{"lineNumber":31,"author":{"gitId":"ChiaAmeline"},"content":"            }","lastModifiedDate":"2024-10-14","isFullCredit":false},{"lineNumber":32,"author":{"gitId":"ChiaAmeline"},"content":"","lastModifiedDate":"2024-10-09","isFullCredit":false},{"lineNumber":33,"author":{"gitId":"ChiaAmeline"},"content":"            String[] splitTodoTask \u003d todoTask.split(\" \");","lastModifiedDate":"2024-10-14","isFullCredit":false},{"lineNumber":34,"author":{"gitId":"ChiaAmeline"},"content":"            String splitWord \u003d splitTodoTask[0].toLowerCase();","lastModifiedDate":"2024-10-14","isFullCredit":false},{"lineNumber":35,"author":{"gitId":"ChiaAmeline"},"content":"","lastModifiedDate":"2024-10-14","isFullCredit":false},{"lineNumber":36,"author":{"gitId":"ChiaAmeline"},"content":"            switch (splitWord){","lastModifiedDate":"2024-10-14","isFullCredit":false},{"lineNumber":37,"author":{"gitId":"ChiaAmeline"},"content":"                case \"bye\":","lastModifiedDate":"2024-10-14","isFullCredit":false},{"lineNumber":38,"author":{"gitId":"-"},"content":"                    message.printEndingMessage();","lastModifiedDate":"2024-09-28","isFullCredit":false},{"lineNumber":39,"author":{"gitId":"ChiaAmeline"},"content":"                    return;","lastModifiedDate":"2024-10-14","isFullCredit":false},{"lineNumber":40,"author":{"gitId":"ChiaAmeline"},"content":"                // (Wk 3) Level-2 Check for \"list\" key word, then print task list","lastModifiedDate":"2024-10-09","isFullCredit":false},{"lineNumber":41,"author":{"gitId":"ChiaAmeline"},"content":"                case \"list\":","lastModifiedDate":"2024-10-14","isFullCredit":false},{"lineNumber":42,"author":{"gitId":"ChiaAmeline"},"content":"                    keywordHandling.processListKeyword(todoArray,totalNumberOfTaskObj);","lastModifiedDate":"2024-10-14","isFullCredit":false},{"lineNumber":43,"author":{"gitId":"ChiaAmeline"},"content":"                    continue;","lastModifiedDate":"2024-10-14","isFullCredit":false},{"lineNumber":44,"author":{"gitId":"ChiaAmeline"},"content":"                case \"mark\":","lastModifiedDate":"2024-10-14","isFullCredit":false},{"lineNumber":45,"author":{"gitId":"ChiaAmeline"},"content":"                    keywordHandling.processMarkKeyword(todoArray, totalNumberOfTaskObj, splitTodoTask[1], true);","lastModifiedDate":"2024-10-14","isFullCredit":false},{"lineNumber":46,"author":{"gitId":"ChiaAmeline"},"content":"                    continue;","lastModifiedDate":"2024-10-14","isFullCredit":false},{"lineNumber":47,"author":{"gitId":"ChiaAmeline"},"content":"                case \"unmark\":","lastModifiedDate":"2024-10-14","isFullCredit":false},{"lineNumber":48,"author":{"gitId":"ChiaAmeline"},"content":"                    keywordHandling.processMarkKeyword(todoArray, totalNumberOfTaskObj, splitTodoTask[1], false);","lastModifiedDate":"2024-10-14","isFullCredit":false},{"lineNumber":49,"author":{"gitId":"ChiaAmeline"},"content":"                    continue;","lastModifiedDate":"2024-10-09","isFullCredit":false},{"lineNumber":50,"author":{"gitId":"-"},"content":"            }","lastModifiedDate":"2024-10-07","isFullCredit":false},{"lineNumber":51,"author":{"gitId":"ChiaAmeline"},"content":"","lastModifiedDate":"2024-10-09","isFullCredit":false},{"lineNumber":52,"author":{"gitId":"ChiaAmeline"},"content":"            addNewTask(todoArray, todoTask);","lastModifiedDate":"2024-10-14","isFullCredit":false},{"lineNumber":53,"author":{"gitId":"-"},"content":"        }","lastModifiedDate":"2024-10-07","isFullCredit":false},{"lineNumber":54,"author":{"gitId":"ChiaAmeline"},"content":"","lastModifiedDate":"2024-10-14","isFullCredit":false},{"lineNumber":55,"author":{"gitId":"-"},"content":"    }","lastModifiedDate":"2024-09-28","isFullCredit":false},{"lineNumber":56,"author":{"gitId":"-"},"content":"}","lastModifiedDate":"2024-09-28","isFullCredit":false}],"authorContributionMap":{"ChiaAmeline":41,"-":15}},{"path":"src/main/java/keywordHandling.java","fileType":"java","lines":[{"lineNumber":1,"author":{"gitId":"ChiaAmeline"},"content":"import java.util.ArrayList;","lastModifiedDate":"2024-10-14","isFullCredit":false},{"lineNumber":2,"author":{"gitId":"ChiaAmeline"},"content":"","lastModifiedDate":"2024-10-14","isFullCredit":false},{"lineNumber":3,"author":{"gitId":"ChiaAmeline"},"content":"public class keywordHandling {","lastModifiedDate":"2024-10-14","isFullCredit":false},{"lineNumber":4,"author":{"gitId":"ChiaAmeline"},"content":"    public static void processListKeyword(ArrayList\u003ctask\u003e todoArray, int totalNumberOfTaskObj){","lastModifiedDate":"2024-10-14","isFullCredit":false},{"lineNumber":5,"author":{"gitId":"ChiaAmeline"},"content":"        if (totalNumberOfTaskObj\u003d\u003d 0){","lastModifiedDate":"2024-10-14","isFullCredit":false},{"lineNumber":6,"author":{"gitId":"ChiaAmeline"},"content":"            message.printEmptyMessage(true);","lastModifiedDate":"2024-10-14","isFullCredit":false},{"lineNumber":7,"author":{"gitId":"ChiaAmeline"},"content":"        } else {","lastModifiedDate":"2024-10-14","isFullCredit":false},{"lineNumber":8,"author":{"gitId":"ChiaAmeline"},"content":"            task.printTaskList(todoArray);","lastModifiedDate":"2024-10-14","isFullCredit":false},{"lineNumber":9,"author":{"gitId":"ChiaAmeline"},"content":"        }","lastModifiedDate":"2024-10-14","isFullCredit":false},{"lineNumber":10,"author":{"gitId":"ChiaAmeline"},"content":"    }","lastModifiedDate":"2024-10-14","isFullCredit":false},{"lineNumber":11,"author":{"gitId":"ChiaAmeline"},"content":"    public static void processMarkKeyword(ArrayList\u003ctask\u003e  todoArray, int totalNumberOfTaskObj, String index, boolean isMark){","lastModifiedDate":"2024-10-14","isFullCredit":false},{"lineNumber":12,"author":{"gitId":"ChiaAmeline"},"content":"","lastModifiedDate":"2024-10-14","isFullCredit":false},{"lineNumber":13,"author":{"gitId":"ChiaAmeline"},"content":"        if (totalNumberOfTaskObj \u003d\u003d 0){","lastModifiedDate":"2024-10-14","isFullCredit":false},{"lineNumber":14,"author":{"gitId":"ChiaAmeline"},"content":"            message.printEmptyMessage(true);","lastModifiedDate":"2024-10-14","isFullCredit":false},{"lineNumber":15,"author":{"gitId":"ChiaAmeline"},"content":"        }","lastModifiedDate":"2024-10-14","isFullCredit":false},{"lineNumber":16,"author":{"gitId":"ChiaAmeline"},"content":"        // Exception checks:","lastModifiedDate":"2024-10-14","isFullCredit":false},{"lineNumber":17,"author":{"gitId":"ChiaAmeline"},"content":"        // 1. Check if the second input value is a numerical string and 0 (invalid scenario)","lastModifiedDate":"2024-10-14","isFullCredit":false},{"lineNumber":18,"author":{"gitId":"ChiaAmeline"},"content":"        // 2. Check if the input numerical string is out of bound from the task list","lastModifiedDate":"2024-10-14","isFullCredit":false},{"lineNumber":19,"author":{"gitId":"ChiaAmeline"},"content":"        // 3. Check if the task have been marked / unmarked before","lastModifiedDate":"2024-10-14","isFullCredit":false},{"lineNumber":20,"author":{"gitId":"ChiaAmeline"},"content":"        else if (!exceptionHandling.isInteger(index)) {","lastModifiedDate":"2024-10-14","isFullCredit":false},{"lineNumber":21,"author":{"gitId":"ChiaAmeline"},"content":"            message.printInvalidIntegerMessage();","lastModifiedDate":"2024-10-14","isFullCredit":false},{"lineNumber":22,"author":{"gitId":"ChiaAmeline"},"content":"        } else {","lastModifiedDate":"2024-10-14","isFullCredit":false},{"lineNumber":23,"author":{"gitId":"ChiaAmeline"},"content":"            int convertedIndex \u003d Integer.parseInt(index);","lastModifiedDate":"2024-10-14","isFullCredit":false},{"lineNumber":24,"author":{"gitId":"ChiaAmeline"},"content":"            if (convertedIndex \u003e totalNumberOfTaskObj || convertedIndex \u003c\u003d 0) {","lastModifiedDate":"2024-10-14","isFullCredit":false},{"lineNumber":25,"author":{"gitId":"ChiaAmeline"},"content":"                message.printOutOfBoundsMessage();","lastModifiedDate":"2024-10-14","isFullCredit":false},{"lineNumber":26,"author":{"gitId":"ChiaAmeline"},"content":"            } else if (exceptionHandling.isTaskMarked(todoArray, convertedIndex, isMark)){","lastModifiedDate":"2024-10-14","isFullCredit":false},{"lineNumber":27,"author":{"gitId":"ChiaAmeline"},"content":"                message.printMarkedTaskMessage();","lastModifiedDate":"2024-10-14","isFullCredit":false},{"lineNumber":28,"author":{"gitId":"ChiaAmeline"},"content":"            } else {","lastModifiedDate":"2024-10-14","isFullCredit":false},{"lineNumber":29,"author":{"gitId":"ChiaAmeline"},"content":"                task.setTaskMarkStatus(todoArray, convertedIndex, isMark);","lastModifiedDate":"2024-10-14","isFullCredit":false},{"lineNumber":30,"author":{"gitId":"ChiaAmeline"},"content":"            }","lastModifiedDate":"2024-10-14","isFullCredit":false},{"lineNumber":31,"author":{"gitId":"ChiaAmeline"},"content":"        }","lastModifiedDate":"2024-10-14","isFullCredit":false},{"lineNumber":32,"author":{"gitId":"ChiaAmeline"},"content":"    }","lastModifiedDate":"2024-10-14","isFullCredit":false},{"lineNumber":33,"author":{"gitId":"ChiaAmeline"},"content":"}","lastModifiedDate":"2024-10-14","isFullCredit":false}],"authorContributionMap":{"ChiaAmeline":33}},{"path":"src/main/java/message.java","fileType":"java","lines":[{"lineNumber":1,"author":{"gitId":"-"},"content":"public class message {","lastModifiedDate":"2024-09-28","isFullCredit":false},{"lineNumber":2,"author":{"gitId":"-"},"content":"    public static void printHorizontalLines(){","lastModifiedDate":"2024-10-07","isFullCredit":false},{"lineNumber":3,"author":{"gitId":"-"},"content":"        System.out.println(\"____________________________________________________________\");","lastModifiedDate":"2024-10-07","isFullCredit":false},{"lineNumber":4,"author":{"gitId":"-"},"content":"    }","lastModifiedDate":"2024-10-07","isFullCredit":false},{"lineNumber":5,"author":{"gitId":"ChiaAmeline"},"content":"    public static void printSingleMessage(String textMessage){","lastModifiedDate":"2024-10-14","isFullCredit":false},{"lineNumber":6,"author":{"gitId":"ChiaAmeline"},"content":"        printHorizontalLines();","lastModifiedDate":"2024-10-14","isFullCredit":false},{"lineNumber":7,"author":{"gitId":"ChiaAmeline"},"content":"        System.out.println(textMessage);","lastModifiedDate":"2024-10-14","isFullCredit":false},{"lineNumber":8,"author":{"gitId":"ChiaAmeline"},"content":"        printHorizontalLines();","lastModifiedDate":"2024-10-14","isFullCredit":false},{"lineNumber":9,"author":{"gitId":"ChiaAmeline"},"content":"    }","lastModifiedDate":"2024-10-14","isFullCredit":false},{"lineNumber":10,"author":{"gitId":"ChiaAmeline"},"content":"    // (Wk 3) Level-0 Print welcome message","lastModifiedDate":"2024-10-09","isFullCredit":false},{"lineNumber":11,"author":{"gitId":"-"},"content":"    public static void printWelcomeMessage(String systemName) {","lastModifiedDate":"2024-09-28","isFullCredit":false},{"lineNumber":12,"author":{"gitId":"-"},"content":"        printHorizontalLines();","lastModifiedDate":"2024-09-28","isFullCredit":false},{"lineNumber":13,"author":{"gitId":"-"},"content":"        System.out.println(\"Hello! I\u0027m \" + systemName);","lastModifiedDate":"2024-09-28","isFullCredit":false},{"lineNumber":14,"author":{"gitId":"-"},"content":"        System.out.println(\"What can I do for you?\");","lastModifiedDate":"2024-09-28","isFullCredit":false},{"lineNumber":15,"author":{"gitId":"-"},"content":"        printHorizontalLines();","lastModifiedDate":"2024-09-28","isFullCredit":false},{"lineNumber":16,"author":{"gitId":"-"},"content":"    }","lastModifiedDate":"2024-09-28","isFullCredit":false},{"lineNumber":17,"author":{"gitId":"-"},"content":"    public static void printEndingMessage(){","lastModifiedDate":"2024-10-07","isFullCredit":false},{"lineNumber":18,"author":{"gitId":"ChiaAmeline"},"content":"        printSingleMessage(\"Bye. Hope to see you again soon!\");","lastModifiedDate":"2024-10-14","isFullCredit":false},{"lineNumber":19,"author":{"gitId":"ChiaAmeline"},"content":"    }","lastModifiedDate":"2024-10-14","isFullCredit":false},{"lineNumber":20,"author":{"gitId":"ChiaAmeline"},"content":"    public static void printEmptyMessage(boolean isList){","lastModifiedDate":"2024-10-14","isFullCredit":false},{"lineNumber":21,"author":{"gitId":"ChiaAmeline"},"content":"        if(isList){","lastModifiedDate":"2024-10-14","isFullCredit":false},{"lineNumber":22,"author":{"gitId":"ChiaAmeline"},"content":"            printSingleMessage(\"The list is empty.\");","lastModifiedDate":"2024-10-14","isFullCredit":false},{"lineNumber":23,"author":{"gitId":"ChiaAmeline"},"content":"        } else {","lastModifiedDate":"2024-10-14","isFullCredit":false},{"lineNumber":24,"author":{"gitId":"ChiaAmeline"},"content":"            printSingleMessage(\"The task is empty.\");","lastModifiedDate":"2024-10-14","isFullCredit":false},{"lineNumber":25,"author":{"gitId":"ChiaAmeline"},"content":"        }","lastModifiedDate":"2024-10-14","isFullCredit":false},{"lineNumber":26,"author":{"gitId":"ChiaAmeline"},"content":"    }","lastModifiedDate":"2024-10-14","isFullCredit":false},{"lineNumber":27,"author":{"gitId":"ChiaAmeline"},"content":"    public static void printInvalidIntegerMessage(){","lastModifiedDate":"2024-10-14","isFullCredit":false},{"lineNumber":28,"author":{"gitId":"ChiaAmeline"},"content":"        printSingleMessage(\"Mark item needs to be a valid number.\");","lastModifiedDate":"2024-10-14","isFullCredit":false},{"lineNumber":29,"author":{"gitId":"ChiaAmeline"},"content":"    }","lastModifiedDate":"2024-10-14","isFullCredit":false},{"lineNumber":30,"author":{"gitId":"ChiaAmeline"},"content":"    public static void printOutOfBoundsMessage(){","lastModifiedDate":"2024-10-14","isFullCredit":false},{"lineNumber":31,"author":{"gitId":"ChiaAmeline"},"content":"        printSingleMessage(\"Index is out of bounds.\");","lastModifiedDate":"2024-10-14","isFullCredit":false},{"lineNumber":32,"author":{"gitId":"ChiaAmeline"},"content":"    }","lastModifiedDate":"2024-10-14","isFullCredit":false},{"lineNumber":33,"author":{"gitId":"ChiaAmeline"},"content":"    public static void printDuplicateMessage(){","lastModifiedDate":"2024-10-14","isFullCredit":false},{"lineNumber":34,"author":{"gitId":"ChiaAmeline"},"content":"        printSingleMessage(\"Task exist in list.\");","lastModifiedDate":"2024-10-14","isFullCredit":false},{"lineNumber":35,"author":{"gitId":"ChiaAmeline"},"content":"    }","lastModifiedDate":"2024-10-14","isFullCredit":false},{"lineNumber":36,"author":{"gitId":"ChiaAmeline"},"content":"    public static void printTaskStatusMessage(boolean isDone, task currentTask){","lastModifiedDate":"2024-10-14","isFullCredit":false},{"lineNumber":37,"author":{"gitId":"ChiaAmeline"},"content":"        String message;","lastModifiedDate":"2024-10-14","isFullCredit":false},{"lineNumber":38,"author":{"gitId":"ChiaAmeline"},"content":"        if(isDone){","lastModifiedDate":"2024-10-14","isFullCredit":false},{"lineNumber":39,"author":{"gitId":"ChiaAmeline"},"content":"            message \u003d \"Nice! I\u0027ve marked this task as done\";","lastModifiedDate":"2024-10-14","isFullCredit":false},{"lineNumber":40,"author":{"gitId":"ChiaAmeline"},"content":"        } else {","lastModifiedDate":"2024-10-14","isFullCredit":false},{"lineNumber":41,"author":{"gitId":"ChiaAmeline"},"content":"            message \u003d \"OK, I\u0027ve marked this task as not done yet\";","lastModifiedDate":"2024-10-14","isFullCredit":false},{"lineNumber":42,"author":{"gitId":"ChiaAmeline"},"content":"        }","lastModifiedDate":"2024-10-14","isFullCredit":false},{"lineNumber":43,"author":{"gitId":"-"},"content":"        printHorizontalLines();","lastModifiedDate":"2024-10-07","isFullCredit":false},{"lineNumber":44,"author":{"gitId":"ChiaAmeline"},"content":"        System.out.println(message + \":\");","lastModifiedDate":"2024-10-14","isFullCredit":false},{"lineNumber":45,"author":{"gitId":"ChiaAmeline"},"content":"        System.out.println(\"\\t[\" + currentTask.getStatusIcon() + \"] \" + currentTask.getTaskName());","lastModifiedDate":"2024-10-14","isFullCredit":false},{"lineNumber":46,"author":{"gitId":"-"},"content":"        printHorizontalLines();","lastModifiedDate":"2024-10-07","isFullCredit":false},{"lineNumber":47,"author":{"gitId":"-"},"content":"    }","lastModifiedDate":"2024-10-07","isFullCredit":false},{"lineNumber":48,"author":{"gitId":"ChiaAmeline"},"content":"    public static void printMarkedTaskMessage(){","lastModifiedDate":"2024-10-14","isFullCredit":false},{"lineNumber":49,"author":{"gitId":"ChiaAmeline"},"content":"        printSingleMessage(\"Task have been marked / unmarked\");","lastModifiedDate":"2024-10-14","isFullCredit":false},{"lineNumber":50,"author":{"gitId":"ChiaAmeline"},"content":"    }","lastModifiedDate":"2024-10-14","isFullCredit":false},{"lineNumber":51,"author":{"gitId":"-"},"content":"}","lastModifiedDate":"2024-09-28","isFullCredit":false}],"authorContributionMap":{"ChiaAmeline":36,"-":15}},{"path":"src/main/java/task.java","fileType":"java","lines":[{"lineNumber":1,"author":{"gitId":"ChiaAmeline"},"content":"import java.util.ArrayList;","lastModifiedDate":"2024-10-14","isFullCredit":false},{"lineNumber":2,"author":{"gitId":"ChiaAmeline"},"content":"","lastModifiedDate":"2024-10-09","isFullCredit":false},{"lineNumber":3,"author":{"gitId":"-"},"content":"public class task {","lastModifiedDate":"2024-10-07","isFullCredit":false},{"lineNumber":4,"author":{"gitId":"ChiaAmeline"},"content":"    protected String taskName;","lastModifiedDate":"2024-10-14","isFullCredit":false},{"lineNumber":5,"author":{"gitId":"ChiaAmeline"},"content":"    protected boolean isDone;","lastModifiedDate":"2024-10-14","isFullCredit":false},{"lineNumber":6,"author":{"gitId":"ChiaAmeline"},"content":"    // (Wk 3) Level-2 Include class level members to dynamically count total number of task","lastModifiedDate":"2024-10-09","isFullCredit":false},{"lineNumber":7,"author":{"gitId":"ChiaAmeline"},"content":"    private static int totalNumberOfTodoTask \u003d 0;","lastModifiedDate":"2024-10-09","isFullCredit":false},{"lineNumber":8,"author":{"gitId":"-"},"content":"","lastModifiedDate":"2024-10-07","isFullCredit":false},{"lineNumber":9,"author":{"gitId":"-"},"content":"    public task(String taskName) {","lastModifiedDate":"2024-10-07","isFullCredit":false},{"lineNumber":10,"author":{"gitId":"-"},"content":"        this.taskName \u003d taskName;","lastModifiedDate":"2024-10-07","isFullCredit":false},{"lineNumber":11,"author":{"gitId":"ChiaAmeline"},"content":"        this.isDone \u003d false;","lastModifiedDate":"2024-10-14","isFullCredit":false},{"lineNumber":12,"author":{"gitId":"ChiaAmeline"},"content":"","lastModifiedDate":"2024-10-14","isFullCredit":false},{"lineNumber":13,"author":{"gitId":"ChiaAmeline"},"content":"        totalNumberOfTodoTask++;","lastModifiedDate":"2024-10-09","isFullCredit":false},{"lineNumber":14,"author":{"gitId":"ChiaAmeline"},"content":"    }","lastModifiedDate":"2024-10-09","isFullCredit":false},{"lineNumber":15,"author":{"gitId":"ChiaAmeline"},"content":"    public static int getTotalNumberOfTodoTask(){","lastModifiedDate":"2024-10-09","isFullCredit":false},{"lineNumber":16,"author":{"gitId":"ChiaAmeline"},"content":"        return totalNumberOfTodoTask;","lastModifiedDate":"2024-10-09","isFullCredit":false},{"lineNumber":17,"author":{"gitId":"-"},"content":"    }","lastModifiedDate":"2024-10-07","isFullCredit":false},{"lineNumber":18,"author":{"gitId":"-"},"content":"    public String getTaskName() {","lastModifiedDate":"2024-10-07","isFullCredit":false},{"lineNumber":19,"author":{"gitId":"-"},"content":"        return taskName;","lastModifiedDate":"2024-10-07","isFullCredit":false},{"lineNumber":20,"author":{"gitId":"-"},"content":"    }","lastModifiedDate":"2024-10-07","isFullCredit":false},{"lineNumber":21,"author":{"gitId":"ChiaAmeline"},"content":"    // (Wk 4) Level-3 Set the indexed task with \"X\" when mark as done and empty when mark as undone","lastModifiedDate":"2024-10-14","isFullCredit":false},{"lineNumber":22,"author":{"gitId":"ChiaAmeline"},"content":"    public String getStatusIcon(){","lastModifiedDate":"2024-10-14","isFullCredit":false},{"lineNumber":23,"author":{"gitId":"ChiaAmeline"},"content":"        return (isDone ? \"X\" : \" \");","lastModifiedDate":"2024-10-14","isFullCredit":false},{"lineNumber":24,"author":{"gitId":"ChiaAmeline"},"content":"    }","lastModifiedDate":"2024-10-14","isFullCredit":false},{"lineNumber":25,"author":{"gitId":"ChiaAmeline"},"content":"    // (Wk 4) Level-3 Set value isDone \u003d isDone (arg)","lastModifiedDate":"2024-10-14","isFullCredit":false},{"lineNumber":26,"author":{"gitId":"ChiaAmeline"},"content":"    public static void setTaskMarkStatus(ArrayList\u003ctask\u003e taskList, int index, boolean isDone) {","lastModifiedDate":"2024-10-14","isFullCredit":false},{"lineNumber":27,"author":{"gitId":"ChiaAmeline"},"content":"        index --;","lastModifiedDate":"2024-10-14","isFullCredit":false},{"lineNumber":28,"author":{"gitId":"ChiaAmeline"},"content":"        task currentTask \u003d taskList.get(index);","lastModifiedDate":"2024-10-14","isFullCredit":false},{"lineNumber":29,"author":{"gitId":"ChiaAmeline"},"content":"        currentTask.isDone \u003d isDone;","lastModifiedDate":"2024-10-14","isFullCredit":false},{"lineNumber":30,"author":{"gitId":"ChiaAmeline"},"content":"        message.printTaskStatusMessage(isDone, currentTask);","lastModifiedDate":"2024-10-14","isFullCredit":false},{"lineNumber":31,"author":{"gitId":"-"},"content":"    }","lastModifiedDate":"2024-10-07","isFullCredit":false},{"lineNumber":32,"author":{"gitId":"ChiaAmeline"},"content":"    // (Wk 3) Level-1 Echo item and print in format","lastModifiedDate":"2024-10-09","isFullCredit":false},{"lineNumber":33,"author":{"gitId":"ChiaAmeline"},"content":"    public static void printAddedTask(task instanceTask) {","lastModifiedDate":"2024-10-14","isFullCredit":false},{"lineNumber":34,"author":{"gitId":"ChiaAmeline"},"content":"        // (Wk 3) Level-2 Add to list","lastModifiedDate":"2024-10-09","isFullCredit":false},{"lineNumber":35,"author":{"gitId":"ChiaAmeline"},"content":"        message.printSingleMessage(\"added: \" + instanceTask.getTaskName());","lastModifiedDate":"2024-10-14","isFullCredit":false},{"lineNumber":36,"author":{"gitId":"ChiaAmeline"},"content":"    }","lastModifiedDate":"2024-10-09","isFullCredit":false},{"lineNumber":37,"author":{"gitId":"ChiaAmeline"},"content":"    // (Wk 3) Level-2 Print out task list","lastModifiedDate":"2024-10-09","isFullCredit":false},{"lineNumber":38,"author":{"gitId":"ChiaAmeline"},"content":"    public static void printTaskList(ArrayList\u003ctask\u003e taskList) {","lastModifiedDate":"2024-10-14","isFullCredit":false},{"lineNumber":39,"author":{"gitId":"ChiaAmeline"},"content":"        message.printHorizontalLines();","lastModifiedDate":"2024-10-09","isFullCredit":false},{"lineNumber":40,"author":{"gitId":"ChiaAmeline"},"content":"        // Using totalNumberOfTodoTask as the source of truth for the number of task objects created","lastModifiedDate":"2024-10-14","isFullCredit":false},{"lineNumber":41,"author":{"gitId":"ChiaAmeline"},"content":"        for (int counter \u003d 0; counter \u003c totalNumberOfTodoTask; counter++) {","lastModifiedDate":"2024-10-09","isFullCredit":false},{"lineNumber":42,"author":{"gitId":"ChiaAmeline"},"content":"            int listIndex \u003d counter + 1;","lastModifiedDate":"2024-10-09","isFullCredit":false},{"lineNumber":43,"author":{"gitId":"ChiaAmeline"},"content":"            task currentTask \u003d taskList.get(counter);","lastModifiedDate":"2024-10-14","isFullCredit":false},{"lineNumber":44,"author":{"gitId":"ChiaAmeline"},"content":"            System.out.println(listIndex + \".[\"  + currentTask.getStatusIcon() + \"] \" + currentTask.getTaskName());","lastModifiedDate":"2024-10-14","isFullCredit":false},{"lineNumber":45,"author":{"gitId":"ChiaAmeline"},"content":"        }","lastModifiedDate":"2024-10-09","isFullCredit":false},{"lineNumber":46,"author":{"gitId":"-"},"content":"        message.printHorizontalLines();","lastModifiedDate":"2024-10-07","isFullCredit":false},{"lineNumber":47,"author":{"gitId":"-"},"content":"    }","lastModifiedDate":"2024-10-07","isFullCredit":false},{"lineNumber":48,"author":{"gitId":"-"},"content":"}","lastModifiedDate":"2024-10-07","isFullCredit":false}],"authorContributionMap":{"ChiaAmeline":36,"-":12}}]
