[{"path":"src/main/java/Deadline.java","fileType":"java","lines":[{"lineNumber":1,"author":{"gitId":"ChiaAmeline"},"content":"public class Deadline extends Task {","lastModifiedDate":"2024-10-24","isFullCredit":false},{"lineNumber":2,"author":{"gitId":"ChiaAmeline"},"content":"    protected String by;","lastModifiedDate":"2024-10-24","isFullCredit":false},{"lineNumber":3,"author":{"gitId":"ChiaAmeline"},"content":"    public Deadline(String taskName, String by) {","lastModifiedDate":"2024-10-24","isFullCredit":false},{"lineNumber":4,"author":{"gitId":"ChiaAmeline"},"content":"        super(taskName);","lastModifiedDate":"2024-10-24","isFullCredit":false},{"lineNumber":5,"author":{"gitId":"ChiaAmeline"},"content":"        this.by \u003d by;","lastModifiedDate":"2024-10-24","isFullCredit":false},{"lineNumber":6,"author":{"gitId":"ChiaAmeline"},"content":"    }","lastModifiedDate":"2024-10-24","isFullCredit":false},{"lineNumber":7,"author":{"gitId":"ChiaAmeline"},"content":"    // (Wk 5) Level-4 Update return message for Deadline Task","lastModifiedDate":"2024-10-24","isFullCredit":false},{"lineNumber":8,"author":{"gitId":"ChiaAmeline"},"content":"    @Override","lastModifiedDate":"2024-10-24","isFullCredit":false},{"lineNumber":9,"author":{"gitId":"ChiaAmeline"},"content":"    public String printAddedTask(){","lastModifiedDate":"2024-10-24","isFullCredit":false},{"lineNumber":10,"author":{"gitId":"ChiaAmeline"},"content":"        return \"\\t[D]\" + super.printAddedTask()  + \" (by: \" + by + \")\";","lastModifiedDate":"2024-10-24","isFullCredit":false},{"lineNumber":11,"author":{"gitId":"ChiaAmeline"},"content":"    }","lastModifiedDate":"2024-10-24","isFullCredit":false},{"lineNumber":12,"author":{"gitId":"ChiaAmeline"},"content":"}","lastModifiedDate":"2024-10-24","isFullCredit":false}],"authorContributionMap":{"ChiaAmeline":12}},{"path":"src/main/java/Event.java","fileType":"java","lines":[{"lineNumber":1,"author":{"gitId":"ChiaAmeline"},"content":"public class Event extends Task{","lastModifiedDate":"2024-10-24","isFullCredit":false},{"lineNumber":2,"author":{"gitId":"ChiaAmeline"},"content":"    protected String from;","lastModifiedDate":"2024-10-24","isFullCredit":false},{"lineNumber":3,"author":{"gitId":"ChiaAmeline"},"content":"    protected String to;","lastModifiedDate":"2024-10-24","isFullCredit":false},{"lineNumber":4,"author":{"gitId":"ChiaAmeline"},"content":"","lastModifiedDate":"2024-10-24","isFullCredit":false},{"lineNumber":5,"author":{"gitId":"ChiaAmeline"},"content":"    public Event(String taskName, String from, String to) {","lastModifiedDate":"2024-10-24","isFullCredit":false},{"lineNumber":6,"author":{"gitId":"ChiaAmeline"},"content":"        super(taskName);","lastModifiedDate":"2024-10-24","isFullCredit":false},{"lineNumber":7,"author":{"gitId":"ChiaAmeline"},"content":"        this.from \u003d from;","lastModifiedDate":"2024-10-24","isFullCredit":false},{"lineNumber":8,"author":{"gitId":"ChiaAmeline"},"content":"        this.to \u003d to;","lastModifiedDate":"2024-10-24","isFullCredit":false},{"lineNumber":9,"author":{"gitId":"ChiaAmeline"},"content":"    }","lastModifiedDate":"2024-10-24","isFullCredit":false},{"lineNumber":10,"author":{"gitId":"ChiaAmeline"},"content":"    // (Wk 5) Level-4 Update return message for Event Task","lastModifiedDate":"2024-10-24","isFullCredit":false},{"lineNumber":11,"author":{"gitId":"ChiaAmeline"},"content":"    @Override","lastModifiedDate":"2024-10-24","isFullCredit":false},{"lineNumber":12,"author":{"gitId":"ChiaAmeline"},"content":"    public String printAddedTask(){","lastModifiedDate":"2024-10-24","isFullCredit":false},{"lineNumber":13,"author":{"gitId":"ChiaAmeline"},"content":"        return \"\\t[E]\" + super.printAddedTask()  + \" (from: \" + from + \" to: \" + to + \")\";","lastModifiedDate":"2024-10-24","isFullCredit":false},{"lineNumber":14,"author":{"gitId":"ChiaAmeline"},"content":"    }","lastModifiedDate":"2024-10-24","isFullCredit":false},{"lineNumber":15,"author":{"gitId":"ChiaAmeline"},"content":"}","lastModifiedDate":"2024-10-24","isFullCredit":false}],"authorContributionMap":{"ChiaAmeline":15}},{"path":"src/main/java/ExceptionHandling.java","fileType":"java","lines":[{"lineNumber":1,"author":{"gitId":"ChiaAmeline"},"content":"import java.util.ArrayList;","lastModifiedDate":"2024-10-24","isFullCredit":false},{"lineNumber":2,"author":{"gitId":"ChiaAmeline"},"content":"","lastModifiedDate":"2024-10-24","isFullCredit":false},{"lineNumber":3,"author":{"gitId":"ChiaAmeline"},"content":"public class ExceptionHandling {","lastModifiedDate":"2024-10-24","isFullCredit":false},{"lineNumber":4,"author":{"gitId":"ChiaAmeline"},"content":"    //Solution below adapted from https://www.quora.com/What-is-the-function-of-a-isInteger-in-Java","lastModifiedDate":"2024-10-24","isFullCredit":false},{"lineNumber":5,"author":{"gitId":"ChiaAmeline"},"content":"    // Exception: Validates whether the input index for marking or unmarking a task is a valid integer","lastModifiedDate":"2024-10-24","isFullCredit":false},{"lineNumber":6,"author":{"gitId":"ChiaAmeline"},"content":"    public static boolean isInteger(String input) {","lastModifiedDate":"2024-10-24","isFullCredit":false},{"lineNumber":7,"author":{"gitId":"ChiaAmeline"},"content":"        try {","lastModifiedDate":"2024-10-24","isFullCredit":false},{"lineNumber":8,"author":{"gitId":"ChiaAmeline"},"content":"            Integer.parseInt( input );","lastModifiedDate":"2024-10-24","isFullCredit":false},{"lineNumber":9,"author":{"gitId":"ChiaAmeline"},"content":"            return true;","lastModifiedDate":"2024-10-24","isFullCredit":false},{"lineNumber":10,"author":{"gitId":"ChiaAmeline"},"content":"        }","lastModifiedDate":"2024-10-24","isFullCredit":false},{"lineNumber":11,"author":{"gitId":"ChiaAmeline"},"content":"        catch (NumberFormatException e) {","lastModifiedDate":"2024-10-24","isFullCredit":false},{"lineNumber":12,"author":{"gitId":"ChiaAmeline"},"content":"            return false;","lastModifiedDate":"2024-10-24","isFullCredit":false},{"lineNumber":13,"author":{"gitId":"ChiaAmeline"},"content":"        }","lastModifiedDate":"2024-10-24","isFullCredit":false},{"lineNumber":14,"author":{"gitId":"ChiaAmeline"},"content":"    }","lastModifiedDate":"2024-10-24","isFullCredit":false},{"lineNumber":15,"author":{"gitId":"ChiaAmeline"},"content":"    // Exception: Validates if the input contains only specified keywords or if no name has been provided for the task","lastModifiedDate":"2024-10-24","isFullCredit":false},{"lineNumber":16,"author":{"gitId":"ChiaAmeline"},"content":"    public static boolean isEmptyInput(String input) {","lastModifiedDate":"2024-10-24","isFullCredit":false},{"lineNumber":17,"author":{"gitId":"ChiaAmeline"},"content":"        input \u003d input.trim().replaceAll(\"\\\\s+\", \" \");","lastModifiedDate":"2024-10-24","isFullCredit":false},{"lineNumber":18,"author":{"gitId":"ChiaAmeline"},"content":"        boolean taskIsEmpty \u003d false;","lastModifiedDate":"2024-10-24","isFullCredit":false},{"lineNumber":19,"author":{"gitId":"ChiaAmeline"},"content":"        if (input.equalsIgnoreCase(\"todo\") || input.equalsIgnoreCase(\"deadline\") || input.equalsIgnoreCase(\"event\") || input.isEmpty()) {","lastModifiedDate":"2024-10-24","isFullCredit":false},{"lineNumber":20,"author":{"gitId":"ChiaAmeline"},"content":"            taskIsEmpty \u003d true;","lastModifiedDate":"2024-10-24","isFullCredit":false},{"lineNumber":21,"author":{"gitId":"ChiaAmeline"},"content":"        } else {","lastModifiedDate":"2024-10-24","isFullCredit":false},{"lineNumber":22,"author":{"gitId":"ChiaAmeline"},"content":"            String[] splitWord \u003d input.split(\" \");","lastModifiedDate":"2024-10-24","isFullCredit":false},{"lineNumber":23,"author":{"gitId":"ChiaAmeline"},"content":"            String keyword \u003d splitWord[0];","lastModifiedDate":"2024-10-24","isFullCredit":false},{"lineNumber":24,"author":{"gitId":"ChiaAmeline"},"content":"            switch (keyword) {","lastModifiedDate":"2024-10-24","isFullCredit":false},{"lineNumber":25,"author":{"gitId":"ChiaAmeline"},"content":"                case \"todo\" -\u003e {","lastModifiedDate":"2024-10-24","isFullCredit":false},{"lineNumber":26,"author":{"gitId":"ChiaAmeline"},"content":"                    if (splitWord[1].trim().isEmpty()) {","lastModifiedDate":"2024-10-24","isFullCredit":false},{"lineNumber":27,"author":{"gitId":"ChiaAmeline"},"content":"                        taskIsEmpty \u003d true;","lastModifiedDate":"2024-10-24","isFullCredit":false},{"lineNumber":28,"author":{"gitId":"ChiaAmeline"},"content":"                    }","lastModifiedDate":"2024-10-24","isFullCredit":false},{"lineNumber":29,"author":{"gitId":"ChiaAmeline"},"content":"                }","lastModifiedDate":"2024-10-24","isFullCredit":false},{"lineNumber":30,"author":{"gitId":"ChiaAmeline"},"content":"                case \"deadline\" -\u003e {","lastModifiedDate":"2024-10-24","isFullCredit":false},{"lineNumber":31,"author":{"gitId":"ChiaAmeline"},"content":"                    input \u003d input.replace(\"deadline\", \"\").trim();","lastModifiedDate":"2024-10-24","isFullCredit":false},{"lineNumber":32,"author":{"gitId":"ChiaAmeline"},"content":"                    if (input.contains(\"/by\")) {","lastModifiedDate":"2024-10-24","isFullCredit":false},{"lineNumber":33,"author":{"gitId":"ChiaAmeline"},"content":"                        String[] deadlineDetails \u003d input.split(\"/by\");","lastModifiedDate":"2024-10-24","isFullCredit":false},{"lineNumber":34,"author":{"gitId":"ChiaAmeline"},"content":"                        // Check if the task is empty","lastModifiedDate":"2024-10-24","isFullCredit":false},{"lineNumber":35,"author":{"gitId":"ChiaAmeline"},"content":"                        if (deadlineDetails.length \u003d\u003d 0 || deadlineDetails[0].trim().isEmpty()) {","lastModifiedDate":"2024-10-24","isFullCredit":false},{"lineNumber":36,"author":{"gitId":"ChiaAmeline"},"content":"                            taskIsEmpty \u003d true;","lastModifiedDate":"2024-10-24","isFullCredit":false},{"lineNumber":37,"author":{"gitId":"ChiaAmeline"},"content":"                        }","lastModifiedDate":"2024-10-24","isFullCredit":false},{"lineNumber":38,"author":{"gitId":"ChiaAmeline"},"content":"                    }","lastModifiedDate":"2024-10-24","isFullCredit":false},{"lineNumber":39,"author":{"gitId":"ChiaAmeline"},"content":"                }","lastModifiedDate":"2024-10-24","isFullCredit":false},{"lineNumber":40,"author":{"gitId":"ChiaAmeline"},"content":"                case \"event\" -\u003e {","lastModifiedDate":"2024-10-24","isFullCredit":false},{"lineNumber":41,"author":{"gitId":"ChiaAmeline"},"content":"                    input \u003d input.replace(\"event\", \"\").trim();","lastModifiedDate":"2024-10-24","isFullCredit":false},{"lineNumber":42,"author":{"gitId":"ChiaAmeline"},"content":"                    if (!input.contains(\"/from\") || !input.contains(\"/to\")) {","lastModifiedDate":"2024-10-24","isFullCredit":false},{"lineNumber":43,"author":{"gitId":"ChiaAmeline"},"content":"                        return false;","lastModifiedDate":"2024-10-24","isFullCredit":false},{"lineNumber":44,"author":{"gitId":"ChiaAmeline"},"content":"                    }","lastModifiedDate":"2024-10-24","isFullCredit":false},{"lineNumber":45,"author":{"gitId":"ChiaAmeline"},"content":"                    String[] eventDetails \u003d input.split(\"/from\");","lastModifiedDate":"2024-10-24","isFullCredit":false},{"lineNumber":46,"author":{"gitId":"ChiaAmeline"},"content":"                    if (eventDetails.length \u003d\u003d 0 || eventDetails[0].trim().isEmpty()) {","lastModifiedDate":"2024-10-24","isFullCredit":false},{"lineNumber":47,"author":{"gitId":"ChiaAmeline"},"content":"                        taskIsEmpty \u003d true;","lastModifiedDate":"2024-10-24","isFullCredit":false},{"lineNumber":48,"author":{"gitId":"ChiaAmeline"},"content":"                    }","lastModifiedDate":"2024-10-24","isFullCredit":false},{"lineNumber":49,"author":{"gitId":"ChiaAmeline"},"content":"                }","lastModifiedDate":"2024-10-24","isFullCredit":false},{"lineNumber":50,"author":{"gitId":"ChiaAmeline"},"content":"            }","lastModifiedDate":"2024-10-24","isFullCredit":false},{"lineNumber":51,"author":{"gitId":"ChiaAmeline"},"content":"        }","lastModifiedDate":"2024-10-24","isFullCredit":false},{"lineNumber":52,"author":{"gitId":"ChiaAmeline"},"content":"        return taskIsEmpty;","lastModifiedDate":"2024-10-24","isFullCredit":false},{"lineNumber":53,"author":{"gitId":"ChiaAmeline"},"content":"    }","lastModifiedDate":"2024-10-24","isFullCredit":false},{"lineNumber":54,"author":{"gitId":"ChiaAmeline"},"content":"    // (Wk 5) Level-4 Updated duplication method to detect objects instead of text string","lastModifiedDate":"2024-10-24","isFullCredit":false},{"lineNumber":55,"author":{"gitId":"ChiaAmeline"},"content":"    // Exception: Validates if there are duplicate tasks, including task type, already added to the list","lastModifiedDate":"2024-10-24","isFullCredit":false},{"lineNumber":56,"author":{"gitId":"ChiaAmeline"},"content":"    public static boolean isTaskDuplicated(ArrayList\u003cTask\u003e todoTaskList, String newTask) {","lastModifiedDate":"2024-10-24","isFullCredit":false},{"lineNumber":57,"author":{"gitId":"ChiaAmeline"},"content":"        newTask \u003d newTask.trim().replaceAll(\"\\\\s+\", \" \");","lastModifiedDate":"2024-10-24","isFullCredit":false},{"lineNumber":58,"author":{"gitId":"ChiaAmeline"},"content":"        for (Task task : todoTaskList) {","lastModifiedDate":"2024-10-24","isFullCredit":false},{"lineNumber":59,"author":{"gitId":"ChiaAmeline"},"content":"            if(task instanceof ToDo){","lastModifiedDate":"2024-10-24","isFullCredit":false},{"lineNumber":60,"author":{"gitId":"ChiaAmeline"},"content":"                newTask \u003d newTask.replace(\"todo\", \"\").trim();","lastModifiedDate":"2024-10-24","isFullCredit":false},{"lineNumber":61,"author":{"gitId":"ChiaAmeline"},"content":"                if (task.getTaskName().equalsIgnoreCase(newTask)){","lastModifiedDate":"2024-10-24","isFullCredit":false},{"lineNumber":62,"author":{"gitId":"ChiaAmeline"},"content":"                    return true;","lastModifiedDate":"2024-10-24","isFullCredit":false},{"lineNumber":63,"author":{"gitId":"ChiaAmeline"},"content":"                }","lastModifiedDate":"2024-10-24","isFullCredit":false},{"lineNumber":64,"author":{"gitId":"ChiaAmeline"},"content":"            } else if (task instanceof Deadline){","lastModifiedDate":"2024-10-24","isFullCredit":false},{"lineNumber":65,"author":{"gitId":"ChiaAmeline"},"content":"                newTask \u003d newTask.replace(\"deadline\", \"\");","lastModifiedDate":"2024-10-24","isFullCredit":false},{"lineNumber":66,"author":{"gitId":"ChiaAmeline"},"content":"                if (newTask.contains(\"/by\")){","lastModifiedDate":"2024-10-24","isFullCredit":false},{"lineNumber":67,"author":{"gitId":"ChiaAmeline"},"content":"                    String[] deadlineDetails \u003d newTask.split(\"/by\");","lastModifiedDate":"2024-10-24","isFullCredit":false},{"lineNumber":68,"author":{"gitId":"ChiaAmeline"},"content":"                    if (deadlineDetails.length \u003d\u003d 2 ){","lastModifiedDate":"2024-10-24","isFullCredit":false},{"lineNumber":69,"author":{"gitId":"ChiaAmeline"},"content":"                        String newDeadlineTask \u003d deadlineDetails[0].trim();","lastModifiedDate":"2024-10-24","isFullCredit":false},{"lineNumber":70,"author":{"gitId":"ChiaAmeline"},"content":"                        String deadlineOfTask \u003d deadlineDetails[1].trim();","lastModifiedDate":"2024-10-24","isFullCredit":false},{"lineNumber":71,"author":{"gitId":"ChiaAmeline"},"content":"                        if (((Deadline) task).by.equalsIgnoreCase(deadlineOfTask) \u0026\u0026 task.getTaskName().equalsIgnoreCase(newDeadlineTask)) {","lastModifiedDate":"2024-10-24","isFullCredit":false},{"lineNumber":72,"author":{"gitId":"ChiaAmeline"},"content":"                            return true;","lastModifiedDate":"2024-10-24","isFullCredit":false},{"lineNumber":73,"author":{"gitId":"ChiaAmeline"},"content":"                        }","lastModifiedDate":"2024-10-24","isFullCredit":false},{"lineNumber":74,"author":{"gitId":"ChiaAmeline"},"content":"                    }","lastModifiedDate":"2024-10-24","isFullCredit":false},{"lineNumber":75,"author":{"gitId":"ChiaAmeline"},"content":"                }","lastModifiedDate":"2024-10-24","isFullCredit":false},{"lineNumber":76,"author":{"gitId":"ChiaAmeline"},"content":"            } else if (task instanceof Event){","lastModifiedDate":"2024-10-24","isFullCredit":false},{"lineNumber":77,"author":{"gitId":"ChiaAmeline"},"content":"                newTask \u003d newTask.replace(\"event\", \"\");","lastModifiedDate":"2024-10-24","isFullCredit":false},{"lineNumber":78,"author":{"gitId":"ChiaAmeline"},"content":"                if (newTask.contains(\"/from\") \u0026\u0026 newTask.contains(\"/to\")){","lastModifiedDate":"2024-10-24","isFullCredit":false},{"lineNumber":79,"author":{"gitId":"ChiaAmeline"},"content":"                    String[] eventDetails \u003d newTask.split(\"/from\");","lastModifiedDate":"2024-10-24","isFullCredit":false},{"lineNumber":80,"author":{"gitId":"ChiaAmeline"},"content":"                    if (eventDetails.length \u003d\u003d 2){","lastModifiedDate":"2024-10-24","isFullCredit":false},{"lineNumber":81,"author":{"gitId":"ChiaAmeline"},"content":"                        String newEventTask \u003d eventDetails[0].trim();","lastModifiedDate":"2024-10-24","isFullCredit":false},{"lineNumber":82,"author":{"gitId":"ChiaAmeline"},"content":"                        String[] taskDurationDetails \u003d eventDetails[1].split(\"/to\");","lastModifiedDate":"2024-10-24","isFullCredit":false},{"lineNumber":83,"author":{"gitId":"ChiaAmeline"},"content":"                        if (taskDurationDetails.length \u003d\u003d 2){","lastModifiedDate":"2024-10-24","isFullCredit":false},{"lineNumber":84,"author":{"gitId":"ChiaAmeline"},"content":"                            String from \u003d taskDurationDetails[0].trim();","lastModifiedDate":"2024-10-24","isFullCredit":false},{"lineNumber":85,"author":{"gitId":"ChiaAmeline"},"content":"                            String to \u003d taskDurationDetails[1].trim();","lastModifiedDate":"2024-10-24","isFullCredit":false},{"lineNumber":86,"author":{"gitId":"ChiaAmeline"},"content":"                            if (((Event) task).from.equalsIgnoreCase(from) \u0026\u0026 ((Event) task).to.equalsIgnoreCase(to) \u0026\u0026 task.getTaskName().equalsIgnoreCase(newEventTask)) {","lastModifiedDate":"2024-10-24","isFullCredit":false},{"lineNumber":87,"author":{"gitId":"ChiaAmeline"},"content":"                                return true;","lastModifiedDate":"2024-10-24","isFullCredit":false},{"lineNumber":88,"author":{"gitId":"ChiaAmeline"},"content":"                            }","lastModifiedDate":"2024-10-24","isFullCredit":false},{"lineNumber":89,"author":{"gitId":"ChiaAmeline"},"content":"                        }","lastModifiedDate":"2024-10-24","isFullCredit":false},{"lineNumber":90,"author":{"gitId":"ChiaAmeline"},"content":"                    }","lastModifiedDate":"2024-10-24","isFullCredit":false},{"lineNumber":91,"author":{"gitId":"ChiaAmeline"},"content":"                }","lastModifiedDate":"2024-10-24","isFullCredit":false},{"lineNumber":92,"author":{"gitId":"ChiaAmeline"},"content":"            }","lastModifiedDate":"2024-10-24","isFullCredit":false},{"lineNumber":93,"author":{"gitId":"ChiaAmeline"},"content":"        }","lastModifiedDate":"2024-10-24","isFullCredit":false},{"lineNumber":94,"author":{"gitId":"ChiaAmeline"},"content":"        return false;","lastModifiedDate":"2024-10-24","isFullCredit":false},{"lineNumber":95,"author":{"gitId":"ChiaAmeline"},"content":"    }","lastModifiedDate":"2024-10-24","isFullCredit":false},{"lineNumber":96,"author":{"gitId":"ChiaAmeline"},"content":"    // Exception: Validates if the task has already been marked or unmarked in the list","lastModifiedDate":"2024-10-24","isFullCredit":false},{"lineNumber":97,"author":{"gitId":"ChiaAmeline"},"content":"    public static boolean isTaskMarked(ArrayList\u003cTask\u003e todoTaskList, int index, boolean isDone){","lastModifiedDate":"2024-10-24","isFullCredit":false},{"lineNumber":98,"author":{"gitId":"ChiaAmeline"},"content":"        try{","lastModifiedDate":"2024-10-24","isFullCredit":false},{"lineNumber":99,"author":{"gitId":"ChiaAmeline"},"content":"            return todoTaskList.get(index - 1).isDone \u003d\u003d isDone;","lastModifiedDate":"2024-10-24","isFullCredit":false},{"lineNumber":100,"author":{"gitId":"ChiaAmeline"},"content":"        } catch (Exception e){","lastModifiedDate":"2024-10-24","isFullCredit":false},{"lineNumber":101,"author":{"gitId":"ChiaAmeline"},"content":"            return false;","lastModifiedDate":"2024-10-24","isFullCredit":false},{"lineNumber":102,"author":{"gitId":"ChiaAmeline"},"content":"        }","lastModifiedDate":"2024-10-24","isFullCredit":false},{"lineNumber":103,"author":{"gitId":"ChiaAmeline"},"content":"    }","lastModifiedDate":"2024-10-24","isFullCredit":false},{"lineNumber":104,"author":{"gitId":"ChiaAmeline"},"content":"    // Exception: Validates the keyword to categorize the task","lastModifiedDate":"2024-10-24","isFullCredit":false},{"lineNumber":105,"author":{"gitId":"ChiaAmeline"},"content":"    public static boolean isCommandKeywordPresent(String keyword){","lastModifiedDate":"2024-10-24","isFullCredit":false},{"lineNumber":106,"author":{"gitId":"ChiaAmeline"},"content":"        ArrayList\u003cString\u003e commandKeyword \u003d new ArrayList\u003c\u003e();","lastModifiedDate":"2024-10-24","isFullCredit":false},{"lineNumber":107,"author":{"gitId":"ChiaAmeline"},"content":"        commandKeyword.add(\"todo\");","lastModifiedDate":"2024-10-24","isFullCredit":false},{"lineNumber":108,"author":{"gitId":"ChiaAmeline"},"content":"        commandKeyword.add(\"deadline\");","lastModifiedDate":"2024-10-24","isFullCredit":false},{"lineNumber":109,"author":{"gitId":"ChiaAmeline"},"content":"        commandKeyword.add(\"event\");","lastModifiedDate":"2024-10-24","isFullCredit":false},{"lineNumber":110,"author":{"gitId":"ChiaAmeline"},"content":"        return commandKeyword.contains(keyword);","lastModifiedDate":"2024-10-24","isFullCredit":false},{"lineNumber":111,"author":{"gitId":"ChiaAmeline"},"content":"    }","lastModifiedDate":"2024-10-24","isFullCredit":false},{"lineNumber":112,"author":{"gitId":"ChiaAmeline"},"content":"    // Exception: Validates if the provided deadline for the task is missing","lastModifiedDate":"2024-10-24","isFullCredit":false},{"lineNumber":113,"author":{"gitId":"ChiaAmeline"},"content":"    public static boolean isValidDeadlineInput(String[] deadlineDetails) {","lastModifiedDate":"2024-10-24","isFullCredit":false},{"lineNumber":114,"author":{"gitId":"ChiaAmeline"},"content":"        return deadlineDetails.length \u003e\u003d 2 \u0026\u0026 !deadlineDetails[1].trim().isEmpty();","lastModifiedDate":"2024-10-24","isFullCredit":false},{"lineNumber":115,"author":{"gitId":"ChiaAmeline"},"content":"    }","lastModifiedDate":"2024-10-24","isFullCredit":false},{"lineNumber":116,"author":{"gitId":"ChiaAmeline"},"content":"    // Exception: Validates if the event period provided for the task is missing","lastModifiedDate":"2024-10-24","isFullCredit":false},{"lineNumber":117,"author":{"gitId":"ChiaAmeline"},"content":"    public static boolean isValidEventInput(String[] eventDetails) {","lastModifiedDate":"2024-10-24","isFullCredit":false},{"lineNumber":118,"author":{"gitId":"ChiaAmeline"},"content":"        if (eventDetails.length \u003c 2) {","lastModifiedDate":"2024-10-24","isFullCredit":false},{"lineNumber":119,"author":{"gitId":"ChiaAmeline"},"content":"            return false;","lastModifiedDate":"2024-10-24","isFullCredit":false},{"lineNumber":120,"author":{"gitId":"ChiaAmeline"},"content":"        }","lastModifiedDate":"2024-10-24","isFullCredit":false},{"lineNumber":121,"author":{"gitId":"ChiaAmeline"},"content":"        String[] eventOfTask \u003d eventDetails[1].split(\"/to\");","lastModifiedDate":"2024-10-24","isFullCredit":false},{"lineNumber":122,"author":{"gitId":"ChiaAmeline"},"content":"        return eventOfTask.length \u003e\u003d 2 \u0026\u0026 !eventOfTask[0].trim().isEmpty() \u0026\u0026 !eventOfTask[1].trim().isEmpty();","lastModifiedDate":"2024-10-24","isFullCredit":false},{"lineNumber":123,"author":{"gitId":"ChiaAmeline"},"content":"    }","lastModifiedDate":"2024-10-24","isFullCredit":false},{"lineNumber":124,"author":{"gitId":"ChiaAmeline"},"content":"}","lastModifiedDate":"2024-10-24","isFullCredit":false}],"authorContributionMap":{"ChiaAmeline":124}},{"path":"src/main/java/JibberJabber.java","fileType":"java","lines":[{"lineNumber":1,"author":{"gitId":"ChiaAmeline"},"content":"import java.util.ArrayList;","lastModifiedDate":"2024-10-24","isFullCredit":false},{"lineNumber":2,"author":{"gitId":"ChiaAmeline"},"content":"import java.util.Scanner;","lastModifiedDate":"2024-10-24","isFullCredit":false},{"lineNumber":3,"author":{"gitId":"ChiaAmeline"},"content":"","lastModifiedDate":"2024-10-24","isFullCredit":false},{"lineNumber":4,"author":{"gitId":"ChiaAmeline"},"content":"public class JibberJabber {","lastModifiedDate":"2024-10-24","isFullCredit":false},{"lineNumber":5,"author":{"gitId":"ChiaAmeline"},"content":"    public static void main(String[] args) {","lastModifiedDate":"2024-10-24","isFullCredit":false},{"lineNumber":6,"author":{"gitId":"ChiaAmeline"},"content":"        // Welcome message","lastModifiedDate":"2024-10-24","isFullCredit":false},{"lineNumber":7,"author":{"gitId":"ChiaAmeline"},"content":"        Message.printWelcomeMessage(\"Jibber Jabber\");","lastModifiedDate":"2024-10-24","isFullCredit":false},{"lineNumber":8,"author":{"gitId":"ChiaAmeline"},"content":"","lastModifiedDate":"2024-10-24","isFullCredit":false},{"lineNumber":9,"author":{"gitId":"ChiaAmeline"},"content":"        ArrayList\u003cTask\u003e todoTaskList \u003d new ArrayList\u003c\u003e();","lastModifiedDate":"2024-10-24","isFullCredit":false},{"lineNumber":10,"author":{"gitId":"ChiaAmeline"},"content":"","lastModifiedDate":"2024-10-24","isFullCredit":false},{"lineNumber":11,"author":{"gitId":"ChiaAmeline"},"content":"        // (Wk 3) Level-1 capture task to complete from user input","lastModifiedDate":"2024-10-24","isFullCredit":false},{"lineNumber":12,"author":{"gitId":"ChiaAmeline"},"content":"        Scanner scanner \u003d new Scanner(System.in);","lastModifiedDate":"2024-10-24","isFullCredit":false},{"lineNumber":13,"author":{"gitId":"ChiaAmeline"},"content":"        String todoTask;","lastModifiedDate":"2024-10-24","isFullCredit":false},{"lineNumber":14,"author":{"gitId":"ChiaAmeline"},"content":"","lastModifiedDate":"2024-10-24","isFullCredit":false},{"lineNumber":15,"author":{"gitId":"ChiaAmeline"},"content":"        while(true){","lastModifiedDate":"2024-10-24","isFullCredit":false},{"lineNumber":16,"author":{"gitId":"ChiaAmeline"},"content":"            int totalNumberOfTaskObj \u003d  Task.getTotalNumberOfTodoTask();","lastModifiedDate":"2024-10-24","isFullCredit":false},{"lineNumber":17,"author":{"gitId":"ChiaAmeline"},"content":"            todoTask \u003d scanner.nextLine().trim();","lastModifiedDate":"2024-10-24","isFullCredit":false},{"lineNumber":18,"author":{"gitId":"ChiaAmeline"},"content":"            // Check for empty input string and bypass it","lastModifiedDate":"2024-10-24","isFullCredit":false},{"lineNumber":19,"author":{"gitId":"ChiaAmeline"},"content":"            if(ExceptionHandling.isEmptyInput(todoTask)){","lastModifiedDate":"2024-10-24","isFullCredit":false},{"lineNumber":20,"author":{"gitId":"ChiaAmeline"},"content":"                Message.printEmptyMessage(false);","lastModifiedDate":"2024-10-24","isFullCredit":false},{"lineNumber":21,"author":{"gitId":"ChiaAmeline"},"content":"                continue;","lastModifiedDate":"2024-10-24","isFullCredit":false},{"lineNumber":22,"author":{"gitId":"ChiaAmeline"},"content":"            }","lastModifiedDate":"2024-10-24","isFullCredit":false},{"lineNumber":23,"author":{"gitId":"ChiaAmeline"},"content":"","lastModifiedDate":"2024-10-24","isFullCredit":false},{"lineNumber":24,"author":{"gitId":"ChiaAmeline"},"content":"            String[] splitTodoTask \u003d todoTask.split(\" \");","lastModifiedDate":"2024-10-24","isFullCredit":false},{"lineNumber":25,"author":{"gitId":"ChiaAmeline"},"content":"            String splitWord \u003d splitTodoTask[0].toLowerCase();","lastModifiedDate":"2024-10-24","isFullCredit":false},{"lineNumber":26,"author":{"gitId":"ChiaAmeline"},"content":"","lastModifiedDate":"2024-10-24","isFullCredit":false},{"lineNumber":27,"author":{"gitId":"ChiaAmeline"},"content":"            switch (splitWord){","lastModifiedDate":"2024-10-24","isFullCredit":false},{"lineNumber":28,"author":{"gitId":"ChiaAmeline"},"content":"                case \"bye\":","lastModifiedDate":"2024-10-24","isFullCredit":false},{"lineNumber":29,"author":{"gitId":"ChiaAmeline"},"content":"                    Message.printEndingMessage();","lastModifiedDate":"2024-10-24","isFullCredit":false},{"lineNumber":30,"author":{"gitId":"ChiaAmeline"},"content":"                    return;","lastModifiedDate":"2024-10-24","isFullCredit":false},{"lineNumber":31,"author":{"gitId":"ChiaAmeline"},"content":"                // (Wk 3) Level-2 Check for \"list\" key word, then print task list","lastModifiedDate":"2024-10-24","isFullCredit":false},{"lineNumber":32,"author":{"gitId":"ChiaAmeline"},"content":"                case \"list\":","lastModifiedDate":"2024-10-24","isFullCredit":false},{"lineNumber":33,"author":{"gitId":"ChiaAmeline"},"content":"                    KeywordHandling.processListKeyword(todoTaskList,totalNumberOfTaskObj);","lastModifiedDate":"2024-10-24","isFullCredit":false},{"lineNumber":34,"author":{"gitId":"ChiaAmeline"},"content":"                    continue;","lastModifiedDate":"2024-10-24","isFullCredit":false},{"lineNumber":35,"author":{"gitId":"ChiaAmeline"},"content":"                // (Wk 4) Level-3 Mark / Unmark tasks","lastModifiedDate":"2024-10-24","isFullCredit":false},{"lineNumber":36,"author":{"gitId":"ChiaAmeline"},"content":"                case \"mark\":","lastModifiedDate":"2024-10-24","isFullCredit":false},{"lineNumber":37,"author":{"gitId":"ChiaAmeline"},"content":"                    KeywordHandling.processMarkKeyword(todoTaskList, totalNumberOfTaskObj,  splitTodoTask[1], true);","lastModifiedDate":"2024-10-24","isFullCredit":false},{"lineNumber":38,"author":{"gitId":"ChiaAmeline"},"content":"                    continue;","lastModifiedDate":"2024-10-24","isFullCredit":false},{"lineNumber":39,"author":{"gitId":"ChiaAmeline"},"content":"                case \"unmark\":","lastModifiedDate":"2024-10-24","isFullCredit":false},{"lineNumber":40,"author":{"gitId":"ChiaAmeline"},"content":"                    KeywordHandling.processMarkKeyword(todoTaskList, totalNumberOfTaskObj,  splitTodoTask[1], false);","lastModifiedDate":"2024-10-24","isFullCredit":false},{"lineNumber":41,"author":{"gitId":"ChiaAmeline"},"content":"                    continue;","lastModifiedDate":"2024-10-24","isFullCredit":false},{"lineNumber":42,"author":{"gitId":"ChiaAmeline"},"content":"                default:","lastModifiedDate":"2024-10-24","isFullCredit":false},{"lineNumber":43,"author":{"gitId":"ChiaAmeline"},"content":"                    // Check if input value has task command - todos / events / deadlines","lastModifiedDate":"2024-10-24","isFullCredit":false},{"lineNumber":44,"author":{"gitId":"ChiaAmeline"},"content":"                    if (ExceptionHandling.isCommandKeywordPresent(splitWord)) {","lastModifiedDate":"2024-10-24","isFullCredit":false},{"lineNumber":45,"author":{"gitId":"ChiaAmeline"},"content":"                        if (ExceptionHandling.isTaskDuplicated(todoTaskList ,todoTask)) {","lastModifiedDate":"2024-10-24","isFullCredit":false},{"lineNumber":46,"author":{"gitId":"ChiaAmeline"},"content":"                            // Checks for duplicated tasks being added","lastModifiedDate":"2024-10-24","isFullCredit":false},{"lineNumber":47,"author":{"gitId":"ChiaAmeline"},"content":"                            Message.printDuplicateMessage();","lastModifiedDate":"2024-10-24","isFullCredit":false},{"lineNumber":48,"author":{"gitId":"ChiaAmeline"},"content":"                        } else {","lastModifiedDate":"2024-10-24","isFullCredit":false},{"lineNumber":49,"author":{"gitId":"ChiaAmeline"},"content":"                            Task.addTask(todoTaskList, todoTask, splitWord);","lastModifiedDate":"2024-10-24","isFullCredit":false},{"lineNumber":50,"author":{"gitId":"ChiaAmeline"},"content":"                        }","lastModifiedDate":"2024-10-24","isFullCredit":false},{"lineNumber":51,"author":{"gitId":"ChiaAmeline"},"content":"                    } else {","lastModifiedDate":"2024-10-24","isFullCredit":false},{"lineNumber":52,"author":{"gitId":"ChiaAmeline"},"content":"                        Message.printMissingCommandKeywordMessage();","lastModifiedDate":"2024-10-24","isFullCredit":false},{"lineNumber":53,"author":{"gitId":"ChiaAmeline"},"content":"                    }","lastModifiedDate":"2024-10-24","isFullCredit":false},{"lineNumber":54,"author":{"gitId":"ChiaAmeline"},"content":"            }","lastModifiedDate":"2024-10-24","isFullCredit":false},{"lineNumber":55,"author":{"gitId":"ChiaAmeline"},"content":"        }","lastModifiedDate":"2024-10-24","isFullCredit":false},{"lineNumber":56,"author":{"gitId":"ChiaAmeline"},"content":"    }","lastModifiedDate":"2024-10-24","isFullCredit":false},{"lineNumber":57,"author":{"gitId":"ChiaAmeline"},"content":"}","lastModifiedDate":"2024-10-24","isFullCredit":false}],"authorContributionMap":{"ChiaAmeline":57}},{"path":"src/main/java/KeywordHandling.java","fileType":"java","lines":[{"lineNumber":1,"author":{"gitId":"ChiaAmeline"},"content":"import java.util.ArrayList;","lastModifiedDate":"2024-10-24","isFullCredit":false},{"lineNumber":2,"author":{"gitId":"ChiaAmeline"},"content":"","lastModifiedDate":"2024-10-24","isFullCredit":false},{"lineNumber":3,"author":{"gitId":"ChiaAmeline"},"content":"public class KeywordHandling {","lastModifiedDate":"2024-10-24","isFullCredit":false},{"lineNumber":4,"author":{"gitId":"ChiaAmeline"},"content":"    public static void processListKeyword(ArrayList\u003cTask\u003e todoTaskList, int totalNumberOfTaskObj){","lastModifiedDate":"2024-10-24","isFullCredit":false},{"lineNumber":5,"author":{"gitId":"ChiaAmeline"},"content":"        if (totalNumberOfTaskObj \u003d\u003d 0){","lastModifiedDate":"2024-10-24","isFullCredit":false},{"lineNumber":6,"author":{"gitId":"ChiaAmeline"},"content":"            Message.printEmptyMessage(true);","lastModifiedDate":"2024-10-24","isFullCredit":false},{"lineNumber":7,"author":{"gitId":"ChiaAmeline"},"content":"        } else {","lastModifiedDate":"2024-10-24","isFullCredit":false},{"lineNumber":8,"author":{"gitId":"ChiaAmeline"},"content":"            Task.printTaskList(todoTaskList);","lastModifiedDate":"2024-10-24","isFullCredit":false},{"lineNumber":9,"author":{"gitId":"ChiaAmeline"},"content":"        }","lastModifiedDate":"2024-10-24","isFullCredit":false},{"lineNumber":10,"author":{"gitId":"ChiaAmeline"},"content":"    }","lastModifiedDate":"2024-10-24","isFullCredit":false},{"lineNumber":11,"author":{"gitId":"ChiaAmeline"},"content":"    public static void processMarkKeyword(ArrayList\u003cTask\u003e todoTaskList, int totalNumberOfTaskObj, String index, boolean isMark){","lastModifiedDate":"2024-10-24","isFullCredit":false},{"lineNumber":12,"author":{"gitId":"ChiaAmeline"},"content":"        if (totalNumberOfTaskObj \u003d\u003d 0){","lastModifiedDate":"2024-10-24","isFullCredit":false},{"lineNumber":13,"author":{"gitId":"ChiaAmeline"},"content":"            Message.printEmptyMessage(true);","lastModifiedDate":"2024-10-24","isFullCredit":false},{"lineNumber":14,"author":{"gitId":"ChiaAmeline"},"content":"        }","lastModifiedDate":"2024-10-24","isFullCredit":false},{"lineNumber":15,"author":{"gitId":"ChiaAmeline"},"content":"        // Exception checks:","lastModifiedDate":"2024-10-24","isFullCredit":false},{"lineNumber":16,"author":{"gitId":"ChiaAmeline"},"content":"        // 1. Check if the second input value is a numerical string","lastModifiedDate":"2024-10-24","isFullCredit":false},{"lineNumber":17,"author":{"gitId":"ChiaAmeline"},"content":"        // 2. Check if the input numerical string is out of bound from the task list or index is 0 (invalid index)","lastModifiedDate":"2024-10-24","isFullCredit":false},{"lineNumber":18,"author":{"gitId":"ChiaAmeline"},"content":"        // 3. Check if the task have been marked / unmarked before","lastModifiedDate":"2024-10-24","isFullCredit":false},{"lineNumber":19,"author":{"gitId":"ChiaAmeline"},"content":"        else if (!ExceptionHandling.isInteger(index)) {","lastModifiedDate":"2024-10-24","isFullCredit":false},{"lineNumber":20,"author":{"gitId":"ChiaAmeline"},"content":"            Message.printInvalidIntegerMessage();","lastModifiedDate":"2024-10-24","isFullCredit":false},{"lineNumber":21,"author":{"gitId":"ChiaAmeline"},"content":"        } else {","lastModifiedDate":"2024-10-24","isFullCredit":false},{"lineNumber":22,"author":{"gitId":"ChiaAmeline"},"content":"            // Convert user input index into base 0 index (arrayList)","lastModifiedDate":"2024-10-24","isFullCredit":false},{"lineNumber":23,"author":{"gitId":"ChiaAmeline"},"content":"            int convertedIndex \u003d Integer.parseInt(index) - 1;","lastModifiedDate":"2024-10-24","isFullCredit":false},{"lineNumber":24,"author":{"gitId":"ChiaAmeline"},"content":"            if (convertedIndex \u003e\u003d totalNumberOfTaskObj || convertedIndex \u003c 0) {","lastModifiedDate":"2024-10-24","isFullCredit":false},{"lineNumber":25,"author":{"gitId":"ChiaAmeline"},"content":"                Message.printOutOfBoundsMessage();","lastModifiedDate":"2024-10-24","isFullCredit":false},{"lineNumber":26,"author":{"gitId":"ChiaAmeline"},"content":"            } else if (ExceptionHandling.isTaskMarked(todoTaskList, convertedIndex + 1, isMark)){","lastModifiedDate":"2024-10-24","isFullCredit":false},{"lineNumber":27,"author":{"gitId":"ChiaAmeline"},"content":"                Message.printMarkedTaskMessage();","lastModifiedDate":"2024-10-24","isFullCredit":false},{"lineNumber":28,"author":{"gitId":"ChiaAmeline"},"content":"            } else {","lastModifiedDate":"2024-10-24","isFullCredit":false},{"lineNumber":29,"author":{"gitId":"ChiaAmeline"},"content":"                Task markTask \u003d todoTaskList.get(convertedIndex);","lastModifiedDate":"2024-10-24","isFullCredit":false},{"lineNumber":30,"author":{"gitId":"ChiaAmeline"},"content":"                markTask.setTaskMarkStatus(todoTaskList, convertedIndex, isMark);","lastModifiedDate":"2024-10-24","isFullCredit":false},{"lineNumber":31,"author":{"gitId":"ChiaAmeline"},"content":"            }","lastModifiedDate":"2024-10-24","isFullCredit":false},{"lineNumber":32,"author":{"gitId":"ChiaAmeline"},"content":"        }","lastModifiedDate":"2024-10-24","isFullCredit":false},{"lineNumber":33,"author":{"gitId":"ChiaAmeline"},"content":"    }","lastModifiedDate":"2024-10-24","isFullCredit":false},{"lineNumber":34,"author":{"gitId":"ChiaAmeline"},"content":"    // commandKeyword \u003d todos / deadlines / events","lastModifiedDate":"2024-10-24","isFullCredit":false},{"lineNumber":35,"author":{"gitId":"ChiaAmeline"},"content":"    public static void processTodoTask(String todoTask, ArrayList\u003cTask\u003e todoTaskList) {","lastModifiedDate":"2024-10-24","isFullCredit":false},{"lineNumber":36,"author":{"gitId":"ChiaAmeline"},"content":"        String newTodoTask \u003d todoTask.replace(\"todo\", \"\").trim().replaceAll(\"\\\\s+\", \" \");","lastModifiedDate":"2024-10-24","isFullCredit":false},{"lineNumber":37,"author":{"gitId":"ChiaAmeline"},"content":"        ToDo inputTodoTask \u003d  new ToDo(newTodoTask);","lastModifiedDate":"2024-10-24","isFullCredit":false},{"lineNumber":38,"author":{"gitId":"ChiaAmeline"},"content":"        todoTaskList.add(inputTodoTask);","lastModifiedDate":"2024-10-24","isFullCredit":false},{"lineNumber":39,"author":{"gitId":"ChiaAmeline"},"content":"        Message.printAddedTaskMessage(Task.getTotalNumberOfTodoTask(), inputTodoTask.printAddedTask());","lastModifiedDate":"2024-10-24","isFullCredit":false},{"lineNumber":40,"author":{"gitId":"ChiaAmeline"},"content":"    }","lastModifiedDate":"2024-10-24","isFullCredit":false},{"lineNumber":41,"author":{"gitId":"ChiaAmeline"},"content":"    public static void processDeadlineTask(String todoTask, ArrayList\u003cTask\u003e todoTaskList) {","lastModifiedDate":"2024-10-24","isFullCredit":false},{"lineNumber":42,"author":{"gitId":"ChiaAmeline"},"content":"        String deadlineTask \u003d todoTask.replace(\"deadline\", \"\").trim().replaceAll(\"\\\\s+\", \" \");","lastModifiedDate":"2024-10-24","isFullCredit":false},{"lineNumber":43,"author":{"gitId":"ChiaAmeline"},"content":"        String[] deadlineDetails \u003d deadlineTask.split(\"/by\");","lastModifiedDate":"2024-10-24","isFullCredit":false},{"lineNumber":44,"author":{"gitId":"ChiaAmeline"},"content":"        // Checks if deadline is provided","lastModifiedDate":"2024-10-24","isFullCredit":false},{"lineNumber":45,"author":{"gitId":"ChiaAmeline"},"content":"        if (!ExceptionHandling.isValidDeadlineInput(deadlineDetails)) {","lastModifiedDate":"2024-10-24","isFullCredit":false},{"lineNumber":46,"author":{"gitId":"ChiaAmeline"},"content":"            Message.printMissingDeadlineParameterMessage();","lastModifiedDate":"2024-10-24","isFullCredit":false},{"lineNumber":47,"author":{"gitId":"ChiaAmeline"},"content":"            return;","lastModifiedDate":"2024-10-24","isFullCredit":false},{"lineNumber":48,"author":{"gitId":"ChiaAmeline"},"content":"        }","lastModifiedDate":"2024-10-24","isFullCredit":false},{"lineNumber":49,"author":{"gitId":"ChiaAmeline"},"content":"        String newDeadlineTask \u003d deadlineDetails[0].trim();","lastModifiedDate":"2024-10-24","isFullCredit":false},{"lineNumber":50,"author":{"gitId":"ChiaAmeline"},"content":"        String deadlineOfTask \u003d deadlineDetails[1].trim();","lastModifiedDate":"2024-10-24","isFullCredit":false},{"lineNumber":51,"author":{"gitId":"ChiaAmeline"},"content":"        Deadline inputDeadlineTask \u003d new Deadline(newDeadlineTask, deadlineOfTask);","lastModifiedDate":"2024-10-24","isFullCredit":false},{"lineNumber":52,"author":{"gitId":"ChiaAmeline"},"content":"        todoTaskList.add(inputDeadlineTask);","lastModifiedDate":"2024-10-24","isFullCredit":false},{"lineNumber":53,"author":{"gitId":"ChiaAmeline"},"content":"        Message.printAddedTaskMessage(Task.getTotalNumberOfTodoTask(), inputDeadlineTask.printAddedTask());","lastModifiedDate":"2024-10-24","isFullCredit":false},{"lineNumber":54,"author":{"gitId":"ChiaAmeline"},"content":"    }","lastModifiedDate":"2024-10-24","isFullCredit":false},{"lineNumber":55,"author":{"gitId":"ChiaAmeline"},"content":"    public static void processEventTask(String todoTask, ArrayList\u003cTask\u003e todoTaskList) {","lastModifiedDate":"2024-10-24","isFullCredit":false},{"lineNumber":56,"author":{"gitId":"ChiaAmeline"},"content":"        String eventTask \u003d todoTask.replace(\"event\", \"\").trim().replaceAll(\"\\\\s+\", \" \");","lastModifiedDate":"2024-10-24","isFullCredit":false},{"lineNumber":57,"author":{"gitId":"ChiaAmeline"},"content":"        if (!eventTask.contains(\"/from\") || !eventTask.contains(\"/to\")) {","lastModifiedDate":"2024-10-24","isFullCredit":false},{"lineNumber":58,"author":{"gitId":"ChiaAmeline"},"content":"            // Checks if the input value is in proper format","lastModifiedDate":"2024-10-24","isFullCredit":false},{"lineNumber":59,"author":{"gitId":"ChiaAmeline"},"content":"            Message.printMissingEventParameterMessage();","lastModifiedDate":"2024-10-24","isFullCredit":false},{"lineNumber":60,"author":{"gitId":"ChiaAmeline"},"content":"            return;","lastModifiedDate":"2024-10-24","isFullCredit":false},{"lineNumber":61,"author":{"gitId":"ChiaAmeline"},"content":"        }","lastModifiedDate":"2024-10-24","isFullCredit":false},{"lineNumber":62,"author":{"gitId":"ChiaAmeline"},"content":"        String[] eventDetails \u003d eventTask.split(\"/from\");","lastModifiedDate":"2024-10-24","isFullCredit":false},{"lineNumber":63,"author":{"gitId":"ChiaAmeline"},"content":"        if (!ExceptionHandling.isValidEventInput(eventDetails)) {","lastModifiedDate":"2024-10-24","isFullCredit":false},{"lineNumber":64,"author":{"gitId":"ChiaAmeline"},"content":"            // Checks if event duration is provided","lastModifiedDate":"2024-10-24","isFullCredit":false},{"lineNumber":65,"author":{"gitId":"ChiaAmeline"},"content":"            Message.printMissingEventParameterMessage();","lastModifiedDate":"2024-10-24","isFullCredit":false},{"lineNumber":66,"author":{"gitId":"ChiaAmeline"},"content":"            return;","lastModifiedDate":"2024-10-24","isFullCredit":false},{"lineNumber":67,"author":{"gitId":"ChiaAmeline"},"content":"        }","lastModifiedDate":"2024-10-24","isFullCredit":false},{"lineNumber":68,"author":{"gitId":"ChiaAmeline"},"content":"        String newEventTask \u003d eventDetails[0].trim();","lastModifiedDate":"2024-10-24","isFullCredit":false},{"lineNumber":69,"author":{"gitId":"ChiaAmeline"},"content":"        String[] eventDurationDetails \u003d eventDetails[1].split(\"/to\");","lastModifiedDate":"2024-10-24","isFullCredit":false},{"lineNumber":70,"author":{"gitId":"ChiaAmeline"},"content":"        String from \u003d eventDurationDetails[0].trim();","lastModifiedDate":"2024-10-24","isFullCredit":false},{"lineNumber":71,"author":{"gitId":"ChiaAmeline"},"content":"        String to \u003d eventDurationDetails[1].trim();","lastModifiedDate":"2024-10-24","isFullCredit":false},{"lineNumber":72,"author":{"gitId":"ChiaAmeline"},"content":"        Event inputEventTask \u003d new Event(newEventTask, from, to);","lastModifiedDate":"2024-10-24","isFullCredit":false},{"lineNumber":73,"author":{"gitId":"ChiaAmeline"},"content":"        todoTaskList.add(inputEventTask);","lastModifiedDate":"2024-10-24","isFullCredit":false},{"lineNumber":74,"author":{"gitId":"ChiaAmeline"},"content":"        Message.printAddedTaskMessage(Task.getTotalNumberOfTodoTask(), inputEventTask.printAddedTask());","lastModifiedDate":"2024-10-24","isFullCredit":false},{"lineNumber":75,"author":{"gitId":"ChiaAmeline"},"content":"    }","lastModifiedDate":"2024-10-24","isFullCredit":false},{"lineNumber":76,"author":{"gitId":"ChiaAmeline"},"content":"}","lastModifiedDate":"2024-10-24","isFullCredit":false}],"authorContributionMap":{"ChiaAmeline":76}},{"path":"src/main/java/Message.java","fileType":"java","lines":[{"lineNumber":1,"author":{"gitId":"ChiaAmeline"},"content":"public class Message {","lastModifiedDate":"2024-10-24","isFullCredit":false},{"lineNumber":2,"author":{"gitId":"ChiaAmeline"},"content":"    public static void printHorizontalLines(){","lastModifiedDate":"2024-10-07","isFullCredit":false},{"lineNumber":3,"author":{"gitId":"ChiaAmeline"},"content":"        System.out.println(\"____________________________________________________________\");","lastModifiedDate":"2024-10-07","isFullCredit":false},{"lineNumber":4,"author":{"gitId":"ChiaAmeline"},"content":"    }","lastModifiedDate":"2024-10-07","isFullCredit":false},{"lineNumber":5,"author":{"gitId":"ChiaAmeline"},"content":"    public static void printSingleMessage(String textMessage){","lastModifiedDate":"2024-10-14","isFullCredit":false},{"lineNumber":6,"author":{"gitId":"ChiaAmeline"},"content":"        printHorizontalLines();","lastModifiedDate":"2024-10-14","isFullCredit":false},{"lineNumber":7,"author":{"gitId":"ChiaAmeline"},"content":"        System.out.println(textMessage);","lastModifiedDate":"2024-10-14","isFullCredit":false},{"lineNumber":8,"author":{"gitId":"ChiaAmeline"},"content":"        printHorizontalLines();","lastModifiedDate":"2024-10-14","isFullCredit":false},{"lineNumber":9,"author":{"gitId":"ChiaAmeline"},"content":"    }","lastModifiedDate":"2024-10-14","isFullCredit":false},{"lineNumber":10,"author":{"gitId":"ChiaAmeline"},"content":"    // (Wk 3) Level-0 Print welcome message","lastModifiedDate":"2024-10-09","isFullCredit":false},{"lineNumber":11,"author":{"gitId":"ChiaAmeline"},"content":"    public static void printWelcomeMessage(String systemName) {","lastModifiedDate":"2024-09-28","isFullCredit":false},{"lineNumber":12,"author":{"gitId":"ChiaAmeline"},"content":"        printHorizontalLines();","lastModifiedDate":"2024-09-28","isFullCredit":false},{"lineNumber":13,"author":{"gitId":"ChiaAmeline"},"content":"        System.out.println(\"Hello! I\u0027m \" + systemName);","lastModifiedDate":"2024-09-28","isFullCredit":false},{"lineNumber":14,"author":{"gitId":"ChiaAmeline"},"content":"        System.out.println(\"What can I do for you?\");","lastModifiedDate":"2024-09-28","isFullCredit":false},{"lineNumber":15,"author":{"gitId":"ChiaAmeline"},"content":"        printHorizontalLines();","lastModifiedDate":"2024-09-28","isFullCredit":false},{"lineNumber":16,"author":{"gitId":"ChiaAmeline"},"content":"    }","lastModifiedDate":"2024-09-28","isFullCredit":false},{"lineNumber":17,"author":{"gitId":"ChiaAmeline"},"content":"    public static void printEndingMessage(){","lastModifiedDate":"2024-10-07","isFullCredit":false},{"lineNumber":18,"author":{"gitId":"ChiaAmeline"},"content":"        printSingleMessage(\"Bye. Hope to see you again soon!\");","lastModifiedDate":"2024-10-14","isFullCredit":false},{"lineNumber":19,"author":{"gitId":"ChiaAmeline"},"content":"    }","lastModifiedDate":"2024-10-14","isFullCredit":false},{"lineNumber":20,"author":{"gitId":"ChiaAmeline"},"content":"    public static void printEmptyMessage(boolean isList){","lastModifiedDate":"2024-10-14","isFullCredit":false},{"lineNumber":21,"author":{"gitId":"ChiaAmeline"},"content":"        if(isList){","lastModifiedDate":"2024-10-14","isFullCredit":false},{"lineNumber":22,"author":{"gitId":"ChiaAmeline"},"content":"            printSingleMessage(\"The list is empty.\");","lastModifiedDate":"2024-10-14","isFullCredit":false},{"lineNumber":23,"author":{"gitId":"ChiaAmeline"},"content":"        } else {","lastModifiedDate":"2024-10-14","isFullCredit":false},{"lineNumber":24,"author":{"gitId":"ChiaAmeline"},"content":"            printSingleMessage(\"The task is empty.\");","lastModifiedDate":"2024-10-14","isFullCredit":false},{"lineNumber":25,"author":{"gitId":"ChiaAmeline"},"content":"        }","lastModifiedDate":"2024-10-14","isFullCredit":false},{"lineNumber":26,"author":{"gitId":"ChiaAmeline"},"content":"    }","lastModifiedDate":"2024-10-14","isFullCredit":false},{"lineNumber":27,"author":{"gitId":"ChiaAmeline"},"content":"    public static void printInvalidIntegerMessage(){","lastModifiedDate":"2024-10-14","isFullCredit":false},{"lineNumber":28,"author":{"gitId":"ChiaAmeline"},"content":"        printSingleMessage(\"Mark item needs to be a valid number.\");","lastModifiedDate":"2024-10-14","isFullCredit":false},{"lineNumber":29,"author":{"gitId":"ChiaAmeline"},"content":"    }","lastModifiedDate":"2024-10-14","isFullCredit":false},{"lineNumber":30,"author":{"gitId":"ChiaAmeline"},"content":"    public static void printOutOfBoundsMessage(){","lastModifiedDate":"2024-10-14","isFullCredit":false},{"lineNumber":31,"author":{"gitId":"ChiaAmeline"},"content":"        printSingleMessage(\"Index is out of bounds.\");","lastModifiedDate":"2024-10-14","isFullCredit":false},{"lineNumber":32,"author":{"gitId":"ChiaAmeline"},"content":"    }","lastModifiedDate":"2024-10-14","isFullCredit":false},{"lineNumber":33,"author":{"gitId":"ChiaAmeline"},"content":"    public static void printDuplicateMessage(){","lastModifiedDate":"2024-10-14","isFullCredit":false},{"lineNumber":34,"author":{"gitId":"ChiaAmeline"},"content":"        printSingleMessage(\"Task exist in list.\");","lastModifiedDate":"2024-10-14","isFullCredit":false},{"lineNumber":35,"author":{"gitId":"ChiaAmeline"},"content":"    }","lastModifiedDate":"2024-10-14","isFullCredit":false},{"lineNumber":36,"author":{"gitId":"ChiaAmeline"},"content":"    public static void printTaskStatusMessage(boolean isDone, Task currentTask){","lastModifiedDate":"2024-10-24","isFullCredit":false},{"lineNumber":37,"author":{"gitId":"ChiaAmeline"},"content":"        String message;","lastModifiedDate":"2024-10-14","isFullCredit":false},{"lineNumber":38,"author":{"gitId":"ChiaAmeline"},"content":"        if(isDone){","lastModifiedDate":"2024-10-14","isFullCredit":false},{"lineNumber":39,"author":{"gitId":"ChiaAmeline"},"content":"            message \u003d \"Nice! I\u0027ve marked this task as done\";","lastModifiedDate":"2024-10-14","isFullCredit":false},{"lineNumber":40,"author":{"gitId":"ChiaAmeline"},"content":"        } else {","lastModifiedDate":"2024-10-14","isFullCredit":false},{"lineNumber":41,"author":{"gitId":"ChiaAmeline"},"content":"            message \u003d \"OK, I\u0027ve marked this task as not done yet\";","lastModifiedDate":"2024-10-14","isFullCredit":false},{"lineNumber":42,"author":{"gitId":"ChiaAmeline"},"content":"        }","lastModifiedDate":"2024-10-14","isFullCredit":false},{"lineNumber":43,"author":{"gitId":"ChiaAmeline"},"content":"        printHorizontalLines();","lastModifiedDate":"2024-10-07","isFullCredit":false},{"lineNumber":44,"author":{"gitId":"ChiaAmeline"},"content":"        System.out.println(message + \":\");","lastModifiedDate":"2024-10-14","isFullCredit":false},{"lineNumber":45,"author":{"gitId":"ChiaAmeline"},"content":"        System.out.println(\"\\t[\" + currentTask.getStatusIcon() + \"] \" + currentTask.getTaskName());","lastModifiedDate":"2024-10-14","isFullCredit":false},{"lineNumber":46,"author":{"gitId":"ChiaAmeline"},"content":"        printHorizontalLines();","lastModifiedDate":"2024-10-07","isFullCredit":false},{"lineNumber":47,"author":{"gitId":"ChiaAmeline"},"content":"    }","lastModifiedDate":"2024-10-07","isFullCredit":false},{"lineNumber":48,"author":{"gitId":"ChiaAmeline"},"content":"    public static void printMarkedTaskMessage(){","lastModifiedDate":"2024-10-14","isFullCredit":false},{"lineNumber":49,"author":{"gitId":"ChiaAmeline"},"content":"        printSingleMessage(\"Task have been marked / unmarked\");","lastModifiedDate":"2024-10-14","isFullCredit":false},{"lineNumber":50,"author":{"gitId":"ChiaAmeline"},"content":"    }","lastModifiedDate":"2024-10-14","isFullCredit":false},{"lineNumber":51,"author":{"gitId":"ChiaAmeline"},"content":"    public static void printAddedTaskMessage(int totalNumberOfTodoTask, String addedTask){","lastModifiedDate":"2024-10-24","isFullCredit":false},{"lineNumber":52,"author":{"gitId":"ChiaAmeline"},"content":"        printHorizontalLines();","lastModifiedDate":"2024-10-24","isFullCredit":false},{"lineNumber":53,"author":{"gitId":"ChiaAmeline"},"content":"        System.out.println(\"Got it. I\u0027ve added this task:\");","lastModifiedDate":"2024-10-24","isFullCredit":false},{"lineNumber":54,"author":{"gitId":"ChiaAmeline"},"content":"        System.out.println(addedTask);","lastModifiedDate":"2024-10-24","isFullCredit":false},{"lineNumber":55,"author":{"gitId":"ChiaAmeline"},"content":"        System.out.println(\"Now you have \" + totalNumberOfTodoTask + \" tasks in the list.\");","lastModifiedDate":"2024-10-24","isFullCredit":false},{"lineNumber":56,"author":{"gitId":"ChiaAmeline"},"content":"        printHorizontalLines();","lastModifiedDate":"2024-10-24","isFullCredit":false},{"lineNumber":57,"author":{"gitId":"ChiaAmeline"},"content":"    }","lastModifiedDate":"2024-10-24","isFullCredit":false},{"lineNumber":58,"author":{"gitId":"ChiaAmeline"},"content":"    public static void printMissingCommandKeywordMessage(){","lastModifiedDate":"2024-10-24","isFullCredit":false},{"lineNumber":59,"author":{"gitId":"ChiaAmeline"},"content":"        printSingleMessage(\"It looks like you forgot to specify the task type! Please indicate whether this task is a Todo, Event, or Deadline task so we can help you keep track of it.\");","lastModifiedDate":"2024-10-24","isFullCredit":false},{"lineNumber":60,"author":{"gitId":"ChiaAmeline"},"content":"    }","lastModifiedDate":"2024-10-24","isFullCredit":false},{"lineNumber":61,"author":{"gitId":"ChiaAmeline"},"content":"    public static void printMissingDeadlineParameterMessage(){","lastModifiedDate":"2024-10-24","isFullCredit":false},{"lineNumber":62,"author":{"gitId":"ChiaAmeline"},"content":"        printSingleMessage(\"It seems you forgot to specify a parameter! Please enter it in the following format: [Task_name] /by [Deadline].\");","lastModifiedDate":"2024-10-24","isFullCredit":false},{"lineNumber":63,"author":{"gitId":"ChiaAmeline"},"content":"    }","lastModifiedDate":"2024-10-24","isFullCredit":false},{"lineNumber":64,"author":{"gitId":"ChiaAmeline"},"content":"    public static void printMissingEventParameterMessage(){","lastModifiedDate":"2024-10-24","isFullCredit":false},{"lineNumber":65,"author":{"gitId":"ChiaAmeline"},"content":"        printSingleMessage(\"It seems you forgot to specify a parameter! Please enter it in the following format: [Task_name] /from [Start_date] /to [End_date].\");","lastModifiedDate":"2024-10-24","isFullCredit":false},{"lineNumber":66,"author":{"gitId":"ChiaAmeline"},"content":"    }","lastModifiedDate":"2024-10-24","isFullCredit":false},{"lineNumber":67,"author":{"gitId":"ChiaAmeline"},"content":"}","lastModifiedDate":"2024-09-28","isFullCredit":false}],"authorContributionMap":{"ChiaAmeline":67}},{"path":"src/main/java/Task.java","fileType":"java","lines":[{"lineNumber":1,"author":{"gitId":"ChiaAmeline"},"content":"import java.util.ArrayList;","lastModifiedDate":"2024-10-24","isFullCredit":false},{"lineNumber":2,"author":{"gitId":"ChiaAmeline"},"content":"","lastModifiedDate":"2024-10-24","isFullCredit":false},{"lineNumber":3,"author":{"gitId":"ChiaAmeline"},"content":"public class Task {","lastModifiedDate":"2024-10-24","isFullCredit":false},{"lineNumber":4,"author":{"gitId":"ChiaAmeline"},"content":"    protected String taskName;","lastModifiedDate":"2024-10-24","isFullCredit":false},{"lineNumber":5,"author":{"gitId":"ChiaAmeline"},"content":"    protected boolean isDone;","lastModifiedDate":"2024-10-24","isFullCredit":false},{"lineNumber":6,"author":{"gitId":"ChiaAmeline"},"content":"    // (Wk 3) Level-2 Include class level members to dynamically count total number of task","lastModifiedDate":"2024-10-24","isFullCredit":false},{"lineNumber":7,"author":{"gitId":"ChiaAmeline"},"content":"    private static int totalNumberOfTodoTask \u003d 0;","lastModifiedDate":"2024-10-24","isFullCredit":false},{"lineNumber":8,"author":{"gitId":"ChiaAmeline"},"content":"","lastModifiedDate":"2024-10-24","isFullCredit":false},{"lineNumber":9,"author":{"gitId":"ChiaAmeline"},"content":"    public Task(String taskName) {","lastModifiedDate":"2024-10-24","isFullCredit":false},{"lineNumber":10,"author":{"gitId":"ChiaAmeline"},"content":"        this.taskName \u003d taskName;","lastModifiedDate":"2024-10-24","isFullCredit":false},{"lineNumber":11,"author":{"gitId":"ChiaAmeline"},"content":"        this.isDone \u003d false;","lastModifiedDate":"2024-10-24","isFullCredit":false},{"lineNumber":12,"author":{"gitId":"ChiaAmeline"},"content":"","lastModifiedDate":"2024-10-24","isFullCredit":false},{"lineNumber":13,"author":{"gitId":"ChiaAmeline"},"content":"        totalNumberOfTodoTask++;","lastModifiedDate":"2024-10-24","isFullCredit":false},{"lineNumber":14,"author":{"gitId":"ChiaAmeline"},"content":"    }","lastModifiedDate":"2024-10-24","isFullCredit":false},{"lineNumber":15,"author":{"gitId":"ChiaAmeline"},"content":"    public static int getTotalNumberOfTodoTask(){","lastModifiedDate":"2024-10-24","isFullCredit":false},{"lineNumber":16,"author":{"gitId":"ChiaAmeline"},"content":"        return totalNumberOfTodoTask;","lastModifiedDate":"2024-10-24","isFullCredit":false},{"lineNumber":17,"author":{"gitId":"ChiaAmeline"},"content":"    }","lastModifiedDate":"2024-10-24","isFullCredit":false},{"lineNumber":18,"author":{"gitId":"ChiaAmeline"},"content":"    public String getTaskName() {","lastModifiedDate":"2024-10-24","isFullCredit":false},{"lineNumber":19,"author":{"gitId":"ChiaAmeline"},"content":"        return taskName;","lastModifiedDate":"2024-10-24","isFullCredit":false},{"lineNumber":20,"author":{"gitId":"ChiaAmeline"},"content":"    }","lastModifiedDate":"2024-10-24","isFullCredit":false},{"lineNumber":21,"author":{"gitId":"ChiaAmeline"},"content":"    // (Wk 4) Level-3 Set the indexed task with \"X\" when mark as done and empty when mark as undone","lastModifiedDate":"2024-10-24","isFullCredit":false},{"lineNumber":22,"author":{"gitId":"ChiaAmeline"},"content":"    public String getStatusIcon(){","lastModifiedDate":"2024-10-24","isFullCredit":false},{"lineNumber":23,"author":{"gitId":"ChiaAmeline"},"content":"        return (isDone ? \"X\" : \" \");","lastModifiedDate":"2024-10-24","isFullCredit":false},{"lineNumber":24,"author":{"gitId":"ChiaAmeline"},"content":"    }","lastModifiedDate":"2024-10-24","isFullCredit":false},{"lineNumber":25,"author":{"gitId":"ChiaAmeline"},"content":"    // (Wk 4) Level-3 Set value isDone \u003d isDone (arg)","lastModifiedDate":"2024-10-24","isFullCredit":false},{"lineNumber":26,"author":{"gitId":"ChiaAmeline"},"content":"    public void setTaskMarkStatus(ArrayList\u003cTask\u003e todoTaskList, int index, boolean isDone) {","lastModifiedDate":"2024-10-24","isFullCredit":false},{"lineNumber":27,"author":{"gitId":"ChiaAmeline"},"content":"        Task markTask \u003d todoTaskList.get(index);","lastModifiedDate":"2024-10-24","isFullCredit":false},{"lineNumber":28,"author":{"gitId":"ChiaAmeline"},"content":"        markTask.isDone \u003d isDone;","lastModifiedDate":"2024-10-24","isFullCredit":false},{"lineNumber":29,"author":{"gitId":"ChiaAmeline"},"content":"        Message.printTaskStatusMessage(isDone, markTask);","lastModifiedDate":"2024-10-24","isFullCredit":false},{"lineNumber":30,"author":{"gitId":"ChiaAmeline"},"content":"    }","lastModifiedDate":"2024-10-24","isFullCredit":false},{"lineNumber":31,"author":{"gitId":"ChiaAmeline"},"content":"    // (Wk 3) Level-1 Echo item and print in format","lastModifiedDate":"2024-10-24","isFullCredit":false},{"lineNumber":32,"author":{"gitId":"ChiaAmeline"},"content":"    // (Wk 5) Level-4 Updated to account for inheritance","lastModifiedDate":"2024-10-24","isFullCredit":false},{"lineNumber":33,"author":{"gitId":"ChiaAmeline"},"content":"    public String printAddedTask() {","lastModifiedDate":"2024-10-24","isFullCredit":false},{"lineNumber":34,"author":{"gitId":"ChiaAmeline"},"content":"        // (Wk 3) Level-2 Add to list","lastModifiedDate":"2024-10-24","isFullCredit":false},{"lineNumber":35,"author":{"gitId":"ChiaAmeline"},"content":"        return \"[\" + getStatusIcon() + \"] \" + taskName;","lastModifiedDate":"2024-10-24","isFullCredit":false},{"lineNumber":36,"author":{"gitId":"ChiaAmeline"},"content":"    }","lastModifiedDate":"2024-10-24","isFullCredit":false},{"lineNumber":37,"author":{"gitId":"ChiaAmeline"},"content":"    // (Wk 3) Level-2 Print out task list","lastModifiedDate":"2024-10-24","isFullCredit":false},{"lineNumber":38,"author":{"gitId":"ChiaAmeline"},"content":"    public static void printTaskList(ArrayList\u003cTask\u003e todoTaskList) {","lastModifiedDate":"2024-10-24","isFullCredit":false},{"lineNumber":39,"author":{"gitId":"ChiaAmeline"},"content":"        Message.printHorizontalLines();","lastModifiedDate":"2024-10-24","isFullCredit":false},{"lineNumber":40,"author":{"gitId":"ChiaAmeline"},"content":"        System.out.println(\"Here are the tasks in your list:\");","lastModifiedDate":"2024-10-24","isFullCredit":false},{"lineNumber":41,"author":{"gitId":"ChiaAmeline"},"content":"        // Using totalNumberOfTodoTask as the source of truth for the number of task objects created","lastModifiedDate":"2024-10-24","isFullCredit":false},{"lineNumber":42,"author":{"gitId":"ChiaAmeline"},"content":"        for (int counter \u003d 0; counter \u003c totalNumberOfTodoTask; counter++) {","lastModifiedDate":"2024-10-24","isFullCredit":false},{"lineNumber":43,"author":{"gitId":"ChiaAmeline"},"content":"            int listIndex \u003d counter + 1;","lastModifiedDate":"2024-10-24","isFullCredit":false},{"lineNumber":44,"author":{"gitId":"ChiaAmeline"},"content":"            Task currentTask \u003d todoTaskList.get(counter);","lastModifiedDate":"2024-10-24","isFullCredit":false},{"lineNumber":45,"author":{"gitId":"ChiaAmeline"},"content":"            // (Wk 5) Level-4 Updated to account for polymorphism","lastModifiedDate":"2024-10-24","isFullCredit":false},{"lineNumber":46,"author":{"gitId":"ChiaAmeline"},"content":"            System.out.println(listIndex + \".\" + currentTask.printAddedTask());","lastModifiedDate":"2024-10-24","isFullCredit":false},{"lineNumber":47,"author":{"gitId":"ChiaAmeline"},"content":"        }","lastModifiedDate":"2024-10-24","isFullCredit":false},{"lineNumber":48,"author":{"gitId":"ChiaAmeline"},"content":"        Message.printHorizontalLines();","lastModifiedDate":"2024-10-24","isFullCredit":false},{"lineNumber":49,"author":{"gitId":"ChiaAmeline"},"content":"    }","lastModifiedDate":"2024-10-24","isFullCredit":false},{"lineNumber":50,"author":{"gitId":"ChiaAmeline"},"content":"    // (WK 5) Level-4 enhancing addition of task to list","lastModifiedDate":"2024-10-24","isFullCredit":false},{"lineNumber":51,"author":{"gitId":"ChiaAmeline"},"content":"    public static void addTask(ArrayList\u003cTask\u003e todoTaskList, String todoTask, String keyword){","lastModifiedDate":"2024-10-24","isFullCredit":false},{"lineNumber":52,"author":{"gitId":"ChiaAmeline"},"content":"        switch (keyword){","lastModifiedDate":"2024-10-24","isFullCredit":false},{"lineNumber":53,"author":{"gitId":"ChiaAmeline"},"content":"            case \"todo\":","lastModifiedDate":"2024-10-24","isFullCredit":false},{"lineNumber":54,"author":{"gitId":"ChiaAmeline"},"content":"                KeywordHandling.processTodoTask(todoTask, todoTaskList);","lastModifiedDate":"2024-10-24","isFullCredit":false},{"lineNumber":55,"author":{"gitId":"ChiaAmeline"},"content":"                break;","lastModifiedDate":"2024-10-24","isFullCredit":false},{"lineNumber":56,"author":{"gitId":"ChiaAmeline"},"content":"            case \"deadline\":","lastModifiedDate":"2024-10-24","isFullCredit":false},{"lineNumber":57,"author":{"gitId":"ChiaAmeline"},"content":"                KeywordHandling.processDeadlineTask(todoTask, todoTaskList);","lastModifiedDate":"2024-10-24","isFullCredit":false},{"lineNumber":58,"author":{"gitId":"ChiaAmeline"},"content":"                break;","lastModifiedDate":"2024-10-24","isFullCredit":false},{"lineNumber":59,"author":{"gitId":"ChiaAmeline"},"content":"            case \"event\":","lastModifiedDate":"2024-10-24","isFullCredit":false},{"lineNumber":60,"author":{"gitId":"ChiaAmeline"},"content":"                KeywordHandling.processEventTask(todoTask, todoTaskList);","lastModifiedDate":"2024-10-24","isFullCredit":false},{"lineNumber":61,"author":{"gitId":"ChiaAmeline"},"content":"                break;","lastModifiedDate":"2024-10-24","isFullCredit":false},{"lineNumber":62,"author":{"gitId":"ChiaAmeline"},"content":"        }","lastModifiedDate":"2024-10-24","isFullCredit":false},{"lineNumber":63,"author":{"gitId":"ChiaAmeline"},"content":"    }","lastModifiedDate":"2024-10-24","isFullCredit":false},{"lineNumber":64,"author":{"gitId":"ChiaAmeline"},"content":"}","lastModifiedDate":"2024-10-24","isFullCredit":false}],"authorContributionMap":{"ChiaAmeline":64}},{"path":"src/main/java/ToDo.java","fileType":"java","lines":[{"lineNumber":1,"author":{"gitId":"ChiaAmeline"},"content":"public class ToDo extends Task{","lastModifiedDate":"2024-10-24","isFullCredit":false},{"lineNumber":2,"author":{"gitId":"ChiaAmeline"},"content":"    public ToDo(String taskName) {","lastModifiedDate":"2024-10-24","isFullCredit":false},{"lineNumber":3,"author":{"gitId":"ChiaAmeline"},"content":"        super(taskName);","lastModifiedDate":"2024-10-24","isFullCredit":false},{"lineNumber":4,"author":{"gitId":"ChiaAmeline"},"content":"    }","lastModifiedDate":"2024-10-24","isFullCredit":false},{"lineNumber":5,"author":{"gitId":"ChiaAmeline"},"content":"    // (Wk 5) Level-4 Update return message for ToDos Task","lastModifiedDate":"2024-10-24","isFullCredit":false},{"lineNumber":6,"author":{"gitId":"ChiaAmeline"},"content":"    @Override","lastModifiedDate":"2024-10-24","isFullCredit":false},{"lineNumber":7,"author":{"gitId":"ChiaAmeline"},"content":"    public String printAddedTask() {","lastModifiedDate":"2024-10-24","isFullCredit":false},{"lineNumber":8,"author":{"gitId":"ChiaAmeline"},"content":"        return \"\\t[T]\" + super.printAddedTask();","lastModifiedDate":"2024-10-24","isFullCredit":false},{"lineNumber":9,"author":{"gitId":"ChiaAmeline"},"content":"    }","lastModifiedDate":"2024-10-24","isFullCredit":false},{"lineNumber":10,"author":{"gitId":"ChiaAmeline"},"content":"}","lastModifiedDate":"2024-10-24","isFullCredit":false}],"authorContributionMap":{"ChiaAmeline":10}}]
