[{"path":"src/main/java/jibberJabber.java","fileType":"java","lines":[{"lineNumber":1,"author":{"gitId":"ChiaAmeline"},"content":"public class jibberJabber {","lastModifiedDate":"2024-09-28","isFullCredit":false},{"lineNumber":2,"author":{"gitId":"ChiaAmeline"},"content":"    public static void main(String[] args) {","lastModifiedDate":"2024-09-28","isFullCredit":false},{"lineNumber":3,"author":{"gitId":"ChiaAmeline"},"content":"        message.printWelcomeMessage(\"Jibber Jabber\");","lastModifiedDate":"2024-09-28","isFullCredit":false},{"lineNumber":4,"author":{"gitId":"ChiaAmeline"},"content":"        message.printEndingMessage();","lastModifiedDate":"2024-09-28","isFullCredit":false},{"lineNumber":5,"author":{"gitId":"ChiaAmeline"},"content":"    }","lastModifiedDate":"2024-09-28","isFullCredit":false},{"lineNumber":6,"author":{"gitId":"ChiaAmeline"},"content":"}","lastModifiedDate":"2024-09-28","isFullCredit":false}],"authorContributionMap":{"ChiaAmeline":6}},{"path":"src/main/java/message.java","fileType":"java","lines":[{"lineNumber":1,"author":{"gitId":"ChiaAmeline"},"content":"public class message {","lastModifiedDate":"2024-09-28","isFullCredit":false},{"lineNumber":2,"author":{"gitId":"ChiaAmeline"},"content":"","lastModifiedDate":"2024-09-28","isFullCredit":false},{"lineNumber":3,"author":{"gitId":"ChiaAmeline"},"content":"    public static void printHorizontalLines(){","lastModifiedDate":"2024-09-28","isFullCredit":false},{"lineNumber":4,"author":{"gitId":"ChiaAmeline"},"content":"        System.out.print(\"____________________________________________________________\\n\");","lastModifiedDate":"2024-09-28","isFullCredit":false},{"lineNumber":5,"author":{"gitId":"ChiaAmeline"},"content":"    }","lastModifiedDate":"2024-09-28","isFullCredit":false},{"lineNumber":6,"author":{"gitId":"ChiaAmeline"},"content":"    public static void printEndingMessage(){","lastModifiedDate":"2024-09-28","isFullCredit":false},{"lineNumber":7,"author":{"gitId":"ChiaAmeline"},"content":"        System.out.print(\"Bye. Hope to see you again soon!\\n\");","lastModifiedDate":"2024-09-28","isFullCredit":false},{"lineNumber":8,"author":{"gitId":"ChiaAmeline"},"content":"        printHorizontalLines();","lastModifiedDate":"2024-09-28","isFullCredit":false},{"lineNumber":9,"author":{"gitId":"ChiaAmeline"},"content":"    }","lastModifiedDate":"2024-09-28","isFullCredit":false},{"lineNumber":10,"author":{"gitId":"ChiaAmeline"},"content":"    /* Level-0 printing simple welcome message */","lastModifiedDate":"2024-09-28","isFullCredit":false},{"lineNumber":11,"author":{"gitId":"ChiaAmeline"},"content":"    public static void printWelcomeMessage(String systemName) {","lastModifiedDate":"2024-09-28","isFullCredit":false},{"lineNumber":12,"author":{"gitId":"ChiaAmeline"},"content":"        printHorizontalLines();","lastModifiedDate":"2024-09-28","isFullCredit":false},{"lineNumber":13,"author":{"gitId":"ChiaAmeline"},"content":"        System.out.println(\"Hello! I\u0027m \" + systemName);","lastModifiedDate":"2024-09-28","isFullCredit":false},{"lineNumber":14,"author":{"gitId":"ChiaAmeline"},"content":"        System.out.println(\"What can I do for you?\");","lastModifiedDate":"2024-09-28","isFullCredit":false},{"lineNumber":15,"author":{"gitId":"ChiaAmeline"},"content":"        printHorizontalLines();","lastModifiedDate":"2024-09-28","isFullCredit":false},{"lineNumber":16,"author":{"gitId":"ChiaAmeline"},"content":"    }","lastModifiedDate":"2024-09-28","isFullCredit":false},{"lineNumber":17,"author":{"gitId":"ChiaAmeline"},"content":"}","lastModifiedDate":"2024-09-28","isFullCredit":false}],"authorContributionMap":{"ChiaAmeline":17}}]
