{"authorDailyContributionsMap":{"ChiaAmeline":[{"date":"2024-09-28","commitResults":[{"hash":"99b7fd347c7f5cd48b74dfb59ce2639cc0d17dda","isMergeCommit":false,"messageTitle":"Level-0 Rename, Greet, Exit implementation","messageBody":"","tags":["Level-0"],"fileTypesAndContributionMap":{"java":{"insertions":23,"deletions":10}}}]},{"date":"2024-10-07","commitResults":[{"hash":"c8147f36141aea9b30f44026df0bdfcb0d2342ff","isMergeCommit":false,"messageTitle":"Level-1 Echo","messageBody":"","tags":["Level-1"],"fileTypesAndContributionMap":{"java":{"insertions":62,"deletions":7}}}]},{"date":"2024-10-09","commitResults":[{"hash":"22279ffd46f49ec49a07fd2ba61674f784a345e1","isMergeCommit":false,"messageTitle":"Level-2 Add,List","messageBody":"","tags":["Level-2"],"fileTypesAndContributionMap":{"java":{"insertions":43,"deletions":12}}}]},{"date":"2024-10-14","commitResults":[{"hash":"9e884396cd2fbde8aa11814d5f02161b8d417268","isMergeCommit":false,"messageTitle":"Level-3 Mark as Done","messageBody":"","tags":["Level-3"],"fileTypesAndContributionMap":{"java":{"insertions":160,"deletions":48}}}]},{"date":"2024-10-24","commitResults":[{"hash":"31f1cbbafa2a32d045107838ce4a2e9f1f935a06","isMergeCommit":false,"messageTitle":"Level-4 ToDos, Events, Deadlines","messageBody":"","tags":["Level-4"],"fileTypesAndContributionMap":{"java":{"insertions":370,"deletions":172}}},{"hash":"f8cb36db2bdb166ff838ff8e5717c0e9e0ab2fea","isMergeCommit":false,"messageTitle":"Level-5 Handle Errors","messageBody":"","tags":["Level-5"],"fileTypesAndContributionMap":{"java":{"insertions":7,"deletions":1}}},{"hash":"75e3d301bd875f9ea30f57e1fc9fc2fc280a6171","isMergeCommit":false,"messageTitle":"Level-6 Delete, Enums","messageBody":"","tags":["Level-6"],"fileTypesAndContributionMap":{"java":{"insertions":115,"deletions":76}}}]},{"date":"2024-10-28","commitResults":[{"hash":"0a461640a9f10904597a68e92582ca5babaae832","isMergeCommit":false,"messageTitle":"Level-6 Cleaning codes","messageBody":"","fileTypesAndContributionMap":{"java":{"insertions":45,"deletions":46}}},{"hash":"62a26632510a5e81f54b2587a386990171844ddd","isMergeCommit":false,"messageTitle":"Level-6 converted input string into lower case","messageBody":"","tags":["Level-7"],"fileTypesAndContributionMap":{"java":{"insertions":1,"deletions":0}}}]},{"date":"2024-11-15","commitResults":[{"hash":"3e018016b10ab2746e9bcbc9951079876218a5db","isMergeCommit":false,"messageTitle":"Level-07 A-MoreOOP A-Packages","messageBody":"","tags":["Level-8"],"fileTypesAndContributionMap":{"java":{"insertions":399,"deletions":174}}}]},{"date":"2024-11-16","commitResults":[{"hash":"74dd5b1bde415654d27bd82a460f51326cd41c85","isMergeCommit":false,"messageTitle":"Level-8 Add datatime, A-JavaDoc","messageBody":"","fileTypesAndContributionMap":{"java":{"insertions":515,"deletions":82}}},{"hash":"3c213ee8a1101f6f33511a402fdfb68af3f38b7d","isMergeCommit":true,"messageTitle":"Merge branch \u0027add-gradle-support\u0027","messageBody":"","fileTypesAndContributionMap":{}},{"hash":"38b932bb8db29ff00956a2b2895c31d53b1e17f7","isMergeCommit":false,"messageTitle":"Level-8 pushing gradle changes","messageBody":"","fileTypesAndContributionMap":{"gradle":{"insertions":41,"deletions":0},"java":{"insertions":302,"deletions":57}}},{"hash":"9e406e6f4f0044e3c7eee4fdf487b0146068c7f1","isMergeCommit":true,"messageTitle":"Resolved merge conflict","messageBody":"","fileTypesAndContributionMap":{}}]},{"date":"2024-11-17","commitResults":[{"hash":"a5fba3698748888bde8544f0ede857120a42fe7f","isMergeCommit":false,"messageTitle":"Level-9 A-CodingStandard, A-CodeQuality and refactored codes","messageBody":"","tags":["Level-9"],"fileTypesAndContributionMap":{"java":{"insertions":383,"deletions":172}}},{"hash":"2115f8c9a44d6704dbcf094ab7a197b1a50af2de","isMergeCommit":false,"messageTitle":"Level-10 A-Assertions, A-Jar","messageBody":"","tags":["Level-10"],"fileTypesAndContributionMap":{"java":{"insertions":7,"deletions":2}}}]}]},"authorFileTypeContributionMap":{"ChiaAmeline":{"java":1583,"md":0,"fxml":0,"sh":0,"bat":0,"gradle":0,"txt":0}},"authorContributionVariance":{"ChiaAmeline":21804.389},"authorDisplayNameMap":{"ChiaAmeline":"CHIA..LINE"}}
