{"authorDailyContributionsMap":{"ChiaAmeline":[{"date":"2024-09-28","commitResults":[{"hash":"99b7fd347c7f5cd48b74dfb59ce2639cc0d17dda","isMergeCommit":false,"messageTitle":"Level-0 Rename, Greet, Exit implementation","messageBody":"","tags":["Level-0"],"fileTypesAndContributionMap":{"java":{"insertions":23,"deletions":10}}}]},{"date":"2024-10-07","commitResults":[{"hash":"c8147f36141aea9b30f44026df0bdfcb0d2342ff","isMergeCommit":false,"messageTitle":"Level-1 Echo","messageBody":"","tags":["Level-1"],"fileTypesAndContributionMap":{"java":{"insertions":62,"deletions":7}}}]}]},"authorFileTypeContributionMap":{"ChiaAmeline":{"java":78,"md":0,"fxml":0,"sh":0,"bat":0,"gradle":0,"txt":0}},"authorContributionVariance":{"ChiaAmeline":99.42937},"authorDisplayNameMap":{"ChiaAmeline":"CHIA..LINE"}}
