{"authorDailyContributionsMap":{"ChiaAmeline":[{"date":"2024-09-28","commitResults":[{"hash":"99b7fd347c7f5cd48b74dfb59ce2639cc0d17dda","isMergeCommit":false,"messageTitle":"Level-0 Rename, Greet, Exit implementation","messageBody":"","tags":["Level-0"],"fileTypesAndContributionMap":{"java":{"insertions":23,"deletions":10}}}]}]},"authorFileTypeContributionMap":{"ChiaAmeline":{"java":23,"md":0,"fxml":0,"sh":0,"bat":0,"gradle":0,"txt":0}},"authorContributionVariance":{"ChiaAmeline":22.214844},"authorDisplayNameMap":{"ChiaAmeline":"CHIA..LINE"}}
