{"authorDailyContributionsMap":{"ChiaAmeline":[{"date":"2024-09-28","commitResults":[{"hash":"99b7fd347c7f5cd48b74dfb59ce2639cc0d17dda","isMergeCommit":false,"messageTitle":"Level-0 Rename, Greet, Exit implementation","messageBody":"","tags":["Level-0"],"fileTypesAndContributionMap":{"java":{"insertions":23,"deletions":10}}}]},{"date":"2024-10-07","commitResults":[{"hash":"c8147f36141aea9b30f44026df0bdfcb0d2342ff","isMergeCommit":false,"messageTitle":"Level-1 Echo","messageBody":"","tags":["Level-1"],"fileTypesAndContributionMap":{"java":{"insertions":62,"deletions":7}}}]},{"date":"2024-10-09","commitResults":[{"hash":"22279ffd46f49ec49a07fd2ba61674f784a345e1","isMergeCommit":false,"messageTitle":"Level-2 Add,List","messageBody":"","tags":["Level-2"],"fileTypesAndContributionMap":{"java":{"insertions":43,"deletions":12}}}]},{"date":"2024-10-14","commitResults":[{"hash":"9e884396cd2fbde8aa11814d5f02161b8d417268","isMergeCommit":false,"messageTitle":"Level-3 Mark as Done","messageBody":"","tags":["Level-3"],"fileTypesAndContributionMap":{"java":{"insertions":160,"deletions":48}}}]}]},"authorFileTypeContributionMap":{"ChiaAmeline":{"java":221,"md":0,"fxml":0,"sh":0,"bat":0,"gradle":0,"txt":0}},"authorContributionVariance":{"ChiaAmeline":782.14624},"authorDisplayNameMap":{"ChiaAmeline":"CHIA..LINE"}}
