{"authorDailyContributionsMap":{"ChiaAmeline":[{"date":"2024-09-28","commitResults":[{"hash":"99b7fd347c7f5cd48b74dfb59ce2639cc0d17dda","isMergeCommit":false,"messageTitle":"Level-0 Rename, Greet, Exit implementation","messageBody":"","tags":["Level-0"],"fileTypesAndContributionMap":{"java":{"insertions":23,"deletions":10}}}]},{"date":"2024-10-07","commitResults":[{"hash":"c8147f36141aea9b30f44026df0bdfcb0d2342ff","isMergeCommit":false,"messageTitle":"Level-1 Echo","messageBody":"","tags":["Level-1"],"fileTypesAndContributionMap":{"java":{"insertions":62,"deletions":7}}}]},{"date":"2024-10-09","commitResults":[{"hash":"22279ffd46f49ec49a07fd2ba61674f784a345e1","isMergeCommit":false,"messageTitle":"Level-2 Add,List","messageBody":"","tags":["Level-2"],"fileTypesAndContributionMap":{"java":{"insertions":43,"deletions":12}}}]},{"date":"2024-10-14","commitResults":[{"hash":"9e884396cd2fbde8aa11814d5f02161b8d417268","isMergeCommit":false,"messageTitle":"Level-3 Mark as Done","messageBody":"","tags":["Level-3"],"fileTypesAndContributionMap":{"java":{"insertions":160,"deletions":48}}}]},{"date":"2024-10-24","commitResults":[{"hash":"31f1cbbafa2a32d045107838ce4a2e9f1f935a06","isMergeCommit":false,"messageTitle":"Level-4 ToDos, Events, Deadlines","messageBody":"","tags":["Level-4"],"fileTypesAndContributionMap":{"java":{"insertions":370,"deletions":172}}},{"hash":"f8cb36db2bdb166ff838ff8e5717c0e9e0ab2fea","isMergeCommit":false,"messageTitle":"Level-5 Handle Errors","messageBody":"","tags":["Level-5"],"fileTypesAndContributionMap":{"java":{"insertions":7,"deletions":1}}},{"hash":"75e3d301bd875f9ea30f57e1fc9fc2fc280a6171","isMergeCommit":false,"messageTitle":"Level-6 Delete, Enums","messageBody":"","tags":["Level-6"],"fileTypesAndContributionMap":{"java":{"insertions":115,"deletions":76}}}]}]},"authorFileTypeContributionMap":{"ChiaAmeline":{"java":464,"md":0,"fxml":0,"sh":0,"bat":0,"gradle":0,"txt":0}},"authorContributionVariance":{"ChiaAmeline":7901.214},"authorDisplayNameMap":{"ChiaAmeline":"CHIA..LINE"}}
