[{"path":"README.md","fileType":"md","lines":[{"lineNumber":1,"author":{"gitId":"darrenchew123"},"content":"# ui.DukeGPT project template","lastModifiedDate":"2024-10-12","isFullCredit":false},{"lineNumber":2,"author":{"gitId":"-"},"content":"","lastModifiedDate":"2020-05-25","isFullCredit":false},{"lineNumber":3,"author":{"gitId":"-"},"content":"This is a project template for a greenfield Java project. It\u0027s named after the Java mascot _Duke_. Given below are instructions on how to use it.","lastModifiedDate":"2020-05-25","isFullCredit":false},{"lineNumber":4,"author":{"gitId":"-"},"content":"","lastModifiedDate":"2020-05-25","isFullCredit":false},{"lineNumber":5,"author":{"gitId":"-"},"content":"## Setting up in Intellij","lastModifiedDate":"2020-05-25","isFullCredit":false},{"lineNumber":6,"author":{"gitId":"-"},"content":"","lastModifiedDate":"2020-05-25","isFullCredit":false},{"lineNumber":7,"author":{"gitId":"-"},"content":"Prerequisites: JDK 17, update Intellij to the most recent version.","lastModifiedDate":"2024-07-11","isFullCredit":false},{"lineNumber":8,"author":{"gitId":"-"},"content":"","lastModifiedDate":"2020-05-25","isFullCredit":false},{"lineNumber":9,"author":{"gitId":"-"},"content":"1. Open Intellij (if you are not in the welcome screen, click `File` \u003e `Close Project` to close the existing project first)","lastModifiedDate":"2021-01-17","isFullCredit":false},{"lineNumber":10,"author":{"gitId":"-"},"content":"1. Open the project into Intellij as follows:","lastModifiedDate":"2021-01-17","isFullCredit":false},{"lineNumber":11,"author":{"gitId":"-"},"content":"   1. Click `Open`.","lastModifiedDate":"2021-01-17","isFullCredit":false},{"lineNumber":12,"author":{"gitId":"-"},"content":"   1. Select the project directory, and click `OK`.","lastModifiedDate":"2021-01-17","isFullCredit":false},{"lineNumber":13,"author":{"gitId":"-"},"content":"   1. If there are any further prompts, accept the defaults.","lastModifiedDate":"2020-05-25","isFullCredit":false},{"lineNumber":14,"author":{"gitId":"-"},"content":"1. Configure the project to use **JDK 17** (not other versions) as explained in [here](https://www.jetbrains.com/help/idea/sdk.html#set-up-jdk).\u003cbr\u003e","lastModifiedDate":"2024-07-11","isFullCredit":false},{"lineNumber":15,"author":{"gitId":"-"},"content":"   In the same dialog, set the **Project language level** field to the `SDK default` option.","lastModifiedDate":"2021-07-29","isFullCredit":false},{"lineNumber":16,"author":{"gitId":"darrenchew123"},"content":"3. After that, locate the `src/main/java/ui.DukeGPT.java` file, right-click it, and choose `Run ui.DukeGPT.main()` (if the code editor is showing compile errors, try restarting the IDE). If the setup is correct, you should see something like the below as the output:","lastModifiedDate":"2024-10-12","isFullCredit":false},{"lineNumber":17,"author":{"gitId":"-"},"content":"   ```","lastModifiedDate":"2020-05-25","isFullCredit":false},{"lineNumber":18,"author":{"gitId":"-"},"content":"   Hello from","lastModifiedDate":"2020-05-25","isFullCredit":false},{"lineNumber":19,"author":{"gitId":"-"},"content":"    ____        _        ","lastModifiedDate":"2020-05-25","isFullCredit":false},{"lineNumber":20,"author":{"gitId":"-"},"content":"   |  _ \\ _   _| | _____ ","lastModifiedDate":"2020-05-25","isFullCredit":false},{"lineNumber":21,"author":{"gitId":"-"},"content":"   | | | | | | | |/ / _ \\","lastModifiedDate":"2020-05-25","isFullCredit":false},{"lineNumber":22,"author":{"gitId":"-"},"content":"   | |_| | |_| |   \u003c  __/","lastModifiedDate":"2020-05-25","isFullCredit":false},{"lineNumber":23,"author":{"gitId":"-"},"content":"   |____/ \\__,_|_|\\_\\___|","lastModifiedDate":"2020-05-25","isFullCredit":false},{"lineNumber":24,"author":{"gitId":"-"},"content":"   ```","lastModifiedDate":"2020-05-25","isFullCredit":false}],"authorContributionMap":{"darrenchew123":2,"-":22}},{"path":"docs/README.md","fileType":"md","lines":[{"lineNumber":1,"author":{"gitId":"darrenchew123"},"content":"# DukeGPT User Guide","lastModifiedDate":"2024-08-31","isFullCredit":false},{"lineNumber":2,"author":{"gitId":"-"},"content":"","lastModifiedDate":"2019-07-29","isFullCredit":false},{"lineNumber":3,"author":{"gitId":"-"},"content":"// Update the title above to match the actual product name","lastModifiedDate":"2024-01-07","isFullCredit":false},{"lineNumber":4,"author":{"gitId":"-"},"content":"","lastModifiedDate":"2019-07-29","isFullCredit":false},{"lineNumber":5,"author":{"gitId":"-"},"content":"// Product screenshot goes here","lastModifiedDate":"2024-01-07","isFullCredit":false},{"lineNumber":6,"author":{"gitId":"-"},"content":"","lastModifiedDate":"2021-07-17","isFullCredit":false},{"lineNumber":7,"author":{"gitId":"-"},"content":"// Product intro goes here","lastModifiedDate":"2024-01-07","isFullCredit":false},{"lineNumber":8,"author":{"gitId":"-"},"content":"","lastModifiedDate":"2021-07-17","isFullCredit":false},{"lineNumber":9,"author":{"gitId":"-"},"content":"## Adding deadlines","lastModifiedDate":"2024-01-07","isFullCredit":false},{"lineNumber":10,"author":{"gitId":"-"},"content":"","lastModifiedDate":"2021-07-17","isFullCredit":false},{"lineNumber":11,"author":{"gitId":"-"},"content":"// Describe the action and its outcome.","lastModifiedDate":"2024-01-07","isFullCredit":false},{"lineNumber":12,"author":{"gitId":"-"},"content":"","lastModifiedDate":"2019-07-29","isFullCredit":false},{"lineNumber":13,"author":{"gitId":"-"},"content":"// Give examples of usage","lastModifiedDate":"2024-01-07","isFullCredit":false},{"lineNumber":14,"author":{"gitId":"-"},"content":"","lastModifiedDate":"2019-07-29","isFullCredit":false},{"lineNumber":15,"author":{"gitId":"-"},"content":"Example: `keyword (optional arguments)`","lastModifiedDate":"2024-01-07","isFullCredit":false},{"lineNumber":16,"author":{"gitId":"-"},"content":"","lastModifiedDate":"2019-07-29","isFullCredit":false},{"lineNumber":17,"author":{"gitId":"-"},"content":"// A description of the expected outcome goes here","lastModifiedDate":"2024-01-07","isFullCredit":false},{"lineNumber":18,"author":{"gitId":"-"},"content":"","lastModifiedDate":"2019-07-29","isFullCredit":false},{"lineNumber":19,"author":{"gitId":"-"},"content":"```","lastModifiedDate":"2024-01-07","isFullCredit":false},{"lineNumber":20,"author":{"gitId":"-"},"content":"expected output","lastModifiedDate":"2024-01-07","isFullCredit":false},{"lineNumber":21,"author":{"gitId":"-"},"content":"```","lastModifiedDate":"2024-01-07","isFullCredit":false},{"lineNumber":22,"author":{"gitId":"-"},"content":"","lastModifiedDate":"2019-07-29","isFullCredit":false},{"lineNumber":23,"author":{"gitId":"-"},"content":"## Feature ABC","lastModifiedDate":"2024-01-07","isFullCredit":false},{"lineNumber":24,"author":{"gitId":"-"},"content":"","lastModifiedDate":"2019-07-29","isFullCredit":false},{"lineNumber":25,"author":{"gitId":"-"},"content":"// Feature details","lastModifiedDate":"2024-01-07","isFullCredit":false},{"lineNumber":26,"author":{"gitId":"-"},"content":"","lastModifiedDate":"2019-07-29","isFullCredit":false},{"lineNumber":27,"author":{"gitId":"-"},"content":"","lastModifiedDate":"2021-07-17","isFullCredit":false},{"lineNumber":28,"author":{"gitId":"-"},"content":"## Feature XYZ","lastModifiedDate":"2024-01-07","isFullCredit":false},{"lineNumber":29,"author":{"gitId":"-"},"content":"","lastModifiedDate":"2024-01-07","isFullCredit":false},{"lineNumber":30,"author":{"gitId":"-"},"content":"// Feature details","lastModifiedDate":"2024-01-07","isFullCredit":false}],"authorContributionMap":{"darrenchew123":1,"-":29}},{"path":"src/main/java/exception/DukeException.java","fileType":"java","lines":[{"lineNumber":1,"author":{"gitId":"darrenchew123"},"content":"package exception;","lastModifiedDate":"2024-09-21","isFullCredit":false},{"lineNumber":2,"author":{"gitId":"darrenchew123"},"content":"","lastModifiedDate":"2024-09-21","isFullCredit":false},{"lineNumber":3,"author":{"gitId":"darrenchew123"},"content":"public class DukeException extends Exception{","lastModifiedDate":"2024-09-21","isFullCredit":false},{"lineNumber":4,"author":{"gitId":"darrenchew123"},"content":"    public DukeException(String message){","lastModifiedDate":"2024-09-21","isFullCredit":false},{"lineNumber":5,"author":{"gitId":"darrenchew123"},"content":"        super(message);","lastModifiedDate":"2024-09-21","isFullCredit":false},{"lineNumber":6,"author":{"gitId":"darrenchew123"},"content":"    }","lastModifiedDate":"2024-09-21","isFullCredit":false},{"lineNumber":7,"author":{"gitId":"darrenchew123"},"content":"}","lastModifiedDate":"2024-09-21","isFullCredit":false}],"authorContributionMap":{"darrenchew123":7}},{"path":"src/main/java/output/OutputHandler.java","fileType":"java","lines":[{"lineNumber":1,"author":{"gitId":"darrenchew123"},"content":"package output;","lastModifiedDate":"2024-09-21","isFullCredit":false},{"lineNumber":2,"author":{"gitId":"darrenchew123"},"content":"","lastModifiedDate":"2024-09-21","isFullCredit":false},{"lineNumber":3,"author":{"gitId":"darrenchew123"},"content":"import tasks.Task;","lastModifiedDate":"2024-09-21","isFullCredit":false},{"lineNumber":4,"author":{"gitId":"darrenchew123"},"content":"","lastModifiedDate":"2024-09-21","isFullCredit":false},{"lineNumber":5,"author":{"gitId":"darrenchew123"},"content":"import java.util.List;","lastModifiedDate":"2024-09-21","isFullCredit":false},{"lineNumber":6,"author":{"gitId":"darrenchew123"},"content":"","lastModifiedDate":"2024-09-21","isFullCredit":false},{"lineNumber":7,"author":{"gitId":"darrenchew123"},"content":"public class OutputHandler {","lastModifiedDate":"2024-09-21","isFullCredit":false},{"lineNumber":8,"author":{"gitId":"darrenchew123"},"content":"","lastModifiedDate":"2024-09-21","isFullCredit":false},{"lineNumber":9,"author":{"gitId":"darrenchew123"},"content":"    private static void printSeparator() {","lastModifiedDate":"2024-09-21","isFullCredit":false},{"lineNumber":10,"author":{"gitId":"darrenchew123"},"content":"        System.out.println(\"____________________________________________________________\");","lastModifiedDate":"2024-09-21","isFullCredit":false},{"lineNumber":11,"author":{"gitId":"darrenchew123"},"content":"    }","lastModifiedDate":"2024-09-21","isFullCredit":false},{"lineNumber":12,"author":{"gitId":"darrenchew123"},"content":"    public static void printGreetings(String chatbotName){","lastModifiedDate":"2024-09-21","isFullCredit":false},{"lineNumber":13,"author":{"gitId":"darrenchew123"},"content":"        printSeparator();","lastModifiedDate":"2024-09-21","isFullCredit":false},{"lineNumber":14,"author":{"gitId":"darrenchew123"},"content":"        System.out.println(\" Hello! I\u0027m \" + chatbotName);","lastModifiedDate":"2024-09-21","isFullCredit":false},{"lineNumber":15,"author":{"gitId":"darrenchew123"},"content":"        System.out.println(\" What can I do for you?\");","lastModifiedDate":"2024-09-21","isFullCredit":false},{"lineNumber":16,"author":{"gitId":"darrenchew123"},"content":"        printSeparator();","lastModifiedDate":"2024-09-21","isFullCredit":false},{"lineNumber":17,"author":{"gitId":"darrenchew123"},"content":"    }","lastModifiedDate":"2024-09-21","isFullCredit":false},{"lineNumber":18,"author":{"gitId":"darrenchew123"},"content":"    public static void printGoodbye(){","lastModifiedDate":"2024-09-21","isFullCredit":false},{"lineNumber":19,"author":{"gitId":"darrenchew123"},"content":"        printSeparator();","lastModifiedDate":"2024-09-21","isFullCredit":false},{"lineNumber":20,"author":{"gitId":"darrenchew123"},"content":"        System.out.println(\" Bye. Hope to see you again soon!\");","lastModifiedDate":"2024-09-21","isFullCredit":false},{"lineNumber":21,"author":{"gitId":"darrenchew123"},"content":"        printSeparator();","lastModifiedDate":"2024-09-21","isFullCredit":false},{"lineNumber":22,"author":{"gitId":"darrenchew123"},"content":"    }","lastModifiedDate":"2024-09-21","isFullCredit":false},{"lineNumber":23,"author":{"gitId":"darrenchew123"},"content":"","lastModifiedDate":"2024-09-21","isFullCredit":false},{"lineNumber":24,"author":{"gitId":"darrenchew123"},"content":"    public static void printAddedItems(Task newTask, List\u003cTask\u003e tasks){","lastModifiedDate":"2024-09-21","isFullCredit":false},{"lineNumber":25,"author":{"gitId":"darrenchew123"},"content":"        printSeparator();","lastModifiedDate":"2024-09-21","isFullCredit":false},{"lineNumber":26,"author":{"gitId":"darrenchew123"},"content":"        System.out.println(\"Got it. I\u0027ve added this task:\");","lastModifiedDate":"2024-09-21","isFullCredit":false},{"lineNumber":27,"author":{"gitId":"darrenchew123"},"content":"        System.out.println(\"  \" + newTask);","lastModifiedDate":"2024-09-21","isFullCredit":false},{"lineNumber":28,"author":{"gitId":"darrenchew123"},"content":"        System.out.println(\"Now you have \" + tasks.size() + \" tasks in the list.\");","lastModifiedDate":"2024-09-21","isFullCredit":false},{"lineNumber":29,"author":{"gitId":"darrenchew123"},"content":"        printSeparator();","lastModifiedDate":"2024-09-21","isFullCredit":false},{"lineNumber":30,"author":{"gitId":"darrenchew123"},"content":"    }","lastModifiedDate":"2024-09-21","isFullCredit":false},{"lineNumber":31,"author":{"gitId":"darrenchew123"},"content":"","lastModifiedDate":"2024-09-21","isFullCredit":false},{"lineNumber":32,"author":{"gitId":"darrenchew123"},"content":"    public static void printError(String error){","lastModifiedDate":"2024-09-21","isFullCredit":false},{"lineNumber":33,"author":{"gitId":"darrenchew123"},"content":"        printSeparator();","lastModifiedDate":"2024-09-21","isFullCredit":false},{"lineNumber":34,"author":{"gitId":"darrenchew123"},"content":"        System.out.println(error);","lastModifiedDate":"2024-09-21","isFullCredit":false},{"lineNumber":35,"author":{"gitId":"darrenchew123"},"content":"        printSeparator();","lastModifiedDate":"2024-09-21","isFullCredit":false},{"lineNumber":36,"author":{"gitId":"darrenchew123"},"content":"    }","lastModifiedDate":"2024-09-21","isFullCredit":false},{"lineNumber":37,"author":{"gitId":"darrenchew123"},"content":"","lastModifiedDate":"2024-09-21","isFullCredit":false},{"lineNumber":38,"author":{"gitId":"darrenchew123"},"content":"    public static void printMarkDone(int taskIndex, List\u003cTask\u003e tasks){","lastModifiedDate":"2024-09-21","isFullCredit":false},{"lineNumber":39,"author":{"gitId":"darrenchew123"},"content":"        printSeparator();","lastModifiedDate":"2024-09-21","isFullCredit":false},{"lineNumber":40,"author":{"gitId":"darrenchew123"},"content":"        System.out.println(\"Nice! I\u0027ve marked this task as done:\");","lastModifiedDate":"2024-09-21","isFullCredit":false},{"lineNumber":41,"author":{"gitId":"darrenchew123"},"content":"        System.out.println(\"  \" + tasks.get(taskIndex));","lastModifiedDate":"2024-09-21","isFullCredit":false},{"lineNumber":42,"author":{"gitId":"darrenchew123"},"content":"        printSeparator();","lastModifiedDate":"2024-09-21","isFullCredit":false},{"lineNumber":43,"author":{"gitId":"darrenchew123"},"content":"    }","lastModifiedDate":"2024-09-21","isFullCredit":false},{"lineNumber":44,"author":{"gitId":"darrenchew123"},"content":"","lastModifiedDate":"2024-09-21","isFullCredit":false},{"lineNumber":45,"author":{"gitId":"darrenchew123"},"content":"    public static void printUnmarkDone(int taskIndex, List\u003cTask\u003e tasks) {","lastModifiedDate":"2024-09-21","isFullCredit":false},{"lineNumber":46,"author":{"gitId":"darrenchew123"},"content":"        printSeparator();","lastModifiedDate":"2024-09-21","isFullCredit":false},{"lineNumber":47,"author":{"gitId":"darrenchew123"},"content":"        System.out.println(\"OK, I\u0027ve marked this task as not done yet:\");","lastModifiedDate":"2024-09-21","isFullCredit":false},{"lineNumber":48,"author":{"gitId":"darrenchew123"},"content":"        System.out.println(\"  \" + tasks.get(taskIndex));","lastModifiedDate":"2024-09-21","isFullCredit":false},{"lineNumber":49,"author":{"gitId":"darrenchew123"},"content":"        printSeparator();","lastModifiedDate":"2024-09-21","isFullCredit":false},{"lineNumber":50,"author":{"gitId":"darrenchew123"},"content":"    }","lastModifiedDate":"2024-09-21","isFullCredit":false},{"lineNumber":51,"author":{"gitId":"darrenchew123"},"content":"","lastModifiedDate":"2024-09-21","isFullCredit":false},{"lineNumber":52,"author":{"gitId":"darrenchew123"},"content":"    public static void printList(List\u003cTask\u003e tasks) {","lastModifiedDate":"2024-09-21","isFullCredit":false},{"lineNumber":53,"author":{"gitId":"darrenchew123"},"content":"        printSeparator();","lastModifiedDate":"2024-09-21","isFullCredit":false},{"lineNumber":54,"author":{"gitId":"darrenchew123"},"content":"        System.out.println(\"Here are the tasks in your list:\");","lastModifiedDate":"2024-09-21","isFullCredit":false},{"lineNumber":55,"author":{"gitId":"darrenchew123"},"content":"        for(int i \u003d 0; i \u003c tasks.size(); i++){","lastModifiedDate":"2024-09-21","isFullCredit":false},{"lineNumber":56,"author":{"gitId":"darrenchew123"},"content":"            System.out.println(\"  \" + (i+1) +\".\" + tasks.get(i));","lastModifiedDate":"2024-09-21","isFullCredit":false},{"lineNumber":57,"author":{"gitId":"darrenchew123"},"content":"        }","lastModifiedDate":"2024-09-21","isFullCredit":false},{"lineNumber":58,"author":{"gitId":"darrenchew123"},"content":"        printSeparator();","lastModifiedDate":"2024-09-21","isFullCredit":false},{"lineNumber":59,"author":{"gitId":"darrenchew123"},"content":"    }","lastModifiedDate":"2024-09-21","isFullCredit":false},{"lineNumber":60,"author":{"gitId":"darrenchew123"},"content":"","lastModifiedDate":"2024-10-07","isFullCredit":false},{"lineNumber":61,"author":{"gitId":"darrenchew123"},"content":"    public static void printDeleteItem(int taskIndex, List\u003cTask\u003e tasks) {","lastModifiedDate":"2024-10-07","isFullCredit":false},{"lineNumber":62,"author":{"gitId":"darrenchew123"},"content":"        printSeparator();","lastModifiedDate":"2024-10-07","isFullCredit":false},{"lineNumber":63,"author":{"gitId":"darrenchew123"},"content":"        System.out.println(\"Noted. I\u0027ve removed this task:\");","lastModifiedDate":"2024-10-07","isFullCredit":false},{"lineNumber":64,"author":{"gitId":"darrenchew123"},"content":"        System.out.println(\"  \" + tasks.get(taskIndex));","lastModifiedDate":"2024-10-07","isFullCredit":false},{"lineNumber":65,"author":{"gitId":"darrenchew123"},"content":"        System.out.println(\"Now you have \" + (tasks.size()-1) + \" tasks in the list.\");","lastModifiedDate":"2024-10-07","isFullCredit":false},{"lineNumber":66,"author":{"gitId":"darrenchew123"},"content":"        printSeparator();","lastModifiedDate":"2024-10-07","isFullCredit":false},{"lineNumber":67,"author":{"gitId":"darrenchew123"},"content":"    }","lastModifiedDate":"2024-10-07","isFullCredit":false},{"lineNumber":68,"author":{"gitId":"darrenchew123"},"content":"}","lastModifiedDate":"2024-09-21","isFullCredit":false}],"authorContributionMap":{"darrenchew123":68}},{"path":"src/main/java/parser/CommandFactory.java","fileType":"java","lines":[{"lineNumber":1,"author":{"gitId":"darrenchew123"},"content":"package parser;","lastModifiedDate":"2024-10-12","isFullCredit":false},{"lineNumber":2,"author":{"gitId":"darrenchew123"},"content":"","lastModifiedDate":"2024-09-21","isFullCredit":false},{"lineNumber":3,"author":{"gitId":"darrenchew123"},"content":"import java.util.HashMap;","lastModifiedDate":"2024-09-14","isFullCredit":false},{"lineNumber":4,"author":{"gitId":"darrenchew123"},"content":"import java.util.Map;","lastModifiedDate":"2024-09-14","isFullCredit":false},{"lineNumber":5,"author":{"gitId":"darrenchew123"},"content":"","lastModifiedDate":"2024-09-21","isFullCredit":false},{"lineNumber":6,"author":{"gitId":"darrenchew123"},"content":"import exception.DukeException;","lastModifiedDate":"2024-09-21","isFullCredit":false},{"lineNumber":7,"author":{"gitId":"darrenchew123"},"content":"import tasks.*;","lastModifiedDate":"2024-09-14","isFullCredit":false},{"lineNumber":8,"author":{"gitId":"darrenchew123"},"content":"public class CommandFactory {","lastModifiedDate":"2024-09-14","isFullCredit":false},{"lineNumber":9,"author":{"gitId":"darrenchew123"},"content":"    public static final Map\u003cString, Task\u003e taskMap \u003d new HashMap\u003c\u003e();","lastModifiedDate":"2024-09-14","isFullCredit":false},{"lineNumber":10,"author":{"gitId":"darrenchew123"},"content":"    static {","lastModifiedDate":"2024-09-14","isFullCredit":false},{"lineNumber":11,"author":{"gitId":"darrenchew123"},"content":"        taskMap.put(\"todo\", new ToDo(null));","lastModifiedDate":"2024-09-14","isFullCredit":false},{"lineNumber":12,"author":{"gitId":"darrenchew123"},"content":"        taskMap.put(\"event\", new Event(null,null,null));","lastModifiedDate":"2024-09-14","isFullCredit":false},{"lineNumber":13,"author":{"gitId":"darrenchew123"},"content":"        taskMap.put(\"deadline\", new Deadline(null,null));","lastModifiedDate":"2024-09-14","isFullCredit":false},{"lineNumber":14,"author":{"gitId":"darrenchew123"},"content":"    }","lastModifiedDate":"2024-09-14","isFullCredit":false},{"lineNumber":15,"author":{"gitId":"darrenchew123"},"content":"","lastModifiedDate":"2024-09-14","isFullCredit":false},{"lineNumber":16,"author":{"gitId":"darrenchew123"},"content":"    public static Task generateTask(String userInput) throws DukeException {","lastModifiedDate":"2024-09-21","isFullCredit":false},{"lineNumber":17,"author":{"gitId":"darrenchew123"},"content":"        String [] commandParts \u003d userInput.split(\" \", 2);","lastModifiedDate":"2024-09-14","isFullCredit":false},{"lineNumber":18,"author":{"gitId":"darrenchew123"},"content":"        String command \u003d commandParts[0];","lastModifiedDate":"2024-09-14","isFullCredit":false},{"lineNumber":19,"author":{"gitId":"darrenchew123"},"content":"        String commandString \u003d commandParts.length \u003d\u003d 2 ? commandParts[1] : null;","lastModifiedDate":"2024-09-14","isFullCredit":false},{"lineNumber":20,"author":{"gitId":"darrenchew123"},"content":"","lastModifiedDate":"2024-09-14","isFullCredit":false},{"lineNumber":21,"author":{"gitId":"darrenchew123"},"content":"        Task taskTemplate \u003d taskMap.get(command.toLowerCase());","lastModifiedDate":"2024-09-14","isFullCredit":false},{"lineNumber":22,"author":{"gitId":"darrenchew123"},"content":"","lastModifiedDate":"2024-09-14","isFullCredit":false},{"lineNumber":23,"author":{"gitId":"darrenchew123"},"content":"        if (taskTemplate !\u003d null) {","lastModifiedDate":"2024-09-21","isFullCredit":false},{"lineNumber":24,"author":{"gitId":"darrenchew123"},"content":"            if (commandString \u003d\u003d null || commandString.trim().isEmpty()) {","lastModifiedDate":"2024-09-21","isFullCredit":false},{"lineNumber":25,"author":{"gitId":"darrenchew123"},"content":"                throw new DukeException(\"OOPS!!! The description of a \" + command + \" cannot be empty\");","lastModifiedDate":"2024-09-21","isFullCredit":false},{"lineNumber":26,"author":{"gitId":"darrenchew123"},"content":"            }","lastModifiedDate":"2024-09-21","isFullCredit":false},{"lineNumber":27,"author":{"gitId":"darrenchew123"},"content":"            return taskTemplate.createTask(commandString);","lastModifiedDate":"2024-09-14","isFullCredit":false},{"lineNumber":28,"author":{"gitId":"darrenchew123"},"content":"        } else {","lastModifiedDate":"2024-09-14","isFullCredit":false},{"lineNumber":29,"author":{"gitId":"darrenchew123"},"content":"            throw new DukeException(\"OOPS!!! I don\u0027t know what the command \\\"\" + command + \"\\\" means\");","lastModifiedDate":"2024-09-21","isFullCredit":false},{"lineNumber":30,"author":{"gitId":"darrenchew123"},"content":"        }","lastModifiedDate":"2024-09-14","isFullCredit":false},{"lineNumber":31,"author":{"gitId":"darrenchew123"},"content":"    }","lastModifiedDate":"2024-09-14","isFullCredit":false},{"lineNumber":32,"author":{"gitId":"darrenchew123"},"content":"}","lastModifiedDate":"2024-09-14","isFullCredit":false}],"authorContributionMap":{"darrenchew123":32}},{"path":"src/main/java/parser/CommandHandler.java","fileType":"java","lines":[{"lineNumber":1,"author":{"gitId":"darrenchew123"},"content":"package parser;","lastModifiedDate":"2024-10-12","isFullCredit":false},{"lineNumber":2,"author":{"gitId":"darrenchew123"},"content":"","lastModifiedDate":"2024-09-21","isFullCredit":false},{"lineNumber":3,"author":{"gitId":"darrenchew123"},"content":"import exception.DukeException;","lastModifiedDate":"2024-09-21","isFullCredit":false},{"lineNumber":4,"author":{"gitId":"darrenchew123"},"content":"import tasks.Task;","lastModifiedDate":"2024-09-21","isFullCredit":false},{"lineNumber":5,"author":{"gitId":"darrenchew123"},"content":"","lastModifiedDate":"2024-09-21","isFullCredit":false},{"lineNumber":6,"author":{"gitId":"darrenchew123"},"content":"import java.util.List;","lastModifiedDate":"2024-09-21","isFullCredit":false},{"lineNumber":7,"author":{"gitId":"darrenchew123"},"content":"","lastModifiedDate":"2024-09-21","isFullCredit":false},{"lineNumber":8,"author":{"gitId":"darrenchew123"},"content":"public interface CommandHandler {","lastModifiedDate":"2024-09-21","isFullCredit":false},{"lineNumber":9,"author":{"gitId":"darrenchew123"},"content":"    void handle(String userInput, List\u003cTask\u003e tasks) throws DukeException;","lastModifiedDate":"2024-09-21","isFullCredit":false},{"lineNumber":10,"author":{"gitId":"darrenchew123"},"content":"}","lastModifiedDate":"2024-09-21","isFullCredit":false}],"authorContributionMap":{"darrenchew123":10}},{"path":"src/main/java/parser/DeleteCommandHandler.java","fileType":"java","lines":[{"lineNumber":1,"author":{"gitId":"darrenchew123"},"content":"package parser;","lastModifiedDate":"2024-10-12","isFullCredit":false},{"lineNumber":2,"author":{"gitId":"darrenchew123"},"content":"","lastModifiedDate":"2024-10-07","isFullCredit":false},{"lineNumber":3,"author":{"gitId":"darrenchew123"},"content":"import exception.DukeException;","lastModifiedDate":"2024-10-07","isFullCredit":false},{"lineNumber":4,"author":{"gitId":"darrenchew123"},"content":"import tasks.Task;","lastModifiedDate":"2024-10-07","isFullCredit":false},{"lineNumber":5,"author":{"gitId":"darrenchew123"},"content":"","lastModifiedDate":"2024-10-07","isFullCredit":false},{"lineNumber":6,"author":{"gitId":"darrenchew123"},"content":"import java.util.List;","lastModifiedDate":"2024-10-07","isFullCredit":false},{"lineNumber":7,"author":{"gitId":"darrenchew123"},"content":"","lastModifiedDate":"2024-10-07","isFullCredit":false},{"lineNumber":8,"author":{"gitId":"darrenchew123"},"content":"import static parser.Utility.isValidIndex;","lastModifiedDate":"2024-10-12","isFullCredit":false},{"lineNumber":9,"author":{"gitId":"darrenchew123"},"content":"import static parser.Utility.parseTaskIndex;","lastModifiedDate":"2024-10-12","isFullCredit":false},{"lineNumber":10,"author":{"gitId":"darrenchew123"},"content":"import static output.OutputHandler.printDeleteItem;","lastModifiedDate":"2024-10-07","isFullCredit":false},{"lineNumber":11,"author":{"gitId":"darrenchew123"},"content":"","lastModifiedDate":"2024-10-07","isFullCredit":false},{"lineNumber":12,"author":{"gitId":"darrenchew123"},"content":"public class DeleteCommandHandler implements CommandHandler{","lastModifiedDate":"2024-10-07","isFullCredit":false},{"lineNumber":13,"author":{"gitId":"darrenchew123"},"content":"    @Override","lastModifiedDate":"2024-10-07","isFullCredit":false},{"lineNumber":14,"author":{"gitId":"darrenchew123"},"content":"    public void handle(String userInput, List\u003cTask\u003e tasks) throws DukeException {","lastModifiedDate":"2024-10-07","isFullCredit":false},{"lineNumber":15,"author":{"gitId":"darrenchew123"},"content":"        int taskIndex \u003d parseTaskIndex(userInput);","lastModifiedDate":"2024-10-07","isFullCredit":false},{"lineNumber":16,"author":{"gitId":"darrenchew123"},"content":"        if (isValidIndex(taskIndex, tasks)) {","lastModifiedDate":"2024-10-07","isFullCredit":false},{"lineNumber":17,"author":{"gitId":"darrenchew123"},"content":"            printDeleteItem(taskIndex,tasks);","lastModifiedDate":"2024-10-07","isFullCredit":false},{"lineNumber":18,"author":{"gitId":"darrenchew123"},"content":"            tasks.remove(taskIndex);","lastModifiedDate":"2024-10-07","isFullCredit":false},{"lineNumber":19,"author":{"gitId":"darrenchew123"},"content":"        } else {","lastModifiedDate":"2024-10-07","isFullCredit":false},{"lineNumber":20,"author":{"gitId":"darrenchew123"},"content":"            throw new DukeException(\"OOPS!! Task number is out of range!\");","lastModifiedDate":"2024-10-07","isFullCredit":false},{"lineNumber":21,"author":{"gitId":"darrenchew123"},"content":"        }","lastModifiedDate":"2024-10-07","isFullCredit":false},{"lineNumber":22,"author":{"gitId":"darrenchew123"},"content":"    }","lastModifiedDate":"2024-10-07","isFullCredit":false},{"lineNumber":23,"author":{"gitId":"darrenchew123"},"content":"}","lastModifiedDate":"2024-10-07","isFullCredit":false}],"authorContributionMap":{"darrenchew123":23}},{"path":"src/main/java/parser/ListCommandHandler.java","fileType":"java","lines":[{"lineNumber":1,"author":{"gitId":"darrenchew123"},"content":"package parser;","lastModifiedDate":"2024-10-12","isFullCredit":false},{"lineNumber":2,"author":{"gitId":"darrenchew123"},"content":"","lastModifiedDate":"2024-09-21","isFullCredit":false},{"lineNumber":3,"author":{"gitId":"darrenchew123"},"content":"import tasks.Task;","lastModifiedDate":"2024-09-21","isFullCredit":false},{"lineNumber":4,"author":{"gitId":"darrenchew123"},"content":"import java.util.List;","lastModifiedDate":"2024-09-21","isFullCredit":false},{"lineNumber":5,"author":{"gitId":"darrenchew123"},"content":"import static output.OutputHandler.printList;","lastModifiedDate":"2024-10-07","isFullCredit":false},{"lineNumber":6,"author":{"gitId":"darrenchew123"},"content":"","lastModifiedDate":"2024-10-07","isFullCredit":false},{"lineNumber":7,"author":{"gitId":"darrenchew123"},"content":"","lastModifiedDate":"2024-09-21","isFullCredit":false},{"lineNumber":8,"author":{"gitId":"darrenchew123"},"content":"public class ListCommandHandler implements CommandHandler{","lastModifiedDate":"2024-09-21","isFullCredit":false},{"lineNumber":9,"author":{"gitId":"darrenchew123"},"content":"    @Override","lastModifiedDate":"2024-09-21","isFullCredit":false},{"lineNumber":10,"author":{"gitId":"darrenchew123"},"content":"    public void handle(String userInput, List\u003cTask\u003e tasks){","lastModifiedDate":"2024-09-21","isFullCredit":false},{"lineNumber":11,"author":{"gitId":"darrenchew123"},"content":"        printList(tasks);","lastModifiedDate":"2024-10-07","isFullCredit":false},{"lineNumber":12,"author":{"gitId":"darrenchew123"},"content":"    }","lastModifiedDate":"2024-09-21","isFullCredit":false},{"lineNumber":13,"author":{"gitId":"darrenchew123"},"content":"}","lastModifiedDate":"2024-09-21","isFullCredit":false}],"authorContributionMap":{"darrenchew123":13}},{"path":"src/main/java/parser/MarkCommandHandler.java","fileType":"java","lines":[{"lineNumber":1,"author":{"gitId":"darrenchew123"},"content":"package parser;","lastModifiedDate":"2024-10-12","isFullCredit":false},{"lineNumber":2,"author":{"gitId":"darrenchew123"},"content":"","lastModifiedDate":"2024-09-21","isFullCredit":false},{"lineNumber":3,"author":{"gitId":"darrenchew123"},"content":"import exception.DukeException;","lastModifiedDate":"2024-09-21","isFullCredit":false},{"lineNumber":4,"author":{"gitId":"darrenchew123"},"content":"import tasks.Task;","lastModifiedDate":"2024-09-21","isFullCredit":false},{"lineNumber":5,"author":{"gitId":"darrenchew123"},"content":"import java.util.List;","lastModifiedDate":"2024-09-21","isFullCredit":false},{"lineNumber":6,"author":{"gitId":"darrenchew123"},"content":"import static parser.Utility.isValidIndex;","lastModifiedDate":"2024-10-12","isFullCredit":false},{"lineNumber":7,"author":{"gitId":"darrenchew123"},"content":"import static parser.Utility.parseTaskIndex;","lastModifiedDate":"2024-10-12","isFullCredit":false},{"lineNumber":8,"author":{"gitId":"darrenchew123"},"content":"import static output.OutputHandler.printMarkDone;","lastModifiedDate":"2024-10-07","isFullCredit":false},{"lineNumber":9,"author":{"gitId":"darrenchew123"},"content":"","lastModifiedDate":"2024-09-21","isFullCredit":false},{"lineNumber":10,"author":{"gitId":"darrenchew123"},"content":"public class MarkCommandHandler implements CommandHandler{","lastModifiedDate":"2024-09-21","isFullCredit":false},{"lineNumber":11,"author":{"gitId":"darrenchew123"},"content":"    @Override","lastModifiedDate":"2024-09-21","isFullCredit":false},{"lineNumber":12,"author":{"gitId":"darrenchew123"},"content":"    public void handle(String userInput, List\u003cTask\u003e tasks) throws DukeException{","lastModifiedDate":"2024-09-21","isFullCredit":false},{"lineNumber":13,"author":{"gitId":"darrenchew123"},"content":"        int taskIndex \u003d parseTaskIndex(userInput);","lastModifiedDate":"2024-09-21","isFullCredit":false},{"lineNumber":14,"author":{"gitId":"darrenchew123"},"content":"        if(isValidIndex(taskIndex, tasks)){","lastModifiedDate":"2024-09-21","isFullCredit":false},{"lineNumber":15,"author":{"gitId":"darrenchew123"},"content":"            tasks.get(taskIndex).markDone();","lastModifiedDate":"2024-09-21","isFullCredit":false},{"lineNumber":16,"author":{"gitId":"darrenchew123"},"content":"            printMarkDone(taskIndex,tasks);","lastModifiedDate":"2024-10-07","isFullCredit":false},{"lineNumber":17,"author":{"gitId":"darrenchew123"},"content":"        }","lastModifiedDate":"2024-09-21","isFullCredit":false},{"lineNumber":18,"author":{"gitId":"darrenchew123"},"content":"        else {","lastModifiedDate":"2024-09-21","isFullCredit":false},{"lineNumber":19,"author":{"gitId":"darrenchew123"},"content":"            throw new DukeException(\"OOPS!! Task number is out of range!\");","lastModifiedDate":"2024-09-21","isFullCredit":false},{"lineNumber":20,"author":{"gitId":"darrenchew123"},"content":"        }","lastModifiedDate":"2024-09-21","isFullCredit":false},{"lineNumber":21,"author":{"gitId":"darrenchew123"},"content":"    }","lastModifiedDate":"2024-09-21","isFullCredit":false},{"lineNumber":22,"author":{"gitId":"darrenchew123"},"content":"}","lastModifiedDate":"2024-09-21","isFullCredit":false}],"authorContributionMap":{"darrenchew123":22}},{"path":"src/main/java/parser/UnmarkCommandHandler.java","fileType":"java","lines":[{"lineNumber":1,"author":{"gitId":"darrenchew123"},"content":"package parser;","lastModifiedDate":"2024-10-12","isFullCredit":false},{"lineNumber":2,"author":{"gitId":"darrenchew123"},"content":"","lastModifiedDate":"2024-09-21","isFullCredit":false},{"lineNumber":3,"author":{"gitId":"darrenchew123"},"content":"import exception.DukeException;","lastModifiedDate":"2024-09-21","isFullCredit":false},{"lineNumber":4,"author":{"gitId":"darrenchew123"},"content":"import tasks.Task;","lastModifiedDate":"2024-09-21","isFullCredit":false},{"lineNumber":5,"author":{"gitId":"darrenchew123"},"content":"import java.util.List;","lastModifiedDate":"2024-09-21","isFullCredit":false},{"lineNumber":6,"author":{"gitId":"darrenchew123"},"content":"","lastModifiedDate":"2024-09-21","isFullCredit":false},{"lineNumber":7,"author":{"gitId":"darrenchew123"},"content":"import static parser.Utility.isValidIndex;","lastModifiedDate":"2024-10-12","isFullCredit":false},{"lineNumber":8,"author":{"gitId":"darrenchew123"},"content":"import static parser.Utility.parseTaskIndex;","lastModifiedDate":"2024-10-12","isFullCredit":false},{"lineNumber":9,"author":{"gitId":"darrenchew123"},"content":"import static output.OutputHandler.printUnmarkDone;","lastModifiedDate":"2024-10-07","isFullCredit":false},{"lineNumber":10,"author":{"gitId":"darrenchew123"},"content":"","lastModifiedDate":"2024-09-21","isFullCredit":false},{"lineNumber":11,"author":{"gitId":"darrenchew123"},"content":"public class UnmarkCommandHandler implements CommandHandler{","lastModifiedDate":"2024-09-21","isFullCredit":false},{"lineNumber":12,"author":{"gitId":"darrenchew123"},"content":"    @Override","lastModifiedDate":"2024-09-21","isFullCredit":false},{"lineNumber":13,"author":{"gitId":"darrenchew123"},"content":"    public void handle(String userInput, List\u003cTask\u003e tasks) throws DukeException{","lastModifiedDate":"2024-09-21","isFullCredit":false},{"lineNumber":14,"author":{"gitId":"darrenchew123"},"content":"        int taskIndex \u003d parseTaskIndex(userInput);","lastModifiedDate":"2024-09-21","isFullCredit":false},{"lineNumber":15,"author":{"gitId":"darrenchew123"},"content":"        if(isValidIndex(taskIndex, tasks)){","lastModifiedDate":"2024-09-21","isFullCredit":false},{"lineNumber":16,"author":{"gitId":"darrenchew123"},"content":"            tasks.get(taskIndex).unmarkDone();","lastModifiedDate":"2024-09-21","isFullCredit":false},{"lineNumber":17,"author":{"gitId":"darrenchew123"},"content":"            printUnmarkDone(taskIndex,tasks);","lastModifiedDate":"2024-10-07","isFullCredit":false},{"lineNumber":18,"author":{"gitId":"darrenchew123"},"content":"        }","lastModifiedDate":"2024-09-21","isFullCredit":false},{"lineNumber":19,"author":{"gitId":"darrenchew123"},"content":"        else {","lastModifiedDate":"2024-09-21","isFullCredit":false},{"lineNumber":20,"author":{"gitId":"darrenchew123"},"content":"            throw new DukeException(\"OOPS!! Task number is out of range!\");","lastModifiedDate":"2024-09-21","isFullCredit":false},{"lineNumber":21,"author":{"gitId":"darrenchew123"},"content":"        }","lastModifiedDate":"2024-09-21","isFullCredit":false},{"lineNumber":22,"author":{"gitId":"darrenchew123"},"content":"    }","lastModifiedDate":"2024-09-21","isFullCredit":false},{"lineNumber":23,"author":{"gitId":"darrenchew123"},"content":"}","lastModifiedDate":"2024-09-21","isFullCredit":false}],"authorContributionMap":{"darrenchew123":23}},{"path":"src/main/java/parser/Utility.java","fileType":"java","lines":[{"lineNumber":1,"author":{"gitId":"darrenchew123"},"content":"package parser;","lastModifiedDate":"2024-10-12","isFullCredit":false},{"lineNumber":2,"author":{"gitId":"darrenchew123"},"content":"","lastModifiedDate":"2024-09-21","isFullCredit":false},{"lineNumber":3,"author":{"gitId":"darrenchew123"},"content":"import exception.DukeException;","lastModifiedDate":"2024-09-21","isFullCredit":false},{"lineNumber":4,"author":{"gitId":"darrenchew123"},"content":"import tasks.Task;","lastModifiedDate":"2024-09-21","isFullCredit":false},{"lineNumber":5,"author":{"gitId":"darrenchew123"},"content":"","lastModifiedDate":"2024-09-21","isFullCredit":false},{"lineNumber":6,"author":{"gitId":"darrenchew123"},"content":"import java.util.List;","lastModifiedDate":"2024-09-21","isFullCredit":false},{"lineNumber":7,"author":{"gitId":"darrenchew123"},"content":"","lastModifiedDate":"2024-09-21","isFullCredit":false},{"lineNumber":8,"author":{"gitId":"darrenchew123"},"content":"public class Utility {","lastModifiedDate":"2024-09-21","isFullCredit":false},{"lineNumber":9,"author":{"gitId":"darrenchew123"},"content":"    public static int parseTaskIndex(String userInput) throws DukeException {","lastModifiedDate":"2024-09-21","isFullCredit":false},{"lineNumber":10,"author":{"gitId":"darrenchew123"},"content":"        try {","lastModifiedDate":"2024-10-07","isFullCredit":false},{"lineNumber":11,"author":{"gitId":"darrenchew123"},"content":"            String[] parts \u003d userInput.split(\" \");","lastModifiedDate":"2024-09-21","isFullCredit":false},{"lineNumber":12,"author":{"gitId":"darrenchew123"},"content":"            if (parts.length \u003c 2) {","lastModifiedDate":"2024-09-21","isFullCredit":false},{"lineNumber":13,"author":{"gitId":"darrenchew123"},"content":"                throw new DukeException(\"OOPS!! Please provide a task number!\");","lastModifiedDate":"2024-09-21","isFullCredit":false},{"lineNumber":14,"author":{"gitId":"darrenchew123"},"content":"            }","lastModifiedDate":"2024-09-21","isFullCredit":false},{"lineNumber":15,"author":{"gitId":"darrenchew123"},"content":"            return Integer.parseInt(parts[1]) - 1;","lastModifiedDate":"2024-09-21","isFullCredit":false},{"lineNumber":16,"author":{"gitId":"darrenchew123"},"content":"        }  catch (NumberFormatException e) {","lastModifiedDate":"2024-10-07","isFullCredit":false},{"lineNumber":17,"author":{"gitId":"darrenchew123"},"content":"            throw new DukeException(\"OOPS!! The task number must be a valid integer!\");","lastModifiedDate":"2024-10-07","isFullCredit":false},{"lineNumber":18,"author":{"gitId":"darrenchew123"},"content":"        }","lastModifiedDate":"2024-10-07","isFullCredit":false},{"lineNumber":19,"author":{"gitId":"darrenchew123"},"content":"    }","lastModifiedDate":"2024-09-21","isFullCredit":false},{"lineNumber":20,"author":{"gitId":"darrenchew123"},"content":"","lastModifiedDate":"2024-09-21","isFullCredit":false},{"lineNumber":21,"author":{"gitId":"darrenchew123"},"content":"    public static boolean isValidIndex(int taskIndex, List\u003cTask\u003e tasks){","lastModifiedDate":"2024-09-21","isFullCredit":false},{"lineNumber":22,"author":{"gitId":"darrenchew123"},"content":"        return taskIndex \u003e\u003d 0 \u0026\u0026 taskIndex \u003c tasks.size();","lastModifiedDate":"2024-09-21","isFullCredit":false},{"lineNumber":23,"author":{"gitId":"darrenchew123"},"content":"    }","lastModifiedDate":"2024-09-21","isFullCredit":false},{"lineNumber":24,"author":{"gitId":"darrenchew123"},"content":"","lastModifiedDate":"2024-09-21","isFullCredit":false},{"lineNumber":25,"author":{"gitId":"darrenchew123"},"content":"","lastModifiedDate":"2024-09-21","isFullCredit":false},{"lineNumber":26,"author":{"gitId":"darrenchew123"},"content":"}","lastModifiedDate":"2024-09-21","isFullCredit":false}],"authorContributionMap":{"darrenchew123":26}},{"path":"src/main/java/storage/FileProcessor.java","fileType":"java","lines":[{"lineNumber":1,"author":{"gitId":"darrenchew123"},"content":"package storage;","lastModifiedDate":"2024-10-12","isFullCredit":false},{"lineNumber":2,"author":{"gitId":"darrenchew123"},"content":"","lastModifiedDate":"2024-10-12","isFullCredit":false},{"lineNumber":3,"author":{"gitId":"darrenchew123"},"content":"import tasks.Task;","lastModifiedDate":"2024-10-12","isFullCredit":false},{"lineNumber":4,"author":{"gitId":"darrenchew123"},"content":"import tasks.ToDo;","lastModifiedDate":"2024-10-12","isFullCredit":false},{"lineNumber":5,"author":{"gitId":"darrenchew123"},"content":"import tasks.Deadline;","lastModifiedDate":"2024-10-12","isFullCredit":false},{"lineNumber":6,"author":{"gitId":"darrenchew123"},"content":"import tasks.Event;","lastModifiedDate":"2024-10-12","isFullCredit":false},{"lineNumber":7,"author":{"gitId":"darrenchew123"},"content":"import exception.DukeException;","lastModifiedDate":"2024-10-12","isFullCredit":false},{"lineNumber":8,"author":{"gitId":"darrenchew123"},"content":"","lastModifiedDate":"2024-10-12","isFullCredit":false},{"lineNumber":9,"author":{"gitId":"darrenchew123"},"content":"import java.io.*;","lastModifiedDate":"2024-10-12","isFullCredit":false},{"lineNumber":10,"author":{"gitId":"darrenchew123"},"content":"import java.util.ArrayList;","lastModifiedDate":"2024-10-12","isFullCredit":false},{"lineNumber":11,"author":{"gitId":"darrenchew123"},"content":"import java.util.List;","lastModifiedDate":"2024-10-12","isFullCredit":false},{"lineNumber":12,"author":{"gitId":"darrenchew123"},"content":"import java.util.Objects;","lastModifiedDate":"2024-10-12","isFullCredit":false},{"lineNumber":13,"author":{"gitId":"darrenchew123"},"content":"","lastModifiedDate":"2024-10-12","isFullCredit":false},{"lineNumber":14,"author":{"gitId":"darrenchew123"},"content":"public class FileProcessor {","lastModifiedDate":"2024-10-12","isFullCredit":false},{"lineNumber":15,"author":{"gitId":"darrenchew123"},"content":"    String fileLocation;","lastModifiedDate":"2024-10-12","isFullCredit":false},{"lineNumber":16,"author":{"gitId":"darrenchew123"},"content":"","lastModifiedDate":"2024-10-12","isFullCredit":false},{"lineNumber":17,"author":{"gitId":"darrenchew123"},"content":"    public FileProcessor(String fileLocation){","lastModifiedDate":"2024-10-12","isFullCredit":false},{"lineNumber":18,"author":{"gitId":"darrenchew123"},"content":"        this.fileLocation \u003d fileLocation;","lastModifiedDate":"2024-10-12","isFullCredit":false},{"lineNumber":19,"author":{"gitId":"darrenchew123"},"content":"    }","lastModifiedDate":"2024-10-12","isFullCredit":false},{"lineNumber":20,"author":{"gitId":"darrenchew123"},"content":"","lastModifiedDate":"2024-10-12","isFullCredit":false},{"lineNumber":21,"author":{"gitId":"darrenchew123"},"content":"    public List\u003cTask\u003e load() throws DukeException {","lastModifiedDate":"2024-10-12","isFullCredit":false},{"lineNumber":22,"author":{"gitId":"darrenchew123"},"content":"        List\u003cTask\u003e tasks \u003d new ArrayList\u003c\u003e();","lastModifiedDate":"2024-10-12","isFullCredit":false},{"lineNumber":23,"author":{"gitId":"darrenchew123"},"content":"        File file \u003d new File(fileLocation);","lastModifiedDate":"2024-10-12","isFullCredit":false},{"lineNumber":24,"author":{"gitId":"darrenchew123"},"content":"        if(!file.exists()) return tasks;","lastModifiedDate":"2024-10-12","isFullCredit":false},{"lineNumber":25,"author":{"gitId":"darrenchew123"},"content":"","lastModifiedDate":"2024-10-12","isFullCredit":false},{"lineNumber":26,"author":{"gitId":"darrenchew123"},"content":"        try(BufferedReader reader \u003d new BufferedReader(new FileReader(file))){","lastModifiedDate":"2024-10-12","isFullCredit":false},{"lineNumber":27,"author":{"gitId":"darrenchew123"},"content":"            String line;","lastModifiedDate":"2024-10-12","isFullCredit":false},{"lineNumber":28,"author":{"gitId":"darrenchew123"},"content":"            while((line \u003d reader.readLine()) !\u003d null){","lastModifiedDate":"2024-10-12","isFullCredit":false},{"lineNumber":29,"author":{"gitId":"darrenchew123"},"content":"                String [] taskParts \u003d line.split(\"\\\\|\");","lastModifiedDate":"2024-10-12","isFullCredit":false},{"lineNumber":30,"author":{"gitId":"darrenchew123"},"content":"                Task task;","lastModifiedDate":"2024-10-12","isFullCredit":false},{"lineNumber":31,"author":{"gitId":"darrenchew123"},"content":"                switch (taskParts[0]){","lastModifiedDate":"2024-10-12","isFullCredit":false},{"lineNumber":32,"author":{"gitId":"darrenchew123"},"content":"                    case \"T\":","lastModifiedDate":"2024-10-12","isFullCredit":false},{"lineNumber":33,"author":{"gitId":"darrenchew123"},"content":"                        task \u003d new ToDo(taskParts[2]);","lastModifiedDate":"2024-10-12","isFullCredit":false},{"lineNumber":34,"author":{"gitId":"darrenchew123"},"content":"                        break;","lastModifiedDate":"2024-10-12","isFullCredit":false},{"lineNumber":35,"author":{"gitId":"darrenchew123"},"content":"                    case \"D\":","lastModifiedDate":"2024-10-12","isFullCredit":false},{"lineNumber":36,"author":{"gitId":"darrenchew123"},"content":"                        task \u003d  new Deadline(taskParts[2], taskParts[3]);","lastModifiedDate":"2024-10-12","isFullCredit":false},{"lineNumber":37,"author":{"gitId":"darrenchew123"},"content":"                        break;","lastModifiedDate":"2024-10-12","isFullCredit":false},{"lineNumber":38,"author":{"gitId":"darrenchew123"},"content":"                    case \"E\":","lastModifiedDate":"2024-10-12","isFullCredit":false},{"lineNumber":39,"author":{"gitId":"darrenchew123"},"content":"                        task \u003d new Event(taskParts[2], taskParts[3], taskParts[4]);","lastModifiedDate":"2024-10-12","isFullCredit":false},{"lineNumber":40,"author":{"gitId":"darrenchew123"},"content":"                        break;","lastModifiedDate":"2024-10-12","isFullCredit":false},{"lineNumber":41,"author":{"gitId":"darrenchew123"},"content":"                    default:","lastModifiedDate":"2024-10-12","isFullCredit":false},{"lineNumber":42,"author":{"gitId":"darrenchew123"},"content":"                        throw new DukeException(\"Invalid task type in file\");","lastModifiedDate":"2024-10-12","isFullCredit":false},{"lineNumber":43,"author":{"gitId":"darrenchew123"},"content":"                }","lastModifiedDate":"2024-10-12","isFullCredit":false},{"lineNumber":44,"author":{"gitId":"darrenchew123"},"content":"                if(Objects.equals(taskParts[1], \"1\")) task.markDone();","lastModifiedDate":"2024-10-12","isFullCredit":false},{"lineNumber":45,"author":{"gitId":"darrenchew123"},"content":"                tasks.add(task);","lastModifiedDate":"2024-10-12","isFullCredit":false},{"lineNumber":46,"author":{"gitId":"darrenchew123"},"content":"            }","lastModifiedDate":"2024-10-12","isFullCredit":false},{"lineNumber":47,"author":{"gitId":"darrenchew123"},"content":"        } catch (IOException e) {","lastModifiedDate":"2024-10-12","isFullCredit":false},{"lineNumber":48,"author":{"gitId":"darrenchew123"},"content":"            throw new DukeException(\"Error loading file\" + e.getMessage());","lastModifiedDate":"2024-10-12","isFullCredit":false},{"lineNumber":49,"author":{"gitId":"darrenchew123"},"content":"        }","lastModifiedDate":"2024-10-12","isFullCredit":false},{"lineNumber":50,"author":{"gitId":"darrenchew123"},"content":"        return tasks;","lastModifiedDate":"2024-10-12","isFullCredit":false},{"lineNumber":51,"author":{"gitId":"darrenchew123"},"content":"    }","lastModifiedDate":"2024-10-12","isFullCredit":false},{"lineNumber":52,"author":{"gitId":"darrenchew123"},"content":"","lastModifiedDate":"2024-10-12","isFullCredit":false},{"lineNumber":53,"author":{"gitId":"darrenchew123"},"content":"    public void save(List\u003cTask\u003e tasks) throws DukeException{","lastModifiedDate":"2024-10-12","isFullCredit":false},{"lineNumber":54,"author":{"gitId":"darrenchew123"},"content":"        File file \u003d new File(fileLocation);","lastModifiedDate":"2024-10-12","isFullCredit":false},{"lineNumber":55,"author":{"gitId":"darrenchew123"},"content":"        file.getParentFile().mkdir();","lastModifiedDate":"2024-10-12","isFullCredit":false},{"lineNumber":56,"author":{"gitId":"darrenchew123"},"content":"        try(BufferedWriter bufferedWriter \u003d new BufferedWriter(new FileWriter(file))){","lastModifiedDate":"2024-10-12","isFullCredit":false},{"lineNumber":57,"author":{"gitId":"darrenchew123"},"content":"            for(Task task : tasks) {","lastModifiedDate":"2024-10-12","isFullCredit":false},{"lineNumber":58,"author":{"gitId":"darrenchew123"},"content":"                bufferedWriter.write(task.toFileFormat());","lastModifiedDate":"2024-10-12","isFullCredit":false},{"lineNumber":59,"author":{"gitId":"darrenchew123"},"content":"                bufferedWriter.newLine();","lastModifiedDate":"2024-10-12","isFullCredit":false},{"lineNumber":60,"author":{"gitId":"darrenchew123"},"content":"            }","lastModifiedDate":"2024-10-12","isFullCredit":false},{"lineNumber":61,"author":{"gitId":"darrenchew123"},"content":"        } catch (IOException e) {","lastModifiedDate":"2024-10-12","isFullCredit":false},{"lineNumber":62,"author":{"gitId":"darrenchew123"},"content":"            throw new DukeException(\"Error saving to file: \" + e);","lastModifiedDate":"2024-10-12","isFullCredit":false},{"lineNumber":63,"author":{"gitId":"darrenchew123"},"content":"        }","lastModifiedDate":"2024-10-12","isFullCredit":false},{"lineNumber":64,"author":{"gitId":"darrenchew123"},"content":"","lastModifiedDate":"2024-10-12","isFullCredit":false},{"lineNumber":65,"author":{"gitId":"darrenchew123"},"content":"    }","lastModifiedDate":"2024-10-12","isFullCredit":false},{"lineNumber":66,"author":{"gitId":"darrenchew123"},"content":"","lastModifiedDate":"2024-10-12","isFullCredit":false},{"lineNumber":67,"author":{"gitId":"darrenchew123"},"content":"}","lastModifiedDate":"2024-10-12","isFullCredit":false}],"authorContributionMap":{"darrenchew123":67}},{"path":"src/main/java/tasks/Deadline.java","fileType":"java","lines":[{"lineNumber":1,"author":{"gitId":"darrenchew123"},"content":"package tasks;","lastModifiedDate":"2024-09-14","isFullCredit":false},{"lineNumber":2,"author":{"gitId":"darrenchew123"},"content":"","lastModifiedDate":"2024-09-21","isFullCredit":false},{"lineNumber":3,"author":{"gitId":"darrenchew123"},"content":"import exception.DukeException;","lastModifiedDate":"2024-09-21","isFullCredit":false},{"lineNumber":4,"author":{"gitId":"darrenchew123"},"content":"","lastModifiedDate":"2024-09-21","isFullCredit":false},{"lineNumber":5,"author":{"gitId":"darrenchew123"},"content":"public class Deadline extends Task{","lastModifiedDate":"2024-09-14","isFullCredit":false},{"lineNumber":6,"author":{"gitId":"darrenchew123"},"content":"    public String time;","lastModifiedDate":"2024-09-14","isFullCredit":false},{"lineNumber":7,"author":{"gitId":"darrenchew123"},"content":"","lastModifiedDate":"2024-09-14","isFullCredit":false},{"lineNumber":8,"author":{"gitId":"darrenchew123"},"content":"    public Deadline(String description, String time ){","lastModifiedDate":"2024-09-14","isFullCredit":false},{"lineNumber":9,"author":{"gitId":"darrenchew123"},"content":"        super(description);","lastModifiedDate":"2024-09-14","isFullCredit":false},{"lineNumber":10,"author":{"gitId":"darrenchew123"},"content":"        this.time \u003d time;","lastModifiedDate":"2024-09-14","isFullCredit":false},{"lineNumber":11,"author":{"gitId":"darrenchew123"},"content":"    }","lastModifiedDate":"2024-09-14","isFullCredit":false},{"lineNumber":12,"author":{"gitId":"darrenchew123"},"content":"","lastModifiedDate":"2024-09-14","isFullCredit":false},{"lineNumber":13,"author":{"gitId":"darrenchew123"},"content":"    @Override ","lastModifiedDate":"2024-09-14","isFullCredit":false},{"lineNumber":14,"author":{"gitId":"darrenchew123"},"content":"    public String toString(){","lastModifiedDate":"2024-09-14","isFullCredit":false},{"lineNumber":15,"author":{"gitId":"darrenchew123"},"content":"        return \"[D]\" + super.toString() + \" (by: \" + time + \")\";","lastModifiedDate":"2024-09-14","isFullCredit":false},{"lineNumber":16,"author":{"gitId":"darrenchew123"},"content":"    }","lastModifiedDate":"2024-09-14","isFullCredit":false},{"lineNumber":17,"author":{"gitId":"darrenchew123"},"content":"","lastModifiedDate":"2024-09-14","isFullCredit":false},{"lineNumber":18,"author":{"gitId":"darrenchew123"},"content":"    @Override","lastModifiedDate":"2024-09-14","isFullCredit":false},{"lineNumber":19,"author":{"gitId":"darrenchew123"},"content":"    public Task createTask(String deadlineString) throws DukeException {","lastModifiedDate":"2024-09-21","isFullCredit":false},{"lineNumber":20,"author":{"gitId":"darrenchew123"},"content":"        String [] deadlineParts \u003d deadlineString.split(\" /by \");","lastModifiedDate":"2024-09-14","isFullCredit":false},{"lineNumber":21,"author":{"gitId":"darrenchew123"},"content":"        if(deadlineParts.length !\u003d 2){","lastModifiedDate":"2024-09-21","isFullCredit":false},{"lineNumber":22,"author":{"gitId":"darrenchew123"},"content":"            throw new DukeException(\"OOPS!! The Deadline description is improperly formatted. Please try again!\");","lastModifiedDate":"2024-09-21","isFullCredit":false},{"lineNumber":23,"author":{"gitId":"darrenchew123"},"content":"        }","lastModifiedDate":"2024-09-21","isFullCredit":false},{"lineNumber":24,"author":{"gitId":"darrenchew123"},"content":"        return new Deadline(deadlineParts[0],deadlineParts[1]);","lastModifiedDate":"2024-09-14","isFullCredit":false},{"lineNumber":25,"author":{"gitId":"darrenchew123"},"content":"    }","lastModifiedDate":"2024-09-14","isFullCredit":false},{"lineNumber":26,"author":{"gitId":"darrenchew123"},"content":"","lastModifiedDate":"2024-10-12","isFullCredit":false},{"lineNumber":27,"author":{"gitId":"darrenchew123"},"content":"    @Override","lastModifiedDate":"2024-10-12","isFullCredit":false},{"lineNumber":28,"author":{"gitId":"darrenchew123"},"content":"    public String toFileFormat(){","lastModifiedDate":"2024-10-12","isFullCredit":false},{"lineNumber":29,"author":{"gitId":"darrenchew123"},"content":"        return \"D|\" + (isDone ? 1:0) + \"|\" + description + \"|\" + time;","lastModifiedDate":"2024-10-12","isFullCredit":false},{"lineNumber":30,"author":{"gitId":"darrenchew123"},"content":"    }","lastModifiedDate":"2024-10-12","isFullCredit":false},{"lineNumber":31,"author":{"gitId":"darrenchew123"},"content":"}","lastModifiedDate":"2024-09-14","isFullCredit":false}],"authorContributionMap":{"darrenchew123":31}},{"path":"src/main/java/tasks/Event.java","fileType":"java","lines":[{"lineNumber":1,"author":{"gitId":"darrenchew123"},"content":"package tasks;","lastModifiedDate":"2024-09-14","isFullCredit":false},{"lineNumber":2,"author":{"gitId":"darrenchew123"},"content":"","lastModifiedDate":"2024-09-14","isFullCredit":false},{"lineNumber":3,"author":{"gitId":"darrenchew123"},"content":"import exception.DukeException;","lastModifiedDate":"2024-09-21","isFullCredit":false},{"lineNumber":4,"author":{"gitId":"darrenchew123"},"content":"","lastModifiedDate":"2024-09-21","isFullCredit":false},{"lineNumber":5,"author":{"gitId":"darrenchew123"},"content":"public class Event extends Task{","lastModifiedDate":"2024-09-14","isFullCredit":false},{"lineNumber":6,"author":{"gitId":"darrenchew123"},"content":"    public String from;","lastModifiedDate":"2024-09-14","isFullCredit":false},{"lineNumber":7,"author":{"gitId":"darrenchew123"},"content":"    public String to;","lastModifiedDate":"2024-09-14","isFullCredit":false},{"lineNumber":8,"author":{"gitId":"darrenchew123"},"content":"","lastModifiedDate":"2024-09-14","isFullCredit":false},{"lineNumber":9,"author":{"gitId":"darrenchew123"},"content":"    public Event (String description, String from, String to){","lastModifiedDate":"2024-09-14","isFullCredit":false},{"lineNumber":10,"author":{"gitId":"darrenchew123"},"content":"        super(description);","lastModifiedDate":"2024-09-14","isFullCredit":false},{"lineNumber":11,"author":{"gitId":"darrenchew123"},"content":"        this.from \u003d from;","lastModifiedDate":"2024-09-14","isFullCredit":false},{"lineNumber":12,"author":{"gitId":"darrenchew123"},"content":"        this.to \u003d to;","lastModifiedDate":"2024-09-14","isFullCredit":false},{"lineNumber":13,"author":{"gitId":"darrenchew123"},"content":"    }","lastModifiedDate":"2024-09-14","isFullCredit":false},{"lineNumber":14,"author":{"gitId":"darrenchew123"},"content":"","lastModifiedDate":"2024-09-14","isFullCredit":false},{"lineNumber":15,"author":{"gitId":"darrenchew123"},"content":"    @Override","lastModifiedDate":"2024-09-14","isFullCredit":false},{"lineNumber":16,"author":{"gitId":"darrenchew123"},"content":"    public String toString(){","lastModifiedDate":"2024-09-14","isFullCredit":false},{"lineNumber":17,"author":{"gitId":"darrenchew123"},"content":"        return \"[E]\" + super.toString() + \" (from: \" + from + \" to: \" + to + \")\";","lastModifiedDate":"2024-09-14","isFullCredit":false},{"lineNumber":18,"author":{"gitId":"darrenchew123"},"content":"    }","lastModifiedDate":"2024-09-14","isFullCredit":false},{"lineNumber":19,"author":{"gitId":"darrenchew123"},"content":"","lastModifiedDate":"2024-09-14","isFullCredit":false},{"lineNumber":20,"author":{"gitId":"darrenchew123"},"content":"    @Override","lastModifiedDate":"2024-09-14","isFullCredit":false},{"lineNumber":21,"author":{"gitId":"darrenchew123"},"content":"    public Task createTask(String eventString) throws DukeException {","lastModifiedDate":"2024-09-21","isFullCredit":false},{"lineNumber":22,"author":{"gitId":"darrenchew123"},"content":"        String [] eventParts \u003d eventString.split(\" /from | /to \");","lastModifiedDate":"2024-09-14","isFullCredit":false},{"lineNumber":23,"author":{"gitId":"darrenchew123"},"content":"        if(eventParts.length !\u003d 3){","lastModifiedDate":"2024-09-21","isFullCredit":false},{"lineNumber":24,"author":{"gitId":"darrenchew123"},"content":"            throw new DukeException(\"OOPS!! The Event description is improperly formatted. Please try again!\");","lastModifiedDate":"2024-09-21","isFullCredit":false},{"lineNumber":25,"author":{"gitId":"darrenchew123"},"content":"        }","lastModifiedDate":"2024-09-21","isFullCredit":false},{"lineNumber":26,"author":{"gitId":"darrenchew123"},"content":"        return new Event(eventParts[0], eventParts[1], eventParts[2]);","lastModifiedDate":"2024-09-14","isFullCredit":false},{"lineNumber":27,"author":{"gitId":"darrenchew123"},"content":"    }","lastModifiedDate":"2024-09-14","isFullCredit":false},{"lineNumber":28,"author":{"gitId":"darrenchew123"},"content":"","lastModifiedDate":"2024-09-14","isFullCredit":false},{"lineNumber":29,"author":{"gitId":"darrenchew123"},"content":"    @Override","lastModifiedDate":"2024-10-12","isFullCredit":false},{"lineNumber":30,"author":{"gitId":"darrenchew123"},"content":"    public String toFileFormat(){","lastModifiedDate":"2024-10-12","isFullCredit":false},{"lineNumber":31,"author":{"gitId":"darrenchew123"},"content":"        return \"E|\" + (isDone ? 1:0) + \"|\" + description + \"|\" + from + \"|\" + to;","lastModifiedDate":"2024-10-12","isFullCredit":false},{"lineNumber":32,"author":{"gitId":"darrenchew123"},"content":"    }","lastModifiedDate":"2024-10-12","isFullCredit":false},{"lineNumber":33,"author":{"gitId":"darrenchew123"},"content":"    ","lastModifiedDate":"2024-10-12","isFullCredit":false},{"lineNumber":34,"author":{"gitId":"darrenchew123"},"content":"}","lastModifiedDate":"2024-09-14","isFullCredit":false}],"authorContributionMap":{"darrenchew123":34}},{"path":"src/main/java/tasks/Task.java","fileType":"java","lines":[{"lineNumber":1,"author":{"gitId":"darrenchew123"},"content":"package tasks;","lastModifiedDate":"2024-09-14","isFullCredit":false},{"lineNumber":2,"author":{"gitId":"darrenchew123"},"content":"","lastModifiedDate":"2024-09-21","isFullCredit":false},{"lineNumber":3,"author":{"gitId":"darrenchew123"},"content":"import exception.DukeException;","lastModifiedDate":"2024-09-21","isFullCredit":false},{"lineNumber":4,"author":{"gitId":"darrenchew123"},"content":"","lastModifiedDate":"2024-09-21","isFullCredit":false},{"lineNumber":5,"author":{"gitId":"darrenchew123"},"content":"public abstract class Task {","lastModifiedDate":"2024-09-14","isFullCredit":false},{"lineNumber":6,"author":{"gitId":"darrenchew123"},"content":"    protected boolean isDone;","lastModifiedDate":"2024-09-07","isFullCredit":false},{"lineNumber":7,"author":{"gitId":"darrenchew123"},"content":"    protected String description;","lastModifiedDate":"2024-09-07","isFullCredit":false},{"lineNumber":8,"author":{"gitId":"darrenchew123"},"content":"","lastModifiedDate":"2024-09-07","isFullCredit":false},{"lineNumber":9,"author":{"gitId":"darrenchew123"},"content":"    public Task (String description){","lastModifiedDate":"2024-09-07","isFullCredit":false},{"lineNumber":10,"author":{"gitId":"darrenchew123"},"content":"        this.description \u003d description;","lastModifiedDate":"2024-09-07","isFullCredit":false},{"lineNumber":11,"author":{"gitId":"darrenchew123"},"content":"        this.isDone \u003d false;","lastModifiedDate":"2024-09-07","isFullCredit":false},{"lineNumber":12,"author":{"gitId":"darrenchew123"},"content":"    }","lastModifiedDate":"2024-09-07","isFullCredit":false},{"lineNumber":13,"author":{"gitId":"darrenchew123"},"content":"","lastModifiedDate":"2024-09-07","isFullCredit":false},{"lineNumber":14,"author":{"gitId":"darrenchew123"},"content":"    public void markDone(){","lastModifiedDate":"2024-09-07","isFullCredit":false},{"lineNumber":15,"author":{"gitId":"darrenchew123"},"content":"        isDone \u003d true;","lastModifiedDate":"2024-09-07","isFullCredit":false},{"lineNumber":16,"author":{"gitId":"darrenchew123"},"content":"    }","lastModifiedDate":"2024-09-07","isFullCredit":false},{"lineNumber":17,"author":{"gitId":"darrenchew123"},"content":"","lastModifiedDate":"2024-09-07","isFullCredit":false},{"lineNumber":18,"author":{"gitId":"darrenchew123"},"content":"    public void unmarkDone(){","lastModifiedDate":"2024-09-07","isFullCredit":false},{"lineNumber":19,"author":{"gitId":"darrenchew123"},"content":"        isDone \u003d false;","lastModifiedDate":"2024-09-07","isFullCredit":false},{"lineNumber":20,"author":{"gitId":"darrenchew123"},"content":"    }","lastModifiedDate":"2024-09-07","isFullCredit":false},{"lineNumber":21,"author":{"gitId":"darrenchew123"},"content":"","lastModifiedDate":"2024-09-07","isFullCredit":false},{"lineNumber":22,"author":{"gitId":"darrenchew123"},"content":"    @Override","lastModifiedDate":"2024-09-07","isFullCredit":false},{"lineNumber":23,"author":{"gitId":"darrenchew123"},"content":"    public String toString(){","lastModifiedDate":"2024-09-07","isFullCredit":false},{"lineNumber":24,"author":{"gitId":"darrenchew123"},"content":"        return \"[\" + (isDone? \"X\" : \" \") + \"] \" + description;","lastModifiedDate":"2024-09-07","isFullCredit":false},{"lineNumber":25,"author":{"gitId":"darrenchew123"},"content":"    }","lastModifiedDate":"2024-09-07","isFullCredit":false},{"lineNumber":26,"author":{"gitId":"darrenchew123"},"content":"","lastModifiedDate":"2024-09-07","isFullCredit":false},{"lineNumber":27,"author":{"gitId":"darrenchew123"},"content":"    public abstract Task createTask(String description) throws DukeException;","lastModifiedDate":"2024-09-21","isFullCredit":false},{"lineNumber":28,"author":{"gitId":"darrenchew123"},"content":"    public abstract String toFileFormat() throws DukeException;","lastModifiedDate":"2024-10-12","isFullCredit":false},{"lineNumber":29,"author":{"gitId":"darrenchew123"},"content":"}","lastModifiedDate":"2024-09-07","isFullCredit":false}],"authorContributionMap":{"darrenchew123":29}},{"path":"src/main/java/tasks/ToDo.java","fileType":"java","lines":[{"lineNumber":1,"author":{"gitId":"darrenchew123"},"content":"package tasks;","lastModifiedDate":"2024-09-14","isFullCredit":false},{"lineNumber":2,"author":{"gitId":"darrenchew123"},"content":"public class ToDo extends Task{","lastModifiedDate":"2024-09-14","isFullCredit":false},{"lineNumber":3,"author":{"gitId":"darrenchew123"},"content":"","lastModifiedDate":"2024-09-14","isFullCredit":false},{"lineNumber":4,"author":{"gitId":"darrenchew123"},"content":"    public ToDo(String description){","lastModifiedDate":"2024-09-14","isFullCredit":false},{"lineNumber":5,"author":{"gitId":"darrenchew123"},"content":"        super(description);","lastModifiedDate":"2024-09-14","isFullCredit":false},{"lineNumber":6,"author":{"gitId":"darrenchew123"},"content":"    }","lastModifiedDate":"2024-09-14","isFullCredit":false},{"lineNumber":7,"author":{"gitId":"darrenchew123"},"content":"","lastModifiedDate":"2024-09-14","isFullCredit":false},{"lineNumber":8,"author":{"gitId":"darrenchew123"},"content":"    @Override","lastModifiedDate":"2024-09-14","isFullCredit":false},{"lineNumber":9,"author":{"gitId":"darrenchew123"},"content":"    public String toString(){","lastModifiedDate":"2024-09-14","isFullCredit":false},{"lineNumber":10,"author":{"gitId":"darrenchew123"},"content":"        return \"[T]\" + super.toString();","lastModifiedDate":"2024-09-14","isFullCredit":false},{"lineNumber":11,"author":{"gitId":"darrenchew123"},"content":"    }","lastModifiedDate":"2024-09-14","isFullCredit":false},{"lineNumber":12,"author":{"gitId":"darrenchew123"},"content":"","lastModifiedDate":"2024-09-14","isFullCredit":false},{"lineNumber":13,"author":{"gitId":"darrenchew123"},"content":"    @Override","lastModifiedDate":"2024-09-14","isFullCredit":false},{"lineNumber":14,"author":{"gitId":"darrenchew123"},"content":"    public Task createTask(String description){","lastModifiedDate":"2024-09-14","isFullCredit":false},{"lineNumber":15,"author":{"gitId":"darrenchew123"},"content":"        return new ToDo(description);","lastModifiedDate":"2024-09-14","isFullCredit":false},{"lineNumber":16,"author":{"gitId":"darrenchew123"},"content":"    }","lastModifiedDate":"2024-09-14","isFullCredit":false},{"lineNumber":17,"author":{"gitId":"darrenchew123"},"content":"","lastModifiedDate":"2024-09-14","isFullCredit":false},{"lineNumber":18,"author":{"gitId":"darrenchew123"},"content":"    @Override","lastModifiedDate":"2024-10-12","isFullCredit":false},{"lineNumber":19,"author":{"gitId":"darrenchew123"},"content":"    public String toFileFormat(){","lastModifiedDate":"2024-10-12","isFullCredit":false},{"lineNumber":20,"author":{"gitId":"darrenchew123"},"content":"        return \"T|\" + (isDone ? 1:0) + \"|\" + description;","lastModifiedDate":"2024-10-12","isFullCredit":false},{"lineNumber":21,"author":{"gitId":"darrenchew123"},"content":"    }","lastModifiedDate":"2024-10-12","isFullCredit":false},{"lineNumber":22,"author":{"gitId":"darrenchew123"},"content":"    ","lastModifiedDate":"2024-10-12","isFullCredit":false},{"lineNumber":23,"author":{"gitId":"darrenchew123"},"content":"}","lastModifiedDate":"2024-09-14","isFullCredit":false}],"authorContributionMap":{"darrenchew123":23}},{"path":"src/main/java/ui/DukeGPT.java","fileType":"java","lines":[{"lineNumber":1,"author":{"gitId":"darrenchew123"},"content":"package ui;","lastModifiedDate":"2024-10-12","isFullCredit":false},{"lineNumber":2,"author":{"gitId":"darrenchew123"},"content":"","lastModifiedDate":"2024-10-12","isFullCredit":false},{"lineNumber":3,"author":{"gitId":"darrenchew123"},"content":"import java.util.*;","lastModifiedDate":"2024-09-21","isFullCredit":false},{"lineNumber":4,"author":{"gitId":"darrenchew123"},"content":"","lastModifiedDate":"2024-09-21","isFullCredit":false},{"lineNumber":5,"author":{"gitId":"darrenchew123"},"content":"import parser.*;","lastModifiedDate":"2024-10-12","isFullCredit":false},{"lineNumber":6,"author":{"gitId":"darrenchew123"},"content":"import parser.CommandHandler;","lastModifiedDate":"2024-10-12","isFullCredit":false},{"lineNumber":7,"author":{"gitId":"darrenchew123"},"content":"import exception.DukeException;","lastModifiedDate":"2024-09-21","isFullCredit":false},{"lineNumber":8,"author":{"gitId":"darrenchew123"},"content":"import storage.FileProcessor;","lastModifiedDate":"2024-10-12","isFullCredit":false},{"lineNumber":9,"author":{"gitId":"darrenchew123"},"content":"import tasks.*;","lastModifiedDate":"2024-09-14","isFullCredit":false},{"lineNumber":10,"author":{"gitId":"darrenchew123"},"content":"import static output.OutputHandler.*;","lastModifiedDate":"2024-10-07","isFullCredit":false},{"lineNumber":11,"author":{"gitId":"darrenchew123"},"content":"","lastModifiedDate":"2024-10-07","isFullCredit":false},{"lineNumber":12,"author":{"gitId":"darrenchew123"},"content":"","lastModifiedDate":"2024-10-07","isFullCredit":false},{"lineNumber":13,"author":{"gitId":"darrenchew123"},"content":"","lastModifiedDate":"2024-08-31","isFullCredit":false},{"lineNumber":14,"author":{"gitId":"darrenchew123"},"content":"public class DukeGPT {","lastModifiedDate":"2024-08-31","isFullCredit":false},{"lineNumber":15,"author":{"gitId":"darrenchew123"},"content":"    private static String chatbotName \u003d \"DukeGPT\";","lastModifiedDate":"2024-08-31","isFullCredit":false},{"lineNumber":16,"author":{"gitId":"darrenchew123"},"content":"    private static String fileLocation \u003d \"./data/dukegpt.txt\";","lastModifiedDate":"2024-10-12","isFullCredit":false},{"lineNumber":17,"author":{"gitId":"darrenchew123"},"content":"    private static List\u003cTask\u003e tasks \u003d new ArrayList\u003c\u003e();","lastModifiedDate":"2024-09-21","isFullCredit":false},{"lineNumber":18,"author":{"gitId":"darrenchew123"},"content":"    private static Map\u003cString, CommandHandler\u003e commandHandlerMapping \u003d new HashMap\u003c\u003e();","lastModifiedDate":"2024-09-21","isFullCredit":false},{"lineNumber":19,"author":{"gitId":"darrenchew123"},"content":"","lastModifiedDate":"2024-09-21","isFullCredit":false},{"lineNumber":20,"author":{"gitId":"darrenchew123"},"content":"    private static void initCommandHandlers() {","lastModifiedDate":"2024-09-21","isFullCredit":false},{"lineNumber":21,"author":{"gitId":"darrenchew123"},"content":"        commandHandlerMapping.put(\"list\", new ListCommandHandler());","lastModifiedDate":"2024-09-21","isFullCredit":false},{"lineNumber":22,"author":{"gitId":"darrenchew123"},"content":"        commandHandlerMapping.put(\"mark\", new MarkCommandHandler());","lastModifiedDate":"2024-09-21","isFullCredit":false},{"lineNumber":23,"author":{"gitId":"darrenchew123"},"content":"        commandHandlerMapping.put(\"unmark\", new UnmarkCommandHandler());","lastModifiedDate":"2024-09-21","isFullCredit":false},{"lineNumber":24,"author":{"gitId":"darrenchew123"},"content":"        commandHandlerMapping.put(\"delete\", new DeleteCommandHandler());","lastModifiedDate":"2024-10-07","isFullCredit":false},{"lineNumber":25,"author":{"gitId":"darrenchew123"},"content":"    }","lastModifiedDate":"2024-09-21","isFullCredit":false},{"lineNumber":26,"author":{"gitId":"darrenchew123"},"content":"","lastModifiedDate":"2024-08-31","isFullCredit":false},{"lineNumber":27,"author":{"gitId":"darrenchew123"},"content":"    public static void main(String[] args) {","lastModifiedDate":"2024-08-31","isFullCredit":false},{"lineNumber":28,"author":{"gitId":"darrenchew123"},"content":"        Scanner scanner \u003d new Scanner(System.in);","lastModifiedDate":"2024-08-31","isFullCredit":false},{"lineNumber":29,"author":{"gitId":"darrenchew123"},"content":"        initCommandHandlers();","lastModifiedDate":"2024-09-21","isFullCredit":false},{"lineNumber":30,"author":{"gitId":"darrenchew123"},"content":"        printGreetings(chatbotName);","lastModifiedDate":"2024-10-07","isFullCredit":false},{"lineNumber":31,"author":{"gitId":"darrenchew123"},"content":"        FileProcessor fileProcessor \u003d new FileProcessor(fileLocation);","lastModifiedDate":"2024-10-12","isFullCredit":false},{"lineNumber":32,"author":{"gitId":"darrenchew123"},"content":"        try{","lastModifiedDate":"2024-10-12","isFullCredit":false},{"lineNumber":33,"author":{"gitId":"darrenchew123"},"content":"            tasks \u003d fileProcessor.load();","lastModifiedDate":"2024-10-12","isFullCredit":false},{"lineNumber":34,"author":{"gitId":"darrenchew123"},"content":"        } catch (DukeException e){","lastModifiedDate":"2024-10-12","isFullCredit":false},{"lineNumber":35,"author":{"gitId":"darrenchew123"},"content":"            printError(\"OOPS!! Error initialising save file!\" + e.getMessage());","lastModifiedDate":"2024-10-12","isFullCredit":false},{"lineNumber":36,"author":{"gitId":"darrenchew123"},"content":"        }","lastModifiedDate":"2024-10-12","isFullCredit":false},{"lineNumber":37,"author":{"gitId":"darrenchew123"},"content":"","lastModifiedDate":"2024-09-21","isFullCredit":false},{"lineNumber":38,"author":{"gitId":"darrenchew123"},"content":"        while (true){","lastModifiedDate":"2024-08-31","isFullCredit":false},{"lineNumber":39,"author":{"gitId":"darrenchew123"},"content":"            String userInput \u003d scanner.nextLine().trim();","lastModifiedDate":"2024-09-21","isFullCredit":false},{"lineNumber":40,"author":{"gitId":"darrenchew123"},"content":"            try{","lastModifiedDate":"2024-09-21","isFullCredit":false},{"lineNumber":41,"author":{"gitId":"darrenchew123"},"content":"                if(userInput.equalsIgnoreCase(\"bye\")){","lastModifiedDate":"2024-08-31","isFullCredit":false},{"lineNumber":42,"author":{"gitId":"darrenchew123"},"content":"                    printGoodbye();","lastModifiedDate":"2024-10-07","isFullCredit":false},{"lineNumber":43,"author":{"gitId":"darrenchew123"},"content":"                    break;","lastModifiedDate":"2024-08-31","isFullCredit":false},{"lineNumber":44,"author":{"gitId":"darrenchew123"},"content":"                }","lastModifiedDate":"2024-08-31","isFullCredit":false},{"lineNumber":45,"author":{"gitId":"darrenchew123"},"content":"                else if(userInput.trim().isEmpty()){","lastModifiedDate":"2024-09-21","isFullCredit":false},{"lineNumber":46,"author":{"gitId":"darrenchew123"},"content":"                    throw new DukeException(\"OOPS!!! Input cannot be empty!\");","lastModifiedDate":"2024-09-21","isFullCredit":false},{"lineNumber":47,"author":{"gitId":"darrenchew123"},"content":"                }","lastModifiedDate":"2024-08-31","isFullCredit":false},{"lineNumber":48,"author":{"gitId":"darrenchew123"},"content":"                String[] inputParts \u003d userInput.split(\" \", 2);","lastModifiedDate":"2024-09-21","isFullCredit":false},{"lineNumber":49,"author":{"gitId":"darrenchew123"},"content":"                CommandHandler commandHandler \u003d commandHandlerMapping.get(inputParts[0].toLowerCase());","lastModifiedDate":"2024-09-21","isFullCredit":false},{"lineNumber":50,"author":{"gitId":"darrenchew123"},"content":"","lastModifiedDate":"2024-08-31","isFullCredit":false},{"lineNumber":51,"author":{"gitId":"darrenchew123"},"content":"                if(commandHandler !\u003d null){","lastModifiedDate":"2024-09-21","isFullCredit":false},{"lineNumber":52,"author":{"gitId":"darrenchew123"},"content":"                    commandHandler.handle(userInput, tasks);","lastModifiedDate":"2024-09-21","isFullCredit":false},{"lineNumber":53,"author":{"gitId":"darrenchew123"},"content":"                }else {","lastModifiedDate":"2024-09-21","isFullCredit":false},{"lineNumber":54,"author":{"gitId":"darrenchew123"},"content":"                    Task newTask  \u003d CommandFactory.generateTask(userInput);","lastModifiedDate":"2024-09-21","isFullCredit":false},{"lineNumber":55,"author":{"gitId":"darrenchew123"},"content":"                    tasks.add(newTask);","lastModifiedDate":"2024-09-21","isFullCredit":false},{"lineNumber":56,"author":{"gitId":"darrenchew123"},"content":"                    printAddedItems(newTask, tasks);","lastModifiedDate":"2024-10-07","isFullCredit":false},{"lineNumber":57,"author":{"gitId":"darrenchew123"},"content":"                }","lastModifiedDate":"2024-08-31","isFullCredit":false},{"lineNumber":58,"author":{"gitId":"darrenchew123"},"content":"                fileProcessor.save(tasks);","lastModifiedDate":"2024-10-12","isFullCredit":false},{"lineNumber":59,"author":{"gitId":"darrenchew123"},"content":"            } catch (DukeException e){","lastModifiedDate":"2024-09-21","isFullCredit":false},{"lineNumber":60,"author":{"gitId":"darrenchew123"},"content":"                printError(e.getMessage());","lastModifiedDate":"2024-10-07","isFullCredit":false},{"lineNumber":61,"author":{"gitId":"darrenchew123"},"content":"            } catch (NumberFormatException e){","lastModifiedDate":"2024-09-21","isFullCredit":false},{"lineNumber":62,"author":{"gitId":"darrenchew123"},"content":"                printError(\"OOPS!!! Please provide a valid task number!\");","lastModifiedDate":"2024-10-07","isFullCredit":false},{"lineNumber":63,"author":{"gitId":"darrenchew123"},"content":"            } catch (Exception e){","lastModifiedDate":"2024-09-21","isFullCredit":false},{"lineNumber":64,"author":{"gitId":"darrenchew123"},"content":"                printError(\"OOPS!!! Something went wrong, please try again\");","lastModifiedDate":"2024-10-07","isFullCredit":false},{"lineNumber":65,"author":{"gitId":"darrenchew123"},"content":"            }","lastModifiedDate":"2024-08-31","isFullCredit":false},{"lineNumber":66,"author":{"gitId":"darrenchew123"},"content":"        }","lastModifiedDate":"2024-09-07","isFullCredit":false},{"lineNumber":67,"author":{"gitId":"darrenchew123"},"content":"","lastModifiedDate":"2024-10-12","isFullCredit":false},{"lineNumber":68,"author":{"gitId":"darrenchew123"},"content":"    }","lastModifiedDate":"2024-09-07","isFullCredit":false},{"lineNumber":69,"author":{"gitId":"darrenchew123"},"content":"}","lastModifiedDate":"2024-08-31","isFullCredit":false}],"authorContributionMap":{"darrenchew123":69}},{"path":"text-ui-test/EXPECTED_SAVE.txt","fileType":"txt","lines":[{"lineNumber":1,"author":{"gitId":"darrenchew123"},"content":"T|1|read book","lastModifiedDate":"2024-10-12","isFullCredit":false},{"lineNumber":2,"author":{"gitId":"darrenchew123"},"content":"D|0|return book|June 6th","lastModifiedDate":"2024-10-12","isFullCredit":false},{"lineNumber":3,"author":{"gitId":"darrenchew123"},"content":"E|0|project meeting|Aug 6th 2pm|4pm","lastModifiedDate":"2024-10-12","isFullCredit":false},{"lineNumber":4,"author":{"gitId":"darrenchew123"},"content":"T|0|borrow book","lastModifiedDate":"2024-10-12","isFullCredit":false},{"lineNumber":5,"author":{"gitId":"darrenchew123"},"content":"D|0|return book|Sunday","lastModifiedDate":"2024-10-12","isFullCredit":false},{"lineNumber":6,"author":{"gitId":"darrenchew123"},"content":"E|0|project meeting|Mon 2pm|4pm","lastModifiedDate":"2024-10-12","isFullCredit":false}],"authorContributionMap":{"darrenchew123":6}},{"path":"text-ui-test/input.txt","fileType":"txt","lines":[{"lineNumber":1,"author":{"gitId":"darrenchew123"},"content":"todo read book","lastModifiedDate":"2024-09-14","isFullCredit":false},{"lineNumber":2,"author":{"gitId":"darrenchew123"},"content":"mark 1","lastModifiedDate":"2024-09-14","isFullCredit":false},{"lineNumber":3,"author":{"gitId":"darrenchew123"},"content":"deadline return book /by June 6th","lastModifiedDate":"2024-09-14","isFullCredit":false},{"lineNumber":4,"author":{"gitId":"darrenchew123"},"content":"event project meeting /from Aug 6th 2pm /to 4pm","lastModifiedDate":"2024-09-14","isFullCredit":false},{"lineNumber":5,"author":{"gitId":"darrenchew123"},"content":"todo join sports club","lastModifiedDate":"2024-09-14","isFullCredit":false},{"lineNumber":6,"author":{"gitId":"darrenchew123"},"content":"mark 4","lastModifiedDate":"2024-09-14","isFullCredit":false},{"lineNumber":7,"author":{"gitId":"darrenchew123"},"content":"todo borrow book","lastModifiedDate":"2024-09-14","isFullCredit":false},{"lineNumber":8,"author":{"gitId":"darrenchew123"},"content":"list","lastModifiedDate":"2024-09-07","isFullCredit":false},{"lineNumber":9,"author":{"gitId":"darrenchew123"},"content":"deadline return book /by Sunday","lastModifiedDate":"2024-09-14","isFullCredit":false},{"lineNumber":10,"author":{"gitId":"darrenchew123"},"content":"event project meeting /from Mon 2pm /to 4pm","lastModifiedDate":"2024-09-14","isFullCredit":false},{"lineNumber":11,"author":{"gitId":"darrenchew123"},"content":"","lastModifiedDate":"2024-09-21","isFullCredit":false},{"lineNumber":12,"author":{"gitId":"darrenchew123"},"content":"todo","lastModifiedDate":"2024-09-21","isFullCredit":false},{"lineNumber":13,"author":{"gitId":"darrenchew123"},"content":"deadline","lastModifiedDate":"2024-09-21","isFullCredit":false},{"lineNumber":14,"author":{"gitId":"darrenchew123"},"content":"event","lastModifiedDate":"2024-09-21","isFullCredit":false},{"lineNumber":15,"author":{"gitId":"darrenchew123"},"content":"deadline test fail","lastModifiedDate":"2024-09-21","isFullCredit":false},{"lineNumber":16,"author":{"gitId":"darrenchew123"},"content":"event test fail","lastModifiedDate":"2024-09-21","isFullCredit":false},{"lineNumber":17,"author":{"gitId":"darrenchew123"},"content":"testFail","lastModifiedDate":"2024-09-21","isFullCredit":false},{"lineNumber":18,"author":{"gitId":"darrenchew123"},"content":"mark 1000","lastModifiedDate":"2024-09-21","isFullCredit":false},{"lineNumber":19,"author":{"gitId":"darrenchew123"},"content":"unmark 1000","lastModifiedDate":"2024-09-21","isFullCredit":false},{"lineNumber":20,"author":{"gitId":"darrenchew123"},"content":"mark fail","lastModifiedDate":"2024-09-21","isFullCredit":false},{"lineNumber":21,"author":{"gitId":"darrenchew123"},"content":"unmark fail","lastModifiedDate":"2024-09-21","isFullCredit":false},{"lineNumber":22,"author":{"gitId":"darrenchew123"},"content":"list","lastModifiedDate":"2024-10-07","isFullCredit":false},{"lineNumber":23,"author":{"gitId":"darrenchew123"},"content":"delete 4","lastModifiedDate":"2024-10-07","isFullCredit":false},{"lineNumber":24,"author":{"gitId":"darrenchew123"},"content":"delete 1000","lastModifiedDate":"2024-10-07","isFullCredit":false},{"lineNumber":25,"author":{"gitId":"darrenchew123"},"content":"delete fail","lastModifiedDate":"2024-10-07","isFullCredit":false},{"lineNumber":26,"author":{"gitId":"darrenchew123"},"content":"list","lastModifiedDate":"2024-10-07","isFullCredit":false},{"lineNumber":27,"author":{"gitId":"darrenchew123"},"content":"bye","lastModifiedDate":"2024-09-07","isFullCredit":false}],"authorContributionMap":{"darrenchew123":27}},{"path":"text-ui-test/runtest.bat","fileType":"bat","lines":[{"lineNumber":1,"author":{"gitId":"-"},"content":"@ECHO OFF","lastModifiedDate":"2020-05-25","isFullCredit":false},{"lineNumber":2,"author":{"gitId":"-"},"content":"","lastModifiedDate":"2020-05-25","isFullCredit":false},{"lineNumber":3,"author":{"gitId":"-"},"content":"REM create bin directory if it doesn\u0027t exist","lastModifiedDate":"2020-05-25","isFullCredit":false},{"lineNumber":4,"author":{"gitId":"-"},"content":"if not exist ..\\bin mkdir ..\\bin","lastModifiedDate":"2020-05-25","isFullCredit":false},{"lineNumber":5,"author":{"gitId":"-"},"content":"","lastModifiedDate":"2020-05-25","isFullCredit":false},{"lineNumber":6,"author":{"gitId":"-"},"content":"REM delete output from previous run","lastModifiedDate":"2020-05-25","isFullCredit":false},{"lineNumber":7,"author":{"gitId":"-"},"content":"if exist ACTUAL.TXT del ACTUAL.TXT","lastModifiedDate":"2020-08-25","isFullCredit":false},{"lineNumber":8,"author":{"gitId":"-"},"content":"","lastModifiedDate":"2020-05-25","isFullCredit":false},{"lineNumber":9,"author":{"gitId":"-"},"content":"REM compile the code into the bin folder","lastModifiedDate":"2020-05-25","isFullCredit":false},{"lineNumber":10,"author":{"gitId":"-"},"content":"javac  -cp ..\\src\\main\\java -Xlint:none -d ..\\bin ..\\src\\main\\java\\*.java","lastModifiedDate":"2020-08-25","isFullCredit":false},{"lineNumber":11,"author":{"gitId":"-"},"content":"IF ERRORLEVEL 1 (","lastModifiedDate":"2020-05-25","isFullCredit":false},{"lineNumber":12,"author":{"gitId":"-"},"content":"    echo ********** BUILD FAILURE **********","lastModifiedDate":"2020-05-25","isFullCredit":false},{"lineNumber":13,"author":{"gitId":"-"},"content":"    exit /b 1","lastModifiedDate":"2020-05-25","isFullCredit":false},{"lineNumber":14,"author":{"gitId":"-"},"content":")","lastModifiedDate":"2020-05-25","isFullCredit":false},{"lineNumber":15,"author":{"gitId":"-"},"content":"REM no error here, errorlevel \u003d\u003d 0","lastModifiedDate":"2020-05-25","isFullCredit":false},{"lineNumber":16,"author":{"gitId":"-"},"content":"","lastModifiedDate":"2020-05-25","isFullCredit":false},{"lineNumber":17,"author":{"gitId":"-"},"content":"REM run the program, feed commands from input.txt file and redirect the output to the ACTUAL.TXT","lastModifiedDate":"2020-05-25","isFullCredit":false},{"lineNumber":18,"author":{"gitId":"darrenchew123"},"content":"java -classpath ..\\bin DukeGPT \u003c input.txt \u003e ACTUAL.TXT","lastModifiedDate":"2024-08-31","isFullCredit":false},{"lineNumber":19,"author":{"gitId":"-"},"content":"","lastModifiedDate":"2020-05-25","isFullCredit":false},{"lineNumber":20,"author":{"gitId":"-"},"content":"REM compare the output to the expected output","lastModifiedDate":"2020-05-25","isFullCredit":false},{"lineNumber":21,"author":{"gitId":"-"},"content":"FC ACTUAL.TXT EXPECTED.TXT","lastModifiedDate":"2020-05-25","isFullCredit":false}],"authorContributionMap":{"darrenchew123":1,"-":20}},{"path":"text-ui-test/runtest.sh","fileType":"sh","lines":[{"lineNumber":1,"author":{"gitId":"-"},"content":"#!/usr/bin/env bash","lastModifiedDate":"2020-05-25","isFullCredit":false},{"lineNumber":2,"author":{"gitId":"-"},"content":"","lastModifiedDate":"2020-05-25","isFullCredit":false},{"lineNumber":3,"author":{"gitId":"-"},"content":"# create bin directory if it doesn\u0027t exist","lastModifiedDate":"2020-05-25","isFullCredit":false},{"lineNumber":4,"author":{"gitId":"-"},"content":"if [ ! -d \"../bin\" ]","lastModifiedDate":"2020-05-25","isFullCredit":false},{"lineNumber":5,"author":{"gitId":"-"},"content":"then","lastModifiedDate":"2020-05-25","isFullCredit":false},{"lineNumber":6,"author":{"gitId":"-"},"content":"    mkdir ../bin","lastModifiedDate":"2020-05-25","isFullCredit":false},{"lineNumber":7,"author":{"gitId":"-"},"content":"fi","lastModifiedDate":"2020-05-25","isFullCredit":false},{"lineNumber":8,"author":{"gitId":"-"},"content":"","lastModifiedDate":"2020-05-25","isFullCredit":false},{"lineNumber":9,"author":{"gitId":"-"},"content":"# delete output from previous run","lastModifiedDate":"2020-05-25","isFullCredit":false},{"lineNumber":10,"author":{"gitId":"-"},"content":"if [ -e \"./ACTUAL.TXT\" ]","lastModifiedDate":"2020-05-25","isFullCredit":false},{"lineNumber":11,"author":{"gitId":"-"},"content":"then","lastModifiedDate":"2020-05-25","isFullCredit":false},{"lineNumber":12,"author":{"gitId":"-"},"content":"    rm ACTUAL.TXT","lastModifiedDate":"2020-05-25","isFullCredit":false},{"lineNumber":13,"author":{"gitId":"-"},"content":"fi","lastModifiedDate":"2020-05-25","isFullCredit":false},{"lineNumber":14,"author":{"gitId":"-"},"content":"","lastModifiedDate":"2020-05-25","isFullCredit":false},{"lineNumber":15,"author":{"gitId":"darrenchew123"},"content":"if [ -e \"./data/dukegpt.txt\" ]","lastModifiedDate":"2024-10-12","isFullCredit":false},{"lineNumber":16,"author":{"gitId":"darrenchew123"},"content":"then","lastModifiedDate":"2024-10-12","isFullCredit":false},{"lineNumber":17,"author":{"gitId":"darrenchew123"},"content":"    rm ./data/dukegpt.txt","lastModifiedDate":"2024-10-12","isFullCredit":false},{"lineNumber":18,"author":{"gitId":"darrenchew123"},"content":"fi","lastModifiedDate":"2024-10-12","isFullCredit":false},{"lineNumber":19,"author":{"gitId":"darrenchew123"},"content":"","lastModifiedDate":"2024-10-12","isFullCredit":false},{"lineNumber":20,"author":{"gitId":"-"},"content":"# compile the code into the bin folder, terminates if error occurred","lastModifiedDate":"2020-05-25","isFullCredit":false},{"lineNumber":21,"author":{"gitId":"darrenchew123"},"content":"if ! javac -cp ../src/main/java -Xlint:none -d ../bin ../src/main/java/**/*.java","lastModifiedDate":"2024-10-12","isFullCredit":false},{"lineNumber":22,"author":{"gitId":"-"},"content":"then","lastModifiedDate":"2020-05-25","isFullCredit":false},{"lineNumber":23,"author":{"gitId":"-"},"content":"    echo \"********** BUILD FAILURE **********\"","lastModifiedDate":"2020-05-25","isFullCredit":false},{"lineNumber":24,"author":{"gitId":"-"},"content":"    exit 1","lastModifiedDate":"2020-05-25","isFullCredit":false},{"lineNumber":25,"author":{"gitId":"-"},"content":"fi","lastModifiedDate":"2020-05-25","isFullCredit":false},{"lineNumber":26,"author":{"gitId":"-"},"content":"","lastModifiedDate":"2020-05-25","isFullCredit":false},{"lineNumber":27,"author":{"gitId":"-"},"content":"# run the program, feed commands from input.txt file and redirect the output to the ACTUAL.TXT","lastModifiedDate":"2020-05-25","isFullCredit":false},{"lineNumber":28,"author":{"gitId":"darrenchew123"},"content":"java -classpath ../bin ui.DukeGPT \u003c input.txt \u003e ACTUAL.TXT","lastModifiedDate":"2024-10-12","isFullCredit":false},{"lineNumber":29,"author":{"gitId":"-"},"content":"","lastModifiedDate":"2020-05-25","isFullCredit":false},{"lineNumber":30,"author":{"gitId":"-"},"content":"# convert to UNIX format","lastModifiedDate":"2020-05-25","isFullCredit":false},{"lineNumber":31,"author":{"gitId":"-"},"content":"cp EXPECTED.TXT EXPECTED-UNIX.TXT","lastModifiedDate":"2020-05-25","isFullCredit":false},{"lineNumber":32,"author":{"gitId":"-"},"content":"dos2unix ACTUAL.TXT EXPECTED-UNIX.TXT","lastModifiedDate":"2020-05-25","isFullCredit":false},{"lineNumber":33,"author":{"gitId":"-"},"content":"","lastModifiedDate":"2020-05-25","isFullCredit":false},{"lineNumber":34,"author":{"gitId":"-"},"content":"# compare the output to the expected output","lastModifiedDate":"2020-05-25","isFullCredit":false},{"lineNumber":35,"author":{"gitId":"-"},"content":"diff ACTUAL.TXT EXPECTED-UNIX.TXT","lastModifiedDate":"2020-05-25","isFullCredit":false},{"lineNumber":36,"author":{"gitId":"-"},"content":"if [ $? -eq 0 ]","lastModifiedDate":"2020-05-25","isFullCredit":false},{"lineNumber":37,"author":{"gitId":"-"},"content":"then","lastModifiedDate":"2020-05-25","isFullCredit":false},{"lineNumber":38,"author":{"gitId":"-"},"content":"    echo \"Test result: PASSED\"","lastModifiedDate":"2020-05-25","isFullCredit":false},{"lineNumber":39,"author":{"gitId":"-"},"content":"else","lastModifiedDate":"2020-05-25","isFullCredit":false},{"lineNumber":40,"author":{"gitId":"-"},"content":"    echo \"Test result: FAILED\"","lastModifiedDate":"2020-05-25","isFullCredit":false},{"lineNumber":41,"author":{"gitId":"darrenchew123"},"content":"fi","lastModifiedDate":"2024-10-12","isFullCredit":false},{"lineNumber":42,"author":{"gitId":"darrenchew123"},"content":"","lastModifiedDate":"2024-10-12","isFullCredit":false},{"lineNumber":43,"author":{"gitId":"darrenchew123"},"content":"diff data/dukegpt.txt EXPECTED_SAVE.TXT","lastModifiedDate":"2024-10-12","isFullCredit":false},{"lineNumber":44,"author":{"gitId":"darrenchew123"},"content":"if [ $? -eq 0 ]","lastModifiedDate":"2024-10-12","isFullCredit":false},{"lineNumber":45,"author":{"gitId":"darrenchew123"},"content":"then","lastModifiedDate":"2024-10-12","isFullCredit":false},{"lineNumber":46,"author":{"gitId":"darrenchew123"},"content":"    echo \"Save file comparison: PASSED\"","lastModifiedDate":"2024-10-12","isFullCredit":false},{"lineNumber":47,"author":{"gitId":"darrenchew123"},"content":"    exit 0","lastModifiedDate":"2024-10-12","isFullCredit":false},{"lineNumber":48,"author":{"gitId":"darrenchew123"},"content":"else","lastModifiedDate":"2024-10-12","isFullCredit":false},{"lineNumber":49,"author":{"gitId":"darrenchew123"},"content":"    echo \"Save file comparison: FAILED\"","lastModifiedDate":"2024-10-12","isFullCredit":false},{"lineNumber":50,"author":{"gitId":"-"},"content":"    exit 1","lastModifiedDate":"2020-05-25","isFullCredit":false},{"lineNumber":51,"author":{"gitId":"-"},"content":"fi","lastModifiedDate":"2020-05-25","isFullCredit":false}],"authorContributionMap":{"darrenchew123":16,"-":35}}]
