{"authorDailyContributionsMap":{"darrenchew123":[{"date":"2024-08-31","commitResults":[{"hash":"8ee4a873a92bf73baa90058aaf34238ec37ac76b","isMergeCommit":false,"messageTitle":"Level 0. Rename, Greet, Exit","messageBody":"","tags":["Level-0"],"fileTypesAndContributionMap":{"java":{"insertions":11,"deletions":10},"bat":{"insertions":1,"deletions":1},"md":{"insertions":3,"deletions":3}}},{"hash":"afb67ff49bd2c66409b491b17099db1a4fe49aa4","isMergeCommit":false,"messageTitle":"Level 1. Echo","messageBody":"","tags":["Level-1"],"fileTypesAndContributionMap":{"java":{"insertions":14,"deletions":0}}},{"hash":"ffd0bf0aa1cae555a8a390b82a4ddba67caec9eb","isMergeCommit":false,"messageTitle":"Level 2. Add, List","messageBody":"","tags":["Level-2"],"fileTypesAndContributionMap":{"java":{"insertions":42,"deletions":9}}}]},{"date":"2024-09-07","commitResults":[{"hash":"26615ef1106e86b91d607d0106623866d3abc2e2","isMergeCommit":false,"messageTitle":"Level-3: Mark as Done","messageBody":"","fileTypesAndContributionMap":{"java":{"insertions":2,"deletions":0}}},{"hash":"18dc8e45de2136c2a395544671f854fe61ea869a","isMergeCommit":false,"messageTitle":"Level-3: Mark as Done","messageBody":"","fileTypesAndContributionMap":{"sh":{"insertions":1,"deletions":1}}},{"hash":"4ef306de68258b4a332788e1dd50eb7fd1df21e8","isMergeCommit":false,"messageTitle":"Level-3: Mark as Done","messageBody":"","tags":["Level-3"],"fileTypesAndContributionMap":{"java":{"insertions":48,"deletions":3}}},{"hash":"40daf8181d9e15a8e6a1fa74f766a6c401dc4a23","isMergeCommit":false,"messageTitle":"Added testcase","messageBody":"","fileTypesAndContributionMap":{"txt":{"insertions":9,"deletions":0}}}]},{"date":"2024-09-14","commitResults":[{"hash":"2657c2c95bcb54f0e2dd655a2a7c658f681749ca","isMergeCommit":false,"messageTitle":"Level-4: ToDo, Event, Deadline","messageBody":"","tags":["Level-4"],"fileTypesAndContributionMap":{"txt":{"insertions":9,"deletions":7},"java":{"insertions":104,"deletions":9}}}]},{"date":"2024-09-21","commitResults":[{"hash":"910e34986049d9dff251dde44d484ee8c27f932e","isMergeCommit":false,"messageTitle":"Level-5: Handle Errors","messageBody":"","tags":["Level-5"],"fileTypesAndContributionMap":{"txt":{"insertions":11,"deletions":0},"java":{"insertions":227,"deletions":82}}}]},{"date":"2024-10-07","commitResults":[{"hash":"d6c604da62e89b45cd46707c8735510f6265bf8a","isMergeCommit":false,"messageTitle":"Level-6: Delete","messageBody":"","tags":["Level-6"],"fileTypesAndContributionMap":{"txt":{"insertions":5,"deletions":0},"java":{"insertions":57,"deletions":19}}}]},{"date":"2024-10-12","commitResults":[{"hash":"0846b978a82b265669c4249cd6c1529e24d19b0c","isMergeCommit":false,"messageTitle":"Level-7, A-MoreOOP, A-Packages","messageBody":"","tags":["Level-7","A-Package","A-MoreOOP"],"fileTypesAndContributionMap":{"txt":{"insertions":6,"deletions":0},"java":{"insertions":110,"deletions":16},"sh":{"insertions":16,"deletions":3},"md":{"insertions":2,"deletions":2}}}]},{"date":"2024-10-20","commitResults":[{"hash":"25c691e62eb9279d76126c74fb394c7541a10a31","isMergeCommit":false,"messageTitle":"Level-8 DateTime Handling + JavaDocs + Adjusted regression test","messageBody":"","fileTypesAndContributionMap":{"txt":{"insertions":10,"deletions":8},"java":{"insertions":57,"deletions":0}}},{"hash":"e2ffc14cb7e33298fcb09915eae4f7c7362b39f0","isMergeCommit":false,"messageTitle":"Level-8 DateTime Handling + JavaDocs + Adjusted regression test","messageBody":"","tags":["Level-8","A-JavaDoc"],"fileTypesAndContributionMap":{"java":{"insertions":321,"deletions":63}}},{"hash":"d60669cff7cc32a399ab5a6ec57b79796eebd849","isMergeCommit":true,"messageTitle":"Merge remote-tracking branch \u0027upstream/add-gradle-support\u0027 Merge upstream/add-gradle-support","messageBody":"","fileTypesAndContributionMap":{}},{"hash":"b8fc92ebaf5684efb2326b472b5e9de036133cfd","isMergeCommit":false,"messageTitle":"Added unit test and adjusted regression test","messageBody":"","tags":["A-JUnit","A-Gradle"],"fileTypesAndContributionMap":{"gradle":{"insertions":8,"deletions":1},"java":{"insertions":222,"deletions":3},"sh":{"insertions":18,"deletions":16}}}]},{"date":"2024-10-21","commitResults":[{"hash":"567c6779b7ca6fe2d5fa4e8e4a7a5aa28cf34ffe","isMergeCommit":false,"messageTitle":"Level 9.Find","messageBody":"","tags":["Level-9"],"fileTypesAndContributionMap":{"txt":{"insertions":2,"deletions":0},"java":{"insertions":31,"deletions":0}}}]},{"date":"2024-10-24","commitResults":[{"hash":"cbd337872ee004d9508ea54b0c4a0fb130b9a4f3","isMergeCommit":false,"messageTitle":"C-Update + refactor parsing","messageBody":"","tags":["C-Update"],"fileTypesAndContributionMap":{"txt":{"insertions":6,"deletions":3},"java":{"insertions":123,"deletions":24}}},{"hash":"b9a593205f555734f99f1653f398fc4e1680e0da","isMergeCommit":false,"messageTitle":"A-CodingStandard: Coding Standard","messageBody":"","tags":["A-CodingStandard"],"fileTypesAndContributionMap":{"java":{"insertions":34,"deletions":16}}}]},{"date":"2024-10-25","commitResults":[{"hash":"b783c6186f0579454fc15aaf49b45d78d6ee7f50","isMergeCommit":false,"messageTitle":"A-CodeQuality: Increase Code Quality","messageBody":"","tags":["A-CodeQuality"],"fileTypesAndContributionMap":{"java":{"insertions":62,"deletions":33}}}]},{"date":"2024-11-01","commitResults":[{"hash":"987d07aeb9dd0345e6503a63e77c3fbc07dd55ea","isMergeCommit":false,"messageTitle":"A-Assertions","messageBody":"","tags":["A-Assertion"],"fileTypesAndContributionMap":{"java":{"insertions":6,"deletions":0}}},{"hash":"6f552ee49930c79b716e484d11acacee5221d081","isMergeCommit":false,"messageTitle":"A-Jar","messageBody":"","tags":["A-Jar"],"fileTypesAndContributionMap":{"gradle":{"insertions":2,"deletions":1}}},{"hash":"89a7d32f12efcc1855925b29e307ae640e7eb38b","isMergeCommit":false,"messageTitle":"B-FixedDurationTasks","messageBody":"","tags":["B-FixedDurationTasks"],"fileTypesAndContributionMap":{"txt":{"insertions":3,"deletions":0},"java":{"insertions":75,"deletions":8}}},{"hash":"a72b5694f2c9ff3fc2359c2c8a0cf293d95abf5c","isMergeCommit":false,"messageTitle":"Changed Brace Style","messageBody":"","fileTypesAndContributionMap":{"java":{"insertions":3,"deletions":6}}},{"hash":"b4a40b019ba59c1814b57e2f48a52a2ec4a74cfd","isMergeCommit":false,"messageTitle":"Adjusted Header Comments","messageBody":"","fileTypesAndContributionMap":{"java":{"insertions":6,"deletions":5}}},{"hash":"579080904c3692ed66fa5b7db19886e30860ce41","isMergeCommit":false,"messageTitle":"Fix typo","messageBody":"","fileTypesAndContributionMap":{"java":{"insertions":2,"deletions":2}}},{"hash":"cd30da40fef565f581e46e539b48aa97150fd1e3","isMergeCommit":false,"messageTitle":"Usage of Enums in CommandFactory","messageBody":"","fileTypesAndContributionMap":{"java":{"insertions":5,"deletions":5}}}]}]},"authorFileTypeContributionMap":{"darrenchew123":{"java":1259,"md":3,"fxml":0,"sh":27,"bat":1,"gradle":10,"txt":43}},"authorContributionVariance":{"darrenchew123":8657.019},"authorDisplayNameMap":{"darrenchew123":"DARR..CHEW"}}
